eval_label,seed,episode_index,walk_direction,reset_phase,controller,policy_name,passive_mode,passive_selected_from,curriculum_progress,hip_torque_nm,knee_torque_nm,commanded_step_length_m,commanded_step_height_m,success,valid_for_cmt,terminal_reason,steps,nonzero_torque_steps,energy_j,support_knee_energy_j,hip_energy_j,swing_knee_energy_j,signed_com_displacement_m,cmt,support_knee_cmt,hip_cmt,swing_knee_cmt,initial_q1_deg,initial_q2_deg,initial_q3_deg,initial_q4_deg,initial_dq1_rad_s,initial_dq2_rad_s,initial_dq3_rad_s,initial_dq4_rad_s,final_q1_deg,final_q2_deg,final_q3_deg,final_q4_deg
4DoF_V22_3_3x3_grid_4Nm_curriculum1_extended_active_passive_selector,20260719,747,1.0,pre_cross,active,v22_3_active_bidirectional_4Nm_grid,,,1.0,4.0,0.2,0.3,0.0,True,True,success,17,17,1.7807201562923505,0.03207693321571224,1.717738700636894,0.030904522439744078,0.0916739790207729,0.7784505022743498,0.014022587819291499,0.7509178517252365,0.013510062729821776,64.72561905696887,23.556762220296882,-24.865516232872913,49.52216918975257,-0.6586022781234271,0.3374379560143601,0.5390311221335518,0.04243616105286141,63.061718795070234,16.04458619895362,39.14267409451693,27.996069465885796
4DoF_V22_3_3x3_grid_4Nm_curriculum1_extended_active_passive_selector,20260702,341,1.0,mid_cross,active,v22_3_active_bidirectional_4Nm_grid,,,1.0,4.0,0.2,0.4,0.02,True,True,success,15,15,2.1804073041210583,0.005106631552698096,2.0909438332890775,0.08435683927928261,0.08710487267057491,1.0031747409127043,0.002349489370693343,0.9620138559700621,0.038811395571948855,56.126243344576146,34.30635517570267,-0.21887718009235088,102.73845379839231,-0.5045079227473015,-0.18304535201699146,-0.1984011021395904,-0.06447457343192087,44.06864766459657,43.48580393602499,45.93635963071707,26.191845318336277
4DoF_V22_3_3x3_grid_4Nm_curriculum1_extended_active_passive_selector,20260803,1955,-1.0,mid_cross,active,v22_3_active_bidirectional_4Nm_grid,,,1.0,4.0,0.2,0.35,0.0,True,True,success,15,15,2.439360377237239,0.018920685699443277,2.376692115481891,0.04374757605590449,0.08016123356041882,1.219531392168392,0.009459188723052115,1.1882010839382358,0.021871119507103944,65.16405761018474,37.77162285744266,-6.900642955300251,97.1492136853141,0.9213576726342712,0.7733129931689724,-0.17357263609274498,0.41415615354472013,43.50536434249908,95.72790153294147,-73.44594702844631,48.31418150053506
4DoF_V22_3_3x3_grid_4Nm_curriculum1_extended_active_passive_selector,20260719,766,1.0,mid_cross,active,v22_3_active_bidirectional_4Nm_grid,,,1.0,4.0,0.2,0.3,0.01,True,True,success+touchdown_event,16,16,1.460984603984224,0.061173826954383594,1.3869077052980898,0.012903071731750653,0.07974279885832636,0.7342358321496533,0.03074366123855179,0.6970075730690622,0.00648459784203921,54.128731406817074,27.389694279924232,15.83401860305277,69.92427459264688,0.036566372549464266,-0.9472166713598877,-0.9842580571194104,-0.15791382113999508,56.313767009752716,8.032466102098645,56.99723381135254,58.26087219440247
4DoF_V22_3_3x3_grid_4Nm_curriculum1_extended_active_passive_selector,20260803,1522,1.0,mid_cross,active,v22_3_active_bidirectional_4Nm_grid,,,1.0,4.0,0.2,0.3,0.02,True,True,success,12,12,2.0003108617370584,0.017595708655106068,1.9454494638266748,0.03726568925527734,0.07575861459295849,1.0581491310088265,0.009307995161670243,1.0291278715459897,0.01971326430116646,57.0608161699352,30.486989176705094,8.955284707380144,97.91375547271457,-0.7476022227886383,-0.002207693589763915,0.3101748144252874,0.3110534315206417,51.86564188244946,28.35097778217779,52.451909789905756,61.057378857806036
4DoF_V22_3_3x3_grid_4Nm_curriculum1_extended_active_passive_selector,20260719,850,1.0,pre_cross,active,v22_3_active_bidirectional_4Nm_grid,,,1.0,4.0,0.2,0.35,0.0,True,True,success,19,19,2.7976999710693837,0.01727310126826211,2.7653790156862836,0.015047854114837953,0.06853340784125236,1.6359884042384767,0.010100651846992824,1.6170883403404708,0.008799412051013172,54.8372902277393,28.55111631619704,-31.64428673307517,48.568825983377195,0.5322027739407584,-0.6608205502160713,-0.5635308536168617,-0.4055640962005338,53.6790002050464,29.101488667866374,41.8715662301576,32.8186782004802
4DoF_V22_3_3x3_grid_4Nm_curriculum1_extended_active_passive_selector,20260702,337,1.0,mid_cross,active,v22_3_active_bidirectional_4Nm_grid,,,1.0,4.0,0.2,0.4,0.02,True,True,success,13,13,2.23535001758528,0.005701178210256252,2.178015669393381,0.05163316998164298,0.06685019816838214,1.340060010570011,0.003417773893392533,1.3056888979300953,0.030953338746523156,52.31454310363972,30.40184398727348,7.524154055188715,96.89362635435599,-0.577939407392094,0.5457623039934489,-0.26248466504756407,0.2840461304959633,46.049965224296216,33.840001385630345,53.061222786666455,48.04771971082554
4DoF_V22_3_3x3_grid_4Nm_curriculum1_extended_active_passive_selector,20260702,524,-1.0,mid_cross,active,v22_3_active_bidirectional_4Nm_grid,,,1.0,4.0,0.2,0.35,0.01,True,True,success,12,12,1.8632052888914672,0.03235204820793229,1.8035585439611426,0.027294696722392278,0.06624407537695327,1.1271846765565168,0.01957204244353302,1.091100141324257,0.016512492788726785,66.41065526751802,43.502912747442615,-13.67054508135847,92.41148968196458,0.8769589411994996,0.9905088025346365,-0.7752545772518897,-0.3693008558257659,54.01478744140464,83.64527554800758,-61.06905418926334,57.92038692337544
4DoF_V22_3_3x3_grid_4Nm_curriculum1_extended_active_passive_selector,20260702,670,-1.0,mid_cross,active,v22_3_active_bidirectional_4Nm_grid,,,1.0,4.0,0.2,0.4,0.01,True,True,success,14,14,2.7812530405845663,0.0,2.6592633306758175,0.1219897099087487,0.06571720667653157,1.6960662735136767,0.0,1.6216743970203178,0.07439187649335886,64.9740228197536,45.40793905142391,6.721829603521966,100.92183229650594,0.6971967714962881,0.610753298047241,0.05305327759481626,-0.3325793134496887,39.878180603597116,101.00385382752702,-77.04232959834977,50.299897336445866
4DoF_V22_3_3x3_grid_4Nm_curriculum1_extended_active_passive_selector,20260702,228,1.0,mid_cross,active,v22_3_active_bidirectional_4Nm_grid,,,1.0,4.0,0.2,0.35,0.02,True,True,success,16,16,1.2949886397727677,0.034037588192740484,1.201742747510283,0.059208304069744234,0.06463683765208803,0.802910742579921,0.02110377216610817,0.7450970086987219,0.03670996171509102,61.826568823790396,27.176990452761107,5.2954882655635815,83.12174221118019,0.030210046485925846,-0.43392389379759555,-0.24661968286993874,0.04311063020556494,61.278004946022214,20.598676362477665,47.859879221752216,34.92910604542045
4DoF_V22_3_3x3_grid_4Nm_curriculum1_extended_active_passive_selector,20260803,1489,1.0,mid_cross,active,v22_3_active_bidirectional_4Nm_grid,,,1.0,4.0,0.2,0.3,0.01,True,True,success,14,14,1.0577339666774772,0.0,1.0577339666774772,0.0,0.06381497015736981,0.6642557017890743,0.0,0.6642557017890743,0.0,55.784605036642795,31.35030572896511,13.822569863395229,57.66555382193864,-0.5635802531823217,0.20648176408592334,-0.9851916977507753,-0.19443516574437925,39.4257419353893,49.23177808750464,46.81838208961453,73.71519294325903
4DoF_V22_3_3x3_grid_4Nm_curriculum1_extended_active_passive_selector,20260702,686,-1.0,mid_cross,active,v22_3_active_bidirectional_4Nm_grid,,,1.0,4.0,0.2,0.4,0.02,True,True,success,12,12,1.8361199064086493,0.03241645284942888,1.7581787631929968,0.04552469036622364,0.056652478499913894,1.2988635665966966,0.022931263594204505,1.243728326840097,0.03220397616239524,54.91211157478404,62.55927101400945,-17.057713822047603,93.0422724944053,0.8628576489184685,0.6521905808864823,0.7164719587432766,-0.16760139711858812,39.81093599125215,101.1115805785709,-73.59336308486182,58.022704623778345
4DoF_V22_3_3x3_grid_4Nm_curriculum1_extended_active_passive_selector,20260803,1717,1.0,mid_cross,active,v22_3_active_bidirectional_4Nm_grid,,,1.0,4.0,0.2,0.4,0.0,True,True,success,14,14,1.8781581961023157,0.01100561566308283,1.8347697086947428,0.03238287174449009,0.056195111950574056,1.3394146340059088,0.007848690651282466,1.3084719929111974,0.023093950443428782,52.933579382534916,31.05499673888785,9.528639974535528,87.34117558989774,0.30094592168210577,-0.5014245693628436,0.7387811960781929,0.40114322408451,46.71669069168308,37.09740164058168,50.49037704277627,39.46541066723755
4DoF_V22_3_3x3_grid_4Nm_curriculum1_extended_active_passive_selector,20260719,1139,-1.0,mid_cross,active,v22_3_active_bidirectional_4Nm_grid,,,1.0,4.0,0.2,0.3,0.01,True,True,success,13,13,2.395308162635948,0.0,2.3735758201357156,0.02173234250023217,0.0547765920412981,1.7524587173889163,0.0,1.7365588704890909,0.015899846899825338,60.75761555127265,50.60026750222356,3.3541667556731505,100.01479643110612,0.4052452874023098,0.8344550689340557,-0.9561129493573912,0.25075709497690046,38.880295015630715,97.11361102186846,-66.58824082961593,53.9160901987775
4DoF_V22_3_3x3_grid_4Nm_curriculum1_extended_active_passive_selector,20260803,1993,-1.0,pre_cross,active,v22_3_active_bidirectional_4Nm_grid,,,1.0,4.0,0.2,0.35,0.01,True,True,success,13,13,3.4078587643862512,0.021793743812677777,3.383347975497625,0.002717045075948192,0.05315599114283647,2.56927610378234,0.01643088785692434,2.55079676278543,0.0020484531399852183,75.51719597309275,30.011526185353308,8.43059982115664,87.26359761877983,0.9115646177344654,0.01185672978196095,0.528229757786183,0.3445685518047509,48.367866242898145,88.8135363306988,-66.91352799234504,50.39189227222451
4DoF_V22_3_3x3_grid_4Nm_curriculum1_extended_active_passive_selector,20260719,890,1.0,mid_cross,active,v22_3_active_bidirectional_4Nm_grid,,,1.0,4.0,0.2,0.35,0.01,True,True,success,14,14,1.398577494390193,0.0287752764818928,1.3058270491076647,0.0639751688006356,0.04931903374959745,1.1364579904271261,0.023382253050522238,1.0610907082566359,0.05198502911996832,57.314614226636806,23.517859157196234,13.305762528718938,87.73484306213957,-0.20986186097331316,0.5524482534226267,0.033988438137410926,0.4971435529426158,58.63262345972251,16.323222558828537,50.31418173883296,40.71389804828371
4DoF_V22_3_3x3_grid_4Nm_curriculum1_extended_active_passive_selector,20260803,1962,-1.0,mid_cross,active,v22_3_active_bidirectional_4Nm_grid,,,1.0,4.0,0.2,0.35,0.01,True,True,success,12,12,2.1649584468191714,0.017791370174284796,2.1104272260990444,0.03673985054584224,0.049251765490486224,1.761607589501626,0.014476680960182309,1.71723601626127,0.029894892280173634,70.0999379504624,44.48219081434565,-16.361874494251378,96.90426081092937,0.9801574037004905,0.28137696280747515,0.8586232022805997,-0.23751974710549162,54.77789373491636,85.59762819593661,-65.9862969393639,57.58373170473337
4DoF_V22_3_3x3_grid_4Nm_curriculum1_extended_active_passive_selector,20260803,2008,-1.0,mid_cross,active,v22_3_active_bidirectional_4Nm_grid,,,1.0,4.0,0.2,0.35,0.02,True,True,success,12,12,1.8920529651972198,0.0,1.8209813065830656,0.07107165861415413,0.04833008499918645,1.5689067851164749,0.0,1.509973547263059,0.05893323785341567,63.50648369501873,52.196931355154625,-15.251295375167638,96.75995458705081,0.9176308741112829,0.12610645761914285,-0.2087669798777998,-0.10195638832232112,49.512908222987654,88.03354486216386,-65.41906872660849,56.33761478759908
4DoF_V22_3_3x3_grid_4Nm_curriculum1_extended_active_passive_selector,20260702,538,-1.0,mid_cross,active,v22_3_active_bidirectional_4Nm_grid,,,1.0,4.0,0.2,0.35,0.01,True,True,success,12,12,3.0155683578538763,0.04932373513490017,2.966244622718976,0.0,0.04769929292262708,2.533603480001992,0.04144054193267106,2.492162938069321,0.0,67.42817973703855,48.63299816742356,5.173724868743135,94.88660108156904,0.4560320073379749,0.8175252077836219,-0.2223340111029266,-0.45872600279406106,48.58863986062772,91.9043048062255,-58.38865757288039,68.62881564029257
4DoF_V22_3_3x3_grid_4Nm_curriculum1_extended_active_passive_selector,20260803,1944,-1.0,mid_cross,active,v22_3_active_bidirectional_4Nm_grid,,,1.0,4.0,0.2,0.35,0.0,True,True,success,10,10,1.5244143937332784,0.0,1.4715070539317212,0.05290733980155721,0.04749779447724896,1.2862074101262921,0.0,1.2415674403237378,0.04463996980255425,67.688397653315,53.921375363609236,-21.15182525795518,90.93946144493589,0.9705380498100049,0.4421734843683991,-0.974058276106561,-0.29477333474114975,60.26573312169399,80.26703332612072,-60.45246522112082,59.295843517479355
4DoF_V22_3_3x3_grid_4Nm_curriculum1_extended_active_passive_selector,20260803,1960,-1.0,mid_cross,active,v22_3_active_bidirectional_4Nm_grid,,,1.0,4.0,0.2,0.35,0.0,True,True,success,13,13,1.0911904333759452,0.0456608757157441,1.018089770452347,0.027439787207854012,0.04669961210037253,0.9364157013012575,0.03918432534558054,0.8736836552317111,0.023547720723965725,63.1076902466156,48.04789849561324,-24.8855865803769,84.47359646499173,0.9696341990206279,-0.045867016887914724,-0.637694380490184,-0.49873625281121536,50.46781242553443,83.4790279093768,-61.19842124096166,47.07272278198004
4DoF_V22_3_3x3_grid_4Nm_curriculum1_extended_active_passive_selector,20260719,1348,-1.0,mid_cross,active,v22_3_active_bidirectional_4Nm_grid,,,1.0,4.0,0.2,0.4,0.0,True,True,success,13,13,2.112701334499335,0.0,2.018476186188323,0.09422514831101168,0.04532909331107658,1.8678520995622798,0.0,1.7845470728505897,0.08330502671169009,69.53826765581805,50.901460360420046,-12.569308220293715,93.61203917968382,0.7676176382952937,0.19971652265794604,0.5329206889801972,0.2817063583516205,50.13481267907609,96.7775369579412,-79.30636617771164,52.166194568775836
4DoF_V22_3_3x3_grid_4Nm_curriculum1_extended_active_passive_selector,20260719,1381,-1.0,touchdown,active,v22_3_active_bidirectional_4Nm_grid,,,1.0,4.0,0.2,0.4,0.01,True,True,success,13,13,1.6975752153874446,0.003338210297703155,1.5391973926459723,0.1550396124437691,0.044826022313159034,1.5176800782810662,0.0029844540730882873,1.3760858418445956,0.13860978236338237,74.69233132812329,43.25615899327783,-60.1379639532611,8.39704671613432,0.8809208055355848,0.1639323822962182,-0.5307053391306538,0.4353046367175485,68.70849356199415,74.59033669473668,-68.22881432886844,53.98665618925006
4DoF_V22_3_3x3_grid_4Nm_curriculum1_extended_active_passive_selector,20260803,1494,1.0,mid_cross,active,v22_3_active_bidirectional_4Nm_grid,,,1.0,4.0,0.2,0.3,0.01,True,True,success,12,12,1.1042757020154217,0.0,1.1042757020154217,0.0,0.04479331978843282,0.9879743649150415,0.0,0.9879743649150415,0.0,49.94238124752054,34.90373940585025,21.246189077076995,73.45808509703598,-0.15833409791119468,-0.04018696473378358,-0.30214927893769294,-0.08103955232894355,37.72841625425463,49.613182616029995,49.26709937217451,72.75135733023734
4DoF_V22_3_3x3_grid_4Nm_curriculum1_extended_active_passive_selector,20260719,1212,-1.0,touchdown,active,v22_3_active_bidirectional_4Nm_grid,,,1.0,4.0,0.2,0.35,0.0,True,True,success,10,10,0.36220303791736524,0.016299034102788466,0.2424753094798498,0.10342869433472696,0.04453472272457786,0.325937812388198,0.014667109227050496,0.21819770586254514,0.0930729972986024,60.3245640574883,49.16946520218879,-54.841224715987224,16.21375168687667,0.9300999446933842,0.7934722048834137,-0.4434972387848686,0.024903588019131062,56.9686965340366,71.29717395209495,-59.14458456716527,33.469787850398795
4DoF_V22_3_3x3_grid_4Nm_curriculum1_extended_active_passive_selector,20260702,77,1.0,touchdown,active,v22_3_active_bidirectional_4Nm_grid,,,1.0,4.0,0.2,0.3,0.01,True,True,success,8,8,0.17045637099169772,0.005600469668504363,0.1637461360937224,0.001109765229470951,0.04221825810312049,0.16180589423176076,0.005316251880513978,0.15543619650878773,0.001053445842459056,55.21265229651608,26.793722169904346,50.40557794332539,66.28171955963475,-0.6493883118273849,-0.6753147270306676,0.02486209402315831,-0.21034236336324486,47.07738719796498,30.012236557289032,55.138427908583864,65.54315351873272
4DoF_V22_3_3x3_grid_4Nm_curriculum1_extended_active_passive_selector,20260803,1974,-1.0,mid_cross,active,v22_3_active_bidirectional_4Nm_grid,,,1.0,4.0,0.2,0.35,0.01,True,True,success,10,10,2.056475234500248,0.036083094806100606,2.0186598603541617,0.0017322793399859196,0.04210554812733084,1.957336834186337,0.034343603740300675,1.9213444606955572,0.0016487697504795936,70.1671102371569,42.69570393233129,-14.441625456468106,77.64060660673658,0.6436621911808236,0.8554028800669728,0.22327602172899086,0.13194350668969845,56.08125479499068,78.75701136855962,-56.86295379365078,56.14641759421573
4DoF_V22_3_3x3_grid_4Nm_curriculum1_extended_active_passive_selector,20260803,1480,1.0,touchdown,active,v22_3_active_bidirectional_4Nm_grid,,,1.0,4.0,0.2,0.3,0.0,True,True,success,11,11,0.20185231637021453,0.012793971734573698,0.17716500462116294,0.011893340014477883,0.04127466405063612,0.19598895666851518,0.012422335383591256,0.17201875627818186,0.011547865006742038,48.523799733694204,24.942783297066402,53.35617149459455,72.34748892952405,-0.005717805022860567,-0.586637544316194,0.04605857005431924,-0.14157331424536357,38.535139335378105,31.733480743610873,62.99451384007728,76.67287133799434
4DoF_V22_3_3x3_grid_4Nm_curriculum1_extended_active_passive_selector,20260719,767,1.0,touchdown,active,v22_3_active_bidirectional_4Nm_grid,,,1.0,4.0,0.2,0.3,0.01,True,True,success,12,12,0.4001179863492645,0.015608953417739557,0.38020044168025136,0.004308591251273608,0.0403265589016735,0.3976292464080084,0.015511865490834853,0.37783558916880516,0.004281791748368405,66.08193828949231,15.390254998547148,44.65263858959291,45.80481506014818,-0.6087168847734445,0.5224053915300964,-0.6575178159330637,-0.16443640055283582,61.79348930410082,13.053081416007663,52.333125370984554,47.324724104295285
4DoF_V22_3_3x3_grid_4Nm_curriculum1_extended_active_passive_selector,20260702,567,-1.0,mid_cross,active,v22_3_active_bidirectional_4Nm_grid,,,1.0,4.0,0.2,0.35,0.02,True,True,success,12,12,2.070689191464652,0.04729985768677866,2.002698554681545,0.020690779096328438,0.04015980183312406,2.066354193635844,0.04720083520613777,1.9985058955794026,0.020647462850303368,54.89983234788565,59.55043194883077,-8.647186107574656,93.2491016523705,0.5494318474055675,0.2034241614208372,-0.3990419096852751,-0.05886005814642836,36.28683389764459,96.01955985735343,-64.93460687611874,52.01772413303515
4DoF_V22_3_3x3_grid_4Nm_curriculum1_extended_active_passive_selector,20260803,2042,-1.0,mid_cross,active,v22_3_active_bidirectional_4Nm_grid,,,1.0,4.0,0.2,0.4,0.0,True,True,success,10,10,1.8413572653147807,0.031264435275261106,1.8034493018563316,0.006643528183188016,0.03859404131773364,1.9120498586720496,0.03246472597989026,1.872686549042464,0.006898583649695424,80.94046614796768,41.98744307865546,-21.72671361161766,83.90323989248326,0.5618247032602088,0.9032301831362091,-0.8679312627257547,-0.31844582802080135,70.28980019644108,74.50775074964275,-61.844156605791134,61.09951946729016
4DoF_V22_3_3x3_grid_4Nm_curriculum1_extended_active_passive_selector,20260702,123,1.0,touchdown,active,v22_3_active_bidirectional_4Nm_grid,,,1.0,4.0,0.2,0.35,0.0,True,True,success,8,8,0.23507211151479915,0.012280673038131722,0.2109773912118093,0.011814047264858138,0.03794802846956677,0.2482523116059364,0.012969235057902494,0.22280663038849796,0.012476446159535953,55.82664603235948,22.101099333454204,65.26559734881195,59.311636133931486,-0.9193503414907589,-0.43619517821892373,0.7969332222179013,-0.33197952376435014,40.60615178358098,37.09382678804072,59.42372507680836,61.117079690084125
4DoF_V22_3_3x3_grid_4Nm_curriculum1_extended_active_passive_selector,20260803,2002,-1.0,mid_cross,active,v22_3_active_bidirectional_4Nm_grid,,,1.0,4.0,0.2,0.35,0.02,True,True,success,14,14,1.783503880369381,0.05486154945168039,1.6995597621052188,0.029082568812481887,0.03792817180673475,1.884488794894489,0.057967900350645356,1.7957916229918698,0.03072927155197399,68.59333071485071,40.382386320517384,-17.37669741468906,95.40465622146307,0.7514879981368228,-0.03358182934866516,0.5711276797200564,0.02524957683658402,46.845696526243366,88.66315979861437,-65.71040602096502,52.88440275134349
4DoF_V22_3_3x3_grid_4Nm_curriculum1_extended_active_passive_selector,20260702,584,-1.0,touchdown,active,v22_3_active_bidirectional_4Nm_grid,,,1.0,4.0,0.2,0.35,0.02,True,True,success,11,11,0.5878396426621213,0.016098356759965182,0.4673300108569123,0.10441127504524386,0.03772796800013841,0.6244200878835096,0.017100135161546636,0.4964113089215412,0.11090864380042183,60.31850510508285,46.99471180467578,-52.994997114071666,16.418496192718006,0.7852731870114174,0.46293408473623665,-0.5131421960192579,-0.20535573438961818,53.13438811846294,73.16557556795956,-60.82476443257374,32.780570658893495
4DoF_V22_3_3x3_grid_4Nm_curriculum1_extended_active_passive_selector,20260719,1335,-1.0,mid_cross,active,v22_3_active_bidirectional_4Nm_grid,,,1.0,4.0,0.2,0.4,0.0,True,True,success,11,11,1.8945282990557049,0.030587443260233854,1.8596144863671493,0.004326369428321761,0.03732070294338309,2.03438287858187,0.03284541640218831,1.9968917190172362,0.004645743162445647,83.98102315913187,42.76555572883445,-21.741707266907014,74.67307811385028,0.9778908169722718,-0.37007091255566027,-0.987244565036226,-0.16096106453085857,74.4270946681162,73.36805059754494,-61.55406332393453,64.94794013971493
4DoF_V22_3_3x3_grid_4Nm_curriculum1_extended_active_passive_selector,20260803,1774,1.0,touchdown,active,v22_3_active_bidirectional_4Nm_grid,,,1.0,4.0,0.2,0.4,0.02,True,True,success,8,8,0.11775815565083579,0.00021023600115792942,0.10954347446562551,0.008004445184052356,0.0365216492024229,0.1292177054433997,0.00023069496563595974,0.12020361849685023,0.008783391980913513,63.983508231239014,16.937466158261966,66.01573511883801,47.09525136447995,-0.7961007112858902,-0.5514664561979845,0.05783570034353813,-0.3460277596926109,49.248731199798286,32.16084478409946,55.7657307896576,48.09418642537781
4DoF_V22_3_3x3_grid_4Nm_curriculum1_extended_active_passive_selector,20260702,520,-1.0,touchdown,active,v22_3_active_bidirectional_4Nm_grid,,,1.0,4.0,0.2,0.35,0.0,True,True,success,9,9,0.21381693599825183,0.024604248985742892,0.16461032073015677,0.02460236628235215,0.03605109925654241,0.23768676550322781,0.027350987571466815,0.1829868832425874,0.027348894689173568,72.48379214880222,40.16327743950106,-39.22241025209297,41.38152047477956,0.8139050104241203,0.5628296742867316,-0.70528108512189,0.20049392116336862,68.08571613889627,60.46089226175033,-52.10110329424472,37.960662767174036
4DoF_V22_3_3x3_grid_4Nm_curriculum1_extended_active_passive_selector,20260719,1412,-1.0,touchdown,active,v22_3_active_bidirectional_4Nm_grid,,,1.0,4.0,0.2,0.4,0.02,True,True,success,13,13,0.6353416248388947,0.02564597852618153,0.46138201065673334,0.14831363565597977,0.03518056953844278,0.7237454624100483,0.02921445701294327,0.5255804493135628,0.1689505560835422,54.799517601279945,59.78280919621937,-70.27017109903703,8.11484480078611,0.9097273315596011,-0.04974209165867394,-0.7400875952410835,-0.1238841988329038,48.148251127804215,85.49243406170193,-75.03273788259196,32.419498058545265
4DoF_V22_3_3x3_grid_4Nm_curriculum1_extended_active_passive_selector,20260702,363,-1.0,mid_cross,active,v22_3_active_bidirectional_4Nm_grid,,,1.0,4.0,0.2,0.3,0.0,True,True,success,12,12,1.3000576116071716,0.03366224868475709,1.2474509159195204,0.018944447002894174,0.035042655241395534,1.486781001332114,0.03849705686868939,1.4266185631501873,0.021665381313237485,70.97529188091758,39.75247767198624,-23.165491810569204,82.6001192731717,0.43307569801722945,0.7797050185247831,0.2524296870249687,0.39706171409600066,54.5903464143637,80.07493401654445,-59.53770744407191,48.94301887861849
4DoF_V22_3_3x3_grid_4Nm_curriculum1_extended_active_passive_selector,20260803,1887,-1.0,mid_cross,active,v22_3_active_bidirectional_4Nm_grid,,,1.0,4.0,0.2,0.3,0.02,True,True,success,13,13,1.9175562257970342,0.0,1.8871723057231933,0.030383920073840963,0.03433900610008642,2.2379057730529186,0.0,2.202445874028073,0.035459899024845754,63.344966396553986,48.99221782304365,-5.096912074589002,100.417437915738,0.8904530124922327,-0.7015072725853946,-0.6598113189847907,0.2486309938871717,45.3575019520822,85.25946476214047,-57.125482345848816,56.65517171582017
4DoF_V22_3_3x3_grid_4Nm_curriculum1_extended_active_passive_selector,20260702,115,1.0,mid_cross,active,v22_3_active_bidirectional_4Nm_grid,,,1.0,4.0,0.2,0.3,0.02,True,True,success,12,12,1.7946671777760106,0.003795156257686354,1.7908720215183243,0.0,0.03421272367824954,2.102217663736758,0.0044455287422351785,2.097772134994523,0.0,50.239311326969826,29.652860348208982,9.471336886802856,56.3552193374876,0.3755975863751335,-0.01326511978881384,0.00852767887177519,-0.2468019280546413,47.29363199819607,34.83693194506481,50.980965981034636,69.4135822727277
4DoF_V22_3_3x3_grid_4Nm_curriculum1_extended_active_passive_selector,20260719,1342,-1.0,mid_cross,active,v22_3_active_bidirectional_4Nm_grid,,,1.0,4.0,0.2,0.4,0.0,True,True,success,12,12,2.219023897957283,0.010257374816143791,2.151324282600183,0.057442240540956424,0.03421090123625149,2.599434476610101,0.012015811889696758,2.5201290151527065,0.0672896495676979,80.53499932212263,41.45692212313859,-21.219301663261376,60.73303424285372,0.8400448733670745,-0.34061067078361096,-0.561071926489056,0.23953721072093714,66.84911239744511,78.62841334668487,-62.176824592617855,64.3268097871849
4DoF_V22_3_3x3_grid_4Nm_curriculum1_extended_active_passive_selector,20260803,1472,1.0,touchdown,active,v22_3_active_bidirectional_4Nm_grid,,,1.0,4.0,0.2,0.3,0.0,True,True,success,7,7,0.18673078379696334,0.0,0.15697494465670372,0.02975583914025961,0.03353752025663789,0.22313432460764945,0.0,0.18757752494833338,0.03555679965931607,61.07304764264683,26.242288971637738,52.05605456427131,63.89190330241439,-0.9866308337556153,-0.33717052375209344,0.5587519940281296,0.08677654440715943,49.60098535259003,37.05293227248412,44.24462659558082,46.92556121270779
4DoF_V22_3_3x3_grid_4Nm_curriculum1_extended_active_passive_selector,20260803,2018,-1.0,mid_cross,active,v22_3_active_bidirectional_4Nm_grid,,,1.0,4.0,0.2,0.35,0.02,True,True,success,12,12,1.915461601301482,0.06541624212409401,1.850045359177388,0.0,0.033211714507405225,2.311338560239605,0.078936107507796,2.2324024527318094,0.0,64.5541185688643,37.95590580851064,-15.651214470070725,61.47921632372146,0.07551486434517751,0.8913523541205246,-0.972770422954899,0.053181420486091646,40.39982208866307,85.54158018528258,-63.87488197675142,34.385058917757085
4DoF_V22_3_3x3_grid_4Nm_curriculum1_extended_active_passive_selector,20260702,453,-1.0,mid_cross,active,v22_3_active_bidirectional_4Nm_grid,,,1.0,4.0,0.2,0.3,0.02,True,True,success,10,10,1.4105060884080534,0.01521605084252099,1.3732340349088454,0.022056002656686856,0.03293337209474571,1.7164065951317369,0.018515999493089273,1.6710512443353807,0.026839351303266788,73.42864704604456,45.2865384530045,-20.335806442082454,89.78981916753384,0.7942825487224565,0.13370225442311057,-0.21121701232325685,-0.03071086937020029,63.97499394483794,71.9686816089942,-52.17008271341048,61.99985593776449
4DoF_V22_3_3x3_grid_4Nm_curriculum1_extended_active_passive_selector,20260702,369,-1.0,mid_cross,active,v22_3_active_bidirectional_4Nm_grid,,,1.0,4.0,0.2,0.3,0.0,True,True,success+touchdown_event,12,12,2.8299191191948725,0.02543717613385645,2.803273083898131,0.001208859162884879,0.031776982338681134,3.5689690452657916,0.03208024342636906,3.5353642420372857,0.0015245598021365063,73.55987245046656,44.070988141192146,-5.210919263952149,81.25278336459868,0.33674500435649923,0.6159409112484511,-0.16945381644761603,-0.3519562471094948,55.42977269305731,85.88308762572363,-53.097635139797625,67.38645389810273
4DoF_V22_3_3x3_grid_4Nm_curriculum1_extended_active_passive_selector,20260803,1511,1.0,touchdown,active,v22_3_active_bidirectional_4Nm_grid,,,1.0,4.0,0.2,0.3,0.01,True,True,success,9,9,0.19894136975012003,0.008345158118145542,0.18985567942062898,0.0007405322113455258,0.03090295573003568,0.2579921516713305,0.010822210089545948,0.24620960086015925,0.0009603407216253241,63.66868605378728,17.053575901456473,49.011972047654915,53.614247287465695,-0.6538015024820008,0.2543520838959161,0.03762206474616936,-0.08165069760897525,53.60468879052878,27.22463632811344,49.00395461104243,54.17381624260663
4DoF_V22_3_3x3_grid_4Nm_curriculum1_extended_active_passive_selector,20260719,799,1.0,touchdown,active,v22_3_active_bidirectional_4Nm_grid,,,1.0,4.0,0.2,0.3,0.01,True,True,success,6,6,0.12064571500578027,0.005654103819311559,0.10100568404470231,0.0139859271417664,0.03069805788801916,0.1575006721030742,0.007381324331655404,0.1318609875411587,0.018258360230260125,58.24295733277184,17.954846801987674,66.27517460043885,77.40362913591605,-0.8630764785566507,-0.9822360255146194,0.16472485012739035,-0.10880017208169068,47.65515676905909,27.173218866582953,57.031653992886106,64.30078441529591
4DoF_V22_3_3x3_grid_4Nm_curriculum1_extended_active_passive_selector,20260803,1860,-1.0,touchdown,active,v22_3_active_bidirectional_4Nm_grid,,,1.0,4.0,0.2,0.3,0.01,True,True,success,9,9,0.27199036446897246,0.009873686576247181,0.22308018535765853,0.03903649253506674,0.03056140989985027,0.356665862417783,0.01294754299416301,0.2925290638668364,0.05118925555678353,46.338809846256034,60.30468476946359,-59.948589191644935,9.506463896526146,0.9688512133701019,0.30065779536862514,0.5474149027278419,-0.2659752409170768,41.71683618476793,78.33872049164943,-63.2517842255356,18.51656010808833
4DoF_V22_3_3x3_grid_4Nm_curriculum1_extended_active_passive_selector,20260803,1854,-1.0,touchdown,active,v22_3_active_bidirectional_4Nm_grid,,,1.0,4.0,0.2,0.3,0.01,True,True,success,8,8,0.13770001228715528,0.017442883351693896,0.06837230485191467,0.051884824083546735,0.030083995254218444,0.18343401754377023,0.02323615021962505,0.09108064959035612,0.06911721773378908,59.80246518169331,47.77087138301931,-47.76668848396801,18.61681422906261,0.9648335551199407,0.1536007976845415,-0.9259777086234822,0.4652572303866518,57.27870572037013,61.16182578374164,-57.01049648593955,15.47199480287607
4DoF_V22_3_3x3_grid_4Nm_curriculum1_extended_active_passive_selector,20260702,181,1.0,touchdown,active,v22_3_active_bidirectional_4Nm_grid,,,1.0,4.0,0.2,0.35,0.01,True,True,success,7,7,0.08455510775367485,0.0,0.05907903350508648,0.025476074248588366,0.0292430313916274,0.11587743340805583,0.0,0.08096408310118233,0.03491335030687348,58.090056125543505,21.52970423295149,59.08578730201838,44.69499140895487,-0.8241660376782487,-0.19318942560725016,0.9833040676895646,0.3126455564623004,46.378404651221594,33.875307508118304,57.3968935130949,53.381891799761476
4DoF_V22_3_3x3_grid_4Nm_curriculum1_extended_active_passive_selector,20260719,1350,-1.0,touchdown,active,v22_3_active_bidirectional_4Nm_grid,,,1.0,4.0,0.2,0.4,0.0,True,True,success,7,7,0.14124922101774706,0.0,0.1288142524565316,0.01243496856121546,0.029083930991710416,0.19463205422090182,0.0,0.17749749264383227,0.017134561577069576,68.72128570105193,57.32265594884149,-57.82081933484593,41.91005907790117,0.7923183493000179,0.953234270593549,-0.8461247083000587,0.3811064835481617,69.0376338760941,68.19882645563432,-62.70195857976539,43.519086803454584
4DoF_V22_3_3x3_grid_4Nm_curriculum1_extended_active_passive_selector,20260702,477,-1.0,touchdown,active,v22_3_active_bidirectional_4Nm_grid,,,1.0,4.0,0.2,0.3,0.02,True,True,success,9,9,0.1856419200230792,0.010386906668829037,0.13469945012970266,0.04055556322454749,0.029056156645592194,0.25604676539917504,0.014326149259424591,0.18578432340319526,0.055936292736555177,55.73969587656521,46.75186840024569,-47.91536391357829,19.462800218494987,0.44889419276397824,0.9837946329582639,-0.4330272825232988,0.4604307492771139,48.80975222318552,68.03072516428485,-56.392293177656896,20.901045989192802
4DoF_V22_3_3x3_grid_4Nm_curriculum1_extended_active_passive_selector,20260702,400,-1.0,touchdown,active,v22_3_active_bidirectional_4Nm_grid,,,1.0,4.0,0.2,0.3,0.0,True,True,success,11,11,0.41729909802828286,0.029015718033012887,0.32835295951296994,0.05993042048230003,0.028501818499892327,0.5867543072447191,0.04079830896858226,0.4616892636507163,0.08426673462542057,68.41072575502865,41.93852480229874,-46.9867812590504,9.067209618853592,0.9299322936010139,-0.4620772270190501,-0.7532356199074552,0.42077317389201907,61.12675455085863,65.07450611435586,-57.10160590400098,29.108894015600512
4DoF_V22_3_3x3_grid_4Nm_curriculum1_extended_active_passive_selector,20260702,472,-1.0,mid_cross,active,v22_3_active_bidirectional_4Nm_grid,,,1.0,4.0,0.2,0.3,0.02,True,True,success,14,14,3.038765501815653,0.0043002255531061654,3.0161666119484423,0.018298664314104623,0.028454126399144658,4.279897236867325,0.006056579045552773,4.2480682174049305,0.02577244041684207,56.429814593497966,63.21181918950147,3.064521314150099,92.73631513985532,0.7780388195842247,-0.813042295108481,0.9864764963182138,0.33017606785374365,35.05790699086915,100.57635888202535,-56.3915270594007,71.44251744882841
4DoF_V22_3_3x3_grid_4Nm_curriculum1_extended_active_passive_selector,20260803,1630,1.0,touchdown,active,v22_3_active_bidirectional_4Nm_grid,,,1.0,4.0,0.2,0.35,0.01,True,True,success,8,8,0.10940648057714081,0.00039350730149819406,0.09218921681812585,0.016823756457516777,0.028042853881265123,0.15635157093781446,0.0005623568589372745,0.13174657293612257,0.024042641142754607,64.95374084958407,16.300396803484208,56.43040518668497,39.03116889361814,-0.36818932611299604,-0.6684952101461814,0.7224190378403212,-0.2954909831513435,52.23958653305449,31.02814268566973,50.42388026292854,44.24182167991062
4DoF_V22_3_3x3_grid_4Nm_curriculum1_extended_active_passive_selector,20260702,386,-1.0,touchdown,active,v22_3_active_bidirectional_4Nm_grid,,,1.0,4.0,0.2,0.3,0.0,True,True,success,9,9,0.10848308477065696,0.01002539988920584,0.05949680131091815,0.03896088357053297,0.027963496991086682,0.155471917584587,0.01436784498359632,0.08526750331181236,0.05583656928917831,62.64210621989704,47.45434623647986,-40.65783645499772,40.329242752379784,0.9694110112164984,-0.1394372332539322,-0.5376330358286352,-0.4680445328962475,58.55823818744399,63.58911720344673,-51.60204381964464,29.802403348990264
4DoF_V22_3_3x3_grid_4Nm_curriculum1_extended_active_passive_selector,20260719,1284,-1.0,mid_cross,active,v22_3_active_bidirectional_4Nm_grid,,,1.0,4.0,0.2,0.35,0.02,True,True,success,14,14,2.9797618782152377,0.03416143353687898,2.918555019826683,0.02704542485167583,0.027952198979240363,4.2721549000455665,0.048978053160601095,4.184401183249351,0.03877566363561453,75.38173905504568,34.03050607525286,-7.006238801313775,68.38482397248774,0.43041445619889007,0.12527954828300025,0.4579177825110512,0.41755884335244065,48.72881842483172,89.45091145484152,-59.19471023898967,60.840848496381916
4DoF_V22_3_3x3_grid_4Nm_curriculum1_extended_active_passive_selector,20260803,1946,-1.0,mid_cross,active,v22_3_active_bidirectional_4Nm_grid,,,1.0,4.0,0.2,0.35,0.0,True,True,success,11,11,1.6050551796424766,0.025902127875426555,1.5504286798157432,0.028724371951306935,0.027670378724080857,2.3246430412623837,0.03751472353300099,2.245526064910815,0.041602252818567796,58.435083389915754,66.27627081997356,-21.18437335482554,91.45233766917916,0.866067586881534,-0.6718689052314408,-0.1914632032291661,-0.07362710010191365,46.74117161577028,90.80239308440844,-64.26284128790941,53.53237717227862
4DoF_V22_3_3x3_grid_4Nm_curriculum1_extended_active_passive_selector,20260803,1881,-1.0,touchdown,active,v22_3_active_bidirectional_4Nm_grid,,,1.0,4.0,0.2,0.3,0.02,True,True,success,6,6,0.06755511666673877,0.0,0.04625141796530627,0.021303698701432505,0.026892804796005164,0.10067080915770034,0.0,0.06892398238653145,0.03174682677116889,53.98643193581521,57.742185194084655,-58.34105433069235,21.049280610077624,0.9614184906278676,0.9831294146213676,0.7956105798983073,0.4364856861930586,53.475861142113786,68.34674269173051,-58.28039106947925,26.398804939288574
4DoF_V22_3_3x3_grid_4Nm_curriculum1_extended_active_passive_selector,20260702,18,1.0,touchdown,active,v22_3_active_bidirectional_4Nm_grid,,,1.0,4.0,0.2,0.3,0.0,True,True,success,5,5,0.09001777955185919,0.005509837815597837,0.07448412425794082,0.010023817478320521,0.026105519918421888,0.13819023632526603,0.008458393371197378,0.11434384168247057,0.015388001271598083,49.99139985112016,37.27300302335545,54.375483284323565,61.73257232953932,-0.9011858690845804,-0.9716733785198457,-0.727634958782279,0.41497608802445685,44.18587329896934,39.218352760872094,50.7707510587529,58.951031813288544
4DoF_V22_3_3x3_grid_4Nm_curriculum1_extended_active_passive_selector,20260803,2142,-1.0,touchdown,active,v22_3_active_bidirectional_4Nm_grid,,,1.0,4.0,0.2,0.4,0.02,True,True,success,9,9,0.4067513790127145,0.01350138182247706,0.27448802259062943,0.11876197459960802,0.02609170147674293,0.6247525587749699,0.020737539626944308,0.4216017530974788,0.18241326605054684,67.35782833997953,55.36205665559976,-65.50387092761096,24.363526392715592,0.7307075130761784,0.6221669197142783,0.5591191777920292,0.05894720485600691,65.33738700996143,72.96040267394822,-60.763595950235676,57.131311200595064
4DoF_V22_3_3x3_grid_4Nm_curriculum1_extended_active_passive_selector,20260719,866,1.0,touchdown,active,v22_3_active_bidirectional_4Nm_grid,,,1.0,4.0,0.2,0.35,0.0,True,True,success,6,6,0.39125835863308944,0.0,0.3264697670254705,0.06478859160761898,0.025878734421542732,0.6059014690741867,0.0,0.5055700589761433,0.10033141009804347,66.09530435123945,19.947298302450392,53.622917779416454,51.00053889746865,-0.9734557715262622,-0.3956135697622305,-0.9633745321121281,0.4676169366715903,55.74490324126029,30.271516281989175,39.93802207161379,32.39912400489945
4DoF_V22_3_3x3_grid_4Nm_curriculum1_extended_active_passive_selector,20260803,1448,1.0,touchdown,active,v22_3_active_bidirectional_4Nm_grid,,,1.0,4.0,0.2,0.3,0.0,True,True,success,7,7,0.1919001845803362,0.014841104347337803,0.1738629740153123,0.0031961062176860977,0.025775997000594575,0.29836050284830457,0.02307449242729701,0.27031680280742026,0.004969207613587311,56.96883847990884,17.059511410534007,55.118046423557196,63.36359661646719,-0.47153360519812626,-0.23989694863993316,-0.495878214497812,-0.012550234787153225,55.9824946422852,11.558869351264537,59.472993937940124,62.291379183256474
4DoF_V22_3_3x3_grid_4Nm_curriculum1_extended_active_passive_selector,20260803,1825,-1.0,touchdown,active,v22_3_active_bidirectional_4Nm_grid,,,1.0,4.0,0.2,0.3,0.0,True,True,success,10,10,0.2186009461645903,0.023801748219514918,0.11861398569788667,0.07618521224718872,0.02555062771307874,0.34287188398427315,0.037332639210078296,0.18604402888767457,0.11949521588652028,69.53200560797208,39.03860891299777,-47.790244011825344,12.881515261224079,0.9933457987156191,-0.35756769579712144,0.39118232833384803,0.0140109321202192,63.066466041939144,60.9060331548911,-52.18003253436131,29.313247922944438
4DoF_V22_3_3x3_grid_4Nm_curriculum1_extended_active_passive_selector,20260702,95,1.0,touchdown,active,v22_3_active_bidirectional_4Nm_grid,,,1.0,4.0,0.2,0.3,0.02,True,True,success,6,6,0.10514549746545007,0.006151332245885396,0.09783664165947693,0.0011575235600877515,0.02552060856064242,0.16511292242763864,0.009659609478525188,0.1536356212514948,0.0018176916976186655,55.68718164856129,21.54800126757887,56.423890352278164,72.49682519878614,-0.577907212027696,-0.47871158469202246,0.07705613280798551,-0.4757414413683395,51.04240625883913,22.910479218109447,58.22552120606187,69.60279039921257
4DoF_V22_3_3x3_grid_4Nm_curriculum1_extended_active_passive_selector,20260719,1419,-1.0,touchdown,active,v22_3_active_bidirectional_4Nm_grid,,,1.0,4.0,0.2,0.4,0.02,True,True,success,10,10,0.8321795559297135,0.0068381765594387744,0.6843101314585518,0.14103124791172297,0.025213185928516332,1.3227285465283698,0.010869110250209956,1.087693802508239,0.22416563376992082,70.36956090488373,50.707684393554636,-65.54567340915287,16.134026280123674,0.39242348744008515,0.8578293665542072,-0.4495129783693501,-0.26070277389422636,66.67177933858798,70.9339361484994,-62.580234871785834,51.74064529270776
4DoF_V22_3_3x3_grid_4Nm_curriculum1_extended_active_passive_selector,20260719,861,1.0,touchdown,active,v22_3_active_bidirectional_4Nm_grid,,,1.0,4.0,0.2,0.35,0.0,True,True,success,8,8,0.18948201722354163,0.013093763022702725,0.17244952693979695,0.003938727261041952,0.025204395991195838,0.301281951533693,0.02081946632299975,0.2741997936204633,0.00626269159022993,58.34854125662475,18.806515095831536,65.86987308656457,65.53474423477947,-0.723849731325279,-0.16275850487445576,0.8764578127182105,-0.27799089164192026,41.348670006283236,40.51368993406619,53.49079218084674,56.269383007670015
4DoF_V22_3_3x3_grid_4Nm_curriculum1_extended_active_passive_selector,20260702,443,-1.0,mid_cross,active,v22_3_active_bidirectional_4Nm_grid,,,1.0,4.0,0.2,0.3,0.02,True,True,success,12,12,1.4056486380100042,0.02920101201150141,1.3375154858073408,0.03893214019116209,0.02512572173389656,2.242020818483705,0.04657584767646105,2.1333478958651844,0.06209707494205984,66.1155132692908,45.20518531255437,-14.075879983479602,86.5658735153337,0.8274457169230354,-0.7705474597122175,-0.5949712690404421,0.05732575922406313,50.46672495956002,76.88496107353508,-54.509110424278866,47.58004449835632
4DoF_V22_3_3x3_grid_4Nm_curriculum1_extended_active_passive_selector,20260719,1336,-1.0,touchdown,active,v22_3_active_bidirectional_4Nm_grid,,,1.0,4.0,0.2,0.4,0.0,True,True,success,8,8,0.5132824702814426,0.0038160994838701023,0.4265767913219813,0.0828895794755912,0.024817521053955585,0.8288566838069376,0.00616229804525295,0.6888429765588365,0.13385140920284816,52.3278229409955,74.0941557590312,-73.47051579646632,16.16274071653409,0.9054463706473703,0.3636082928304427,-0.062007522924506064,0.06600274256693994,51.550516268622886,86.39167491528914,-73.75331372311375,38.58097936469942
4DoF_V22_3_3x3_grid_4Nm_curriculum1_extended_active_passive_selector,20260719,1044,1.0,touchdown,active,v22_3_active_bidirectional_4Nm_grid,,,1.0,4.0,0.2,0.4,0.02,True,True,success,8,8,0.263104829726896,6.295183796547377e-05,0.25744127136168105,0.0056006065272494595,0.024806248164442157,0.42505893206134543,0.00010170182373572664,0.4159091719718625,0.00904805826574722,58.8004128949067,17.984577387901677,72.13746503703955,60.395628074185595,-0.5008920242177108,-0.494349550355496,0.5991142252804695,0.027510616059444826,44.057180493925024,35.97189343490142,60.212894657852736,55.676593443759394
4DoF_V22_3_3x3_grid_4Nm_curriculum1_extended_active_passive_selector,20260719,1180,-1.0,touchdown,active,v22_3_active_bidirectional_4Nm_grid,,,1.0,4.0,0.2,0.3,0.02,True,True,success,9,9,0.3402988298902217,0.015385623614574864,0.31798407460805367,0.006929131667593194,0.024509258555614963,0.5564314810304759,0.02515743394473938,0.5199440434025095,0.011330003683227006,67.82839546933202,37.03159357845916,-37.56174615237712,37.772309740684776,0.7344252581185198,0.18209571643852773,0.2942286250233277,0.08240008212621419,59.84979745808752,59.533840296774436,-49.78233742123305,30.425392063205535
4DoF_V22_3_3x3_grid_4Nm_curriculum1_extended_active_passive_selector,20260719,1318,-1.0,mid_cross,active,v22_3_active_bidirectional_4Nm_grid,,,1.0,4.0,0.2,0.35,0.02,True,True,success,9,9,1.9147122853206169,0.015946087349518794,1.8780168310840875,0.02074936688701068,0.024019954987863315,3.1945724731228706,0.026605005927695064,3.1333485028734045,0.03461896432177124,81.04303520963872,43.36569055883003,-16.505039539450426,87.88457149448278,0.397071172033463,0.4283307769333562,-0.9298579157562223,-0.3271925623766585,68.35719348751648,72.71756642840758,-59.16860780114376,61.550107445274705
4DoF_V22_3_3x3_grid_4Nm_curriculum1_extended_active_passive_selector,20260719,1287,-1.0,mid_cross,active,v22_3_active_bidirectional_4Nm_grid,,,1.0,4.0,0.2,0.35,0.02,True,True,success,11,11,1.954654283204673,0.03187789783755922,1.9191694156266335,0.0036069697404804285,0.024001024039573354,3.263785390469458,0.05322814276421553,3.204534507395614,0.0060227403096288325,89.1186792816701,34.73144123231945,-14.966657341001978,82.48811565281278,0.6036681551698164,-0.30621336488592377,-0.8902657504094262,0.07589281361806732,75.36710453891716,68.43635156779469,-56.34012435212956,64.70885866976877
4DoF_V22_3_3x3_grid_4Nm_curriculum1_extended_active_passive_selector,20260719,1293,-1.0,mid_cross,active,v22_3_active_bidirectional_4Nm_grid,,,1.0,4.0,0.2,0.35,0.02,True,True,success,15,15,3.7694259533643493,0.013960342689414115,3.6712843409487896,0.08418126972614545,0.02387420969595433,6.327433985526022,0.02343411115524052,6.162691507102143,0.14130836726863805,86.2269921400505,35.96392445610268,-5.7013422020135565,71.98018036981777,-0.009996437581239359,0.6917669383711611,-0.8890751823764627,-0.3510387691265314,61.7129749386068,93.68388273544625,-66.85893173275589,82.77333216461679
4DoF_V22_3_3x3_grid_4Nm_curriculum1_extended_active_passive_selector,20260803,1933,-1.0,touchdown,active,v22_3_active_bidirectional_4Nm_grid,,,1.0,4.0,0.2,0.35,0.0,True,True,success,7,7,0.5608340190888707,0.00278304319594299,0.4805918272100914,0.0774591486828363,0.023686563904675863,0.9488852492257508,0.004708681261665638,0.8131220293643491,0.13105453859973626,59.434997624479934,64.28588312641102,-63.71405649104104,13.692351541137306,0.7638996847646604,0.6888131169854423,-0.28916248358867613,0.2623434794861552,58.63389009638982,75.93525753795417,-62.63957112501303,42.01658057144014
4DoF_V22_3_3x3_grid_4Nm_curriculum1_extended_active_passive_selector,20260719,1271,-1.0,touchdown,active,v22_3_active_bidirectional_4Nm_grid,,,1.0,4.0,0.2,0.35,0.01,True,True,success,7,7,0.197631835538444,0.004749831876204031,0.1448360505949651,0.04804595306727484,0.023145934012640534,0.34218707708157614,0.008224034766053627,0.25077450034354215,0.08318854197198035,71.63805380843971,50.27207413261785,-59.2490041507997,29.035843537667464,0.7383128868358801,0.392264525449471,-0.8822133066784821,0.1077148316552552,71.46924924797032,59.04155144968699,-63.4002068437527,27.461038665645543
4DoF_V22_3_3x3_grid_4Nm_curriculum1_extended_active_passive_selector,20260719,1251,-1.0,mid_cross,active,v22_3_active_bidirectional_4Nm_grid,,,1.0,4.0,0.2,0.35,0.01,True,True,success,13,13,1.7773683069700563,0.04754166116610031,1.6953637889963677,0.03446285680758813,0.023044095715517902,3.0910011872387257,0.08267916701982299,2.948388054427935,0.059933965790967464,76.51792809935795,33.521534985131915,-17.403190897467915,52.87379872471895,0.7841996051019033,-0.6228981335290449,0.4208726177108473,0.19623575200920995,55.662926038256316,78.95021477796752,-53.903171466088175,56.67162945639191
4DoF_V22_3_3x3_grid_4Nm_curriculum1_extended_active_passive_selector,20260719,1073,1.0,touchdown,active,v22_3_active_bidirectional_4Nm_grid,,,1.0,4.0,0.2,0.4,0.02,True,True,success,8,8,0.21451834423638938,0.0,0.19954685416708348,0.014971490069305895,0.022771068140947454,0.37753954127418066,0.0,0.3511906082117098,0.02634893306247083,49.25741431178484,35.50463398136887,66.24935122852449,49.611711601072535,-0.9252126842707173,0.26277324200981633,0.2221214944026113,0.47110917246667294,35.21451809061014,51.52794818805985,58.77622232468594,54.11522789531282
4DoF_V22_3_3x3_grid_4Nm_curriculum1_extended_active_passive_selector,20260803,1754,1.0,touchdown,active,v22_3_active_bidirectional_4Nm_grid,,,1.0,4.0,0.2,0.4,0.01,True,True,success,8,8,0.05900127886185732,0.0006752645722378372,0.033635487074018616,0.024690527215600867,0.022575032853426574,0.10474045221604038,0.0011987454852844808,0.059710504494115454,0.04383120223664044,47.98095164242618,37.44161179661459,60.9668147619896,42.91393686185057,-0.21803657357332473,-0.8034575116494336,0.9454285360419965,0.1166802084843741,36.73818633190416,49.380234190440184,58.48435277328239,51.09869346316029
4DoF_V22_3_3x3_grid_4Nm_curriculum1_extended_active_passive_selector,20260719,1138,-1.0,touchdown,active,v22_3_active_bidirectional_4Nm_grid,,,1.0,4.0,0.2,0.3,0.01,True,True,success,6,6,0.18488664864076002,0.010957153847868318,0.1739294947928917,0.0,0.022468058026390347,0.32977780569789367,0.019544008067695764,0.31023379763019787,0.0,68.30212467610313,51.95522561491295,-41.599050825108975,52.91905063207982,0.8751740423016243,0.6474146822832776,0.6663543201839355,0.3476887550681743,65.83224673269956,64.46609955097604,-50.14012997782538,47.782251489281855
4DoF_V22_3_3x3_grid_4Nm_curriculum1_extended_active_passive_selector,20260803,1902,-1.0,touchdown,active,v22_3_active_bidirectional_4Nm_grid,,,1.0,4.0,0.2,0.3,0.02,True,True,success,7,7,0.31936687109428696,0.011499531530313767,0.30491075538821183,0.0029565841757614106,0.022166399134255405,0.5773991297049986,0.020790570652702674,0.5512632045885257,0.005345354463770326,63.16122773867714,52.77683019833052,-41.278250475532026,49.53459783528226,0.7407675466287116,0.3916647101528532,-0.07973056828549407,0.4863238924879716,60.03389081836134,65.58063061783294,-50.71380468844133,42.8899200149192
4DoF_V22_3_3x3_grid_4Nm_curriculum1_extended_active_passive_selector,20260803,1786,1.0,touchdown,active,v22_3_active_bidirectional_4Nm_grid,,,1.0,4.0,0.2,0.4,0.02,True,True,success,5,5,0.025118742386738474,0.0,0.0,0.025118742386738474,0.022164188101980065,0.045417944487819856,0.0,0.0,0.045417944487819856,52.57119973060833,34.113587423230825,53.535760824537405,39.5798243215132,-0.8560909177867786,-0.37073500433476836,0.9137000551508281,-0.14709354207780634,45.94780585991778,39.525992774128994,54.97122550114159,46.78139957641278
4DoF_V22_3_3x3_grid_4Nm_curriculum1_extended_active_passive_selector,20260702,671,-1.0,touchdown,active,v22_3_active_bidirectional_4Nm_grid,,,1.0,4.0,0.2,0.4,0.01,True,True,success,8,8,0.5524986038546003,0.004739966816787174,0.486058594720368,0.06170004231744504,0.022082611507559753,1.0026795635229522,0.008602135509142732,0.8821036219831891,0.11197380603062018,56.59775248559429,68.53032024981805,-69.48157550093529,22.33107271480999,0.7959461570536521,0.3373283449433464,0.446824685312331,-0.3031157270450482,54.074810201704246,82.88929874177352,-72.3233152046344,38.415421003596066
4DoF_V22_3_3x3_grid_4Nm_curriculum1_extended_active_passive_selector,20260719,1203,-1.0,touchdown,active,v22_3_active_bidirectional_4Nm_grid,,,1.0,4.0,0.2,0.35,0.0,True,True,success,7,7,0.16985577757246711,0.006823763454327051,0.11224786123380834,0.05078415288433173,0.021970928672437412,0.3098227611952844,0.012446778469228677,0.20474394691041004,0.0926320358156457,56.75543070441042,66.39075468105139,-70.15167321969305,20.297276260929863,0.710912799228471,0.8762046195441877,0.7339132283550287,0.4119526658870756,55.60416995423324,78.53732341858408,-68.49500693661236,34.086633012320036
4DoF_V22_3_3x3_grid_4Nm_curriculum1_extended_active_passive_selector,20260803,1775,1.0,touchdown,active,v22_3_active_bidirectional_4Nm_grid,,,1.0,4.0,0.2,0.4,0.02,True,True,success,6,6,0.0930223645983809,0.0003601032796407753,0.06921566918770841,0.023446592131031722,0.021779656550139387,0.1711661012051941,0.0006626091980507244,0.12736051473555796,0.04314297727158547,57.97866028138128,27.30754320799616,51.94350873193385,31.76029165068985,-0.4525769072599044,-0.7055064581101376,0.5272521499922243,-0.38936174810022994,50.059229422045455,35.10124831981921,50.77655872556752,39.859981940783676
4DoF_V22_3_3x3_grid_4Nm_curriculum1_extended_active_passive_selector,20260803,1512,1.0,touchdown,active,v22_3_active_bidirectional_4Nm_grid,,,1.0,4.0,0.2,0.3,0.01,True,True,success,9,9,0.256733367672776,0.01317524867233862,0.23374655597906846,0.009811563021368925,0.02173573961598846,0.47335754662740254,0.0242921418601618,0.43097512907586705,0.018090275691373753,60.13007322210407,17.98651376334952,64.8659877155235,64.49150846082128,-0.6035817576983991,0.08964830999233198,0.8264499341443263,-0.03565658786738013,41.76666065874885,43.15343408860345,51.38325662784629,58.11740424849454
4DoF_V22_3_3x3_grid_4Nm_curriculum1_extended_active_passive_selector,20260803,1702,1.0,touchdown,active,v22_3_active_bidirectional_4Nm_grid,,,1.0,4.0,0.2,0.4,0.0,True,True,success,9,9,0.2521060326318313,0.0,0.2420391476407826,0.01006688499104866,0.021458466558276768,0.4708319923534496,0.0,0.45203112722678923,0.018800865126660293,56.932244410577354,16.292706814699265,70.08472342336434,52.59124623099498,-0.8489656066752891,0.657118145685252,0.49157104993271017,-0.18737311274224755,39.077724447542174,40.388893142945896,59.70097854810472,53.262891690730505
4DoF_V22_3_3x3_grid_4Nm_curriculum1_extended_active_passive_selector,20260702,648,-1.0,touchdown,active,v22_3_active_bidirectional_4Nm_grid,,,1.0,4.0,0.2,0.4,0.01,True,True,success,7,7,0.551222808187655,0.0027634231574867425,0.4647390224478372,0.08372036258233105,0.021438696975981608,1.0304103301436478,0.005165714708712024,0.8687446935034804,0.15649992193145543,68.94185643575237,56.82688003410463,-68.70886046873015,17.454826412052483,0.5578829534671368,0.978452704095359,-0.08623502547801842,-0.09248444499650588,68.40234479882304,68.3723503599407,-65.13381255205246,43.07119075586542
4DoF_V22_3_3x3_grid_4Nm_curriculum1_extended_active_passive_selector,20260702,100,1.0,touchdown,active,v22_3_active_bidirectional_4Nm_grid,,,1.0,4.0,0.2,0.3,0.02,True,True,success,6,6,0.3455226720153455,0.017631266118534175,0.26819862967282476,0.05969277622398653,0.021328171106619304,0.6492386168146576,0.03312922639988117,0.5039464019676198,0.11216298844715665,57.29419530042382,17.46270973771052,65.65861970813114,86.72101611645321,-0.8156383762536565,-0.3680618432774456,0.5950228843834038,-0.03973637343718606,45.56981646510091,31.382768264144097,54.84301852622517,69.64919646377305
4DoF_V22_3_3x3_grid_4Nm_curriculum1_extended_active_passive_selector,20260719,1186,-1.0,touchdown,active,v22_3_active_bidirectional_4Nm_grid,,,1.0,4.0,0.2,0.3,0.02,True,True,success,6,6,0.03358789591264803,0.0,0.0,0.03358789591264803,0.02090686150709782,0.06438361634514957,0.0,0.0,0.06438361634514957,77.0927569363238,38.52167423656991,-42.52260423996682,39.98837958690774,0.6338272945508847,0.5226275042684378,-0.9735711874074331,0.08723035156245418,75.27233250458566,48.21119844346862,-52.18264985031906,26.755407333228497
4DoF_V22_3_3x3_grid_4Nm_curriculum1_extended_active_passive_selector,20260803,1842,-1.0,touchdown,active,v22_3_active_bidirectional_4Nm_grid,,,1.0,4.0,0.2,0.3,0.01,True,True,success,6,6,0.022707968955227892,0.0,0.0,0.022707968955227892,0.020836658931299594,0.04367486983912949,0.0,0.0,0.04367486983912949,71.52616752191841,46.10734315492312,-38.70176970186125,49.801352449105586,0.9986979862912706,-0.14738925621161325,-0.6795845547259669,-0.3542439871473205,71.02303699723342,53.25729550198563,-46.47424794755682,38.53696378238493
4DoF_V22_3_3x3_grid_4Nm_curriculum1_extended_active_passive_selector,20260803,1520,1.0,touchdown,active,v22_3_active_bidirectional_4Nm_grid,,,1.0,4.0,0.2,0.3,0.01,True,True,success,6,6,0.5628993458039373,0.03271417898678544,0.47100192721796724,0.05918323959918456,0.02081813627367518,1.0836032710722752,0.06297607489647333,0.9066971436710543,0.11393005250474751,54.31575120041904,18.77333849769251,63.59087033245045,84.34258400133774,-0.9813853018934389,-0.13618973295738157,0.991487574541255,0.48563262824254927,41.83915549970017,33.7399782410206,53.12649615342093,67.43972503167703
4DoF_V22_3_3x3_grid_4Nm_curriculum1_extended_active_passive_selector,20260719,1232,-1.0,touchdown,active,v22_3_active_bidirectional_4Nm_grid,,,1.0,4.0,0.2,0.35,0.0,True,True,success,5,5,0.012251000225893923,0.0,0.0,0.012251000225893923,0.020606394542279582,0.023825989581684623,0.0,0.0,0.023825989581684623,80.19436582667406,50.65844461168416,-47.18343288743096,58.065516131747565,0.9453004879554969,0.638263656271721,-0.5130014626167931,0.23131049138428994,81.52976773293766,56.110284758574785,-50.268848605450025,54.524953854078014
4DoF_V22_3_3x3_grid_4Nm_curriculum1_extended_active_passive_selector,20260719,905,1.0,touchdown,active,v22_3_active_bidirectional_4Nm_grid,,,1.0,4.0,0.2,0.35,0.01,True,True,success,9,9,0.29281062299612276,0.0,0.2894968330811437,0.0033137899149790753,0.02052187148749504,0.5718093802771734,0.0,0.5653381117888099,0.00647126848836363,62.395557953624824,18.059452031497297,66.69451897112555,55.1981836998473,-0.9088675504488855,0.6858266899185148,-0.014686135461828176,-0.4675206591625596,43.85778507283069,43.94152394166367,50.67220823564042,48.62464273286293
4DoF_V22_3_3x3_grid_4Nm_curriculum1_extended_active_passive_selector,20260803,2026,-1.0,touchdown,active,v22_3_active_bidirectional_4Nm_grid,,,1.0,4.0,0.2,0.35,0.02,True,True,success,8,8,0.054699634422874954,0.009478032881237622,0.0,0.04522160154163733,0.020424941840996705,0.1073260153362167,0.01859682451448841,0.0,0.0887291908217283,76.74393265807566,41.71001151815329,-51.739653606582536,40.867819691721756,0.7903922013026141,-0.2076931022812385,-0.3509402274228879,0.2707166763497171,73.57396247671122,54.433602405148726,-63.237352238197296,22.265507105904174
4DoF_V22_3_3x3_grid_4Nm_curriculum1_extended_active_passive_selector,20260803,2090,-1.0,touchdown,active,v22_3_active_bidirectional_4Nm_grid,,,1.0,4.0,0.2,0.4,0.01,True,True,success,6,6,0.0420243261886777,0.00602508866664209,0.020572919980875133,0.01542631754116048,0.020389515572979536,0.08259908979274859,0.011842351440707324,0.040436209665086015,0.030320528686955252,76.52811782178449,50.42340587320557,-50.0060608846578,48.05623833862214,0.960841000865652,0.17151154337341112,-0.10494412962127009,-0.18208512402003552,76.84198232350967,58.045269998944754,-52.42651991837576,51.379806749396025
4DoF_V22_3_3x3_grid_4Nm_curriculum1_extended_active_passive_selector,20260719,1417,-1.0,touchdown,active,v22_3_active_bidirectional_4Nm_grid,,,1.0,4.0,0.2,0.4,0.02,True,True,success,7,7,0.08382541933941284,0.008163143932316888,0.055684112473353295,0.01997816293374266,0.02036147298041943,0.16498632649071895,0.016066810528614042,0.10959822489733738,0.03932129106476754,68.318667077929,54.4972893688288,-57.879606070200396,43.55882172797199,0.4504113367668092,0.9415892022805199,-0.32742711728443674,0.46222829513742303,65.99997110824424,66.88918144320144,-64.33678376754007,37.14187039720348
4DoF_V22_3_3x3_grid_4Nm_curriculum1_extended_active_passive_selector,20260702,668,-1.0,mid_cross,active,v22_3_active_bidirectional_4Nm_grid,,,1.0,4.0,0.2,0.4,0.01,True,True,success,13,13,3.27532455240823,0.04289873974467864,3.2324258126635517,0.0,0.02030163574568857,6.4655387649831475,0.0846827422290739,6.380856022754074,0.0,75.16463156377762,36.34228285809472,3.617664849294284,93.74885149140451,-0.24316418606418222,0.9826315884627013,0.4098773582779569,-0.4414955115543574,40.497152118490135,97.5520318051018,-75.37077825523511,45.08210184906761
4DoF_V22_3_3x3_grid_4Nm_curriculum1_extended_active_passive_selector,20260702,127,1.0,touchdown,active,v22_3_active_bidirectional_4Nm_grid,,,1.0,4.0,0.2,0.35,0.0,True,True,success,7,7,0.12300662759585158,0.009163013498753965,0.10645397138195066,0.007389642715146955,0.020088627574441964,0.2453915788924333,0.018279717067438295,0.21236992369724783,0.014741938127747147,56.104985675719554,17.271076131090442,68.23252440782598,58.78185133721425,-0.1480807256892156,-0.9448585061473995,0.2962453445202211,-0.24457913413706878,45.989235878913,28.526662365109395,60.86157398612621,59.223528365755826
4DoF_V22_3_3x3_grid_4Nm_curriculum1_extended_active_passive_selector,20260702,487,-1.0,touchdown,active,v22_3_active_bidirectional_4Nm_grid,,,1.0,4.0,0.2,0.35,0.0,True,True,success,7,7,0.19233880584913765,0.0,0.1871879362234877,0.005150869625649947,0.020085757974289124,0.38376034913129375,0.0,0.3734831743451529,0.010277174786140863,57.04304711378813,65.14203282028593,-57.973470189380826,41.90629082237595,0.877920789806107,0.3510081214815055,0.9890182484118957,-0.36601038285161946,55.25762099158925,76.76162577060951,-61.100264669450624,39.417972675393145
4DoF_V22_3_3x3_grid_4Nm_curriculum1_extended_active_passive_selector,20260702,9,1.0,touchdown,active,v22_3_active_bidirectional_4Nm_grid,,,1.0,4.0,0.2,0.3,0.0,True,True,success,5,5,0.04780884157067903,0.005625794138801621,0.040021876454830456,0.002161170977046951,0.01994493141504286,0.09606320761864166,0.011304014333342103,0.08041671165540018,0.004342481629899389,47.71778750380839,37.98538097665226,47.78480175767103,61.25158985027718,-0.40808381073669464,-0.9556718816555063,-0.7299946172610385,-0.49211036810685593,43.60676893518007,39.29962931194323,48.41334306072428,62.893062687807394
4DoF_V22_3_3x3_grid_4Nm_curriculum1_extended_active_passive_selector,20260803,1582,1.0,touchdown,active,v22_3_active_bidirectional_4Nm_grid,,,1.0,4.0,0.2,0.35,0.0,True,True,success,4,4,0.012563818864010718,0.0003749734818381493,0.0,0.012188845382172568,0.019920423839838747,0.025275776263582322,0.000754368232645146,0.0,0.024521408030937174,54.80064087305736,19.48179514700526,62.30691796428722,52.79018710095199,-0.9306328380852171,-0.6384820270006475,0.38354970051312165,0.1803073017863861,50.00603869535371,22.020015434022262,61.763866546994336,56.28203020014123
4DoF_V22_3_3x3_grid_4Nm_curriculum1_extended_active_passive_selector,20260702,297,1.0,touchdown,active,v22_3_active_bidirectional_4Nm_grid,,,1.0,4.0,0.2,0.4,0.01,True,True,success,5,5,0.13167018345282638,0.009614683006492118,0.11056771934232545,0.011487781104008797,0.019760099902455697,0.26704208807191493,0.01949966924078208,0.22424389388887303,0.023298524942259785,62.81644948274229,15.397221962843094,56.26132133495962,36.56959972222493,-0.9325381179553733,-0.00729129183343491,0.045381781787443565,-0.1297934608290331,55.84051434280439,22.20103806594974,53.28297155667913,39.887454448929056
4DoF_V22_3_3x3_grid_4Nm_curriculum1_extended_active_passive_selector,20260719,1416,-1.0,touchdown,active,v22_3_active_bidirectional_4Nm_grid,,,1.0,4.0,0.2,0.4,0.02,True,True,success,10,10,1.361762910403267,0.0026194208789033805,1.2684577013586331,0.09068578816573043,0.01965723226928301,2.7762625997566017,0.005340283659926868,2.586038765450249,0.18488355064642628,77.55839819119188,44.572576317574246,-54.95415824964616,20.08589303609002,0.147088445435827,0.8418620238716437,-0.6583216455324157,0.22448902922838032,69.10200839322553,70.73620470474694,-65.13781639378172,52.13091359761673
4DoF_V22_3_3x3_grid_4Nm_curriculum1_extended_active_passive_selector,20260702,392,-1.0,touchdown,active,v22_3_active_bidirectional_4Nm_grid,,,1.0,4.0,0.2,0.3,0.0,True,True,success,4,4,0.2863858448430381,0.0,0.280030549848708,0.00635529499433007,0.019598496854279175,0.5856123072512276,0.0,0.5726167663335834,0.012995540917644217,64.75910754967448,60.01450919178415,-40.68554400917958,51.917828368700604,0.9977028645754811,0.8371646005439741,-0.9508836379041634,-0.03598837258449339,65.13154495181057,65.72495094271272,-45.94145303747907,52.68954715147268
4DoF_V22_3_3x3_grid_4Nm_curriculum1_extended_active_passive_selector,20260803,1808,-1.0,touchdown,active,v22_3_active_bidirectional_4Nm_grid,,,1.0,4.0,0.2,0.3,0.0,True,True,success,6,6,0.1883093096113072,0.0,0.1661486202022398,0.022160689409067395,0.019551700280952718,0.3859834384111617,0.0,0.3405599852992076,0.04542345311195403,52.10445669669619,69.63104628013271,-42.23813044651222,65.80571093134833,0.8178144330451935,0.3660740887842646,0.4134646362352965,0.10457905434430104,49.58193533348337,79.43688677426776,-54.6016737998092,46.9988306858514
4DoF_V22_3_3x3_grid_4Nm_curriculum1_extended_active_passive_selector,20260719,1434,-1.0,mid_cross,active,v22_3_active_bidirectional_4Nm_grid,,,1.0,4.0,0.2,0.4,0.02,True,True,success,12,12,2.1268382727692803,0.0,2.0299867010211843,0.09685157174809605,0.019410228903864003,4.39122024858919,0.0,4.191253665133757,0.19996658345543342,58.01362842459924,70.11605199478707,-17.14955359260561,94.63303004713616,0.12839905094553905,0.025421704581032767,-0.17740055091256957,0.34939398913620323,37.441565562971334,104.29211027103645,-78.29056830607765,50.977202191867896
4DoF_V22_3_3x3_grid_4Nm_curriculum1_extended_active_passive_selector,20260702,701,-1.0,touchdown,active,v22_3_active_bidirectional_4Nm_grid,,,1.0,4.0,0.2,0.4,0.02,True,True,success,8,8,0.035131071252712504,0.0005992853076481711,0.0,0.034531785945064335,0.01930318775336584,0.07293630679187459,0.0012441879935874453,0.0,0.07169211879828714,67.57405337247252,61.11193668970335,-55.328415448152874,58.0323301693807,0.9707252392551915,-0.6264044717629613,-0.7688882881804067,-0.23008363052505287,67.72216974903264,67.79575708115713,-61.1952751051676,48.930221135878874
4DoF_V22_3_3x3_grid_4Nm_curriculum1_extended_active_passive_selector,20260719,743,1.0,touchdown,active,v22_3_active_bidirectional_4Nm_grid,,,1.0,4.0,0.2,0.3,0.0,True,True,success,8,8,0.09728780343000287,0.003117274258169473,0.09314729967665979,0.0010232294951736172,0.019221954631233273,0.20283470305835666,0.006499184648178313,0.1942021939491793,0.0021333244609990547,54.38107838392761,26.43491868660107,49.12121578115326,60.41983898923439,0.18330551959876695,-0.8221455131340458,0.5278741559788562,0.08804122953653526,47.88574317939207,33.09981462561192,50.413804475762795,57.98062193225801
4DoF_V22_3_3x3_grid_4Nm_curriculum1_extended_active_passive_selector,20260803,2159,-1.0,touchdown,active,v22_3_active_bidirectional_4Nm_grid,,,1.0,4.0,0.2,0.4,0.02,True,True,success,8,8,0.2284290365914531,0.0,0.20489542214544587,0.023533614446007236,0.019190255375031606,0.4770368893931564,0.0,0.4278907633182142,0.04914612607494221,63.864443473577424,64.84097651324342,-81.80448562837427,15.254121233581882,0.6688280057784397,0.4732012728053314,-0.05473263135161477,0.0769310297355017,65.25629497733914,72.84565629227203,-71.83192288842696,38.947735876128014
4DoF_V22_3_3x3_grid_4Nm_curriculum1_extended_active_passive_selector,20260702,130,1.0,touchdown,active,v22_3_active_bidirectional_4Nm_grid,,,1.0,4.0,0.2,0.35,0.0,True,True,success,7,7,0.09155840613066812,0.00955551103082737,0.06983509981514287,0.012167795284697892,0.01918755427224006,0.1912317560219347,0.01995793976037786,0.1458597777527673,0.02541403850878957,45.56035977038382,20.14339674149073,74.84197722670557,72.3634014402391,-0.10438297453523715,-0.8565224564983802,0.9122311277127249,-0.3037404557895147,36.33494895684982,29.626229879937945,72.4790776127105,76.46096535104141
4DoF_V22_3_3x3_grid_4Nm_curriculum1_extended_active_passive_selector,20260719,1340,-1.0,touchdown,active,v22_3_active_bidirectional_4Nm_grid,,,1.0,4.0,0.2,0.4,0.0,True,True,success,8,8,0.4574950758328434,0.011608635913400256,0.44045331144097655,0.005433128478466529,0.019038645522882758,0.9630121945309275,0.0244357995025912,0.9271398370070466,0.011436558021289452,74.804515794539,50.992215594344195,-48.19136159787664,53.14919828433969,0.6722679723722589,0.23411157720343367,0.34805254853263956,-0.49152906910256655,70.64098872551834,67.31293202945747,-57.899755953503615,50.67922190911936
4DoF_V22_3_3x3_grid_4Nm_curriculum1_extended_active_passive_selector,20260702,88,1.0,touchdown,active,v22_3_active_bidirectional_4Nm_grid,,,1.0,4.0,0.2,0.3,0.02,True,True,success,5,5,0.10962833447714397,0.007717661209063818,0.09568510970338717,0.00622556356469297,0.018967688398789928,0.2316273402375654,0.01630619809409565,0.20216751049479803,0.013153631648671713,62.50450642258783,18.732230126386945,56.865050758227845,52.15919196383055,-0.5157083432092655,-0.7841869172123108,0.3139948905578547,-0.07980219342941786,55.888662708835234,25.00858100215804,52.70335293810174,51.753608104469286
4DoF_V22_3_3x3_grid_4Nm_curriculum1_extended_active_passive_selector,20260702,553,-1.0,mid_cross,active,v22_3_active_bidirectional_4Nm_grid,,,1.0,4.0,0.2,0.35,0.01,True,True,success,13,13,1.8234263468109455,0.049035636322076484,1.7727517301296833,0.0016389803591855857,0.018901345918939872,3.8661340289756194,0.10396819292910461,3.758690775071032,0.0034750609754829066,67.43614207889959,34.167287076526065,-22.56921473432113,44.754712903723615,0.14311554662015746,0.22328887894964344,-0.6579667011747683,-0.15547363090238608,40.04538147230961,84.55643306225734,-66.3062880587147,28.37739190907737
4DoF_V22_3_3x3_grid_4Nm_curriculum1_extended_active_passive_selector,20260803,1851,-1.0,mid_cross,active,v22_3_active_bidirectional_4Nm_grid,,,1.0,4.0,0.2,0.3,0.01,True,True,success,9,9,1.6781006282333408,0.026907903748305394,1.640938352643004,0.010254371842031696,0.018879660766766074,3.5620927538905676,0.05711722369422515,3.4832086450527173,0.021766885143625292,64.98940030347408,56.32858949974533,-3.9538133399461732,88.29615460441458,0.36075617086543077,-0.188581195890706,-0.9985472520825154,0.1078951961802942,53.01066689552326,78.38600553126562,-45.043961205175606,64.72046404059144
4DoF_V22_3_3x3_grid_4Nm_curriculum1_extended_active_passive_selector,20260719,840,1.0,touchdown,active,v22_3_active_bidirectional_4Nm_grid,,,1.0,4.0,0.2,0.3,0.02,True,True,success,4,4,0.004814206688988595,0.0007838554242046239,0.0,0.004030351264783971,0.018868342819722272,0.01022521348509476,0.0016648826217358905,0.0,0.00856033086335887,62.54520129112539,17.814396276201325,56.73539955635272,46.764745258021115,-0.777715246429479,-0.7888152535117845,-0.537576418519425,0.4326779130123376,59.19211098055746,18.11080514647005,55.47615063351081,50.98127307859522
4DoF_V22_3_3x3_grid_4Nm_curriculum1_extended_active_passive_selector,20260719,1170,-1.0,touchdown,active,v22_3_active_bidirectional_4Nm_grid,,,1.0,4.0,0.2,0.3,0.02,True,True,success,5,5,0.08610576005001806,0.0,0.06459760720691982,0.02150815284309825,0.018665605987522108,0.18487216237638418,0.0,0.1386933849924371,0.04617877738394709,48.05906924800434,66.66072061276724,-41.64296878410197,53.25921561923755,0.9040182740278797,0.3107833022665061,-0.4069915896487326,-0.16853731031663777,46.982858556254804,73.27761401392866,-50.84318545064539,39.553498082832554
4DoF_V22_3_3x3_grid_4Nm_curriculum1_extended_active_passive_selector,20260803,1503,1.0,touchdown,active,v22_3_active_bidirectional_4Nm_grid,,,1.0,4.0,0.2,0.3,0.01,True,True,success,6,6,0.14062700310182183,0.009726400385890989,0.13090060271593085,0.0,0.0186558064835812,0.3020898294214156,0.020893900663805972,0.2811959287576096,0.0,55.67611630781162,19.556344289204326,54.65626119726307,63.77735351078817,-0.09829417697593201,-0.7330309407308859,0.3465717263665167,0.48925214941218553,53.24926414028478,18.912844805113313,57.615869629950076,64.79321829509459
4DoF_V22_3_3x3_grid_4Nm_curriculum1_extended_active_passive_selector,20260719,1409,-1.0,mid_cross,active,v22_3_active_bidirectional_4Nm_grid,,,1.0,4.0,0.2,0.4,0.02,True,True,success,13,13,2.5041502719797584,0.008085104678111528,2.4351659857833963,0.06089918151825049,0.018556529039567046,5.4081042143191365,0.01746104823347429,5.259121857679096,0.13152130840656623,75.59511750533434,50.02053492349028,-24.357459221445705,65.58589000022279,0.6597480435685765,-0.6804687787653554,0.2980563973822541,0.2562864491391722,58.28325992609115,88.61438797610097,-67.45522492775487,66.18154298536103
4DoF_V22_3_3x3_grid_4Nm_curriculum1_extended_active_passive_selector,20260803,1828,-1.0,mid_cross,active,v22_3_active_bidirectional_4Nm_grid,,,1.0,4.0,0.2,0.3,0.0,True,True,success,11,11,2.9899968350260857,0.0355020247690829,2.9542723939293207,0.0002224163276818765,0.018407643713507345,6.509594548717424,0.07729231823860336,6.431818002503305,0.00048422797551592064,73.02531839652565,47.43057801868513,4.8641802801638105,92.42805438487584,0.3261252159328336,-0.08920809993630652,0.5016299912349445,0.36122955307412574,52.99933710316817,84.16626795291056,-53.35862278001934,61.71282447141596
4DoF_V22_3_3x3_grid_4Nm_curriculum1_extended_active_passive_selector,20260803,1446,1.0,touchdown,active,v22_3_active_bidirectional_4Nm_grid,,,1.0,4.0,0.2,0.3,0.0,True,True,success,8,8,0.2328693971150732,0.00765101731422513,0.15609985300752915,0.06911852679331891,0.018384328047289122,0.507628583612263,0.016678340436866307,0.34027978028017736,0.15067046289521932,48.627705833238714,38.173165333360515,57.32745804613707,85.39698090837389,-0.20927634853371946,-0.7137583085727766,-0.5576962061984545,-0.09153628541358971,38.65644653566487,48.70680062259864,45.87419004527932,65.58709826963675
4DoF_V22_3_3x3_grid_4Nm_curriculum1_extended_active_passive_selector,20260719,941,1.0,touchdown,active,v22_3_active_bidirectional_4Nm_grid,,,1.0,4.0,0.2,0.35,0.02,True,True,success,5,5,0.10338045724882931,0.0,0.10338045724882931,0.0,0.018147198606997317,0.22830228958594737,0.0,0.22830228958594737,0.0,53.27990717159902,34.870673331729655,58.72608398130177,65.04065610476671,-0.9160095524921905,-0.3296300203113516,0.9313071644154072,-0.21007003082259512,46.019617329062626,41.87746820679988,50.72320671267804,50.72385575345574
4DoF_V22_3_3x3_grid_4Nm_curriculum1_extended_active_passive_selector,20260803,1954,-1.0,mid_cross,active,v22_3_active_bidirectional_4Nm_grid,,,1.0,4.0,0.2,0.35,0.0,True,True,success,13,13,1.8966621526594205,0.031001260133389268,1.799238974676142,0.06642191784988928,0.018146553192937467,4.188680572623683,0.06846468458576259,3.9735265071673584,0.14668938087056185,79.60161746879996,38.41819823788924,-23.04819172363006,48.651288192080514,0.5322686267659844,-0.3801187050926542,-0.15985935848986488,-0.35879549675643496,61.66459744982615,80.02213503236709,-54.44167874777049,66.60738078249979
4DoF_V22_3_3x3_grid_4Nm_curriculum1_extended_active_passive_selector,20260702,661,-1.0,touchdown,active,v22_3_active_bidirectional_4Nm_grid,,,1.0,4.0,0.2,0.4,0.01,True,True,success,10,10,0.151811809464594,0.00020387572290296265,0.14600954188737833,0.0055983918543127,0.017933700075470627,0.33924781947581917,0.00045559297845677236,0.3262817226317872,0.012510503865575215,63.02350513493666,70.44614260444035,-73.22262643984992,41.903559492307906,0.8152771552359432,-0.4100137378102269,-0.7079653809142135,0.09900205119902039,63.752200229251166,78.92637457404187,-70.58008511811772,49.423611700621265
4DoF_V22_3_3x3_grid_4Nm_curriculum1_extended_active_passive_selector,20260803,2114,-1.0,mid_cross,active,v22_3_active_bidirectional_4Nm_grid,,,1.0,4.0,0.2,0.4,0.01,True,True,success,11,11,1.332934688747987,0.0,1.2645195065161277,0.06841518223185937,0.01787209826695653,2.988923070048438,0.0,2.8355114151184835,0.15341165492995448,68.71929415473926,69.98213890382196,-24.62948299816088,87.36063513383472,0.6373038686982433,-0.915592163751596,-0.6293701778595111,-0.23668536912377447,57.993834674988854,92.57829268092767,-68.77822019939106,68.98286563397208
4DoF_V22_3_3x3_grid_4Nm_curriculum1_extended_active_passive_selector,20260702,609,-1.0,touchdown,active,v22_3_active_bidirectional_4Nm_grid,,,1.0,4.0,0.2,0.4,0.0,True,True,success,7,7,0.10479591897795913,0.0,0.0687139643633548,0.03608195461460434,0.017835631937757765,0.23547091934690784,0.0,0.15439666466413499,0.08107425468277285,66.45562142691786,63.84200564297815,-70.17024165256221,27.50434303981334,0.7800522639838496,0.3143343139554602,0.22256826774069194,0.34205727014589715,67.21662741999349,71.74172585445154,-65.85258994406416,44.318058729601596
4DoF_V22_3_3x3_grid_4Nm_curriculum1_extended_active_passive_selector,20260719,1143,-1.0,touchdown,active,v22_3_active_bidirectional_4Nm_grid,,,1.0,4.0,0.2,0.3,0.01,True,True,success,4,4,0.012200900852330165,0.0,0.0,0.012200900852330165,0.017754216232102413,0.027540498913931354,0.0,0.0,0.027540498913931354,60.50882525887699,56.52548578220432,-49.24809161016678,34.35988457302598,0.9191575819703732,0.7124222305475671,-0.7047116227376091,0.1485725947662243,60.96981940849815,61.158742552312916,-53.42252058897796,28.849134381287833
4DoF_V22_3_3x3_grid_4Nm_curriculum1_extended_active_passive_selector,20260702,314,1.0,touchdown,active,v22_3_active_bidirectional_4Nm_grid,,,1.0,4.0,0.2,0.4,0.01,True,True,success,5,5,0.013561087302042057,0.00011183111659171443,0.0,0.013449256185450342,0.017578156079971097,0.030917374458442615,0.00025495923968066694,0.0,0.030662415218761944,51.60754886465172,15.814057064022684,77.47714082664622,58.370664696228346,-0.5771000868035929,-0.465640160043177,0.1674252180638658,-0.26633665145123586,46.011612750145744,20.130687280841098,75.74831669072212,62.22231167084669
4DoF_V22_3_3x3_grid_4Nm_curriculum1_extended_active_passive_selector,20260803,2017,-1.0,touchdown,active,v22_3_active_bidirectional_4Nm_grid,,,1.0,4.0,0.2,0.35,0.02,True,True,success,8,8,0.03987983827224213,0.009533853383894193,0.0,0.030345984888347943,0.01756128155350723,0.0910077952043724,0.021756732571151773,0.0,0.06925106263322063,65.57121045280336,50.4027645592266,-56.69149848683092,31.47455368333038,0.7661160886256619,-0.15462125209709843,0.05347716416951531,0.012727966964729442,62.077440885457236,63.02881761986984,-64.27698926622946,20.525687037397407
4DoF_V22_3_3x3_grid_4Nm_curriculum1_extended_active_passive_selector,20260702,498,-1.0,mid_cross,active,v22_3_active_bidirectional_4Nm_grid,,,1.0,4.0,0.2,0.35,0.0,True,True,success,13,13,2.2518528715954624,0.0,2.1712623507587616,0.08059052083670085,0.0175465043868464,5.1431692118325,0.0,4.9591027078609535,0.18406650397154686,68.43222303900137,56.00915853742965,-11.354469889757745,101.84778175321392,0.2093710966978739,0.043608395358264884,0.297563195302053,-0.051875786930399514,45.84690546621051,97.51451528724668,-72.55251277654129,57.81021657879503
4DoF_V22_3_3x3_grid_4Nm_curriculum1_extended_active_passive_selector,20260719,951,1.0,touchdown,active,v22_3_active_bidirectional_4Nm_grid,,,1.0,4.0,0.2,0.35,0.02,True,True,success,5,5,0.04909506558363869,0.0,0.04909506558363869,0.0,0.01746985059507833,0.11262377083763624,0.0,0.11262377083763624,0.0,69.48197393145452,12.604825172386503,52.81733823575321,39.586596179265754,-0.8020491456764061,-0.08378922622908913,0.6146083202186636,-0.2895299744441542,59.860040710446334,25.19681747151292,44.31283492422575,29.414804435903108
4DoF_V22_3_3x3_grid_4Nm_curriculum1_extended_active_passive_selector,20260702,504,-1.0,touchdown,active,v22_3_active_bidirectional_4Nm_grid,,,1.0,4.0,0.2,0.35,0.0,True,True,success,6,6,0.124476400928588,0.009882116658201741,0.10206241678833144,0.012531867482054815,0.017447549705262577,0.28591305699174524,0.02269848872732474,0.23442979850179446,0.028784769762626054,67.21901928832018,52.57413263780881,-49.63760624553712,33.05036351071148,0.5316290612202921,0.6725473961994137,-0.42215526874117093,-0.2229769403937064,65.06602389476765,62.91354128535429,-54.92718582437212,35.042302094762746
4DoF_V22_3_3x3_grid_4Nm_curriculum1_extended_active_passive_selector,20260702,20,1.0,touchdown,active,v22_3_active_bidirectional_4Nm_grid,,,1.0,4.0,0.2,0.3,0.0,True,True,success,5,5,0.014249227413838796,0.0,0.0,0.014249227413838796,0.01730356275472897,0.03300176716382268,0.0,0.0,0.03300176716382268,51.79835920286255,18.91684930915175,62.99343920977764,74.56825341859884,-0.941459972565377,0.09669261574838495,-0.6519142673603306,0.46265099224042117,46.24547068486283,23.032285335833624,58.89341478694017,69.30851601303254
4DoF_V22_3_3x3_grid_4Nm_curriculum1_extended_active_passive_selector,20260719,1414,-1.0,mid_cross,active,v22_3_active_bidirectional_4Nm_grid,,,1.0,4.0,0.2,0.4,0.02,True,True,success,14,14,2.9457598788192048,0.0439690875406866,2.8647225629603654,0.03706822831815271,0.017239885022324535,6.84769468212206,0.10221026129624941,6.659315852995479,0.08616856783033112,71.57379127840446,38.77944034614259,-19.041628688640607,53.397863730915574,0.05267299534582848,0.20031531952364223,-0.6411180479766307,0.2998868999236354,42.00842160674607,93.28045922712344,-74.12284372779307,41.390711902784204
4DoF_V22_3_3x3_grid_4Nm_curriculum1_extended_active_passive_selector,20260803,2138,-1.0,touchdown,active,v22_3_active_bidirectional_4Nm_grid,,,1.0,4.0,0.2,0.4,0.02,True,True,success,5,5,0.056537603665931274,0.0,0.039270345149188826,0.017267258516742445,0.016847193932615204,0.13449038362842447,0.0,0.09341541632259855,0.04107496730582593,56.392726264241716,76.75520256635382,-75.51546747367448,44.0814183310963,0.8822589035315109,0.9889618672454179,0.549819629352867,-0.12133873166158671,57.91694916443161,82.48512611550542,-72.48228375431485,48.21790153863551
4DoF_V22_3_3x3_grid_4Nm_curriculum1_extended_active_passive_selector,20260803,1617,1.0,touchdown,active,v22_3_active_bidirectional_4Nm_grid,,,1.0,4.0,0.2,0.35,0.01,True,True,success,7,7,0.06070780739060353,0.0,0.05845248069635516,0.002255326694248368,0.01680373950583558,0.14478381556742098,0.0,0.13940502133683114,0.005378794230589831,60.47472296437406,23.418606060573556,59.39703468604742,48.394272654499254,-0.6389269790700514,-0.059812062897601104,-0.04913073041711069,0.45103574967352245,47.845282138323206,39.99090239328731,46.81436318178805,42.68511959916707
4DoF_V22_3_3x3_grid_4Nm_curriculum1_extended_active_passive_selector,20260702,630,-1.0,touchdown,active,v22_3_active_bidirectional_4Nm_grid,,,1.0,4.0,0.2,0.4,0.0,True,True,success,11,11,0.4093942600727426,0.01072394393677493,0.38233129904246965,0.016339017093498012,0.01676478479053156,0.9786449898096763,0.025635273935838438,0.9139517739912982,0.03905794188253962,57.92320875125441,66.70687270822206,-61.91731724671688,37.46857427407514,0.9689836361707593,-0.7647800673156926,0.7174564408292321,0.30634371373609115,52.03505537735334,85.12053385954474,-70.4620764113634,38.226513444993344
4DoF_V22_3_3x3_grid_4Nm_curriculum1_extended_active_passive_selector,20260719,1380,-1.0,touchdown,active,v22_3_active_bidirectional_4Nm_grid,,,1.0,4.0,0.2,0.4,0.01,True,True,success,10,10,0.06034516803807476,0.0,0.03792311816240351,0.02242204987567125,0.016735486896409163,0.14450589341678036,0.0,0.0908128065489945,0.05369308686778586,72.51854720372205,51.19873728472633,-69.98710103830952,15.480957005430794,0.4935125237349436,-0.007715440650408079,-0.6975782068007934,0.4075588213091502,70.00972599352255,64.33342771882371,-69.65788680415407,28.57916807351936
4DoF_V22_3_3x3_grid_4Nm_curriculum1_extended_active_passive_selector,20260719,1260,-1.0,touchdown,active,v22_3_active_bidirectional_4Nm_grid,,,1.0,4.0,0.2,0.35,0.01,True,True,success,7,7,0.021105613564302968,0.0,0.0,0.021105613564302968,0.016534851387442956,0.05115394082072088,0.0,0.0,0.05115394082072088,70.95652683190535,48.90918004234483,-46.78950983781793,46.19350004961301,0.8241052165408558,-0.2948727868709453,-0.1826721092756487,-0.102796649925742,68.97989727176815,58.113485557482726,-54.48630748441715,34.57091410793231
4DoF_V22_3_3x3_grid_4Nm_curriculum1_extended_active_passive_selector,20260702,682,-1.0,touchdown,active,v22_3_active_bidirectional_4Nm_grid,,,1.0,4.0,0.2,0.4,0.02,True,True,success,6,6,0.21287183462960307,0.005372158867024543,0.1726827417048601,0.034816934057718435,0.016377971742379926,0.5208821754480369,0.01314528905328025,0.4225423354764962,0.08519455091826039,53.656819613869146,77.79322838245939,-83.21111138306158,21.80907372011216,0.9012143245741775,0.4565577721022247,0.3671039184027154,0.39649191819692076,55.54309440136991,82.97191323171933,-76.07735852624629,39.1620096922702
4DoF_V22_3_3x3_grid_4Nm_curriculum1_extended_active_passive_selector,20260702,574,-1.0,touchdown,active,v22_3_active_bidirectional_4Nm_grid,,,1.0,4.0,0.2,0.35,0.02,True,True,success,6,6,0.05807241519779725,0.00868706388776999,0.028628369442766057,0.020756981867261208,0.016123327258135298,0.14434329998339923,0.021592342327358557,0.07115793797171886,0.05159301968432181,71.36286747325619,46.11550962907014,-59.44297264040019,22.32289588219766,0.5419601048921101,0.7081155084678137,0.48766370418858274,0.024741176277575216,69.51641746724108,56.22411148295871,-60.82106403310023,22.979218336240862
4DoF_V22_3_3x3_grid_4Nm_curriculum1_extended_active_passive_selector,20260719,781,1.0,touchdown,active,v22_3_active_bidirectional_4Nm_grid,,,1.0,4.0,0.2,0.3,0.01,True,True,success,6,6,0.09357034821871885,0.012564991728903007,0.07438795080280015,0.006617405687015684,0.016054753548203043,0.2335694364935201,0.03136461596579275,0.18568651374797268,0.016518306779754667,58.25758568942892,14.134584847083998,59.63383275727111,68.6259206995271,-0.16736421816098757,-0.5064609876109474,-0.20331233655422642,0.22002608506539179,57.86745482224207,10.048894231760984,60.71920400439161,63.605963756211494
4DoF_V22_3_3x3_grid_4Nm_curriculum1_extended_active_passive_selector,20260702,715,-1.0,mid_cross,active,v22_3_active_bidirectional_4Nm_grid,,,1.0,4.0,0.2,0.4,0.02,True,True,success,11,11,2.5773172781193248,0.026794729106921402,2.538170967152285,0.01235158186011831,0.015785930916273894,6.543032806881572,0.06802375209544317,6.443652106220367,0.031356948565762016,89.92146935284836,38.93346720206811,-13.020967891854434,85.79866578430219,0.03027675841369737,0.7160733967359776,-0.6126001888011192,0.23668465144998085,71.28931503516516,80.89543710333359,-66.68908810463239,72.802176788502
4DoF_V22_3_3x3_grid_4Nm_curriculum1_extended_active_passive_selector,20260719,958,1.0,touchdown,active,v22_3_active_bidirectional_4Nm_grid,,,1.0,4.0,0.2,0.35,0.02,True,True,success,5,5,0.10028361710763337,0.005506096637985739,0.0913459681227084,0.003431552346939227,0.015783910029774,0.2546225151825635,0.013980111759405918,0.23192960950168878,0.008712793921468821,51.23329747333863,27.668297644090252,49.40738993557019,51.863968193855385,-0.058997490521053075,-0.8570323776074227,-0.22802735221976267,-0.13595914425744282,49.45761668199894,26.657479731474666,53.44718787512332,58.30551872514456
4DoF_V22_3_3x3_grid_4Nm_curriculum1_extended_active_passive_selector,20260702,646,-1.0,touchdown,active,v22_3_active_bidirectional_4Nm_grid,,,1.0,4.0,0.2,0.4,0.01,True,True,success+touchdown_event,7,7,0.2976769737113247,0.015938986231594853,0.2652067436327339,0.01653124384699593,0.015776400115416853,0.7561687757234498,0.040488733659010186,0.6736868362577616,0.041993205806677966,58.36649928717499,75.92550374186453,-60.44373386771363,50.22005733373248,0.6176458616083014,0.6092829807075104,0.06441182958662939,-0.10798853808897424,56.955362295051444,85.9519769788395,-65.77549966627345,55.20522734798546
4DoF_V22_3_3x3_grid_4Nm_curriculum1_extended_active_passive_selector,20260719,1376,-1.0,touchdown,active,v22_3_active_bidirectional_4Nm_grid,,,1.0,4.0,0.2,0.4,0.01,True,True,success,10,10,0.05039239870864852,0.002144530104260917,0.039207723265933796,0.00904014533845381,0.015723475946525553,0.1284392856340326,0.0054659417227677495,0.0999319757872354,0.023041368124029453,69.41211649740202,60.80929341174686,-67.55486978436676,34.171086383081814,0.8845047771908463,-0.9180800313355058,-0.5530401695996914,0.24278445164377793,69.4649227062724,68.3714475611781,-66.76695271444137,42.31205132159913
4DoF_V22_3_3x3_grid_4Nm_curriculum1_extended_active_passive_selector,20260719,1005,1.0,touchdown,active,v22_3_active_bidirectional_4Nm_grid,,,1.0,4.0,0.2,0.4,0.01,True,True,success,8,8,0.20493971969673558,0.0005211327412672459,0.20441858695546833,0.0,0.0156344126878509,0.525322469174192,0.0013358207906946095,0.5239866483834974,0.0,52.510504447595025,21.826462276778326,75.86467099897415,70.72192989419813,-0.13109710832853838,-0.7425186808613018,0.6495958832851874,-0.42927544829540387,38.76403270573016,39.7798420715664,62.72293958554706,61.697833473540264
4DoF_V22_3_3x3_grid_4Nm_curriculum1_extended_active_passive_selector,20260803,1644,1.0,touchdown,active,v22_3_active_bidirectional_4Nm_grid,,,1.0,4.0,0.2,0.35,0.02,True,True,success,9,9,0.32821282308383265,0.014685642112138783,0.3052346538178359,0.008292527153857952,0.015622234026530957,0.8419645682105071,0.03767308724766898,0.7830186556695723,0.02127282529326576,63.857771740011934,15.722408352704305,67.65479345105416,53.94517742163453,-0.2644093088803392,-0.16586513755839105,0.2575859518209336,-0.292687824304253,47.60930960003627,39.32086423347074,52.10624132899424,48.78260621826509
4DoF_V22_3_3x3_grid_4Nm_curriculum1_extended_active_passive_selector,20260719,1144,-1.0,touchdown,active,v22_3_active_bidirectional_4Nm_grid,,,1.0,4.0,0.2,0.3,0.01,True,True,success,7,7,0.044524125030418665,0.00790245369912084,0.0,0.036621671331297824,0.01555701356234062,0.11469660784598694,0.02035715766070404,0.0,0.0943394501852829,65.32181124911753,51.52371122697782,-51.92062853630615,30.85242751626567,0.8645858018186234,-0.45034254321749323,-0.27810033142428026,0.10110379469956765,63.311117851555764,59.93356881654825,-60.460552075233174,15.676981483817954
4DoF_V22_3_3x3_grid_4Nm_curriculum1_extended_active_passive_selector,20260803,1705,1.0,touchdown,active,v22_3_active_bidirectional_4Nm_grid,,,1.0,4.0,0.2,0.4,0.0,True,True,success,4,4,0.12013585763958982,0.006336451711626423,0.10723400294153805,0.006565402986425355,0.015413448699469534,0.31235915717703855,0.016475087080781676,0.2788136984049025,0.017070371691354395,45.35504352780059,24.338680745944824,75.78475916583085,67.19939246879173,-0.7066238825829088,-0.8214246727282475,-0.5778241063116645,0.20127133065098768,40.8521140879442,26.719454464952793,72.50575135230034,69.09421110623269
4DoF_V22_3_3x3_grid_4Nm_curriculum1_extended_active_passive_selector,20260803,1443,1.0,touchdown,active,v22_3_active_bidirectional_4Nm_grid,,,1.0,4.0,0.2,0.3,0.0,True,True,success,6,6,0.08745328436282165,0.00611180610258366,0.08134147826023799,0.0,0.015405788487096284,0.22749591561163343,0.015898898886170746,0.2115970167254627,0.0,55.31018138052042,32.43137494792221,40.73809297564385,43.382038231760596,-0.5722722749574007,0.21101166357690326,-0.5498957924702919,-0.0030875928893057125,49.35780722029727,38.95083936568902,42.13189757945857,50.28950572153917
4DoF_V22_3_3x3_grid_4Nm_curriculum1_extended_active_passive_selector,20260719,1227,-1.0,touchdown,active,v22_3_active_bidirectional_4Nm_grid,,,1.0,4.0,0.2,0.35,0.0,True,True,success,6,6,0.08271200268949992,0.00937939492284404,0.060538477864285956,0.01279412990236993,0.0152618625384605,0.21719129227002368,0.024629108687535185,0.15896641130506262,0.03359577227742589,64.741712854947,60.568490619855844,-64.61873269098574,30.259301228313582,0.5491864998311502,0.7764923988297805,0.6421740697497154,0.09557389640454472,63.14244899309467,70.56980054995033,-66.2680831519821,32.778913907273605
4DoF_V22_3_3x3_grid_4Nm_curriculum1_extended_active_passive_selector,20260719,872,1.0,touchdown,active,v22_3_active_bidirectional_4Nm_grid,,,1.0,4.0,0.2,0.35,0.0,True,True,success,4,4,0.04844157743582697,0.0,0.04844157743582697,0.0,0.015128056561846709,0.12832655862836428,0.0,0.12832655862836428,0.0,53.049605519664354,25.689953940354407,60.642833965065684,61.63867698775155,-0.8040193308320938,-0.6480209980810279,0.029402280336223052,-0.05652441513147044,47.46335845472662,30.48431087982464,55.07718580133681,56.22507514223386
4DoF_V22_3_3x3_grid_4Nm_curriculum1_extended_active_passive_selector,20260719,810,1.0,touchdown,active,v22_3_active_bidirectional_4Nm_grid,,,1.0,4.0,0.2,0.3,0.02,True,True,success,3,3,0.006872345611128525,0.0011049215461539528,0.0,0.005767424064974572,0.014880071334529343,0.018508933258106187,0.002975828095736401,0.0,0.015533105162369788,47.60026636037033,19.329599958375333,69.31501225909194,86.79795717430751,-0.9698462933331706,-0.8875948415221278,-0.10341019297197263,-0.32944102841773826,44.71239852101151,19.532702194891353,67.96551460448224,83.79870610447442
4DoF_V22_3_3x3_grid_4Nm_curriculum1_extended_active_passive_selector,20260803,1618,1.0,touchdown,active,v22_3_active_bidirectional_4Nm_grid,,,1.0,4.0,0.2,0.35,0.01,True,True,success,4,4,0.06833874467984864,0.004520120217846666,0.059591110252959385,0.004227514209042585,0.014848686441414627,0.1844422328221476,0.012199537312396794,0.16083288452103517,0.011409810988715643,46.206331565764394,33.98226013877256,62.47029691313382,64.71192971640323,-0.9746363249310583,-0.2036905084783367,0.12697559681259563,0.09845746368596542,41.11130339430198,37.97539398393327,59.93836921203078,64.25562028800499
4DoF_V22_3_3x3_grid_4Nm_curriculum1_extended_active_passive_selector,20260702,594,-1.0,touchdown,active,v22_3_active_bidirectional_4Nm_grid,,,1.0,4.0,0.2,0.35,0.02,True,True,success,6,6,0.021115842226316073,0.0,0.0,0.021115842226316073,0.014846568158941073,0.05699854143803708,0.0,0.0,0.05699854143803708,50.359917062583065,74.86331327275157,-59.112367579087596,53.731649980809856,0.8155885248468435,0.04189653487372924,-0.24533764780476974,-0.2989961815023914,49.74992568108734,80.98894987285459,-64.40010021282794,43.2196284380602
4DoF_V22_3_3x3_grid_4Nm_curriculum1_extended_active_passive_selector,20260702,653,-1.0,touchdown,active,v22_3_active_bidirectional_4Nm_grid,,,1.0,4.0,0.2,0.4,0.01,True,True,success,6,6,0.14102613000489353,0.001597269513037927,0.1306676513735779,0.008761209118277703,0.01482768314220459,0.3811603367150873,0.004317042418969833,0.35316381434840743,0.023679479947710018,82.56420908646344,50.41489319109159,-65.68907378511675,35.19950244877016,0.8304625922411415,-0.21204816827879247,-0.12804439604618922,0.15513873473094142,85.67187995658885,51.57906528560435,-58.73631787326717,47.432085395399206
4DoF_V22_3_3x3_grid_4Nm_curriculum1_extended_active_passive_selector,20260702,366,-1.0,touchdown,active,v22_3_active_bidirectional_4Nm_grid,,,1.0,4.0,0.2,0.3,0.0,True,True,success,8,8,0.6417854785720063,0.006439308402196908,0.5904017734323337,0.04494439673747572,0.01474160689610983,1.7447229378282834,0.017505552007909493,1.605034004405753,0.12218338141462105,70.01447518398307,43.56959152595841,-45.62383001542798,17.78928016571896,0.3672199126500244,0.4101840824890781,0.025205310491756228,0.05645143711509215,63.095000273675566,62.40349895032216,-51.876042581161116,34.31171549420215
4DoF_V22_3_3x3_grid_4Nm_curriculum1_extended_active_passive_selector,20260803,2135,-1.0,touchdown,active,v22_3_active_bidirectional_4Nm_grid,,,1.0,4.0,0.2,0.4,0.02,True,True,success,10,10,0.20585331262111511,0.0070609665467316705,0.12080525429359218,0.07798709178079127,0.01471017036317103,0.5608175142986006,0.019236579955223158,0.32911640606843157,0.21246452827494589,69.56440357152748,52.02031148435418,-65.50510003908975,26.90977279012876,0.7277208772224069,-0.4911019794540381,-0.047377641644535506,-0.19133903173663436,65.7154218815459,66.4177123441484,-68.2318978444769,30.575921496971805
4DoF_V22_3_3x3_grid_4Nm_curriculum1_extended_active_passive_selector,20260803,1442,1.0,pre_cross,active_full,v22_3_active_full_4Nm_grid,oracle_best_cmt,,1.0,4.0,0.2,0.3,0.0,True,True,success,37,37,1.638856859678912,0.07322857087029938,1.4665184190182923,0.09910986979032041,0.12148148683437246,0.5406451794916791,0.02415749344323386,0.4837921684224075,0.032695517626037736,75.34344878895283,22.34566804433066,-13.394990844166086,55.38938479873457,0.05819115114719997,-0.604071575967172,0.6947779680670729,0.18723666762655655,69.74982437835588,9.772664922568826,31.28886845650856,5.851131763262714
4DoF_V22_3_3x3_grid_4Nm_curriculum1_extended_active_passive_selector,20260702,341,1.0,mid_cross,active_full,v22_3_active_full_4Nm_grid,oracle_best_cmt,,1.0,4.0,0.2,0.4,0.02,True,True,success,14,14,2.34803454112743,0.01324893454248041,2.2668933524518837,0.06789225413306606,0.08118355306212426,1.1590918102008299,0.0065402494099180706,1.1190369960077529,0.033514564783159013,56.126243344576146,34.30635517570267,-0.21887718009235088,102.73845379839231,-0.5045079227473015,-0.18304535201699146,-0.1984011021395904,-0.06447457343192087,47.44444432920478,39.20812364870577,47.71018776863389,34.975420710655094
4DoF_V22_3_3x3_grid_4Nm_curriculum1_extended_active_passive_selector,20260803,1955,-1.0,mid_cross,active_full,v22_3_active_full_4Nm_grid,oracle_best_cmt,,1.0,4.0,0.2,0.35,0.0,True,True,success,15,15,1.7827600847761857,0.0,1.7287058566370948,0.05405422813909093,0.07757003046686674,0.9210439418601923,0.0,0.8931174026782872,0.027926539181905,65.16405761018474,37.77162285744266,-6.900642955300251,97.1492136853141,0.9213576726342712,0.7733129931689724,-0.17357263609274498,0.41415615354472013,45.27575343378314,93.14526397803024,-65.75705563554749,57.24106130336137
4DoF_V22_3_3x3_grid_4Nm_curriculum1_extended_active_passive_selector,20260803,1522,1.0,mid_cross,active_full,v22_3_active_full_4Nm_grid,oracle_best_cmt,,1.0,4.0,0.2,0.3,0.02,True,True,success,12,12,2.0003108617370584,0.017595708655106068,1.9454494638266748,0.03726568925527734,0.07575861459295849,1.0581491310088265,0.009307995161670243,1.0291278715459897,0.01971326430116646,57.0608161699352,30.486989176705094,8.955284707380144,97.91375547271457,-0.7476022227886383,-0.002207693589763915,0.3101748144252874,0.3110534315206417,51.86564188244946,28.35097778217779,52.451909789905756,61.057378857806036
4DoF_V22_3_3x3_grid_4Nm_curriculum1_extended_active_passive_selector,20260702,524,-1.0,mid_cross,active_full,v22_3_active_full_4Nm_grid,oracle_best_cmt,,1.0,4.0,0.2,0.35,0.01,True,True,success,13,13,1.4345123263520398,0.0,1.3855808282639526,0.048931498088087264,0.07192392861908156,0.7993045653584041,0.0,0.7720401291502512,0.027264436208152876,66.41065526751802,43.502912747442615,-13.67054508135847,92.41148968196458,0.8769589411994996,0.9905088025346365,-0.7752545772518897,-0.3693008558257659,52.52318434194548,88.24465435649849,-66.75770324895697,55.982107674234264
4DoF_V22_3_3x3_grid_4Nm_curriculum1_extended_active_passive_selector,20260702,337,1.0,mid_cross,active_full,v22_3_active_full_4Nm_grid,oracle_best_cmt,,1.0,4.0,0.2,0.4,0.02,True,True,success,13,13,2.23535001758528,0.005701178210256252,2.178015669393381,0.05163316998164298,0.06685019816838214,1.340060010570011,0.003417773893392533,1.3056888979300953,0.030953338746523156,52.31454310363972,30.40184398727348,7.524154055188715,96.89362635435599,-0.577939407392094,0.5457623039934489,-0.26248466504756407,0.2840461304959633,46.049965224296216,33.840001385630345,53.061222786666455,48.04771971082554
4DoF_V22_3_3x3_grid_4Nm_curriculum1_extended_active_passive_selector,20260702,228,1.0,mid_cross,active_full,v22_3_active_full_4Nm_grid,oracle_best_cmt,,1.0,4.0,0.2,0.35,0.02,True,True,success,16,16,1.1154553930947353,0.042345362104173716,1.004919939315651,0.06819009167491086,0.06276604098214725,0.7122113362513509,0.027037250539071533,0.6416351359599736,0.04353894975230597,61.826568823790396,27.176990452761107,5.2954882655635815,83.12174221118019,0.030210046485925846,-0.43392389379759555,-0.24661968286993874,0.04311063020556494,61.669074856053186,19.871350004028383,43.70961583405117,24.54391391373909
4DoF_V22_3_3x3_grid_4Nm_curriculum1_extended_active_passive_selector,20260702,686,-1.0,mid_cross,active_full,v22_3_active_full_4Nm_grid,oracle_best_cmt,,1.0,4.0,0.2,0.4,0.02,True,True,success,12,12,1.7719798188597136,0.0,1.7166588738019988,0.0553209450577147,0.057630532173326296,1.2322180094220538,0.0,1.1937483473678716,0.03846966205418211,54.91211157478404,62.55927101400945,-17.057713822047603,93.0422724944053,0.8628576489184685,0.6521905808864823,0.7164719587432766,-0.16760139711858812,39.15268353469612,102.01993876770294,-76.40480940554943,56.89042342897688
4DoF_V22_3_3x3_grid_4Nm_curriculum1_extended_active_passive_selector,20260803,1559,1.0,mid_cross,active_full,v22_3_active_full_4Nm_grid,oracle_best_cmt,,1.0,4.0,0.2,0.3,0.02,True,True,success,13,13,2.423236529668785,0.03630059313107393,2.323929532432536,0.06300640410517513,0.057094569084565366,1.7009142446311747,0.025480053304430664,1.6312088386080275,0.044225352718716485,51.84803467058103,33.76253122465517,-9.24628101906982,100.40675697968359,-0.08196342749308672,-0.19940604964788977,-0.8289953311195808,-0.06574863065092063,54.94340566655528,24.10191291001452,42.72611493234175,45.24503879323777
4DoF_V22_3_3x3_grid_4Nm_curriculum1_extended_active_passive_selector,20260719,799,1.0,touchdown,active_full,v22_3_active_full_4Nm_grid,oracle_best_cmt,,1.0,4.0,0.2,0.3,0.01,True,True,success,9,9,0.06942092311269085,0.0011802832737671572,0.050489001821755614,0.01775163801716808,0.05693228766419706,0.048866716645597615,0.0008308239895786423,0.03554017485099904,0.012495717805019933,58.24295733277184,17.954846801987674,66.27517460043885,77.40362913591605,-0.8630764785566507,-0.9822360255146194,0.16472485012739035,-0.10880017208169068,45.558207195995706,23.624777465232587,63.45878772590943,72.79581705867886
4DoF_V22_3_3x3_grid_4Nm_curriculum1_extended_active_passive_selector,20260719,866,1.0,touchdown,active_full,v22_3_active_full_4Nm_grid,oracle_best_cmt,,1.0,4.0,0.2,0.35,0.0,True,True,success,10,10,0.22683671212309364,0.0,0.20146754499857353,0.025369167124520125,0.056867487946214684,0.15985665093074586,0.0,0.14197845980607696,0.017878191124668902,66.09530435123945,19.947298302450392,53.622917779416454,51.00053889746865,-0.9734557715262622,-0.3956135697622305,-0.9633745321121281,0.4676169366715903,53.70639009017783,26.04287704222486,48.931300202653155,44.54422026186882
4DoF_V22_3_3x3_grid_4Nm_curriculum1_extended_active_passive_selector,20260803,1993,-1.0,pre_cross,active_full,v22_3_active_full_4Nm_grid,oracle_best_cmt,,1.0,4.0,0.2,0.35,0.01,True,True,success,13,13,3.0942390079262543,0.0,3.094164855781967,7.415214428705364e-05,0.05299063009908316,2.340109521497264,0.0,2.3400534417508574,5.6079746406489875e-05,75.51719597309275,30.011526185353308,8.43059982115664,87.26359761877983,0.9115646177344654,0.01185672978196095,0.528229757786183,0.3445685518047509,48.149363486432755,89.65255624083525,-65.7339195240281,54.61040001005525
4DoF_V22_3_3x3_grid_4Nm_curriculum1_extended_active_passive_selector,20260719,1139,-1.0,mid_cross,active_full,v22_3_active_full_4Nm_grid,oracle_best_cmt,,1.0,4.0,0.2,0.3,0.01,True,True,success,13,13,1.3570761368376705,0.0,1.3014186271751411,0.0556575096625293,0.051778386095252774,1.050357436895073,0.0,1.0072793238797455,0.043078113015327366,60.75761555127265,50.60026750222356,3.3541667556731505,100.01479643110612,0.4052452874023098,0.8344550689340557,-0.9561129493573912,0.25075709497690046,40.79138073918903,94.5453886067304,-58.28728401777809,65.3892212411216
4DoF_V22_3_3x3_grid_4Nm_curriculum1_extended_active_passive_selector,20260702,538,-1.0,mid_cross,active_full,v22_3_active_full_4Nm_grid,oracle_best_cmt,,1.0,4.0,0.2,0.35,0.01,True,True,success,13,13,3.4826613134943027,0.0090832612248225,3.47357805226948,0.0,0.051565621557733206,2.706651837869836,0.007059321442701596,2.6995925164271344,0.0,67.42817973703855,48.63299816742356,5.173724868743135,94.88660108156904,0.4560320073379749,0.8175252077836219,-0.2223340111029266,-0.45872600279406106,46.41871722042455,96.98783926406381,-64.53285127634575,67.75410275560725
4DoF_V22_3_3x3_grid_4Nm_curriculum1_extended_active_passive_selector,20260803,1962,-1.0,mid_cross,active_full,v22_3_active_full_4Nm_grid,oracle_best_cmt,,1.0,4.0,0.2,0.35,0.01,True,True,success,13,13,1.1102403996843015,0.0,1.0598742474226177,0.05036615226168385,0.05151687170007117,0.8636722261675598,0.0,0.824491660535367,0.039180565632192826,70.0999379504624,44.48219081434565,-16.361874494251378,96.90426081092937,0.9801574037004905,0.28137696280747515,0.8586232022805997,-0.23751974710549162,55.046762442748005,87.54941029757866,-62.87054437141181,65.32217224026812
4DoF_V22_3_3x3_grid_4Nm_curriculum1_extended_active_passive_selector,20260803,1944,-1.0,mid_cross,active_full,v22_3_active_full_4Nm_grid,oracle_best_cmt,,1.0,4.0,0.2,0.35,0.0,True,True,success,11,11,0.9753853119089186,0.0,0.9351998984842113,0.04018541342470744,0.05128083890068652,0.7622588945391316,0.0,0.7308541886862555,0.03140470585287618,67.688397653315,53.921375363609236,-21.15182525795518,90.93946144493589,0.9705380498100049,0.4421734843683991,-0.974058276106561,-0.29477333474114975,59.9865263302045,83.09053439109981,-60.82899542842554,64.06272197723347
4DoF_V22_3_3x3_grid_4Nm_curriculum1_extended_active_passive_selector,20260803,2008,-1.0,mid_cross,active_full,v22_3_active_full_4Nm_grid,oracle_best_cmt,,1.0,4.0,0.2,0.35,0.02,True,True,success,13,13,1.3006478676363087,0.0,1.255993406913349,0.044654460722959866,0.05055255432704307,1.031093476532667,0.0,0.9956934852704641,0.03539999126220286,63.50648369501873,52.196931355154625,-15.251295375167638,96.75995458705081,0.9176308741112829,0.12610645761914285,-0.2087669798777998,-0.10195638832232112,48.9172497301356,91.00006330927626,-64.56446516711648,62.95850736802926
4DoF_V22_3_3x3_grid_4Nm_curriculum1_extended_active_passive_selector,20260803,1960,-1.0,mid_cross,active_full,v22_3_active_full_4Nm_grid,oracle_best_cmt,,1.0,4.0,0.2,0.35,0.0,True,True,success,13,13,1.4397248659799902,0.0,1.4122850787721362,0.027439787207854012,0.047921629549073405,1.204007905454364,0.0,1.1810606594194395,0.022947246034924658,63.1076902466156,48.04789849561324,-24.8855865803769,84.47359646499173,0.9696341990206279,-0.045867016887914724,-0.637694380490184,-0.49873625281121536,49.94607485666899,84.0843076666517,-64.60957638437763,43.11249843401024
4DoF_V22_3_3x3_grid_4Nm_curriculum1_extended_active_passive_selector,20260803,1520,1.0,touchdown,active_full,v22_3_active_full_4Nm_grid,oracle_best_cmt,,1.0,4.0,0.2,0.3,0.01,True,True,success,9,9,0.01750669703104797,0.0,0.0042274045964677855,0.013279292434580188,0.04791358987589478,0.01464289389188786,0.0,0.0035358718343257525,0.011107022057562107,54.31575120041904,18.77333849769251,63.59087033245045,84.34258400133774,-0.9813853018934389,-0.13618973295738157,0.991487574541255,0.48563262824254927,40.507486807236255,29.510648336068186,64.68454502801802,78.67827959121973
4DoF_V22_3_3x3_grid_4Nm_curriculum1_extended_active_passive_selector,20260803,1480,1.0,touchdown,active_full,v22_3_active_full_4Nm_grid,oracle_best_cmt,,1.0,4.0,0.2,0.3,0.0,True,True,success,12,12,0.2684208046038964,0.005564843233970148,0.23574010000201076,0.0271158613679155,0.047696255163911516,0.2255346646118768,0.00467573686862017,0.1980754229091228,0.022783504834133845,48.523799733694204,24.942783297066402,53.35617149459455,72.34748892952405,-0.005717805022860567,-0.586637544316194,0.04605857005431924,-0.14157331424536357,36.493776657444336,33.44544835136892,65.1362310811142,81.48524532599755
4DoF_V22_3_3x3_grid_4Nm_curriculum1_extended_active_passive_selector,20260719,890,1.0,mid_cross,active_full,v22_3_active_full_4Nm_grid,oracle_best_cmt,,1.0,4.0,0.2,0.35,0.01,True,True,success,14,14,1.144983626797465,0.0327612182031731,1.0626705150633318,0.049551893530960116,0.04734143754172582,0.9692576680650026,0.02773320178157728,0.8995775321544542,0.041946934128971096,57.314614226636806,23.517859157196234,13.305762528718938,87.73484306213957,-0.20986186097331316,0.5524482534226267,0.033988438137410926,0.4971435529426158,56.8615166478866,19.660231011422386,46.47257243639721,38.072225077912655
4DoF_V22_3_3x3_grid_4Nm_curriculum1_extended_active_passive_selector,20260702,100,1.0,touchdown,active_full,v22_3_active_full_4Nm_grid,oracle_best_cmt,,1.0,4.0,0.2,0.3,0.02,True,True,success,9,9,0.016866556569934618,0.0,0.0,0.016866556569934618,0.04632223886659842,0.014592116759671706,0.0,0.0,0.014592116759671706,57.29419530042382,17.46270973771052,65.65861970813114,86.72101611645321,-0.8156383762536565,-0.3680618432774456,0.5950228843834038,-0.03973637343718606,44.821308632371384,26.493063761893733,64.14026986040338,77.20088138618918
4DoF_V22_3_3x3_grid_4Nm_curriculum1_extended_active_passive_selector,20260719,1212,-1.0,touchdown,active_full,v22_3_active_full_4Nm_grid,oracle_best_cmt,,1.0,4.0,0.2,0.35,0.0,True,True,success,10,10,0.35621365322310306,0.016366722833457036,0.2417519855366484,0.09809494485299763,0.0445475330349914,0.32045593057830934,0.01472378542668553,0.21748424518074055,0.08824789997088325,60.3245640574883,49.16946520218879,-54.841224715987224,16.21375168687667,0.9300999446933842,0.7934722048834137,-0.4434972387848686,0.024903588019131062,56.96622431120424,71.35576852503618,-58.859711448789206,34.94472344184046
4DoF_V22_3_3x3_grid_4Nm_curriculum1_extended_active_passive_selector,20260719,1348,-1.0,mid_cross,active_full,v22_3_active_full_4Nm_grid,oracle_best_cmt,,1.0,4.0,0.2,0.4,0.0,True,True,success,13,13,1.437414940219643,0.0,1.3796090516218458,0.05780588859779712,0.04382727857594508,1.3143743060646735,0.0,1.2615165176931602,0.05285778837151336,69.53826765581805,50.901460360420046,-12.569308220293715,93.61203917968382,0.7676176382952937,0.19971652265794604,0.5329206889801972,0.2817063583516205,50.95800149930684,95.82834559069752,-74.22241513671403,60.99387448076074
4DoF_V22_3_3x3_grid_4Nm_curriculum1_extended_active_passive_selector,20260702,77,1.0,touchdown,active_full,v22_3_active_full_4Nm_grid,oracle_best_cmt,,1.0,4.0,0.2,0.3,0.01,True,True,success,8,8,0.22498613699613604,0.004353804966425599,0.21802456355017957,0.002607768479530857,0.04234368016673887,0.2129357436733659,0.0041206125440099925,0.2063470363039116,0.0024680948254443003,55.21265229651608,26.793722169904346,50.40557794332539,66.28171955963475,-0.6493883118273849,-0.6753147270306676,0.02486209402315831,-0.21034236336324486,47.42228196299613,29.368735431054713,55.262643438511425,65.36752546882346
4DoF_V22_3_3x3_grid_4Nm_curriculum1_extended_active_passive_selector,20260803,1974,-1.0,mid_cross,active_full,v22_3_active_full_4Nm_grid,oracle_best_cmt,,1.0,4.0,0.2,0.35,0.01,True,True,success,10,10,1.8241609439070487,0.0,1.8241609439070487,0.0,0.04229785278010917,1.7283283041208701,0.0,1.7283283041208701,0.0,70.1671102371569,42.69570393233129,-14.441625456468106,77.64060660673658,0.6436621911808236,0.8554028800669728,0.22327602172899086,0.13194350668969845,55.92309654701261,79.06649328607483,-57.33201092231125,55.84530561319867
4DoF_V22_3_3x3_grid_4Nm_curriculum1_extended_active_passive_selector,20260803,1494,1.0,mid_cross,active_full,v22_3_active_full_4Nm_grid,oracle_best_cmt,,1.0,4.0,0.2,0.3,0.01,True,True,success,12,12,1.1469689539644619,0.0,1.1469689539644619,0.0,0.04200102595300573,1.0943926664006975,0.0,1.0943926664006975,0.0,49.94238124752054,34.90373940585025,21.246189077076995,73.45808509703598,-0.15833409791119468,-0.04018696473378358,-0.30214927893769294,-0.08103955232894355,37.38400390447008,50.32472994936948,45.28160350063759,69.69564149291567
4DoF_V22_3_3x3_grid_4Nm_curriculum1_extended_active_passive_selector,20260719,767,1.0,touchdown,active_full,v22_3_active_full_4Nm_grid,oracle_best_cmt,,1.0,4.0,0.2,0.3,0.01,True,True,success,12,12,0.4001179863492645,0.015608953417739557,0.38020044168025136,0.004308591251273608,0.0403265589016735,0.3976292464080084,0.015511865490834853,0.37783558916880516,0.004281791748368405,66.08193828949231,15.390254998547148,44.65263858959291,45.80481506014818,-0.6087168847734445,0.5224053915300964,-0.6575178159330637,-0.16443640055283582,61.79348930410082,13.053081416007663,52.333125370984554,47.324724104295285
4DoF_V22_3_3x3_grid_4Nm_curriculum1_extended_active_passive_selector,20260702,567,-1.0,mid_cross,active_full,v22_3_active_full_4Nm_grid,oracle_best_cmt,,1.0,4.0,0.2,0.35,0.02,True,True,success,12,12,1.5667768721587947,0.0,1.511537736537842,0.055239135620952805,0.04011366359757928,1.5652951317437223,0.0,1.5101082371669141,0.05518689457680818,54.89983234788565,59.55043194883077,-8.647186107574656,93.2491016523705,0.5494318474055675,0.2034241614208372,-0.3990419096852751,-0.05886005814642836,36.470395193045846,95.55049326204465,-65.09737577740285,53.37512470269651
4DoF_V22_3_3x3_grid_4Nm_curriculum1_extended_active_passive_selector,20260719,1381,-1.0,touchdown,active_full,v22_3_active_full_4Nm_grid,oracle_best_cmt,,1.0,4.0,0.2,0.4,0.01,True,True,success,12,12,0.6209544953202444,0.019766161180468388,0.5309106595362446,0.07027767460353143,0.040053246874274584,0.621303011221748,0.01977725510367048,0.5312086375821733,0.07031711853590428,74.69233132812329,43.25615899327783,-60.1379639532611,8.39704671613432,0.8809208055355848,0.1639323822962182,-0.5307053391306538,0.4353046367175485,73.0500096345054,64.84149831365129,-55.850871360176136,49.78532521548987
4DoF_V22_3_3x3_grid_4Nm_curriculum1_extended_active_passive_selector,20260702,520,-1.0,touchdown,active_full,v22_3_active_full_4Nm_grid,oracle_best_cmt,,1.0,4.0,0.2,0.35,0.0,True,True,success,10,10,0.2791343010460783,0.02418806684183015,0.21769578268577222,0.03725045151847592,0.03978306582878471,0.281187732474351,0.024366004617503146,0.21929724606843118,0.0375244817884167,72.48379214880222,40.16327743950106,-39.22241025209297,41.38152047477956,0.8139050104241203,0.5628296742867316,-0.70528108512189,0.20049392116336862,67.14604559586421,64.08146713489249,-52.8392397227342,42.733232415039154
4DoF_V22_3_3x3_grid_4Nm_curriculum1_extended_active_passive_selector,20260803,2042,-1.0,mid_cross,active_full,v22_3_active_full_4Nm_grid,oracle_best_cmt,,1.0,4.0,0.2,0.4,0.0,True,True,success,10,10,1.2388884873286017,0.0,1.1995640068824236,0.03932448044617813,0.03857493718716923,1.287088470865757,0.0,1.2462340389110296,0.04085443195472761,80.94046614796768,41.98744307865546,-21.72671361161766,83.90323989248326,0.5618247032602088,0.9032301831362091,-0.8679312627257547,-0.31844582802080135,69.95867441212,75.09137117215069,-62.73143212796965,61.283793796793006
4DoF_V22_3_3x3_grid_4Nm_curriculum1_extended_active_passive_selector,20260702,584,-1.0,touchdown,active_full,v22_3_active_full_4Nm_grid,oracle_best_cmt,,1.0,4.0,0.2,0.35,0.02,True,True,success,11,11,0.5878396426621213,0.016098356759965182,0.4673300108569123,0.10441127504524386,0.03772796800013841,0.6244200878835096,0.017100135161546636,0.4964113089215412,0.11090864380042183,60.31850510508285,46.99471180467578,-52.994997114071666,16.418496192718006,0.7852731870114174,0.46293408473623665,-0.5131421960192579,-0.20535573438961818,53.13438811846294,73.16557556795956,-60.82476443257374,32.780570658893495
4DoF_V22_3_3x3_grid_4Nm_curriculum1_extended_active_passive_selector,20260702,123,1.0,touchdown,active_full,v22_3_active_full_4Nm_grid,oracle_best_cmt,,1.0,4.0,0.2,0.35,0.0,True,True,success,8,8,0.06259298013295589,0.0,0.05576498413890335,0.006827995994052535,0.03755692656563117,0.06679085375688891,0.0,0.059504929985202695,0.007285923771686213,55.82664603235948,22.101099333454204,65.26559734881195,59.311636133931486,-0.9193503414907589,-0.43619517821892373,0.7969332222179013,-0.33197952376435014,40.28269021883738,37.70405068759139,58.86692485574731,60.1718492347527
4DoF_V22_3_3x3_grid_4Nm_curriculum1_extended_active_passive_selector,20260803,2002,-1.0,mid_cross,active_full,v22_3_active_full_4Nm_grid,oracle_best_cmt,,1.0,4.0,0.2,0.35,0.02,True,True,success,14,14,1.6764173107479339,0.0,1.6316104346768292,0.04480687607110473,0.03750406605176294,1.7913695690575344,0.0,1.7434902768528395,0.04787929220469496,68.59333071485071,40.382386320517384,-17.37669741468906,95.40465622146307,0.7514879981368228,-0.03358182934866516,0.5711276797200564,0.02524957683658402,47.56814090748993,87.5130803213558,-63.71729619458031,54.44173221324534
4DoF_V22_3_3x3_grid_4Nm_curriculum1_extended_active_passive_selector,20260719,1342,-1.0,mid_cross,active_full,v22_3_active_full_4Nm_grid,oracle_best_cmt,,1.0,4.0,0.2,0.4,0.0,True,True,success,13,13,2.449701437177759,0.01916805147083869,2.375244286643667,0.05528909906325309,0.03713515960231431,2.6436823568086405,0.020685883887236765,2.563329276952509,0.059667195968894284,80.53499932212263,41.45692212313859,-21.219301663261376,60.73303424285372,0.8400448733670745,-0.34061067078361096,-0.561071926489056,0.23953721072093714,65.0775495979093,83.62954883331135,-67.63441565274113,65.12247169942655
4DoF_V22_3_3x3_grid_4Nm_curriculum1_extended_active_passive_selector,20260702,453,-1.0,mid_cross,active_full,v22_3_active_full_4Nm_grid,oracle_best_cmt,,1.0,4.0,0.2,0.3,0.02,True,True,success,11,11,0.950107260392369,0.0,0.9180933357016394,0.03201392469072958,0.03562604219561113,1.0687754499466717,0.0,1.0327629930460023,0.03601245690066951,73.42864704604456,45.2865384530045,-20.335806442082454,89.78981916753384,0.7942825487224565,0.13370225442311057,-0.21121701232325685,-0.03071086937020029,63.394183956871075,74.7543239942308,-52.65956639411263,63.60726837956783
4DoF_V22_3_3x3_grid_4Nm_curriculum1_extended_active_passive_selector,20260803,1887,-1.0,mid_cross,active_full,v22_3_active_full_4Nm_grid,oracle_best_cmt,,1.0,4.0,0.2,0.3,0.02,True,True,success,14,14,1.0944654775483258,0.0,1.0265695981532001,0.06789587939512569,0.035427480698836326,1.238064319752225,0.0,1.161260192567141,0.07680412718508409,63.344966396553986,48.99221782304365,-5.096912074589002,100.417437915738,0.8904530124922327,-0.7015072725853946,-0.6598113189847907,0.2486309938871717,44.217818596038136,88.07515885669562,-57.53555198691438,58.09576591434056
4DoF_V22_3_3x3_grid_4Nm_curriculum1_extended_active_passive_selector,20260702,363,-1.0,mid_cross,active_full,v22_3_active_full_4Nm_grid,oracle_best_cmt,,1.0,4.0,0.2,0.3,0.0,True,True,success,12,12,0.9241017633832788,0.0,0.8951827359663024,0.028919027416976398,0.034419048936058225,1.075975403770023,0.0,1.042303611945174,0.03367179182484891,70.97529188091758,39.75247767198624,-23.165491810569204,82.6001192731717,0.43307569801722945,0.7797050185247831,0.2524296870249687,0.39706171409600066,55.75331934170084,78.29301911058407,-55.95406539190281,50.799473899263646
4DoF_V22_3_3x3_grid_4Nm_curriculum1_extended_active_passive_selector,20260719,1335,-1.0,mid_cross,active_full,v22_3_active_full_4Nm_grid,oracle_best_cmt,,1.0,4.0,0.2,0.4,0.0,True,True,success,10,10,1.5165733819910643,0.01810910728505484,1.4872951621480532,0.011169112557956171,0.03406384792630478,1.7842312209137805,0.021305157392682243,1.7497857304699915,0.01314033305110652,83.98102315913187,42.76555572883445,-21.741707266907014,74.67307811385028,0.9778908169722718,-0.37007091255566027,-0.987244565036226,-0.16096106453085857,74.37836741787443,71.3832350787814,-61.15367506270378,64.04409954115411
4DoF_V22_3_3x3_grid_4Nm_curriculum1_extended_active_passive_selector,20260803,1472,1.0,touchdown,active_full,v22_3_active_full_4Nm_grid,oracle_best_cmt,,1.0,4.0,0.2,0.3,0.0,True,True,success,7,7,0.1419425360746782,0.0,0.1099810794459625,0.03196145662871569,0.03359183015730177,0.16934029233029865,0.0,0.13120963355468435,0.03813065877561429,61.07304764264683,26.242288971637738,52.05605456427131,63.89190330241439,-0.9866308337556153,-0.33717052375209344,0.5587519940281296,0.08677654440715943,49.5030999359157,37.21021052695184,44.42912334052624,48.02661868886308
4DoF_V22_3_3x3_grid_4Nm_curriculum1_extended_active_passive_selector,20260803,2052,-1.0,mid_cross,active_full,v22_3_active_full_4Nm_grid,oracle_best_cmt,,1.0,4.0,0.2,0.4,0.0,True,True,success,12,12,1.1430026630116128,0.0,1.0819094937473142,0.061093169264298586,0.0329738886509162,1.3891798833741926,0.0,1.3149286112643603,0.07425127210983222,85.68354909990452,39.93174988185467,-24.52192418494838,98.19580682771448,0.868539944596578,-0.29714441410619274,-0.03929476515082464,-0.03945811805742838,75.64761295162857,71.69671183218908,-59.77814078139349,68.36575243021358
4DoF_V22_3_3x3_grid_4Nm_curriculum1_extended_active_passive_selector,20260719,1167,-1.0,touchdown,active_full,v22_3_active_full_4Nm_grid,oracle_best_cmt,,1.0,4.0,0.2,0.3,0.02,True,True,success,7,7,0.2941940266237787,0.009405479361411935,0.23783034067047204,0.046958206591894744,0.0326434447978443,0.36117632794727583,0.011546925467262633,0.2919797186353472,0.05764968384466604,81.61329201543988,37.989144929226036,-55.53975558500833,9.963977178066862,0.8967573820609998,0.9111497255562173,-0.5954018909319183,-0.44629626862214433,85.35755074571223,44.65296720928603,-44.985331643827195,41.11732001537391
4DoF_V22_3_3x3_grid_4Nm_curriculum1_extended_active_passive_selector,20260803,2018,-1.0,mid_cross,active_full,v22_3_active_full_4Nm_grid,oracle_best_cmt,,1.0,4.0,0.2,0.35,0.02,True,True,success,11,11,2.0331953376829732,0.0,2.029548997457606,0.0036463402253672636,0.0324212579675897,2.513220849205198,0.0,2.508713629407944,0.004507219797253685,64.5541185688643,37.95590580851064,-15.651214470070725,61.47921632372146,0.07551486434517751,0.8913523541205246,-0.972770422954899,0.053181420486091646,42.13823563202851,81.58050839541794,-65.12274024980786,29.040547022203267
4DoF_V22_3_3x3_grid_4Nm_curriculum1_extended_active_passive_selector,20260702,115,1.0,mid_cross,active_full,v22_3_active_full_4Nm_grid,oracle_best_cmt,,1.0,4.0,0.2,0.3,0.02,True,True,success,12,12,1.7946671777760106,0.003795156257686354,1.7908720215183243,0.0,0.031888651984104066,2.2554290497075,0.004769522604393074,2.2506595271031067,0.0,50.239311326969826,29.652860348208982,9.471336886802856,56.3552193374876,0.3755975863751335,-0.01326511978881384,0.00852767887177519,-0.2468019280546413,46.52125387583932,36.32138388617916,47.60870108846794,66.89057212563503
4DoF_V22_3_3x3_grid_4Nm_curriculum1_extended_active_passive_selector,20260702,654,-1.0,mid_cross,active_full,v22_3_active_full_4Nm_grid,oracle_best_cmt,,1.0,4.0,0.2,0.4,0.01,True,True,success,15,15,1.9152575409175132,0.0,1.8833972027690173,0.031860338148495836,0.03150736945321889,2.4361074839440335,0.0,2.3955827991189547,0.04052468482507912,71.01456670015138,34.855771817582806,-24.468086231177843,92.43736875918448,0.2821552765007058,0.5813282581851233,0.22467122770775783,0.03801069570786775,44.88239920943738,90.02971476284533,-72.31922877292301,38.74240319081964
4DoF_V22_3_3x3_grid_4Nm_curriculum1_extended_active_passive_selector,20260719,1412,-1.0,touchdown,active_full,v22_3_active_full_4Nm_grid,oracle_best_cmt,,1.0,4.0,0.2,0.4,0.02,True,True,success,12,12,0.20612779549000335,0.021780920724326837,0.14217261022978037,0.04217426453589615,0.03145939082101541,0.2625836376020904,0.027746444289673055,0.18111192172202906,0.053725271590388306,54.799517601279945,59.78280919621937,-70.27017109903703,8.11484480078611,0.9097273315596011,-0.04974209165867394,-0.7400875952410835,-0.1238841988329038,50.25649369916738,80.40678968827481,-71.50771740879065,27.03601969639501
4DoF_V22_3_3x3_grid_4Nm_curriculum1_extended_active_passive_selector,20260702,369,-1.0,mid_cross,active_full,v22_3_active_full_4Nm_grid,oracle_best_cmt,,1.0,4.0,0.2,0.3,0.0,True,True,success+touchdown_event,12,12,2.546599644172986,0.019864870558421267,2.5265710262687207,0.00016374734584411434,0.03143427058392763,3.246674106366051,0.025325834398788844,3.2211395095616933,0.00020876240556881958,73.55987245046656,44.070988141192146,-5.210919263952149,81.25278336459868,0.33674500435649923,0.6159409112484511,-0.16945381644761603,-0.3519562471094948,55.66918334796035,85.29094134689116,-52.543471967226715,67.07865892418664
4DoF_V22_3_3x3_grid_4Nm_curriculum1_extended_active_passive_selector,20260702,20,1.0,touchdown,active_full,v22_3_active_full_4Nm_grid,oracle_best_cmt,,1.0,4.0,0.2,0.3,0.0,True,True,success,7,7,0.0592936831390843,0.0030011324885651737,0.04761653146573404,0.008676019184785092,0.031328182173267966,0.07584983548463692,0.0038391173135813887,0.06091215601420879,0.011098562156846745,51.79835920286255,18.91684930915175,62.99343920977764,74.56825341859884,-0.941459972565377,0.09669261574838495,-0.6519142673603306,0.46265099224042117,46.19341942959178,19.439734617872013,64.18544282708528,74.54545260745226
4DoF_V22_3_3x3_grid_4Nm_curriculum1_extended_active_passive_selector,20260719,1284,-1.0,mid_cross,active_full,v22_3_active_full_4Nm_grid,oracle_best_cmt,,1.0,4.0,0.2,0.35,0.02,True,True,success,15,15,3.16166292317404,0.029318091299783747,3.1065751450565076,0.02576968681774904,0.030281705323639014,4.184240587440309,0.03880045107391827,4.111335751386539,0.034104384979851785,75.38173905504568,34.03050607525286,-7.006238801313775,68.38482397248774,0.43041445619889007,0.12527954828300025,0.4579177825110512,0.41755884335244065,45.98657273670846,95.21810822285744,-64.54148124630856,62.01542694137839
4DoF_V22_3_3x3_grid_4Nm_curriculum1_extended_active_passive_selector,20260803,1854,-1.0,touchdown,active_full,v22_3_active_full_4Nm_grid,oracle_best_cmt,,1.0,4.0,0.2,0.3,0.01,True,True,success,8,8,0.13770001228715528,0.017442883351693896,0.06837230485191467,0.051884824083546735,0.030083995254218444,0.18343401754377023,0.02323615021962505,0.09108064959035612,0.06911721773378908,59.80246518169331,47.77087138301931,-47.76668848396801,18.61681422906261,0.9648335551199407,0.1536007976845415,-0.9259777086234822,0.4652572303866518,57.27870572037013,61.16182578374164,-57.01049648593955,15.47199480287607
4DoF_V22_3_3x3_grid_4Nm_curriculum1_extended_active_passive_selector,20260702,400,-1.0,touchdown,active_full,v22_3_active_full_4Nm_grid,oracle_best_cmt,,1.0,4.0,0.2,0.3,0.0,True,True,success,12,12,0.6902741336122314,0.007068750607691559,0.6097914201739478,0.07341396283059214,0.030081447072315512,0.9196112717626713,0.009417277020210805,0.8123889279779221,0.09780506676453858,68.41072575502865,41.93852480229874,-46.9867812590504,9.067209618853592,0.9299322936010139,-0.4620772270190501,-0.7532356199074552,0.42077317389201907,61.11192644046812,66.59883788455082,-54.20694081929716,35.070100429346525
4DoF_V22_3_3x3_grid_4Nm_curriculum1_extended_active_passive_selector,20260803,1774,1.0,touchdown,active_full,v22_3_active_full_4Nm_grid,oracle_best_cmt,,1.0,4.0,0.2,0.4,0.02,True,True,success,7,7,0.0774882576751888,0.00021023600115792942,0.07727802167403088,0.0,0.029801486068578215,0.10420279916336782,0.00028271612322732366,0.1039200830401405,0.0,63.983508231239014,16.937466158261966,66.01573511883801,47.09525136447995,-0.7961007112858902,-0.5514664561979845,0.05783570034353813,-0.3460277596926109,50.24728195148569,32.36010542249218,53.76017089221272,39.323282168075025
4DoF_V22_3_3x3_grid_4Nm_curriculum1_extended_active_passive_selector,20260803,1946,-1.0,mid_cross,active_full,v22_3_active_full_4Nm_grid,oracle_best_cmt,,1.0,4.0,0.2,0.35,0.0,True,True,success,12,12,1.1875122555720614,0.0002752183052846733,1.137331349414132,0.04990568785264474,0.02974007428188222,1.6002117756639107,0.00037086570764075297,1.5325913561098226,0.06724955384644735,58.435083389915754,66.27627081997356,-21.18437335482554,91.45233766917916,0.866067586881534,-0.6718689052314408,-0.1914632032291661,-0.07362710010191365,45.306264893652326,94.01269216958535,-67.46363025335147,54.13986693795328
4DoF_V22_3_3x3_grid_4Nm_curriculum1_extended_active_passive_selector,20260702,181,1.0,touchdown,active_full,v22_3_active_full_4Nm_grid,oracle_best_cmt,,1.0,4.0,0.2,0.35,0.01,True,True,success,7,7,0.08455510775367485,0.0,0.05907903350508648,0.025476074248588366,0.0292430313916274,0.11587743340805583,0.0,0.08096408310118233,0.03491335030687348,58.090056125543505,21.52970423295149,59.08578730201838,44.69499140895487,-0.8241660376782487,-0.19318942560725016,0.9833040676895646,0.3126455564623004,46.378404651221594,33.875307508118304,57.3968935130949,53.381891799761476
4DoF_V22_3_3x3_grid_4Nm_curriculum1_extended_active_passive_selector,20260719,1350,-1.0,touchdown,active_full,v22_3_active_full_4Nm_grid,oracle_best_cmt,,1.0,4.0,0.2,0.4,0.0,True,True,success,7,7,0.08743007222773512,0.00872104192193771,0.07549466045544648,0.003214369850350943,0.028761718657786248,0.12182247368766314,0.012151641569011957,0.1051920243521791,0.004478807766472086,68.72128570105193,57.32265594884149,-57.82081933484593,41.91005907790117,0.7923183493000179,0.953234270593549,-0.8461247083000587,0.3811064835481617,69.45832947630305,67.52961650341796,-61.082283881999416,44.378699834838045
4DoF_V22_3_3x3_grid_4Nm_curriculum1_extended_active_passive_selector,20260702,386,-1.0,touchdown,active_full,v22_3_active_full_4Nm_grid,oracle_best_cmt,,1.0,4.0,0.2,0.3,0.0,True,True,success,9,9,0.19985782659646495,0.0,0.1738879428581738,0.025969883738291143,0.02841234497093939,0.2819002699163143,0.0,0.2452696442350828,0.03663062568123146,62.64210621989704,47.45434623647986,-40.65783645499772,40.329242752379784,0.9694110112164984,-0.1394372332539322,-0.5376330358286352,-0.4680445328962475,58.147746529124014,64.09764879920873,-54.050793853309415,24.068877730737672
4DoF_V22_3_3x3_grid_4Nm_curriculum1_extended_active_passive_selector,20260702,472,-1.0,mid_cross,active_full,v22_3_active_full_4Nm_grid,oracle_best_cmt,,1.0,4.0,0.2,0.3,0.02,True,True,success,13,13,2.8338366108689446,0.00344406041012026,2.8278398731029206,0.002552677355903565,0.02760929011533969,4.113400314585968,0.004999158780046166,4.104695866729432,0.0037052890764900205,56.429814593497966,63.21181918950147,3.064521314150099,92.73631513985532,0.7780388195842247,-0.813042295108481,0.9864764963182138,0.33017606785374365,37.177173352644346,96.67382161989806,-54.26977867150744,67.06235562272467
4DoF_V22_3_3x3_grid_4Nm_curriculum1_extended_active_passive_selector,20260803,1630,1.0,touchdown,active_full,v22_3_active_full_4Nm_grid,oracle_best_cmt,,1.0,4.0,0.2,0.35,0.01,True,True,success,8,8,0.09701876325464451,0.00039350730149819406,0.08595708146384816,0.010668174489298158,0.027349048532528897,0.14216573108779082,0.0005766230297024154,0.1259565770427996,0.015632531015288807,64.95374084958407,16.300396803484208,56.43040518668497,39.03116889361814,-0.36818932611299604,-0.6684952101461814,0.7224190378403212,-0.2954909831513435,51.697537992607444,32.08900151412521,48.959828267834126,41.079117691522654
4DoF_V22_3_3x3_grid_4Nm_curriculum1_extended_active_passive_selector,20260803,1860,-1.0,touchdown,active_full,v22_3_active_full_4Nm_grid,oracle_best_cmt,,1.0,4.0,0.2,0.3,0.01,True,True,success,8,8,0.22833589120522402,0.0,0.1921366099468224,0.03619928125840162,0.027082781660737642,0.3378798742432268,0.0,0.28431401328845063,0.0535658609547762,46.338809846256034,60.30468476946359,-59.948589191644935,9.506463896526146,0.9688512133701019,0.30065779536862514,0.5474149027278419,-0.2659752409170768,43.11270665696321,74.80831694403982,-61.97805417210895,16.721166111272005
4DoF_V22_3_3x3_grid_4Nm_curriculum1_extended_active_passive_selector,20260803,2090,-1.0,touchdown,active_full,v22_3_active_full_4Nm_grid,oracle_best_cmt,,1.0,4.0,0.2,0.4,0.01,True,True,success,8,8,0.20325043570973064,0.01678742666877714,0.16075828830345498,0.025704720737498528,0.02702746978977226,0.30137519555401393,0.024892020415527027,0.23836879072462827,0.03811438441385864,76.52811782178449,50.42340587320557,-50.0060608846578,48.05623833862214,0.960841000865652,0.17151154337341112,-0.10494412962127009,-0.18208512402003552,76.24945127740143,62.761324651728145,-53.47702994853067,54.61267741106704
4DoF_V22_3_3x3_grid_4Nm_curriculum1_extended_active_passive_selector,20260803,1881,-1.0,touchdown,active_full,v22_3_active_full_4Nm_grid,oracle_best_cmt,,1.0,4.0,0.2,0.3,0.02,True,True,success,6,6,0.06755511666673877,0.0,0.04625141796530627,0.021303698701432505,0.026892804796005164,0.10067080915770034,0.0,0.06892398238653145,0.03174682677116889,53.98643193581521,57.742185194084655,-58.34105433069235,21.049280610077624,0.9614184906278676,0.9831294146213676,0.7956105798983073,0.4364856861930586,53.475861142113786,68.34674269173051,-58.28039106947925,26.398804939288574
4DoF_V22_3_3x3_grid_4Nm_curriculum1_extended_active_passive_selector,20260702,95,1.0,touchdown,active_full,v22_3_active_full_4Nm_grid,oracle_best_cmt,,1.0,4.0,0.2,0.3,0.02,True,True,success,6,6,0.17018554769031868,0.005617690920256805,0.15992075586676738,0.004647100903294502,0.026115333245678995,0.2611611155945877,0.008620722779994984,0.2454091053894499,0.007131287425142791,55.68718164856129,21.54800126757887,56.423890352278164,72.49682519878614,-0.577907212027696,-0.47871158469202246,0.07705613280798551,-0.4757414413683395,51.40971553021529,22.217458581624314,59.17336360590536,69.93666755075931
4DoF_V22_3_3x3_grid_4Nm_curriculum1_extended_active_passive_selector,20260702,477,-1.0,touchdown,active_full,v22_3_active_full_4Nm_grid,oracle_best_cmt,,1.0,4.0,0.2,0.3,0.02,True,True,success,8,8,0.040955662582729487,0.011467863818777827,0.0,0.02948779876395166,0.025994317804710718,0.06314179771698251,0.01768013241217875,0.0,0.04546166530480376,55.73969587656521,46.75186840024569,-47.91536391357829,19.462800218494987,0.44889419276397824,0.9837946329582639,-0.4330272825232988,0.4604307492771139,50.30015592982512,64.31233791352703,-55.51160231355481,17.771210781655018
4DoF_V22_3_3x3_grid_4Nm_curriculum1_extended_active_passive_selector,20260702,18,1.0,touchdown,active_full,v22_3_active_full_4Nm_grid,oracle_best_cmt,,1.0,4.0,0.2,0.3,0.0,True,True,success,5,5,0.09218417364289148,0.0008712902441661673,0.07619268200443192,0.015120201394293384,0.025898114147423795,0.1426492973295601,0.0013482676709983049,0.11790345479139577,0.023397574867166024,49.99139985112016,37.27300302335545,54.375483284323565,61.73257232953932,-0.9011858690845804,-0.9716733785198457,-0.727634958782279,0.41497608802445685,44.11540570412532,39.342175838722085,50.39373240534762,58.57641783991457
4DoF_V22_3_3x3_grid_4Nm_curriculum1_extended_active_passive_selector,20260803,1825,-1.0,touchdown,active_full,v22_3_active_full_4Nm_grid,oracle_best_cmt,,1.0,4.0,0.2,0.3,0.0,True,True,success,10,10,0.3864458653135259,0.009474476407614632,0.3179744577056306,0.05899693120028069,0.025820119882278433,0.5998074023469917,0.014705451895671467,0.493532084589319,0.09156986586200119,69.53200560797208,39.03860891299777,-47.790244011825344,12.881515261224079,0.9933457987156191,-0.35756769579712144,0.39118232833384803,0.0140109321202192,62.76675749174465,61.34831671248541,-53.47929633611935,27.276180207029096
4DoF_V22_3_3x3_grid_4Nm_curriculum1_extended_active_passive_selector,20260702,32,1.0,mid_cross,active_full,v22_3_active_full_4Nm_grid,oracle_best_cmt,,1.0,4.0,0.2,0.3,0.0,True,True,success,14,14,1.0912356623398294,0.019552202419449,1.0568078843877693,0.01487557553261101,0.025347018031157742,1.725333628804891,0.030913645434885312,1.670900470949371,0.023519512420634565,58.25825825317933,25.2447181168118,23.46791079665975,71.14200203109586,0.19235818863038312,0.20796716940268656,-0.8415921245241265,-0.48904573766473547,51.922198070716995,35.51544205207634,42.01520258571025,43.72663555547216
4DoF_V22_3_3x3_grid_4Nm_curriculum1_extended_active_passive_selector,20260719,781,1.0,touchdown,active_full,v22_3_active_full_4Nm_grid,oracle_best_cmt,,1.0,4.0,0.2,0.3,0.01,True,True,success,8,8,0.1028058320014754,0.008720706099764237,0.08786686389351056,0.006218262008200612,0.025233239814608538,0.1632774268078302,0.01385032759519342,0.13955118264108163,0.00987591657155516,58.25758568942892,14.134584847083998,59.63383275727111,68.6259206995271,-0.16736421816098757,-0.5064609876109474,-0.20331233655422642,0.22002608506539179,55.60710355711422,11.661010707166335,61.57015163957069,65.42084224449746
4DoF_V22_3_3x3_grid_4Nm_curriculum1_extended_active_passive_selector,20260702,443,-1.0,mid_cross,active_full,v22_3_active_full_4Nm_grid,oracle_best_cmt,,1.0,4.0,0.2,0.3,0.02,True,True,success,12,12,1.0696552689182062,0.0007498987351153943,1.0199811002194115,0.048924269963679344,0.024708480492222698,1.7349190151627925,0.00121629240074141,1.6543503849300802,0.07935233783197088,66.1155132692908,45.20518531255437,-14.075879983479602,86.5658735153337,0.8274457169230354,-0.7705474597122175,-0.5949712690404421,0.05732575922406313,51.240390897455754,75.63212951490483,-52.62043009252048,48.60149859979257
4DoF_V22_3_3x3_grid_4Nm_curriculum1_extended_active_passive_selector,20260719,818,1.0,touchdown,active_full,v22_3_active_full_4Nm_grid,oracle_best_cmt,,1.0,4.0,0.2,0.3,0.02,True,True,success,10,10,0.3029730759960324,0.01307946762369704,0.28758062802985734,0.0023129803424780117,0.024407493384107526,0.49746469739196625,0.021475747909545845,0.47219116625577007,0.00379778322665034,66.60500562638848,13.409588342290851,41.332292489956714,35.72113731110454,-0.7239580971091493,0.9561007476716303,-0.9809311276279138,0.4449722999681175,63.89610373245571,11.929951182385821,46.048867801551815,43.93201379824812
4DoF_V22_3_3x3_grid_4Nm_curriculum1_extended_active_passive_selector,20260803,1446,1.0,touchdown,active_full,v22_3_active_full_4Nm_grid,oracle_best_cmt,,1.0,4.0,0.2,0.3,0.0,True,True,success,9,7,0.10687622757322536,0.0006330293732537593,0.07457093296330633,0.031672265236665276,0.024258261688817923,0.17656428082092404,0.0010457926759296565,0.12319449748346102,0.05232399066153336,48.627705833238714,38.173165333360515,57.32745804613707,85.39698090837389,-0.20927634853371946,-0.7137583085727766,-0.5576962061984545,-0.09153628541358971,36.58690900861179,50.80511766373336,48.539708623315285,69.29655485295196
4DoF_V22_3_3x3_grid_4Nm_curriculum1_extended_active_passive_selector,20260719,727,1.0,touchdown,active_full,v22_3_active_full_4Nm_grid,oracle_best_cmt,,1.0,4.0,0.2,0.3,0.0,True,True,success,7,7,0.09662873249567397,0.0,0.07730473622316404,0.019323996272509934,0.02391348340350108,0.16193653796003446,0.0,0.1295521635084399,0.03238437445159456,50.842975034601636,29.6059022131547,59.0459166118527,70.26310969989596,-0.8233862002052106,0.007409323759635766,-0.7396716834243378,-0.1752562198274168,40.69215762403354,39.53045257548589,53.53400487756184,67.17303020432163
4DoF_V22_3_3x3_grid_4Nm_curriculum1_extended_active_passive_selector,20260803,1504,1.0,touchdown,active_full,v22_3_active_full_4Nm_grid,oracle_best_cmt,,1.0,4.0,0.2,0.3,0.01,True,True,success,9,8,0.043506585041903495,0.0,0.03839600768841594,0.005110577353487553,0.0235072450725336,0.07417109165909085,0.0,0.06545845422842812,0.008712637430662721,60.24414870448317,22.069876803024098,65.86716312927419,66.76598594006234,-0.3261050299927337,-0.621403084045421,0.4451157944610551,0.3318436347828777,42.8455142712135,44.6682725760455,50.37287190018062,60.81585182343276
4DoF_V22_3_3x3_grid_4Nm_curriculum1_extended_active_passive_selector,20260719,1318,-1.0,mid_cross,active_full,v22_3_active_full_4Nm_grid,oracle_best_cmt,,1.0,4.0,0.2,0.35,0.02,True,True,success,9,9,0.9096517431270399,0.0,0.8670800565304473,0.042571686596592634,0.023413838092601946,1.5569833046545016,0.0,1.4841165116398243,0.07286679301467745,81.04303520963872,43.36569055883003,-16.505039539450426,87.88457149448278,0.397071172033463,0.4283307769333562,-0.9298579157562223,-0.3271925623766585,69.94795833367914,70.31187912184099,-53.31676477279209,66.13698548581763
4DoF_V22_3_3x3_grid_4Nm_curriculum1_extended_active_passive_selector,20260719,1251,-1.0,mid_cross,active_full,v22_3_active_full_4Nm_grid,oracle_best_cmt,,1.0,4.0,0.2,0.35,0.01,True,True,success,13,13,1.9899526737010156,0.019046719675342924,1.9247102646487064,0.046195689376966054,0.023367026751928976,3.412877518722759,0.03266616449952768,3.3009832239163313,0.07922813030689954,76.51792809935795,33.521534985131915,-17.403190897467915,52.87379872471895,0.7841996051019033,-0.6228981335290449,0.4208726177108473,0.19623575200920995,55.6801968752803,78.8848306008017,-54.31084397787632,57.06248763039149
4DoF_V22_3_3x3_grid_4Nm_curriculum1_extended_active_passive_selector,20260803,1512,1.0,touchdown,active_full,v22_3_active_full_4Nm_grid,oracle_best_cmt,,1.0,4.0,0.2,0.3,0.01,True,True,success,9,9,0.21100096795841583,0.0,0.20482056468634333,0.006180403272072494,0.023311385085498182,0.3627419467972388,0.0,0.35211691726967076,0.010625029527568016,60.13007322210407,17.98651376334952,64.8659877155235,64.49150846082128,-0.6035817576983991,0.08964830999233198,0.8264499341443263,-0.03565658786738013,42.04232357595069,42.43420606862868,53.92500476006771,64.49549817287574
4DoF_V22_3_3x3_grid_4Nm_curriculum1_extended_active_passive_selector,20260719,1417,-1.0,touchdown,active_full,v22_3_active_full_4Nm_grid,oracle_best_cmt,,1.0,4.0,0.2,0.4,0.02,True,True,success,8,8,0.20906253621909926,0.008334300691628705,0.17854731636261317,0.022180919164857364,0.023240188564757444,0.3605105493758344,0.014371792169657848,0.307889650032793,0.03824910717338352,68.318667077929,54.4972893688288,-57.879606070200396,43.55882172797199,0.4504113367668092,0.9415892022805199,-0.32742711728443674,0.46222829513742303,64.96684189260739,70.41470505768405,-65.39169608738298,42.486963078977126
4DoF_V22_3_3x3_grid_4Nm_curriculum1_extended_active_passive_selector,20260719,810,1.0,touchdown,active_full,v22_3_active_full_4Nm_grid,oracle_best_cmt,,1.0,4.0,0.2,0.3,0.02,True,True,success,4,4,0.04260772019574472,0.011729452668453894,0.029881494000363877,0.000996773526926946,0.02318764872035095,0.07363986695037283,0.02027227295751685,0.05164484821896017,0.0017227457738958052,47.60026636037033,19.329599958375333,69.31501225909194,86.79795717430751,-0.9698462933331706,-0.8875948415221278,-0.10341019297197263,-0.32944102841773826,45.44852221889239,15.985446310184377,71.57445779179636,86.0194634283492
4DoF_V22_3_3x3_grid_4Nm_curriculum1_extended_active_passive_selector,20260719,1271,-1.0,touchdown,active_full,v22_3_active_full_4Nm_grid,oracle_best_cmt,,1.0,4.0,0.2,0.35,0.01,True,True,success,7,7,0.019156409034719907,0.006653424928452513,0.0,0.012502984106267396,0.02307009569941479,0.033277149370227736,0.011557855899110495,0.0,0.021719293471117247,71.63805380843971,50.27207413261785,-59.2490041507997,29.035843537667464,0.7383128868358801,0.392264525449471,-0.8822133066784821,0.1077148316552552,71.68502336778955,58.69801460573094,-62.64128365149595,28.330374041310623
4DoF_V22_3_3x3_grid_4Nm_curriculum1_extended_active_passive_selector,20260803,1808,-1.0,touchdown,active_full,v22_3_active_full_4Nm_grid,oracle_best_cmt,,1.0,4.0,0.2,0.3,0.0,True,True,success,7,7,0.4303492481039572,0.0,0.42257148816023965,0.007777759943717529,0.022504163817007438,0.7663719106529254,0.0,0.7525211678552368,0.013850742797688607,52.10445669669619,69.63104628013271,-42.23813044651222,65.80571093134833,0.8178144330451935,0.3660740887842646,0.4134646362352965,0.10457905434430104,48.89253744305507,81.87458009375426,-55.63877168040786,49.02359616341133
4DoF_V22_3_3x3_grid_4Nm_curriculum1_extended_active_passive_selector,20260803,1511,1.0,touchdown,active_full,v22_3_active_full_4Nm_grid,oracle_best_cmt,,1.0,4.0,0.2,0.3,0.01,True,True,success,7,7,0.09379420550383524,0.003493059031474074,0.08228752948856677,0.008013616983794387,0.021928277310510197,0.17141661105137587,0.006383852159749927,0.15038721593674037,0.014645542954885557,63.66868605378728,17.053575901456473,49.011972047654915,53.614247287465695,-0.6538015024820008,0.2543520838959161,0.03762206474616936,-0.08165069760897525,57.8834656960956,21.842639872011144,48.32710654034871,47.50547567636808
4DoF_V22_3_3x3_grid_4Nm_curriculum1_extended_active_passive_selector,20260803,1754,1.0,touchdown,active_full,v22_3_active_full_4Nm_grid,oracle_best_cmt,,1.0,4.0,0.2,0.4,0.01,True,True,success,8,8,0.04781755072067827,0.0006752645722378372,0.03028926937056088,0.016853016777879544,0.021906999963550777,0.08747537847125712,0.0012353000756935985,0.055409891595762734,0.030830186799800777,47.98095164242618,37.44161179661459,60.9668147619896,42.91393686185057,-0.21803657357332473,-0.8034575116494336,0.9454285360419965,0.1166802084843741,36.692883864932014,49.57278915194479,57.193711634967,47.65012277695319
4DoF_V22_3_3x3_grid_4Nm_curriculum1_extended_active_passive_selector,20260719,1138,-1.0,touchdown,active_full,v22_3_active_full_4Nm_grid,oracle_best_cmt,,1.0,4.0,0.2,0.3,0.01,True,True,success,6,6,0.2224856962366965,0.010757320017610492,0.20974657403890581,0.001981802180180196,0.02185547062223435,0.407965410527973,0.01972537808676167,0.3846060606682022,0.0036339717730091608,68.30212467610313,51.95522561491295,-41.599050825108975,52.91905063207982,0.8751740423016243,0.6474146822832776,0.6663543201839355,0.3476887550681743,66.83739081171746,62.91176436325663,-46.6959574284098,50.1492372795486
4DoF_V22_3_3x3_grid_4Nm_curriculum1_extended_active_passive_selector,20260702,701,-1.0,touchdown,active_full,v22_3_active_full_4Nm_grid,oracle_best_cmt,,1.0,4.0,0.2,0.4,0.02,True,True,success,9,9,0.05989162923447833,0.006761635191605321,0.02473316988031848,0.028396824162554526,0.02134331705953564,0.1124567742547144,0.012696126187486497,0.04644075536741748,0.053319892699810426,67.57405337247252,61.11193668970335,-55.328415448152874,58.0323301693807,0.9707252392551915,-0.6264044717629613,-0.7688882881804067,-0.23008363052505287,67.27760738250625,69.97467068886412,-61.28263284417752,51.52931095849367
4DoF_V22_3_3x3_grid_4Nm_curriculum1_extended_active_passive_selector,20260719,1170,-1.0,touchdown,active_full,v22_3_active_full_4Nm_grid,oracle_best_cmt,,1.0,4.0,0.2,0.3,0.02,True,True,success,6,6,0.2992241967996906,0.0,0.2938338532024851,0.005390343597205473,0.021280511076926942,0.5635027846602118,0.0,0.5533516215531251,0.010151163107086558,48.05906924800434,66.66072061276724,-41.64296878410197,53.25921561923755,0.9040182740278797,0.3107833022665061,-0.4069915896487326,-0.16853731031663777,46.786068004479354,74.92801865415821,-49.71709877862899,43.908294881033555
4DoF_V22_3_3x3_grid_4Nm_curriculum1_extended_active_passive_selector,20260803,1851,-1.0,mid_cross,active_full,v22_3_active_full_4Nm_grid,oracle_best_cmt,,1.0,4.0,0.2,0.3,0.01,True,True,success,10,10,1.650950277917231,0.011182047594551024,1.609620758912627,0.030147471410052848,0.021211445129250883,3.1192138197221206,0.021126740069795542,3.0411281204942413,0.056958959158083626,64.98940030347408,56.32858949974533,-3.9538133399461732,88.29615460441458,0.36075617086543077,-0.188581195890706,-0.9985472520825154,0.1078951961802942,50.362284713336045,83.16194673790541,-51.75244925266098,61.98654463307929
4DoF_V22_3_3x3_grid_4Nm_curriculum1_extended_active_passive_selector,20260803,1786,1.0,touchdown,active_full,v22_3_active_full_4Nm_grid,oracle_best_cmt,,1.0,4.0,0.2,0.4,0.02,True,True,success,5,5,0.041432340363981704,0.0,0.03263710014130719,0.008795240222674517,0.021200715898374495,0.0783195800202439,0.0,0.06169393168936053,0.016625648330883383,52.57119973060833,34.113587423230825,53.535760824537405,39.5798243215132,-0.8560909177867786,-0.37073500433476836,0.9137000551508281,-0.14709354207780634,45.90589118056187,39.72949877211379,52.98876724592261,41.63215022356433
4DoF_V22_3_3x3_grid_4Nm_curriculum1_extended_active_passive_selector,20260702,138,1.0,touchdown,active_full,v22_3_active_full_4Nm_grid,oracle_best_cmt,,1.0,4.0,0.2,0.35,0.0,True,True,success,5,5,0.02050444626774825,0.0012320371793929567,0.0,0.019272409088355293,0.021125437858873664,0.03889768336768424,0.002337219521827392,0.0,0.036560463845856844,45.009140471219986,20.098730447247934,72.13076233119332,88.27560375255705,-0.558401363706635,-0.9757779556952553,-0.006977015874166215,-0.4764867154604723,40.67937058495791,20.70760193830517,70.54701558134231,81.14198337841093
4DoF_V22_3_3x3_grid_4Nm_curriculum1_extended_active_passive_selector,20260719,1180,-1.0,touchdown,active_full,v22_3_active_full_4Nm_grid,oracle_best_cmt,,1.0,4.0,0.2,0.3,0.02,True,True,success,8,8,0.14037704736363277,0.0,0.12621920999795325,0.014157837365679523,0.020998909725254228,0.26790496811503633,0.0,0.24088520214001213,0.02701976597502418,67.82839546933202,37.03159357845916,-37.56174615237712,37.772309740684776,0.7344252581185198,0.18209571643852773,0.2942286250233277,0.08240008212621419,62.685622931045806,53.59112665303043,-44.621168751339795,30.68382603756706
4DoF_V22_3_3x3_grid_4Nm_curriculum1_extended_active_passive_selector,20260702,648,-1.0,touchdown,active_full,v22_3_active_full_4Nm_grid,oracle_best_cmt,,1.0,4.0,0.2,0.4,0.01,True,True,success,7,7,0.3511455017612698,0.004153326860430003,0.27767431394376246,0.06931786095707733,0.020970757372295548,0.6710492639351278,0.007937128394338314,0.5306436877335654,0.13246844780722405,68.94185643575237,56.82688003410463,-68.70886046873015,17.454826412052483,0.5578829534671368,0.978452704095359,-0.08623502547801842,-0.09248444499650588,69.097912394541,67.18591105195058,-62.87539943574983,42.64378758471557
4DoF_V22_3_3x3_grid_4Nm_curriculum1_extended_active_passive_selector,20260702,549,-1.0,touchdown,active_full,v22_3_active_full_4Nm_grid,oracle_best_cmt,,1.0,4.0,0.2,0.35,0.01,True,True,success+touchdown_event,13,13,0.1858509177278891,0.008699550699148465,0.08545834979701859,0.09169301723172202,0.020948502126972343,0.35554382904670745,0.016642756486625918,0.1634868919793631,0.1754141805807184,74.66012689506351,49.28917879126976,-56.070586606774974,43.79724820853592,0.7882011516905545,-0.761221588858533,-0.7972207483411655,0.12291982807384894,69.61964287417355,68.39847051054691,-66.63683342841237,35.308336374460566
4DoF_V22_3_3x3_grid_4Nm_curriculum1_extended_active_passive_selector,20260719,1186,-1.0,touchdown,active_full,v22_3_active_full_4Nm_grid,oracle_best_cmt,,1.0,4.0,0.2,0.3,0.02,True,True,success,6,6,0.03358789591264803,0.0,0.0,0.03358789591264803,0.02090686150709782,0.06438361634514957,0.0,0.0,0.06438361634514957,77.0927569363238,38.52167423656991,-42.52260423996682,39.98837958690774,0.6338272945508847,0.5226275042684378,-0.9735711874074331,0.08723035156245418,75.27233250458566,48.21119844346862,-52.18264985031906,26.755407333228497
4DoF_V22_3_3x3_grid_4Nm_curriculum1_extended_active_passive_selector,20260719,992,1.0,touchdown,active_full,v22_3_active_full_4Nm_grid,oracle_best_cmt,,1.0,4.0,0.2,0.4,0.0,True,True,success,5,3,0.09193846169381847,0.0,0.07106829161712692,0.020870170076691553,0.020895411639992312,0.1763306109377674,0.0,0.13630329514197176,0.04002731579579565,46.989413098883915,20.94643059362505,79.95485292717737,88.58841373106463,-0.9701280011516611,-0.805900717589221,-0.48087368416006293,-0.32048134149485663,38.51274084469232,28.020221647395395,70.12924420693612,75.7383018932854
4DoF_V22_3_3x3_grid_4Nm_curriculum1_extended_active_passive_selector,20260803,1842,-1.0,touchdown,active_full,v22_3_active_full_4Nm_grid,oracle_best_cmt,,1.0,4.0,0.2,0.3,0.01,True,True,success,6,6,0.022707968955227892,0.0,0.0,0.022707968955227892,0.020836658931299594,0.04367486983912949,0.0,0.0,0.04367486983912949,71.52616752191841,46.10734315492312,-38.70176970186125,49.801352449105586,0.9986979862912706,-0.14738925621161325,-0.6795845547259669,-0.3542439871473205,71.02303699723342,53.25729550198563,-46.47424794755682,38.53696378238493
4DoF_V22_3_3x3_grid_4Nm_curriculum1_extended_active_passive_selector,20260719,1336,-1.0,touchdown,active_full,v22_3_active_full_4Nm_grid,oracle_best_cmt,,1.0,4.0,0.2,0.4,0.0,True,True,success,7,7,0.213520749432618,0.006310506573468871,0.16749640286262454,0.039713839996524586,0.02083036144778487,0.4107945656439929,0.012140842581951413,0.3222478950814886,0.0764058279805529,52.3278229409955,74.0941557590312,-73.47051579646632,16.16274071653409,0.9054463706473703,0.3636082928304427,-0.062007522924506064,0.06600274256693994,52.7561514268937,82.7434406403317,-70.46990344960099,36.08394393301206
4DoF_V22_3_3x3_grid_4Nm_curriculum1_extended_active_passive_selector,20260719,1044,1.0,touchdown,active_full,v22_3_active_full_4Nm_grid,oracle_best_cmt,,1.0,4.0,0.2,0.4,0.02,True,True,success,7,7,0.03749859902729978,0.0,0.03626007839476783,0.0012385206325319503,0.020791722488949754,0.07227797609461958,0.0,0.06989074651823816,0.002387229576381416,58.8004128949067,17.984577387901677,72.13746503703955,60.395628074185595,-0.5008920242177108,-0.494349550355496,0.5991142252804695,0.027510616059444826,45.590033921274824,34.72908329266957,61.262675628444576,54.39729602299609
4DoF_V22_3_3x3_grid_4Nm_curriculum1_extended_active_passive_selector,20260702,668,-1.0,mid_cross,active_full,v22_3_active_full_4Nm_grid,oracle_best_cmt,,1.0,4.0,0.2,0.4,0.01,True,True,success,14,14,3.5598453948470947,0.0,3.5473216372968635,0.012523757550231178,0.020662381870246816,6.904498882863983,0.0,6.8802084262784255,0.02429045658555761,75.16463156377762,36.34228285809472,3.617664849294284,93.74885149140451,-0.24316418606418222,0.9826315884627013,0.4098773582779569,-0.4414955115543574,37.99249029523377,102.50112883489965,-77.2987714913442,50.474067263683814
4DoF_V22_3_3x3_grid_4Nm_curriculum1_extended_active_passive_selector,20260803,1634,1.0,mid_cross,active_full,v22_3_active_full_4Nm_grid,oracle_best_cmt,,1.0,4.0,0.2,0.35,0.01,True,True,success,12,12,1.1277847157169367,0.0,1.098601722064931,0.029182993652005773,0.020662005737875744,2.187434901584197,0.0,2.130831989736321,0.05660291184787585,50.388526488689344,31.661828055937487,24.362578574438903,94.65180601603949,0.08182419490829407,0.5724741244646339,-0.47660767197842,-0.05989666285114659,42.264087895150865,46.590462112170755,46.59838345549613,57.91192582379804
4DoF_V22_3_3x3_grid_4Nm_curriculum1_extended_active_passive_selector,20260719,1232,-1.0,touchdown,active_full,v22_3_active_full_4Nm_grid,oracle_best_cmt,,1.0,4.0,0.2,0.35,0.0,True,True,success,5,5,0.07266765926720378,0.0,0.060416659041309856,0.012251000225893923,0.02065974296678788,0.1409605766164556,0.0,0.11719611146944459,0.023764465147011,80.19436582667406,50.65844461168416,-47.18343288743096,58.065516131747565,0.9453004879554969,0.638263656271721,-0.5130014626167931,0.23131049138428994,81.38056783884073,56.315565236634846,-50.93508382379769,53.434146728955064
4DoF_V22_3_3x3_grid_4Nm_curriculum1_extended_active_passive_selector,20260702,9,1.0,touchdown,active_full,v22_3_active_full_4Nm_grid,oracle_best_cmt,,1.0,4.0,0.2,0.3,0.0,True,True,success,5,5,0.09937608306632756,0.002194964241185365,0.09718111882514219,0.0,0.02060463809067392,0.19328506363968256,0.004269174130773266,0.1890158895089093,0.0,47.71778750380839,37.98538097665226,47.78480175767103,61.25158985027718,-0.40808381073669464,-0.9556718816555063,-0.7299946172610385,-0.49211036810685593,43.718232678808754,39.04691992205593,49.421005047760055,64.65858292927953
4DoF_V22_3_3x3_grid_4Nm_curriculum1_extended_active_passive_selector,20260803,1702,1.0,touchdown,active_full,v22_3_active_full_4Nm_grid,oracle_best_cmt,,1.0,4.0,0.2,0.4,0.0,True,True,success,9,9,0.2400103905019329,0.0,0.2343728887436528,0.005637501758280089,0.020488749260963057,0.469457202435778,0.0,0.45843032231348746,0.011026880122290524,56.932244410577354,16.292706814699265,70.08472342336434,52.59124623099498,-0.8489656066752891,0.657118145685252,0.49157104993271017,-0.18737311274224755,38.53381640565185,41.47701211373652,58.41466249934245,50.56980083614048
4DoF_V22_3_3x3_grid_4Nm_curriculum1_extended_active_passive_selector,20260702,487,-1.0,touchdown,active_full,v22_3_active_full_4Nm_grid,oracle_best_cmt,,1.0,4.0,0.2,0.35,0.0,True,True,success,7,7,0.20194250136535533,0.010494154266589277,0.1862974774731161,0.005150869625649947,0.020240043261949885,0.39985055706848377,0.020778654325305877,0.36887306854394675,0.010198834199231123,57.04304711378813,65.14203282028593,-57.973470189380826,41.90629082237595,0.877920789806107,0.3510081214815055,0.9890182484118957,-0.36601038285161946,55.13892402405038,76.90281867083904,-61.79798270328604,37.99212627833403
4DoF_V22_3_3x3_grid_4Nm_curriculum1_extended_active_passive_selector,20260719,905,1.0,touchdown,active_full,v22_3_active_full_4Nm_grid,oracle_best_cmt,,1.0,4.0,0.2,0.35,0.01,True,True,success,9,9,0.250895729812057,0.0,0.24790248374417495,0.002993246067882041,0.02022157107036665,0.4972328194475315,0.0,0.4913007129794456,0.005932106468085855,62.395557953624824,18.059452031497297,66.69451897112555,55.1981836998473,-0.9088675504488855,0.6858266899185148,-0.014686135461828176,-0.4675206591625596,42.84810017061459,45.76736316519826,50.73224328896914,49.86724008843994
4DoF_V22_3_3x3_grid_4Nm_curriculum1_extended_active_passive_selector,20260702,504,-1.0,touchdown,active_full,v22_3_active_full_4Nm_grid,oracle_best_cmt,,1.0,4.0,0.2,0.35,0.0,True,True,success,7,7,0.3461830608578144,0.006003195312255489,0.30950209050795713,0.030677775037601777,0.02017755350811798,0.6875728450375717,0.01192326993104679,0.6147187918100829,0.0609307832964419,67.21901928832018,52.57413263780881,-49.63760624553712,33.05036351071148,0.5316290612202921,0.6725473961994137,-0.42215526874117093,-0.2229769403937064,64.2195121531315,65.8551445321143,-55.479239410378625,39.35447121522371
4DoF_V22_3_3x3_grid_4Nm_curriculum1_extended_active_passive_selector,20260803,2142,-1.0,touchdown,active_full,v22_3_active_full_4Nm_grid,oracle_best_cmt,,1.0,4.0,0.2,0.4,0.02,True,True,success,7,7,0.15690318242216608,0.00811127133041173,0.0957531550458768,0.05303875604587756,0.02013511685373426,0.3122906693114908,0.016144187221938288,0.1905813280288149,0.10556515406073762,67.35782833997953,55.36205665559976,-65.50387092761096,24.363526392715592,0.7307075130761784,0.6221669197142783,0.5591191777920292,0.05894720485600691,67.52364692186082,65.15351499654248,-58.92102117194276,44.416493401300286
4DoF_V22_3_3x3_grid_4Nm_curriculum1_extended_active_passive_selector,20260803,1486,1.0,pre_cross,active_full,v22_3_active_full_4Nm_grid,oracle_best_cmt,,1.0,4.0,0.2,0.3,0.01,True,True,success,13,13,2.9097966709070056,0.03390760292605383,2.8304291640103285,0.045459903970623244,0.020093402524007264,5.803507750503183,0.06762776188103861,5.645211486706371,0.09066850191577323,49.83770400353435,32.97500510776517,-19.971997020577252,81.73464498088735,0.8959238317826395,-0.0939642386778452,0.8961336643003177,-0.005513942299639085,59.24105364987326,25.179994906983246,38.182051770047146,25.36084925501832
4DoF_V22_3_3x3_grid_4Nm_curriculum1_extended_active_passive_selector,20260803,2026,-1.0,touchdown,active_full,v22_3_active_full_4Nm_grid,oracle_best_cmt,,1.0,4.0,0.2,0.35,0.02,True,True,success,8,8,0.04664024290469673,0.006937544876920685,0.0,0.03970269802777605,0.020056076104724208,0.09319577949758243,0.013862490037310127,0.0,0.0793332894602723,76.74393265807566,41.71001151815329,-51.739653606582536,40.867819691721756,0.7903922013026141,-0.2076931022812385,-0.3509402274228879,0.2707166763497171,74.28598441166676,53.39644348098307,-59.81699796414466,29.366265660945167
4DoF_V22_3_3x3_grid_4Nm_curriculum1_extended_active_passive_selector,20260803,1582,1.0,touchdown,active_full,v22_3_active_full_4Nm_grid,oracle_best_cmt,,1.0,4.0,0.2,0.35,0.0,True,True,success,4,4,0.012563818864010718,0.0003749734818381493,0.0,0.012188845382172568,0.019920423839838747,0.025275776263582322,0.000754368232645146,0.0,0.024521408030937174,54.80064087305736,19.48179514700526,62.30691796428722,52.79018710095199,-0.9306328380852171,-0.6384820270006475,0.38354970051312165,0.1803073017863861,50.00603869535371,22.020015434022262,61.763866546994336,56.28203020014123
4DoF_V22_3_3x3_grid_4Nm_curriculum1_extended_active_passive_selector,20260719,1073,1.0,touchdown,active_full,v22_3_active_full_4Nm_grid,oracle_best_cmt,,1.0,4.0,0.2,0.4,0.02,True,True,success,7,7,0.06341201741817254,0.0,0.05424337221993047,0.009168645198242073,0.019527346228989273,0.13013968589099514,0.0,0.11132299065361484,0.018816695237380308,49.25741431178484,35.50463398136887,66.24935122852449,49.611711601072535,-0.9252126842707173,0.26277324200981633,0.2221214944026113,0.47110917246667294,37.784539413577946,48.53620847191649,59.55632190455482,51.08782607355949
4DoF_V22_3_3x3_grid_4Nm_curriculum1_extended_active_passive_selector,20260719,1287,-1.0,mid_cross,active_full,v22_3_active_full_4Nm_grid,oracle_best_cmt,,1.0,4.0,0.2,0.35,0.02,True,True,success,9,9,0.9662991055689764,0.0,0.9405747066909043,0.02572439887807212,0.019482599902157005,1.9876782072392005,0.0,1.9347630935341487,0.05291511370505207,89.1186792816701,34.73144123231945,-14.966657341001978,82.48811565281278,0.6036681551698164,-0.30621336488592377,-0.8902657504094262,0.07589281361806732,77.55519487793433,61.56615913095184,-50.946813302166696,62.63332630185813
4DoF_V22_3_3x3_grid_4Nm_curriculum1_extended_active_passive_selector,20260702,127,1.0,touchdown,active_full,v22_3_active_full_4Nm_grid,oracle_best_cmt,,1.0,4.0,0.2,0.35,0.0,True,True,success,7,7,0.09500670654108916,0.0009791340512780467,0.09027881296805877,0.0037487595217523344,0.01944975022084916,0.19575895835161453,0.0020174813857155457,0.18601725111062684,0.00772422585527214,56.104985675719554,17.271076131090442,68.23252440782598,58.78185133721425,-0.1480807256892156,-0.9448585061473995,0.2962453445202211,-0.24457913413706878,45.756477191020394,29.000481666234577,59.900218635024416,57.99452683897442
4DoF_V22_3_3x3_grid_4Nm_curriculum1_extended_active_passive_selector,20260803,1933,-1.0,touchdown,active_full,v22_3_active_full_4Nm_grid,oracle_best_cmt,,1.0,4.0,0.2,0.35,0.0,True,True,success,6,6,0.36353356530614134,0.0041895591318634,0.2739377297394499,0.08540627643482801,0.01943598929911195,0.7495822172197387,0.008638594404868064,0.5648415179085791,0.17610210490629158,59.434997624479934,64.28588312641102,-63.71405649104104,13.692351541137306,0.7638996847646604,0.6888131169854423,-0.28916248358867613,0.2623434794861552,60.12718492996641,71.90349868844217,-58.04049049871494,43.1896060024977
4DoF_V22_3_3x3_grid_4Nm_curriculum1_extended_active_passive_selector,20260719,1203,-1.0,touchdown,active_full,v22_3_active_full_4Nm_grid,oracle_best_cmt,,1.0,4.0,0.2,0.35,0.0,True,True,success,6,6,0.07655037277045908,0.009128568821237566,0.052556391402813034,0.014865412546408474,0.01940856345030352,0.15806485915053808,0.018849104096482324,0.10852094253618058,0.030694812517875158,56.75543070441042,66.39075468105139,-70.15167321969305,20.297276260929863,0.710912799228471,0.8762046195441877,0.7339132283550287,0.4119526658870756,55.774196614261356,76.30403647188663,-71.18741943192339,23.818652130180464
4DoF_V22_3_3x3_grid_4Nm_curriculum1_extended_active_passive_selector,20260702,130,1.0,touchdown,active_full,v22_3_active_full_4Nm_grid,oracle_best_cmt,,1.0,4.0,0.2,0.35,0.0,True,True,success,7,7,0.07972794940350574,0.0008199683238332972,0.06547208827422805,0.01343589280544438,0.01936131294113469,0.1650278342056092,0.0016972416525422712,0.13551981469047067,0.027810777862596267,45.56035977038382,20.14339674149073,74.84197722670557,72.3634014402391,-0.10438297453523715,-0.8565224564983802,0.9122311277127249,-0.3037404557895147,36.5271262164956,29.246113006915422,72.65718454732465,77.08278309718004
4DoF_V22_3_3x3_grid_4Nm_curriculum1_extended_active_passive_selector,20260803,2159,-1.0,touchdown,active_full,v22_3_active_full_4Nm_grid,oracle_best_cmt,,1.0,4.0,0.2,0.4,0.02,True,True,success,8,8,0.281540779600725,0.00910872052893206,0.26280405820389974,0.009628000867893158,0.019292840078298387,0.584825842296742,0.018920936296095273,0.5459053033669368,0.01999960263370983,63.864443473577424,64.84097651324342,-81.80448562837427,15.254121233581882,0.6688280057784397,0.4732012728053314,-0.05473263135161477,0.0769310297355017,65.22417611385538,72.96563378886658,-71.78892457077028,40.134020867996334
4DoF_V22_3_3x3_grid_4Nm_curriculum1_extended_active_passive_selector,20260702,553,-1.0,mid_cross,active_full,v22_3_active_full_4Nm_grid,oracle_best_cmt,,1.0,4.0,0.2,0.35,0.01,True,True,success,13,13,1.4912095262857084,0.018469548500307055,1.4653777528205818,0.00736222496481952,0.019274129501270637,3.1005968913581836,0.03840280232616302,3.0468861853223004,0.015307903709720145,67.43614207889959,34.167287076526065,-22.56921473432113,44.754712903723615,0.14311554662015746,0.22328887894964344,-0.6579667011747683,-0.15547363090238608,39.57324859300317,85.17645746664468,-68.24635002512794,24.029008025034372
4DoF_V22_3_3x3_grid_4Nm_curriculum1_extended_active_passive_selector,20260719,1340,-1.0,touchdown,active_full,v22_3_active_full_4Nm_grid,oracle_best_cmt,,1.0,4.0,0.2,0.4,0.0,True,True,success,8,8,0.529899613737486,0.018243749569989844,0.508555008852202,0.003100855315294153,0.019210392839045257,1.1054491433487397,0.03805916594535446,1.0609211335637698,0.006468843839615384,74.804515794539,50.992215594344195,-48.19136159787664,53.14919828433969,0.6722679723722589,0.23411157720343367,0.34805254853263956,-0.49152906910256655,70.3480712402564,67.70666273277041,-59.27391907470027,48.375431482409105
4DoF_V22_3_3x3_grid_4Nm_curriculum1_extended_active_passive_selector,20260702,88,1.0,touchdown,active_full,v22_3_active_full_4Nm_grid,oracle_best_cmt,,1.0,4.0,0.2,0.3,0.02,True,True,success,5,5,0.09982204207436957,0.0005943944563100859,0.09278300155215309,0.006444646065906393,0.019025041627845657,0.21027238701410927,0.001252075579290986,0.19544484169307905,0.013575469741739246,62.50450642258783,18.732230126386945,56.865050758227845,52.15919196383055,-0.5157083432092655,-0.7841869172123108,0.3139948905578547,-0.07980219342941786,56.16503314201443,24.48669543570223,52.81679115921233,51.55479648389762
4DoF_V22_3_3x3_grid_4Nm_curriculum1_extended_active_passive_selector,20260702,104,1.0,touchdown,active_full,v22_3_active_full_4Nm_grid,oracle_best_cmt,,1.0,4.0,0.2,0.3,0.02,True,True,success,6,6,0.013024030544900712,0.0020489591299860037,0.0,0.010975071414914708,0.01856201913643782,0.028119111931938296,0.0044237389432875114,0.0,0.023695372988650782,52.79906291513813,16.75195949651661,68.97774413922255,82.04453524807029,-0.20410713043897455,-0.7455674686252907,-0.29786076399385153,-0.3326785262185621,49.30429304720963,17.167715651882872,67.05870824518844,76.41204834585355
4DoF_V22_3_3x3_grid_4Nm_curriculum1_extended_active_passive_selector,20260719,840,1.0,touchdown,active_full,v22_3_active_full_4Nm_grid,oracle_best_cmt,,1.0,4.0,0.2,0.3,0.02,True,True,success,4,4,0.05053545497846718,0.0006544832597738309,0.04585062045390938,0.004030351264783971,0.018555917411283346,0.10914281721541112,0.0014135055640139861,0.09902485076163865,0.00870446088975848,62.54520129112539,17.814396276201325,56.73539955635272,46.764745258021115,-0.777715246429479,-0.7888152535117845,-0.537576418519425,0.4326779130123376,58.879973617209046,18.718481997835315,54.76571892903363,49.93198350577554
4DoF_V22_3_3x3_grid_4Nm_curriculum1_extended_active_passive_selector,20260719,1260,-1.0,touchdown,active_full,v22_3_active_full_4Nm_grid,oracle_best_cmt,,1.0,4.0,0.2,0.35,0.01,True,True,success,8,8,0.0931540126150908,0.008212092628254094,0.05695624596160848,0.02798567402522822,0.0185204381134344,0.20157270386371912,0.017769859493828522,0.12324562493992426,0.060557219429966315,70.95652683190535,48.90918004234483,-46.78950983781793,46.19350004961301,0.8241052165408558,-0.2948727868709453,-0.1826721092756487,-0.102796649925742,68.27080989115089,60.61876479731888,-54.53249768312136,37.596560973529435
4DoF_V22_3_3x3_grid_4Nm_curriculum1_extended_active_passive_selector,20260719,1434,-1.0,mid_cross,active_full,v22_3_active_full_4Nm_grid,oracle_best_cmt,,1.0,4.0,0.2,0.4,0.02,True,True,success,12,12,1.501091525852446,0.0,1.4475484691173761,0.0535430567350699,0.01849717107931294,3.2522451176511504,0.0,3.1362394365506185,0.11600568110053186,58.01362842459924,70.11605199478707,-17.14955359260561,94.63303004713616,0.12839905094553905,0.025421704581032767,-0.17740055091256957,0.34939398913620323,37.59033181111671,104.2471086087408,-76.11911924492742,58.08604146857046
4DoF_V22_3_3x3_grid_4Nm_curriculum1_extended_active_passive_selector,20260803,1902,-1.0,touchdown,active_full,v22_3_active_full_4Nm_grid,oracle_best_cmt,,1.0,4.0,0.2,0.3,0.02,True,True,success,6,6,0.13377860959899446,0.0,0.1256095575145478,0.008169052084446668,0.01845234160132307,0.2905471384135067,0.0,0.2728051786652219,0.017741959748284842,63.16122773867714,52.77683019833052,-41.278250475532026,49.53459783528226,0.7407675466287116,0.3916647101528532,-0.07973056828549407,0.4863238924879716,61.713761865874666,61.54380442534979,-46.68170674669673,43.47215072828551
4DoF_V22_3_3x3_grid_4Nm_curriculum1_extended_active_passive_selector,20260702,661,-1.0,touchdown,active_full,v22_3_active_full_4Nm_grid,oracle_best_cmt,,1.0,4.0,0.2,0.4,0.01,True,True,success,10,10,0.10146717483561848,0.0014690553964564245,0.09720128260147734,0.002796836837684725,0.018404089361837753,0.2209493079366859,0.003198933780245151,0.21166013694722122,0.006090237209219548,63.02350513493666,70.44614260444035,-73.22262643984992,41.903559492307906,0.8152771552359432,-0.4100137378102269,-0.7079653809142135,0.09900205119902039,63.22412192356022,79.6606338692972,-73.16303130119518,45.79377778179332
4DoF_V22_3_3x3_grid_4Nm_curriculum1_extended_active_passive_selector,20260719,1380,-1.0,touchdown,active_full,v22_3_active_full_4Nm_grid,oracle_best_cmt,,1.0,4.0,0.2,0.4,0.01,True,True,success,11,11,0.22210242738242786,0.01291988119800247,0.19429069172479196,0.014891854459633435,0.018298804652667935,0.4864206397971948,0.028295489394247482,0.4255108946318972,0.03261425577105019,72.51854720372205,51.19873728472633,-69.98710103830952,15.480957005430794,0.4935125237349436,-0.007715440650408079,-0.6975782068007934,0.4075588213091502,69.26613293049029,67.10473701533229,-69.32884042406127,32.85162623884636
4DoF_V22_3_3x3_grid_4Nm_curriculum1_extended_active_passive_selector,20260803,2114,-1.0,mid_cross,active_full,v22_3_active_full_4Nm_grid,oracle_best_cmt,,1.0,4.0,0.2,0.4,0.01,True,True,success,11,11,1.7855036035491796,0.012851633669435019,1.7520887580885611,0.020563211791183277,0.018145876501504316,3.943339696768556,0.028383228751974108,3.869541981488496,0.04541448652808546,68.71929415473926,69.98213890382196,-24.62948299816088,87.36063513383472,0.6373038686982433,-0.915592163751596,-0.6293701778595111,-0.23668536912377447,57.88829613053236,92.96423328992368,-69.02504111794485,71.8118292103741
4DoF_V22_3_3x3_grid_4Nm_curriculum1_extended_active_passive_selector,20260719,941,1.0,touchdown,active_full,v22_3_active_full_4Nm_grid,oracle_best_cmt,,1.0,4.0,0.2,0.35,0.02,True,True,success,5,5,0.11772117583426622,0.0,0.1130900456263382,0.004631130207928016,0.018112005189307695,0.26047705191107884,0.0,0.2502299308215331,0.010247121089545735,53.27990717159902,34.870673331729655,58.72608398130177,65.04065610476671,-0.9160095524921905,-0.3296300203113516,0.9313071644154072,-0.21007003082259512,46.1327708342714,41.713212133305625,50.24551323411777,47.951078430014064
4DoF_V22_3_3x3_grid_4Nm_curriculum1_extended_active_passive_selector,20260702,266,1.0,touchdown,active_full,v22_3_active_full_4Nm_grid,oracle_best_cmt,,1.0,4.0,0.2,0.4,0.0,True,True,success,6,6,0.24917852765081785,0.0,0.24436975404777705,0.004808773603040788,0.018039947296286496,0.5535498805949257,0.0,0.5428671942540647,0.01068268634086105,59.42326764680247,22.032127000883442,63.17302131605025,52.72590458917024,-0.7511196140000382,-0.46810579308136324,-0.10075182363253243,0.22542482477902004,47.64428707531897,36.31788606247156,45.06087359235746,25.122014947960107
4DoF_V22_3_3x3_grid_4Nm_curriculum1_extended_active_passive_selector,20260702,671,-1.0,touchdown,active_full,v22_3_active_full_4Nm_grid,oracle_best_cmt,,1.0,4.0,0.2,0.4,0.01,True,True,success,7,7,0.2520218826757175,0.014789791203340358,0.18559217236566553,0.05163991910671164,0.017852726142711155,0.5657376980451085,0.033200063189400775,0.41661655430312006,0.11592108055258771,56.59775248559429,68.53032024981805,-69.48157550093529,22.33107271480999,0.7959461570536521,0.3373283449433464,0.446824685312331,-0.3031157270450482,56.06245657936593,78.2196027588586,-65.92106150186237,41.35896651588733
4DoF_V22_3_3x3_grid_4Nm_curriculum1_extended_active_passive_selector,20260803,1503,1.0,touchdown,active_full,v22_3_active_full_4Nm_grid,oracle_best_cmt,,1.0,4.0,0.2,0.3,0.01,True,True,success,6,6,0.10154132273407597,0.002725645548876632,0.09671476566023159,0.002100911524967745,0.01783505765040619,0.22816535939559837,0.006124579427363996,0.21731999024198673,0.004720789726247625,55.67611630781162,19.556344289204326,54.65626119726307,63.77735351078817,-0.09829417697593201,-0.7330309407308859,0.3465717263665167,0.48925214941218553,51.99931505259379,21.28749583688815,55.92904084075613,63.13905702728663
4DoF_V22_3_3x3_grid_4Nm_curriculum1_extended_active_passive_selector,20260719,1409,-1.0,mid_cross,active_full,v22_3_active_full_4Nm_grid,oracle_best_cmt,,1.0,4.0,0.2,0.4,0.02,True,True,success,13,13,2.6973501213510667,0.0162772011473973,2.635895562740585,0.04517735746308426,0.01779090605662935,6.076040590396358,0.03666596119160609,5.937608286178044,0.10176634302670827,75.59511750533434,50.02053492349028,-24.357459221445705,65.58589000022279,0.6597480435685765,-0.6804687787653554,0.2980563973822541,0.2562864491391722,59.01247237899359,87.77207931759304,-63.664538979904336,72.43173405427095
4DoF_V22_3_3x3_grid_4Nm_curriculum1_extended_active_passive_selector,20260719,1143,-1.0,touchdown,active_full,v22_3_active_full_4Nm_grid,oracle_best_cmt,,1.0,4.0,0.2,0.3,0.01,True,True,success,4,4,0.012200900852330165,0.0,0.0,0.012200900852330165,0.017754216232102413,0.027540498913931354,0.0,0.0,0.027540498913931354,60.50882525887699,56.52548578220432,-49.24809161016678,34.35988457302598,0.9191575819703732,0.7124222305475671,-0.7047116227376091,0.1485725947662243,60.96981940849815,61.158742552312916,-53.42252058897796,28.849134381287833
4DoF_V22_3_3x3_grid_4Nm_curriculum1_extended_active_passive_selector,20260702,4,1.0,touchdown,active_full,v22_3_active_full_4Nm_grid,oracle_best_cmt,,1.0,4.0,0.2,0.3,0.0,True,True,success,5,5,0.10085128649989641,0.0,0.090460657833108,0.01039062866678842,0.01762951842306784,0.22925689391218929,0.0,0.2056367365833553,0.023620157328834,54.908059785390925,21.313759138702984,61.74329484257774,64.6835834156522,-0.9551598553085852,-0.1054132594870325,-0.871233472203875,0.19543372275914028,47.760425835863025,27.925213283134532,54.35336447684916,58.73744275836989
4DoF_V22_3_3x3_grid_4Nm_curriculum1_extended_active_passive_selector,20260803,1828,-1.0,mid_cross,active_full,v22_3_active_full_4Nm_grid,oracle_best_cmt,,1.0,4.0,0.2,0.3,0.0,True,True,success,11,11,2.3777448483983226,0.01580241891723591,2.3617200131534046,0.0002224163276818765,0.017619788025180022,5.408115779100234,0.03594217064620004,5.371667728585519,0.000505879868513285,73.02531839652565,47.43057801868513,4.8641802801638105,92.42805438487584,0.3261252159328336,-0.08920809993630652,0.5016299912349445,0.36122955307412574,53.59703086187611,83.47052334172403,-50.25025524342066,66.55208589660377
4DoF_V22_3_3x3_grid_4Nm_curriculum1_extended_active_passive_selector,20260702,314,1.0,touchdown,active_full,v22_3_active_full_4Nm_grid,oracle_best_cmt,,1.0,4.0,0.2,0.4,0.01,True,True,success,5,5,0.013561087302042057,0.00011183111659171443,0.0,0.013449256185450342,0.017578156079971097,0.030917374458442615,0.00025495923968066694,0.0,0.030662415218761944,51.60754886465172,15.814057064022684,77.47714082664622,58.370664696228346,-0.5771000868035929,-0.465640160043177,0.1674252180638658,-0.26633665145123586,46.011612750145744,20.130687280841098,75.74831669072212,62.22231167084669
4DoF_V22_3_3x3_grid_4Nm_curriculum1_extended_active_passive_selector,20260803,2017,-1.0,touchdown,active_full,v22_3_active_full_4Nm_grid,oracle_best_cmt,,1.0,4.0,0.2,0.35,0.02,True,True,success,8,8,0.03987983827224213,0.009533853383894193,0.0,0.030345984888347943,0.01756128155350723,0.0910077952043724,0.021756732571151773,0.0,0.06925106263322063,65.57121045280336,50.4027645592266,-56.69149848683092,31.47455368333038,0.7661160886256619,-0.15462125209709843,0.05347716416951531,0.012727966964729442,62.077440885457236,63.02881761986984,-64.27698926622946,20.525687037397407
4DoF_V22_3_3x3_grid_4Nm_curriculum1_extended_active_passive_selector,20260702,583,-1.0,touchdown,active_full,v22_3_active_full_4Nm_grid,oracle_best_cmt,,1.0,4.0,0.2,0.35,0.02,True,True,success,5,5,0.18385076223233573,0.007036905096528784,0.17363985053952924,0.0031740065962776987,0.01755977278059946,0.419592728521634,0.016059950875096204,0.39628891272094763,0.007243864925590111,64.75790487300358,58.75304178598614,-44.24449505300424,53.85223840745578,0.6885893082167363,0.8228625538794212,-0.21827297473956153,0.2776901715050054,64.03035237600764,66.47755191419482,-48.717812097551295,53.565581189915974
4DoF_V22_3_3x3_grid_4Nm_curriculum1_extended_active_passive_selector,20260719,1419,-1.0,touchdown,active_full,v22_3_active_full_4Nm_grid,oracle_best_cmt,,1.0,4.0,0.2,0.4,0.02,True,True,success,7,7,0.21800111524650947,0.0037432440068450013,0.18401445454609766,0.030243416693566817,0.017439406230198753,0.5009662075340635,0.008601968626918654,0.42286491663663117,0.06949932227051368,70.36956090488373,50.707684393554636,-65.54567340915287,16.134026280123674,0.39242348744008515,0.8578293665542072,-0.4495129783693501,-0.26070277389422636,70.24420877307722,59.45636630258413,-59.276020145530936,36.800617842525504
4DoF_V22_3_3x3_grid_4Nm_curriculum1_extended_active_passive_selector,20260803,2138,-1.0,touchdown,active_full,v22_3_active_full_4Nm_grid,oracle_best_cmt,,1.0,4.0,0.2,0.4,0.02,True,True,success,5,5,0.04016330296644974,0.005269641639746327,0.02090443346273472,0.013989227863968695,0.01743736751962177,0.09230599556168821,0.012111043711132039,0.048043970488251056,0.03215098136230512,56.392726264241716,76.75520256635382,-75.51546747367448,44.0814183310963,0.8822589035315109,0.9889618672454179,0.549819629352867,-0.12133873166158671,57.374420735056,83.19839664082896,-75.34464836839798,43.28391967723191
4DoF_V22_3_3x3_grid_4Nm_curriculum1_extended_active_passive_selector,20260719,951,1.0,touchdown,active_full,v22_3_active_full_4Nm_grid,oracle_best_cmt,,1.0,4.0,0.2,0.35,0.02,True,True,success,5,5,0.06088263887118506,0.0,0.0538316061743283,0.00705103269685676,0.01741516469995044,0.1401029540746197,0.0,0.12387713784158005,0.016225816233039637,69.48197393145452,12.604825172386503,52.81733823575321,39.586596179265754,-0.8020491456764061,-0.08378922622908913,0.6146083202186636,-0.2895299744441542,59.97069302799401,24.99480603712523,43.633938591684036,25.882779522217444
4DoF_V22_3_3x3_grid_4Nm_curriculum1_extended_active_passive_selector,20260702,653,-1.0,touchdown,active_full,v22_3_active_full_4Nm_grid,oracle_best_cmt,,1.0,4.0,0.2,0.4,0.01,True,True,success,7,7,0.25016218959838876,0.004392694784816706,0.24149196723771246,0.004277527575859599,0.017263709964744217,0.5807228956021334,0.010197138260703719,0.5605959665770497,0.009929790764380006,82.56420908646344,50.41489319109159,-65.68907378511675,35.19950244877016,0.8304625922411415,-0.21204816827879247,-0.12804439604618922,0.15513873473094142,85.9731174990974,52.67936834557171,-57.00695296752666,51.35036463941317
4DoF_V22_3_3x3_grid_4Nm_curriculum1_extended_active_passive_selector,20260803,1775,1.0,touchdown,active_full,v22_3_active_full_4Nm_grid,oracle_best_cmt,,1.0,4.0,0.2,0.4,0.02,True,True,success,5,5,0.07072970706623313,0.0003601032796407753,0.0627893341077732,0.007580269678819166,0.017115603977472,0.16561170973282208,0.0008431721591305249,0.14701953967992762,0.01774899789376394,57.97866028138128,27.30754320799616,51.94350873193385,31.76029165068985,-0.4525769072599044,-0.7055064581101376,0.5272521499922243,-0.38936174810022994,51.99720900552426,32.97244640221071,49.58845038778306,32.76385608780952
4DoF_V22_3_3x3_grid_4Nm_curriculum1_extended_active_passive_selector,20260803,1954,-1.0,mid_cross,active_full,v22_3_active_full_4Nm_grid,oracle_best_cmt,,1.0,4.0,0.2,0.35,0.0,True,True,success,12,12,2.1395221460616933,0.014721170315091802,2.059228018653008,0.06557295709359329,0.017110351732221862,5.011171422939836,0.034479805750555245,4.8231071687600195,0.15358444842926136,79.60161746879996,38.41819823788924,-23.04819172363006,48.651288192080514,0.5322686267659844,-0.3801187050926542,-0.15985935848986488,-0.35879549675643496,63.452503189621005,75.41145050418643,-52.336042527257,61.59637451023816
4DoF_V22_3_3x3_grid_4Nm_curriculum1_extended_active_passive_selector,20260803,1555,1.0,touchdown,active_full,v22_3_active_full_4Nm_grid,oracle_best_cmt,,1.0,4.0,0.2,0.3,0.02,True,True,success,8,8,0.09747515583537465,0.004919175432557667,0.08435836134078507,0.008197619062031907,0.016985671267873842,0.2299813579392585,0.011606225568202533,0.19903379818597475,0.019341334185081195,49.3232834129342,25.302192220211385,57.78470908596183,80.04574429602758,0.35313694418128216,-0.824794304063774,-0.03716486576254052,-0.15376738665167955,45.13363311350959,28.428909144762883,60.52503481753148,75.69286123777104
4DoF_V22_3_3x3_grid_4Nm_curriculum1_extended_active_passive_selector,20260702,163,1.0,touchdown,active_full,v22_3_active_full_4Nm_grid,oracle_best_cmt,,1.0,4.0,0.2,0.35,0.01,True,True,success,6,6,0.09065111280535283,0.0003817627330805754,0.07820108199955589,0.012068268072716371,0.01686261348666329,0.21544164909078042,0.0009072982143405744,0.18585287643234344,0.028681474444096425,46.2332598878761,36.815330804711195,57.301701445494146,73.79453697811785,-0.3427651771854028,-0.5808168087928764,-0.7124084256368788,0.41232056907724046,40.33361346292939,41.5599026344391,54.085608215740486,70.33607821363672
4DoF_V22_3_3x3_grid_4Nm_curriculum1_extended_active_passive_selector,20260803,1617,1.0,touchdown,active_full,v22_3_active_full_4Nm_grid,oracle_best_cmt,,1.0,4.0,0.2,0.35,0.01,True,True,success,7,7,0.06070780739060353,0.0,0.05845248069635516,0.002255326694248368,0.01680373950583558,0.14478381556742098,0.0,0.13940502133683114,0.005378794230589831,60.47472296437406,23.418606060573556,59.39703468604742,48.394272654499254,-0.6389269790700514,-0.059812062897601104,-0.04913073041711069,0.45103574967352245,47.845282138323206,39.99090239328731,46.81436318178805,42.68511959916707
4DoF_V22_3_3x3_grid_4Nm_curriculum1_extended_active_passive_selector,20260702,646,-1.0,touchdown,active_full,v22_3_active_full_4Nm_grid,oracle_best_cmt,,1.0,4.0,0.2,0.4,0.01,True,True,success+touchdown_event,7,7,0.5647456777815554,0.00746918651338674,0.531847103776748,0.025429387491420517,0.01664955384262161,1.3593513600529563,0.017978444536920844,1.2801639964720424,0.06120891904399288,58.36649928717499,75.92550374186453,-60.44373386771363,50.22005733373248,0.6176458616083014,0.6092829807075104,0.06441182958662939,-0.10798853808897424,56.743901332481265,86.93146197281837,-66.07922102745972,56.754307045289565
4DoF_V22_3_3x3_grid_4Nm_curriculum1_extended_active_passive_selector,20260719,1414,-1.0,mid_cross,active_full,v22_3_active_full_4Nm_grid,oracle_best_cmt,,1.0,4.0,0.2,0.4,0.02,True,True,success,14,14,2.401243260185295,0.026666276357036812,2.344541913824559,0.030035070003698944,0.016574604044122268,5.805964916273129,0.0644763766935684,5.668866758358683,0.07262178122087766,71.57379127840446,38.77944034614259,-19.041628688640607,53.397863730915574,0.05267299534582848,0.20031531952364223,-0.6411180479766307,0.2998868999236354,42.43527465631074,92.74633062380248,-71.92862085377027,44.41691080287732
4DoF_V22_3_3x3_grid_4Nm_curriculum1_extended_active_passive_selector,20260702,682,-1.0,touchdown,active_full,v22_3_active_full_4Nm_grid,oracle_best_cmt,,1.0,4.0,0.2,0.4,0.02,True,True,success,6,6,0.23178016855367875,0.006434746138233202,0.20404244170598013,0.02130298070946543,0.016566547093764122,0.5606937117412748,0.015566136304380317,0.4935940581404107,0.05153351729648386,53.656819613869146,77.79322838245939,-83.21111138306158,21.80907372011216,0.9012143245741775,0.4565577721022247,0.3671039184027154,0.39649191819692076,55.460234870883404,83.02179323899935,-76.9666367703557,36.30868722909912
4DoF_V22_3_3x3_grid_4Nm_curriculum1_extended_active_passive_selector,20260803,1483,1.0,touchdown,active_full,v22_3_active_full_4Nm_grid,oracle_best_cmt,,1.0,4.0,0.2,0.3,0.01,True,True,success,8,7,0.13299571096399587,0.0,0.08974516069246959,0.04325055027152629,0.016492642206001773,0.32316834080805656,0.0,0.21807315789596662,0.10509518291208994,55.87881041642728,25.890745162603906,55.44671654072259,76.27014794253654,-0.4611221111684063,0.15799629245386804,0.04621894102474,0.40369192926997777,45.39734817854144,39.40276929960022,47.43973789889611,59.253555482307924
4DoF_V22_3_3x3_grid_4Nm_curriculum1_extended_active_passive_selector,20260702,145,1.0,touchdown,active_full,v22_3_active_full_4Nm_grid,oracle_best_cmt,,1.0,4.0,0.2,0.35,0.0,True,True,success,5,5,0.2019221805311861,0.0,0.1605799784858184,0.04134220204536771,0.01614867313275678,0.5011048359609066,0.0,0.3985070068382808,0.10259782912262588,58.720984947284606,27.451983265795523,49.08137406535008,50.498533186754145,-0.6428401568566662,-0.3881067069334445,0.1081325934551427,-0.11548430316639424,52.64969221355549,33.287639543423815,42.096122246382144,35.3967267168733
4DoF_V22_3_3x3_grid_4Nm_curriculum1_extended_active_passive_selector,20260702,498,-1.0,mid_cross,active_full,v22_3_active_full_4Nm_grid,oracle_best_cmt,,1.0,4.0,0.2,0.35,0.0,True,True,success,14,14,1.1225701142898836,0.0,1.050014357274507,0.0725557570153766,0.01613502608170366,2.7882082939476756,0.0,2.6079963313194914,0.18021196262818448,68.43222303900137,56.00915853742965,-11.354469889757745,101.84778175321392,0.2093710966978739,0.043608395358264884,0.297563195302053,-0.051875786930399514,44.74770847630651,100.45332313861378,-70.61304434744974,62.82878497329354
4DoF_V22_3_3x3_grid_4Nm_curriculum1_extended_active_passive_selector,20260702,574,-1.0,touchdown,active_full,v22_3_active_full_4Nm_grid,oracle_best_cmt,,1.0,4.0,0.2,0.35,0.02,True,True,success,6,6,0.05807241519779725,0.00868706388776999,0.028628369442766057,0.020756981867261208,0.016123327258135298,0.14434329998339923,0.021592342327358557,0.07115793797171886,0.05159301968432181,71.36286747325619,46.11550962907014,-59.44297264040019,22.32289588219766,0.5419601048921101,0.7081155084678137,0.48766370418858274,0.024741176277575216,69.51641746724108,56.22411148295871,-60.82106403310023,22.979218336240862
4DoF_V22_3_3x3_grid_4Nm_curriculum1_extended_active_passive_selector,20260702,630,-1.0,touchdown,active_full,v22_3_active_full_4Nm_grid,oracle_best_cmt,,1.0,4.0,0.2,0.4,0.0,True,True,success,10,10,0.35730161913841396,0.020543550558408202,0.32266296301675745,0.014095105563248339,0.01598296145495949,0.8958991873413062,0.05151096234818099,0.8090461136137972,0.03534211137932815,57.92320875125441,66.70687270822206,-61.91731724671688,37.46857427407514,0.9689836361707593,-0.7647800673156926,0.7174564408292321,0.30634371373609115,52.88036328816194,82.55678231325024,-70.73447671570176,36.781082028719965
4DoF_V22_3_3x3_grid_4Nm_curriculum1_extended_active_passive_selector,20260719,1385,-1.0,touchdown,active_full,v22_3_active_full_4Nm_grid,oracle_best_cmt,,1.0,4.0,0.2,0.4,0.01,True,True,success,8,8,0.10012406527855668,0.008421742665352864,0.08299060561676577,0.008711716996438032,0.015707016948153185,0.2554619205468372,0.021487686797941573,0.21174669086019096,0.022227542888704665,56.66236696988864,75.8158219576987,-78.27807986277871,31.71089863932859,0.9259136845064049,-0.30627082765954317,0.025462121706826046,-0.3770382528246584,57.37345145987028,82.64172847098979,-75.63832337202282,38.82651772533713
4DoF_V22_3_3x3_grid_4Nm_curriculum1_extended_active_passive_selector,20260803,2050,-1.0,touchdown,active_full,v22_3_active_full_4Nm_grid,oracle_best_cmt,,1.0,4.0,0.2,0.4,0.0,True,True,success,9,9,0.8599798592379997,0.0,0.754199596952135,0.1057802622858647,0.015693591354726935,2.196075924629338,0.0,1.9259515899585251,0.2701243346708132,63.789710424730785,63.83049616453002,-70.3132459076345,9.510916027786982,0.8252391372395029,-0.32942071819929253,0.773028856976097,0.46034555732353544,60.89357194224792,78.11810402621059,-68.1418766374885,44.14724350755589
4DoF_V22_3_3x3_grid_4Nm_curriculum1_extended_active_passive_selector,20260719,861,1.0,touchdown,active_full,v22_3_active_full_4Nm_grid,oracle_best_cmt,,1.0,4.0,0.2,0.35,0.0,True,True,success,6,6,0.16580521700215606,0.0,0.16116296255841345,0.004642254443742599,0.01568664727374275,0.423593678838463,0.0,0.411733800883576,0.011859877954887027,58.34854125662475,18.806515095831536,65.86987308656457,65.53474423477947,-0.723849731325279,-0.16275850487445576,0.8764578127182105,-0.27799089164192026,45.74008870201562,35.866302689761014,52.32192631421073,46.0065961128698
4DoF_V22_3_3x3_grid_4Nm_curriculum1_extended_active_passive_selector,20260719,1144,-1.0,touchdown,active_full,v22_3_active_full_4Nm_grid,oracle_best_cmt,,1.0,4.0,0.2,0.3,0.01,True,True,success,7,7,0.0301934019537809,0.00013611747429133925,0.0,0.03005728447948956,0.015681645208500135,0.0771617085228257,0.0003478593400044581,0.0,0.07681384918282123,65.32181124911753,51.52371122697782,-51.92062853630615,30.85242751626567,0.8645858018186234,-0.45034254321749323,-0.27810033142428026,0.10110379469956765,63.15614301047627,60.22965075142913,-60.58982028744609,17.258992744933217
4DoF_V22_3_3x3_grid_4Nm_curriculum1_extended_active_passive_selector,20260803,1644,1.0,touchdown,active_full,v22_3_active_full_4Nm_grid,oracle_best_cmt,,1.0,4.0,0.2,0.35,0.02,True,True,success,9,9,0.2810194272089269,0.0,0.27827486015445013,0.0027445670544767823,0.015544860495191104,0.7244875485629299,0.0,0.7174118645900699,0.00707568397285987,63.857771740011934,15.722408352704305,67.65479345105416,53.94517742163453,-0.2644093088803392,-0.16586513755839105,0.2575859518209336,-0.292687824304253,47.10985818954269,40.2184585196917,52.26214233569856,50.19534334154727
4DoF_V22_3_3x3_grid_4Nm_curriculum1_extended_active_passive_selector,20260719,1376,-1.0,touchdown,active_full,v22_3_active_full_4Nm_grid,oracle_best_cmt,,1.0,4.0,0.2,0.4,0.01,True,True,success,10,10,0.12681070930015056,0.003937720880881734,0.12274974265379826,0.0001232457654705823,0.015499162829980942,0.32789070185573904,0.010181648462262627,0.31739038046148266,0.0003186729319938364,69.41211649740202,60.80929341174686,-67.55486978436676,34.171086383081814,0.8845047771908463,-0.9180800313355058,-0.5530401695996914,0.24278445164377793,69.98883238585368,67.59266003893131,-64.64756902119157,45.061526867752356
4DoF_V22_3_3x3_grid_4Nm_curriculum1_extended_active_passive_selector,20260803,1707,1.0,mid_cross,passive_oracle_envelope,v22_3_passive_positive_4Nm_grid,oracle_best_cmt,positive,1.0,4.0,0.2,0.4,0.0,True,True,success,19,19,1.8113839365772177,0.026887424433889015,1.7769317172143266,0.007564794929002184,0.15693537817017209,0.4625631846112971,0.006866094162034168,0.4537653102437353,0.0019317802055276608,54.39512330638742,28.253227438599392,-3.48337643418594,55.77206739890055,-0.8979030575509519,-0.16630883152188325,-0.9016450441919293,-0.008069443644401098,38.06389699050691,27.22174959735401,76.02300617377995,76.01430958521614
4DoF_V22_3_3x3_grid_4Nm_curriculum1_extended_active_passive_selector,20260803,1546,1.0,pre_cross,passive_oracle_envelope,v22_3_passive_positive_4Nm_grid,oracle_best_cmt,positive,1.0,4.0,0.2,0.3,0.02,True,True,success,18,18,1.2453228872517976,0.025284786235876967,1.1667750246198167,0.05326307639610394,0.10148081842277809,0.49178968941099277,0.009985199258006594,0.4607704016719499,0.021034088481036328,64.31796717665982,20.328839523782268,-12.026456512540602,54.802677875237926,-0.4863754543739902,0.08319283249412512,0.7984786368085086,0.18861424066391164,58.810236951113716,16.775991322331922,54.54911213618768,56.718474026201335
4DoF_V22_3_3x3_grid_4Nm_curriculum1_extended_active_passive_selector,20260803,1648,1.0,mid_cross,passive_oracle_envelope,v22_3_passive_positive_4Nm_grid,oracle_best_cmt,positive,1.0,4.0,0.2,0.35,0.02,True,True,success,20,20,0.8908498984928807,0.026326029859721736,0.8101824274746741,0.0543414411584848,0.10038217245366016,0.3556553573307557,0.010510180865148634,0.32345036041883435,0.021694816046772664,70.738752352599,21.785468122800136,-1.2005323400020615,93.72384746247204,-0.770058774521803,0.20923986381105575,-0.6612083242496041,0.34462896276266597,58.063719285289864,28.77708841188001,39.95895185704963,26.62868771783592
4DoF_V22_3_3x3_grid_4Nm_curriculum1_extended_active_passive_selector,20260719,790,1.0,mid_cross,passive_oracle_envelope,v22_3_passive_positive_4Nm_grid,oracle_best_cmt,positive,1.0,4.0,0.2,0.3,0.01,True,True,success,16,16,1.1424297036100255,0.025105026497832375,1.0704696300188112,0.04685504709338188,0.09878786377788054,0.46345471270440464,0.010184471575120261,0.43426233865546415,0.01900790247382017,62.75782235232259,24.994545822458214,-2.838446858588173,101.88535718894474,-0.9673803828325418,0.23272667811812453,-0.47778244889971133,-0.48996605749116695,48.03570570202064,34.90027313687888,42.29414362721434,53.73995295793493
4DoF_V22_3_3x3_grid_4Nm_curriculum1_extended_active_passive_selector,20260719,1077,1.0,mid_cross,passive_oracle_envelope,v22_3_passive_positive_4Nm_grid,oracle_best_cmt,positive,1.0,4.0,0.2,0.4,0.02,True,True,success,19,19,0.6595570505472256,0.01443441959420109,0.620269645517652,0.02485298543537253,0.086422214790671,0.30584993019008444,0.006693532002361158,0.28763156670556844,0.011524831482154866,63.99655131437142,20.54676364273011,22.693148057379734,78.89675196110866,-0.3505669996597043,0.18027111102149695,-0.13290048218473016,-0.01631393875141285,48.29643330787852,32.978110996003466,53.12270306395681,42.660161318631346
4DoF_V22_3_3x3_grid_4Nm_curriculum1_extended_active_passive_selector,20260702,7,1.0,mid_cross,passive_oracle_envelope,v22_3_passive_positive_4Nm_grid,oracle_best_cmt,positive,1.0,4.0,0.2,0.3,0.0,True,True,success,13,13,0.946064992639151,0.008574036625892099,0.8735945465152535,0.06389640949800547,0.08342389395579375,0.4544770168389121,0.0041188529523037715,0.4196631801367474,0.03069498374986095,57.97530155279033,28.40249509614897,10.47440112955593,95.66176999109317,-0.83887887506476,-0.07251046074681278,0.6248172322740067,-0.09520487866960414,44.89849099687751,36.681123127281026,45.911633826465504,61.506130012802224
4DoF_V22_3_3x3_grid_4Nm_curriculum1_extended_active_passive_selector,20260803,1955,-1.0,mid_cross,passive_oracle_envelope,v22_3_passive_negative_4Nm_grid,oracle_best_cmt,negative,1.0,4.0,0.2,0.35,0.0,True,True,success,16,16,0.9702648165464443,0.0,0.9406725505489499,0.029592265997494288,0.08280222177843619,0.46960174692885864,0.0,0.4552792861212307,0.014322460807627961,65.16405761018474,37.77162285744266,-6.900642955300251,97.1492136853141,0.9213576726342712,0.7733129931689724,-0.17357263609274498,0.41415615354472013,43.01479888006045,99.57724905777134,-70.41407783414516,59.79936988109092
4DoF_V22_3_3x3_grid_4Nm_curriculum1_extended_active_passive_selector,20260702,45,1.0,mid_cross,passive_oracle_envelope,v22_3_passive_positive_4Nm_grid,oracle_best_cmt,positive,1.0,4.0,0.2,0.3,0.01,True,True,success,15,15,0.9376440414799099,0.014277805794479822,0.8985656485847775,0.024800587100652575,0.07900796489820601,0.47560732346415846,0.007242224872602785,0.4557853344918829,0.012579764099672824,60.63265104560275,22.594708571000535,6.501888585093522,71.01629615449059,-0.33168757912224356,-0.18273687655242798,0.6325647748378294,-0.3511762646854427,51.321571346500306,27.207030255572324,48.97016065991443,61.207407177722665
4DoF_V22_3_3x3_grid_4Nm_curriculum1_extended_active_passive_selector,20260803,1522,1.0,mid_cross,passive_oracle_envelope,v22_3_passive_positive_4Nm_grid,oracle_best_cmt,positive,1.0,4.0,0.2,0.3,0.02,True,True,success,13,13,1.1390653318138402,0.006682509841419471,1.0767045825736539,0.05567823939876683,0.07728582277090568,0.5906500020738299,0.0034651431673436883,0.5583135103561965,0.02887134855028975,57.0608161699352,30.486989176705094,8.955284707380144,97.91375547271457,-0.7476022227886383,-0.002207693589763915,0.3101748144252874,0.3110534315206417,43.68564679295276,41.510284300356716,47.13581155421806,66.5304024858387
4DoF_V22_3_3x3_grid_4Nm_curriculum1_extended_active_passive_selector,20260719,891,1.0,mid_cross,passive_oracle_envelope,v22_3_passive_positive_4Nm_grid,oracle_best_cmt,positive,1.0,4.0,0.2,0.35,0.01,True,True,success+touchdown_event,17,17,1.1642795282495142,0.017282646063976958,1.1110964501272713,0.03590043205826592,0.0714067662095384,0.6534303555806297,0.009699565515798071,0.6235823364365174,0.02014845362831426,49.010089024004344,25.907391741589116,6.333539278796265,63.463911861997225,0.6766925183024595,-0.9337623980295431,0.1512290652622148,0.13363766499499175,40.05756610099425,33.024244373003185,58.5172371918397,66.7587381387288
4DoF_V22_3_3x3_grid_4Nm_curriculum1_extended_active_passive_selector,20260719,850,1.0,pre_cross,passive_oracle_envelope,v22_3_passive_positive_4Nm_grid,oracle_best_cmt,positive,1.0,4.0,0.2,0.35,0.0,True,True,success,20,20,1.8167326694978636,0.042727778113609574,1.722402329309517,0.05160256207473722,0.07116043863265648,1.0231370697592501,0.02406318465587175,0.9700126505917487,0.02906123451162969,54.8372902277393,28.55111631619704,-31.64428673307517,48.568825983377195,0.5322027739407584,-0.6608205502160713,-0.5635308536168617,-0.4055640962005338,50.21151428225634,35.27262356231769,42.45639789254325,27.981589614955617
4DoF_V22_3_3x3_grid_4Nm_curriculum1_extended_active_passive_selector,20260702,524,-1.0,mid_cross,passive_oracle_envelope,v22_3_passive_negative_4Nm_grid,oracle_best_cmt,negative,1.0,4.0,0.2,0.35,0.01,True,True,success,13,13,0.6523222244974944,0.0,0.6250275277751022,0.027294696722392278,0.06963186716013896,0.375435680708322,0.0,0.35972656846461076,0.015709112243711253,66.41065526751802,43.502912747442615,-13.67054508135847,92.41148968196458,0.8769589411994996,0.9905088025346365,-0.7752545772518897,-0.3693008558257659,54.00155612518567,86.6248720966136,-58.36275975890718,67.02417387698085
4DoF_V22_3_3x3_grid_4Nm_curriculum1_extended_active_passive_selector,20260719,1076,1.0,mid_cross,passive_oracle_envelope,v22_3_passive_positive_4Nm_grid,oracle_best_cmt,positive,1.0,4.0,0.2,0.4,0.02,True,True,success,14,14,1.1628982325879247,0.0,1.1595921030301721,0.0033061295577525526,0.06491695585071447,0.7179016883410865,0.0,0.7158606877402833,0.0020410006008031944,53.71950898882518,29.491775074797058,9.673432669802171,60.716070998708005,-0.4425222327841365,0.5691653437248796,0.6984076588419763,-0.15183582775628923,38.110819557077726,48.900251885882035,53.09050954996185,54.61482910147914
4DoF_V22_3_3x3_grid_4Nm_curriculum1_extended_active_passive_selector,20260803,1993,-1.0,pre_cross,passive_oracle_envelope,v22_3_passive_negative_4Nm_grid,oracle_best_cmt,negative,1.0,4.0,0.2,0.35,0.01,True,True,success,15,15,1.5606162311625646,0.0,1.538893881949801,0.021722349212763534,0.05877401353637798,1.0641238604489214,0.0,1.0493122305038156,0.014811629945105752,75.51719597309275,30.011526185353308,8.43059982115664,87.26359761877983,0.9115646177344654,0.01185672978196095,0.528229757786183,0.3445685518047509,44.744627014388705,98.9625779524921,-71.28056472800048,62.57765227379684
4DoF_V22_3_3x3_grid_4Nm_curriculum1_extended_active_passive_selector,20260719,833,1.0,mid_cross,passive_oracle_envelope,v22_3_passive_positive_4Nm_grid,oracle_best_cmt,positive,1.0,4.0,0.2,0.3,0.02,True,True,success,14,14,0.8331525856505904,0.011109643261834909,0.8168122703537579,0.005230672034997464,0.05767949329720026,0.578874635359267,0.007718983056560191,0.5675213799988181,0.003634272303888548,54.17722988939165,20.9976688133852,18.13390748838609,80.162368020264,-0.24348801779300167,0.5031266332179791,0.36942209770403944,0.312882178118602,47.518555723334224,25.175826620183493,56.206830595404234,73.02220709572943
4DoF_V22_3_3x3_grid_4Nm_curriculum1_extended_active_passive_selector,20260803,1944,-1.0,mid_cross,passive_oracle_envelope,v22_3_passive_negative_4Nm_grid,oracle_best_cmt,negative,1.0,4.0,0.2,0.35,0.0,True,True,success,12,12,0.6524095152483669,0.0,0.6277160218383951,0.024693493409971724,0.05536593307416701,0.472235980409536,0.0,0.4543619981979873,0.01787398221154869,67.688397653315,53.921375363609236,-21.15182525795518,90.93946144493589,0.9705380498100049,0.4421734843683991,-0.974058276106561,-0.29477333474114975,58.58341145144051,87.99956455263425,-64.75830265347071,67.43469821320733
4DoF_V22_3_3x3_grid_4Nm_curriculum1_extended_active_passive_selector,20260719,1139,-1.0,mid_cross,passive_oracle_envelope,v22_3_passive_negative_4Nm_grid,oracle_best_cmt,negative,1.0,4.0,0.2,0.3,0.01,True,True,success,13,13,0.8614567377312995,0.0,0.829879354948383,0.03157738278291644,0.052214669554446744,0.6611840201063799,0.0,0.6369477932845532,0.024236226821826735,60.75761555127265,50.60026750222356,3.3541667556731505,100.01479643110612,0.4052452874023098,0.8344550689340557,-0.9561129493573912,0.25075709497690046,39.81922339135798,96.43746101882213,-59.50675612925064,63.871123895899366
4DoF_V22_3_3x3_grid_4Nm_curriculum1_extended_active_passive_selector,20260803,1962,-1.0,mid_cross,passive_oracle_envelope,v22_3_passive_negative_4Nm_grid,oracle_best_cmt,negative,1.0,4.0,0.2,0.35,0.01,True,True,success,13,13,0.7617885162214909,0.0,0.7300283413817735,0.03176017483971734,0.050508057310374666,0.6044427425067739,0.0,0.5792425632262663,0.025200179280507527,70.0999379504624,44.48219081434565,-16.361874494251378,96.90426081092937,0.9801574037004905,0.28137696280747515,0.8586232022805997,-0.23751974710549162,54.91512959690539,88.22537977747703,-60.92982388908287,68.46462580261212
4DoF_V22_3_3x3_grid_4Nm_curriculum1_extended_active_passive_selector,20260702,538,-1.0,mid_cross,passive_oracle_envelope,v22_3_passive_negative_4Nm_grid,oracle_best_cmt,negative,1.0,4.0,0.2,0.35,0.01,True,True,success,13,13,1.5534573588296845,0.0,1.5534573588296845,0.0,0.04975199850555642,1.251325274049888,0.0,1.251325274049888,0.0,67.42817973703855,48.63299816742356,5.173724868743135,94.88660108156904,0.4560320073379749,0.8175252077836219,-0.2223340111029266,-0.45872600279406106,46.51789728468895,97.57600368481035,-60.363315439709076,77.42987163220239
4DoF_V22_3_3x3_grid_4Nm_curriculum1_extended_active_passive_selector,20260803,1960,-1.0,mid_cross,passive_oracle_envelope,v22_3_passive_negative_4Nm_grid,oracle_best_cmt,negative,1.0,4.0,0.2,0.35,0.0,True,True,success,14,14,0.42997891489024914,0.0,0.400035040140851,0.029943874749398143,0.049728341222430736,0.34651704090035906,0.0,0.32238547883550556,0.02413156206485354,63.1076902466156,48.04789849561324,-24.8855865803769,84.47359646499173,0.9696341990206279,-0.045867016887914724,-0.637694380490184,-0.49873625281121536,49.17993786467566,87.565562898277,-62.05198233951903,54.23900877728844
4DoF_V22_3_3x3_grid_4Nm_curriculum1_extended_active_passive_selector,20260803,2008,-1.0,mid_cross,passive_oracle_envelope,v22_3_passive_negative_4Nm_grid,oracle_best_cmt,negative,1.0,4.0,0.2,0.35,0.02,True,True,success,13,13,0.5230973767582215,0.0,0.4918959168508762,0.03120145990734538,0.04943617517747807,0.42405197487965574,0.0,0.3987583273090359,0.025293647570619852,63.50648369501873,52.196931355154625,-15.251295375167638,96.75995458705081,0.9176308741112829,0.12610645761914285,-0.2087669798777998,-0.10195638832232112,49.01658432876789,91.3476941267655,-61.678793422169925,67.71420584119515
4DoF_V22_3_3x3_grid_4Nm_curriculum1_extended_active_passive_selector,20260803,1974,-1.0,mid_cross,passive_oracle_envelope,v22_3_passive_negative_4Nm_grid,oracle_best_cmt,negative,1.0,4.0,0.2,0.35,0.01,True,True,success,12,12,1.1073350752652602,0.0,1.099818246099263,0.007516829165997239,0.04922618625428614,0.9014969806641946,0.0,0.8953774248507098,0.006119555813484723,70.1671102371569,42.69570393233129,-14.441625456468106,77.64060660673658,0.6436621911808236,0.8554028800669728,0.22327602172899086,0.13194350668969845,53.04677437897948,87.96715927795996,-62.254817560002806,64.98602050451628
4DoF_V22_3_3x3_grid_4Nm_curriculum1_extended_active_passive_selector,20260719,1348,-1.0,mid_cross,passive_oracle_envelope,v22_3_passive_negative_4Nm_grid,oracle_best_cmt,negative,1.0,4.0,0.2,0.4,0.0,True,True,success,14,14,1.0371428334916437,0.0,1.0023643593055032,0.03477847418614053,0.04701692398667977,0.8840274868725572,0.0,0.8543834242235107,0.029644062649046527,69.53826765581805,50.901460360420046,-12.569308220293715,93.61203917968382,0.7676176382952937,0.19971652265794604,0.5329206889801972,0.2817063583516205,48.281971409668245,102.38413621229692,-81.55126434483009,60.54591905356985
4DoF_V22_3_3x3_grid_4Nm_curriculum1_extended_active_passive_selector,20260719,799,1.0,touchdown,passive_oracle_envelope,v22_3_passive_positive_4Nm_grid,oracle_best_cmt,positive,1.0,4.0,0.2,0.3,0.01,True,True,success,8,8,0.006726646930220534,0.001259530306687204,0.0,0.005467116623533329,0.04633558102816954,0.005817888988351374,0.0010893700201283006,0.0,0.004728518968223073,58.24295733277184,17.954846801987674,66.27517460043885,77.40362913591605,-0.8630764785566507,-0.9822360255146194,0.16472485012739035,-0.10880017208169068,45.36574498504301,26.580552679646424,59.36849234415077,71.45546934009192
4DoF_V22_3_3x3_grid_4Nm_curriculum1_extended_active_passive_selector,20260803,2042,-1.0,mid_cross,passive_oracle_envelope,v22_3_passive_negative_4Nm_grid,oracle_best_cmt,negative,1.0,4.0,0.2,0.4,0.0,True,True,success,12,12,0.6107401397946531,0.0,0.5904209516053152,0.020319188189337995,0.045254999502520016,0.5408431209097262,0.0,0.5228493909440348,0.017993729965691405,80.94046614796768,41.98744307865546,-21.72671361161766,83.90323989248326,0.5618247032602088,0.9032301831362091,-0.8679312627257547,-0.31844582802080135,67.17908667427574,84.85609049798421,-71.48480186603739,66.4075990363397
4DoF_V22_3_3x3_grid_4Nm_curriculum1_extended_active_passive_selector,20260803,1774,1.0,touchdown,passive_oracle_envelope,v22_3_passive_positive_4Nm_grid,oracle_best_cmt,positive,1.0,4.0,0.2,0.4,0.02,True,True,success,9,9,0.02174111728835532,0.00021023600115792942,0.0,0.02153088128719739,0.04433715853260328,0.019651486743884554,0.00019002933175173929,0.0,0.019461457412132812,63.983508231239014,16.937466158261966,66.01573511883801,47.09525136447995,-0.7961007112858902,-0.5514664561979845,0.05783570034353813,-0.3460277596926109,48.088695339822095,32.13410890229438,57.7808244572937,51.8838098774923
4DoF_V22_3_3x3_grid_4Nm_curriculum1_extended_active_passive_selector,20260702,520,-1.0,touchdown,passive_oracle_envelope,v22_3_passive_positive_4Nm_grid,oracle_best_cmt,positive,1.0,4.0,0.2,0.35,0.0,True,True,success,11,5,0.005969785420088226,0.0,0.0,0.005969785420088226,0.04242410381163978,0.00563932929183192,0.0,0.0,0.00563932929183192,72.48379214880222,40.16327743950106,-39.22241025209297,41.38152047477956,0.8139050104241203,0.5628296742867316,-0.70528108512189,0.20049392116336862,67.44722469041466,66.1979930624143,-47.76339589931259,55.423696766611116
4DoF_V22_3_3x3_grid_4Nm_curriculum1_extended_active_passive_selector,20260803,1494,1.0,mid_cross,passive_oracle_envelope,v22_3_passive_positive_4Nm_grid,oracle_best_cmt,positive,1.0,4.0,0.2,0.3,0.01,True,True,success,12,12,0.560662337533934,0.0,0.5550417125692755,0.005620624964658556,0.04222730401146815,0.5320953197662152,0.0,0.5267610783919674,0.005334241374247746,49.94238124752054,34.90373940585025,21.246189077076995,73.45808509703598,-0.15833409791119468,-0.04018696473378358,-0.30214927893769294,-0.08103955232894355,36.97312218076272,50.89986245308059,45.63824717755739,72.69746861922422
4DoF_V22_3_3x3_grid_4Nm_curriculum1_extended_active_passive_selector,20260719,1143,-1.0,touchdown,passive_oracle_envelope,v22_3_passive_positive_4Nm_grid,oracle_best_cmt,positive,1.0,4.0,0.2,0.3,0.01,True,True,success,10,9,0.023416576151528735,0.0,0.0,0.023416576151528735,0.04175121454778405,0.02247686266105019,0.0,0.0,0.02247686266105019,60.50882525887699,56.52548578220432,-49.24809161016678,34.35988457302598,0.9191575819703732,0.7124222305475671,-0.7047116227376091,0.1485725947662243,58.6247860427351,76.79138480576884,-52.51860244288994,59.76091437238017
4DoF_V22_3_3x3_grid_4Nm_curriculum1_extended_active_passive_selector,20260719,861,1.0,touchdown,passive_oracle_envelope,v22_3_passive_positive_4Nm_grid,oracle_best_cmt,positive,1.0,4.0,0.2,0.35,0.0,True,True,success,10,10,0.007153946847748509,0.0,0.0,0.007153946847748509,0.04118511597561758,0.006961243515363331,0.0,0.0,0.006961243515363331,58.34854125662475,18.806515095831536,65.86987308656457,65.53474423477947,-0.723849731325279,-0.16275850487445576,0.8764578127182105,-0.27799089164192026,39.922549114970714,39.158891403595824,59.06156799400363,57.5852331656603
4DoF_V22_3_3x3_grid_4Nm_curriculum1_extended_active_passive_selector,20260719,1145,-1.0,touchdown,passive_oracle_envelope,v22_3_passive_positive_4Nm_grid,oracle_best_cmt,positive,1.0,4.0,0.2,0.3,0.01,True,True,success,10,9,0.07056118079930408,0.0,0.045961111250773304,0.024600069548530775,0.04077169391403623,0.06935671181824299,0.0,0.045176561839757774,0.024180149978485214,63.84616656554005,54.556018464657264,-57.59242348422237,25.81362255442873,0.8797780301756568,0.7857257317669808,-0.6587921368564453,0.22500144740506733,63.54260456323229,72.9672158098213,-54.5605642164706,58.161758348054356
4DoF_V22_3_3x3_grid_4Nm_curriculum1_extended_active_passive_selector,20260803,1472,1.0,touchdown,passive_oracle_envelope,v22_3_passive_positive_4Nm_grid,oracle_best_cmt,positive,1.0,4.0,0.2,0.3,0.0,True,True,success,8,8,0.011253486253361766,0.0,0.0,0.011253486253361766,0.04005505386319097,0.011259294407273598,0.0,0.0,0.011259294407273598,61.07304764264683,26.242288971637738,52.05605456427131,63.89190330241439,-0.9866308337556153,-0.33717052375209344,0.5587519940281296,0.08677654440715943,47.66663527334548,38.70780474899583,45.00986843825671,48.584669066972396
4DoF_V22_3_3x3_grid_4Nm_curriculum1_extended_active_passive_selector,20260702,181,1.0,touchdown,passive_oracle_envelope,v22_3_passive_positive_4Nm_grid,oracle_best_cmt,positive,1.0,4.0,0.2,0.35,0.01,True,True,success,9,9,0.057721656576506776,0.0,0.0,0.057721656576506776,0.04005398350029843,0.05775299119378801,0.0,0.0,0.05775299119378801,58.090056125543505,21.52970423295149,59.08578730201838,44.69499140895487,-0.8241660376782487,-0.19318942560725016,0.9833040676895646,0.3126455564623004,40.939883992489776,39.931161069217424,58.5900322102156,64.82729826949158
4DoF_V22_3_3x3_grid_4Nm_curriculum1_extended_active_passive_selector,20260803,1512,1.0,touchdown,passive_oracle_envelope,v22_3_passive_positive_4Nm_grid,oracle_best_cmt,positive,1.0,4.0,0.2,0.3,0.01,True,True,success,12,11,0.03158604876352154,0.0,0.0,0.03158604876352154,0.03970721272943545,0.03187919229806969,0.0,0.0,0.03187919229806969,60.13007322210407,17.98651376334952,64.8659877155235,64.49150846082128,-0.6035817576983991,0.08964830999233198,0.8264499341443263,-0.03565658786738013,35.5579797053645,48.70475647293187,57.374398642847865,74.16685872668626
4DoF_V22_3_3x3_grid_4Nm_curriculum1_extended_active_passive_selector,20260702,477,-1.0,touchdown,passive_oracle_envelope,v22_3_passive_positive_4Nm_grid,oracle_best_cmt,positive,1.0,4.0,0.2,0.3,0.02,True,True,success,13,9,0.030057713255367137,0.0,0.0,0.030057713255367137,0.03906227952464886,0.030837542717628258,0.0,0.0,0.030837542717628258,55.73969587656521,46.75186840024569,-47.91536391357829,19.462800218494987,0.44889419276397824,0.9837946329582639,-0.4330272825232988,0.4604307492771139,43.16686794491785,83.60481799031923,-52.59529463930346,53.575436418438
4DoF_V22_3_3x3_grid_4Nm_curriculum1_extended_active_passive_selector,20260702,386,-1.0,touchdown,passive_oracle_envelope,v22_3_passive_positive_4Nm_grid,oracle_best_cmt,positive,1.0,4.0,0.2,0.3,0.0,True,True,success,13,6,0.009058028670970098,0.0,0.0,0.009058028670970098,0.03893244823974421,0.009324024083748586,0.0,0.0,0.009324024083748586,62.64210621989704,47.45434623647986,-40.65783645499772,40.329242752379784,0.9694110112164984,-0.1394372332539322,-0.5376330358286352,-0.4680445328962475,52.92891966879825,79.60798290120778,-54.04877296188976,54.18868680876263
4DoF_V22_3_3x3_grid_4Nm_curriculum1_extended_active_passive_selector,20260719,1044,1.0,touchdown,passive_oracle_envelope,v22_3_passive_positive_4Nm_grid,oracle_best_cmt,positive,1.0,4.0,0.2,0.4,0.02,True,True,success,10,10,0.014699142372207189,0.00019541581784473863,0.0,0.01450372655436245,0.038839698987492455,0.01516692542887377,0.00020163469825814639,0.0,0.014965290730615623,58.8004128949067,17.984577387901677,72.13746503703955,60.395628074185595,-0.5008920242177108,-0.494349550355496,0.5991142252804695,0.027510616059444826,41.26758783963306,37.091296445293594,64.38177056532096,62.151582709672205
4DoF_V22_3_3x3_grid_4Nm_curriculum1_extended_active_passive_selector,20260803,1520,1.0,touchdown,passive_oracle_envelope,v22_3_passive_positive_4Nm_grid,oracle_best_cmt,positive,1.0,4.0,0.2,0.3,0.01,True,True,success,8,8,0.00710726408953738,0.0,0.0,0.00710726408953738,0.038035798031308354,0.007488439595831364,0.0,0.0,0.007488439595831364,54.31575120041904,18.77333849769251,63.59087033245045,84.34258400133774,-0.9813853018934389,-0.13618973295738157,0.991487574541255,0.48563262824254927,40.741432432504645,31.374623145056244,60.40549688988555,78.23160200036911
4DoF_V22_3_3x3_grid_4Nm_curriculum1_extended_active_passive_selector,20260702,453,-1.0,mid_cross,passive_oracle_envelope,v22_3_passive_negative_4Nm_grid,oracle_best_cmt,negative,1.0,4.0,0.2,0.3,0.02,True,True,success,12,12,0.6588301668958337,0.0,0.6367741642391469,0.022056002656686856,0.03779111883367176,0.6986588062122132,0.0,0.6752694393310051,0.023389366881208136,73.42864704604456,45.2865384530045,-20.335806442082454,89.78981916753384,0.7942825487224565,0.13370225442311057,-0.21121701232325685,-0.03071086937020029,62.22100467923076,78.92766654515519,-53.31975447966591,68.37690359268747
4DoF_V22_3_3x3_grid_4Nm_curriculum1_extended_active_passive_selector,20260702,363,-1.0,mid_cross,passive_oracle_envelope,v22_3_passive_negative_4Nm_grid,oracle_best_cmt,negative,1.0,4.0,0.2,0.3,0.0,True,True,success,13,13,0.6048643859477865,0.0,0.5785852622792664,0.026279123668519987,0.03766766865279039,0.6435327942250353,0.0,0.6155736710280418,0.027959123196993403,70.97529188091758,39.75247767198624,-23.165491810569204,82.6001192731717,0.43307569801722945,0.7797050185247831,0.2524296870249687,0.39706171409600066,53.31313735255451,83.94390885791923,-61.02259062294233,51.724340410916845
4DoF_V22_3_3x3_grid_4Nm_curriculum1_extended_active_passive_selector,20260719,941,1.0,touchdown,passive_oracle_envelope,v22_3_passive_positive_4Nm_grid,oracle_best_cmt,positive,1.0,4.0,0.2,0.35,0.02,True,True,success,8,8,0.005529393882516113,0.0,0.0,0.005529393882516113,0.03764976825141414,0.005885679793584515,0.0,0.0,0.005885679793584515,53.27990717159902,34.870673331729655,58.72608398130177,65.04065610476671,-0.9160095524921905,-0.3296300203113516,0.9313071644154072,-0.21007003082259512,40.21402397697399,46.895064900131175,55.522528330094126,55.43686112004094
4DoF_V22_3_3x3_grid_4Nm_curriculum1_extended_active_passive_selector,20260702,123,1.0,touchdown,passive_oracle_envelope,v22_3_passive_negative_4Nm_grid,oracle_best_cmt,negative,1.0,4.0,0.2,0.35,0.0,True,True,success,8,8,0.21000577702390105,0.0,0.19825461410085063,0.011751162923050429,0.037292374391692334,0.22567976283190605,0.0,0.21305154041319002,0.012628222418716037,55.82664603235948,22.101099333454204,65.26559734881195,59.311636133931486,-0.9193503414907589,-0.43619517821892373,0.7969332222179013,-0.33197952376435014,40.385293988651924,37.51705687116569,58.7911230659919,61.80751618587777
4DoF_V22_3_3x3_grid_4Nm_curriculum1_extended_active_passive_selector,20260719,1212,-1.0,touchdown,passive_oracle_envelope,v22_3_passive_negative_4Nm_grid,oracle_best_cmt,negative,1.0,4.0,0.2,0.35,0.0,True,True,success,8,8,0.02326633236876756,0.0,0.0,0.02326633236876756,0.036830247464229506,0.025316560454628337,0.0,0.0,0.025316560454628337,60.3245640574883,49.16946520218879,-54.841224715987224,16.21375168687667,0.9300999446933842,0.7934722048834137,-0.4434972387848686,0.024903588019131062,57.968526596825306,65.26464758276077,-63.63830893952148,10.20963680289034
4DoF_V22_3_3x3_grid_4Nm_curriculum1_extended_active_passive_selector,20260719,1335,-1.0,mid_cross,passive_oracle_envelope,v22_3_passive_negative_4Nm_grid,oracle_best_cmt,negative,1.0,4.0,0.2,0.4,0.0,True,True,success,11,11,0.665810709814253,0.0,0.6549241207849339,0.010886589029319126,0.0364728351395673,0.7315814139651635,0.0,0.7196194162412927,0.01196199772387084,83.98102315913187,42.76555572883445,-21.741707266907014,74.67307811385028,0.9778908169722718,-0.37007091255566027,-0.987244565036226,-0.16096106453085857,73.9923045168544,74.3272266696827,-61.282016508677216,69.97630535909008
4DoF_V22_3_3x3_grid_4Nm_curriculum1_extended_active_passive_selector,20260803,2002,-1.0,mid_cross,passive_oracle_envelope,v22_3_passive_negative_4Nm_grid,oracle_best_cmt,negative,1.0,4.0,0.2,0.35,0.02,True,True,success,14,14,0.5488871907685077,0.0,0.5143441449989201,0.03454304576958757,0.0360888187013371,0.6095254445602092,0.0,0.5711662594976242,0.03835918506258488,68.59333071485071,40.382386320517384,-17.37669741468906,95.40465622146307,0.7514879981368228,-0.03358182934866516,0.5711276797200564,0.02524957683658402,47.86814114948419,87.53643152931063,-59.80113747890704,60.78097775353057
4DoF_V22_3_3x3_grid_4Nm_curriculum1_extended_active_passive_selector,20260803,1842,-1.0,touchdown,passive_oracle_envelope,v22_3_passive_positive_4Nm_grid,oracle_best_cmt,positive,1.0,4.0,0.2,0.3,0.01,True,True,success,11,7,0.008310657830382862,0.0,0.0,0.008310657830382862,0.03608498024524243,0.009229758556546704,0.0,0.0,0.009229758556546704,71.52616752191841,46.10734315492312,-38.70176970186125,49.801352449105586,0.9986979862912706,-0.14738925621161325,-0.6795845547259669,-0.3542439871473205,67.66359720432234,67.86858991987447,-46.94852584804905,62.11034309002813
4DoF_V22_3_3x3_grid_4Nm_curriculum1_extended_active_passive_selector,20260719,1342,-1.0,mid_cross,passive_oracle_envelope,v22_3_passive_negative_4Nm_grid,oracle_best_cmt,negative,1.0,4.0,0.2,0.4,0.0,True,True,success,13,13,1.084685336986442,0.0,1.030721482800548,0.053963854185894104,0.03598766222255777,1.207901565792571,0.0,1.1478076180413825,0.06009394775118844,80.53499932212263,41.45692212313859,-21.219301663261376,60.73303424285372,0.8400448733670745,-0.34061067078361096,-0.561071926489056,0.23953721072093714,65.52926874614111,83.1881562587307,-64.14307318675877,70.69358395929797
4DoF_V22_3_3x3_grid_4Nm_curriculum1_extended_active_passive_selector,20260719,1412,-1.0,touchdown,passive_oracle_envelope,v22_3_passive_negative_4Nm_grid,oracle_best_cmt,negative,1.0,4.0,0.2,0.4,0.02,True,True,success,12,12,0.04434706392116793,0.0,0.0,0.04434706392116793,0.03542238729574594,0.05017281348890457,0.0,0.0,0.05017281348890457,54.799517601279945,59.78280919621937,-70.27017109903703,8.11484480078611,0.9097273315596011,-0.04974209165867394,-0.7400875952410835,-0.1238841988329038,47.17295186970304,85.13776509516117,-85.82793130557396,9.275246073750942
4DoF_V22_3_3x3_grid_4Nm_curriculum1_extended_active_passive_selector,20260803,1860,-1.0,touchdown,passive_oracle_envelope,v22_3_passive_positive_4Nm_grid,oracle_best_cmt,positive,1.0,4.0,0.2,0.3,0.01,True,True,success,11,9,0.05887478608797728,0.0,0.0,0.05887478608797728,0.03515954303994361,0.0671069546408497,0.0,0.0,0.0671069546408497,46.338809846256034,60.30468476946359,-59.948589191644935,9.506463896526146,0.9688512133701019,0.30065779536862514,0.5474149027278419,-0.2659752409170768,40.30128998942007,83.98303708203983,-57.022843443859195,43.25522169236781
4DoF_V22_3_3x3_grid_4Nm_curriculum1_extended_active_passive_selector,20260702,115,1.0,mid_cross,passive_oracle_envelope,v22_3_passive_positive_4Nm_grid,oracle_best_cmt,positive,1.0,4.0,0.2,0.3,0.02,True,True,success,13,13,1.0495237256113816,0.003044766553245674,1.0418520562626312,0.0046269027955047224,0.03494045975419002,1.2037742692022981,0.00349226181655856,1.1949750796856684,0.00530692770007101,50.239311326969826,29.652860348208982,9.471336886802856,56.3552193374876,0.3755975863751335,-0.01326511978881384,0.00852767887177519,-0.2468019280546413,43.8652058079494,40.34161902230215,47.6557305394245,63.20657976902149
4DoF_V22_3_3x3_grid_4Nm_curriculum1_extended_active_passive_selector,20260719,1180,-1.0,touchdown,passive_oracle_envelope,v22_3_passive_positive_4Nm_grid,oracle_best_cmt,positive,1.0,4.0,0.2,0.3,0.02,True,True,success,14,7,0.032808739155934415,0.0,0.0,0.032808739155934415,0.03487274502943821,0.037703773408109785,0.0,0.0,0.037703773408109785,67.82839546933202,37.03159357845916,-37.56174615237712,37.772309740684776,0.7344252581185198,0.18209571643852773,0.2942286250233277,0.08240008212621419,53.0641332024036,79.36817394363253,-46.94260106472168,66.28842074334338
4DoF_V22_3_3x3_grid_4Nm_curriculum1_extended_active_passive_selector,20260803,2052,-1.0,mid_cross,passive_oracle_envelope,v22_3_passive_negative_4Nm_grid,oracle_best_cmt,negative,1.0,4.0,0.2,0.4,0.0,True,True,success,13,13,0.37409507079747645,0.0,0.33984032746261167,0.034254743334864765,0.03486989596936481,0.4299448434727348,0.0,0.3905761069910926,0.039368736481642214,85.68354909990452,39.93174988185467,-24.52192418494838,98.19580682771448,0.868539944596578,-0.29714441410619274,-0.03929476515082464,-0.03945811805742838,74.55064110580192,76.03856706954305,-61.81674642389671,71.58820579316331
4DoF_V22_3_3x3_grid_4Nm_curriculum1_extended_active_passive_selector,20260803,2018,-1.0,mid_cross,passive_oracle_envelope,v22_3_passive_negative_4Nm_grid,oracle_best_cmt,negative,1.0,4.0,0.2,0.35,0.02,True,True,success,13,13,0.5861350531894209,0.0,0.5718758951812282,0.014259158008192744,0.034837039071448764,0.6742762604945086,0.0,0.6578728536563624,0.016403406838146194,64.5541185688643,37.95590580851064,-15.651214470070725,61.47921632372146,0.07551486434517751,0.8913523541205246,-0.972770422954899,0.053181420486091646,38.719231958827685,89.14338402092793,-64.3174829967291,43.9532141658402
4DoF_V22_3_3x3_grid_4Nm_curriculum1_extended_active_passive_selector,20260702,77,1.0,touchdown,passive_oracle_envelope,v22_3_passive_positive_4Nm_grid,oracle_best_cmt,positive,1.0,4.0,0.2,0.3,0.01,True,True,success,7,7,0.045229743852897,0.0005308853174388234,0.031918793140712026,0.012780065394746151,0.034574665280742656,0.05242610033844759,0.0006153527424514407,0.036997287831643126,0.014813459764353032,55.21265229651608,26.793722169904346,50.40557794332539,66.28171955963475,-0.6493883118273849,-0.6753147270306676,0.02486209402315831,-0.21034236336324486,47.965720492385294,30.184607733464023,52.65485862643241,66.35529821196636
4DoF_V22_3_3x3_grid_4Nm_curriculum1_extended_active_passive_selector,20260803,1887,-1.0,mid_cross,passive_oracle_envelope,v22_3_passive_negative_4Nm_grid,oracle_best_cmt,negative,1.0,4.0,0.2,0.3,0.02,True,True,success,14,14,0.28618212979564495,0.0,0.2307567865147836,0.05542534328086136,0.03451489608731577,0.3322900611907375,0.0,0.26793492230255345,0.06435513888818407,63.344966396553986,48.99221782304365,-5.096912074589002,100.417437915738,0.8904530124922327,-0.7015072725853946,-0.6598113189847907,0.2486309938871717,43.838441620255054,89.12513344505624,-55.61182870677946,62.83584734639066
4DoF_V22_3_3x3_grid_4Nm_curriculum1_extended_active_passive_selector,20260702,654,-1.0,mid_cross,passive_oracle_envelope,v22_3_passive_negative_4Nm_grid,oracle_best_cmt,negative,1.0,4.0,0.2,0.4,0.01,True,True,success,17,17,0.7038419130679286,0.0,0.6703359342832678,0.033505978784660884,0.03431733715173652,0.8219453712463584,0.0,0.7828171470531045,0.03912822419325399,71.01456670015138,34.855771817582806,-24.468086231177843,92.43736875918448,0.2821552765007058,0.5813282581851233,0.22467122770775783,0.03801069570786775,40.49085295271657,100.14002494860462,-75.4175275527695,47.357218795427904
4DoF_V22_3_3x3_grid_4Nm_curriculum1_extended_active_passive_selector,20260803,1630,1.0,touchdown,passive_oracle_envelope,v22_3_passive_positive_4Nm_grid,oracle_best_cmt,positive,1.0,4.0,0.2,0.35,0.01,True,True,success,9,9,0.027311607817883214,0.00039350730149819406,0.0,0.02691810051638502,0.033923186898951324,0.0322650270054493,0.0004648764655066271,0.0,0.03180015053994267,64.95374084958407,16.300396803484208,56.43040518668497,39.03116889361814,-0.36818932611299604,-0.6684952101461814,0.7224190378403212,-0.2954909831513435,50.71112136932474,32.21956911207521,51.56082669825225,46.79468044128183
4DoF_V22_3_3x3_grid_4Nm_curriculum1_extended_active_passive_selector,20260702,266,1.0,touchdown,passive_oracle_envelope,v22_3_passive_positive_4Nm_grid,oracle_best_cmt,positive,1.0,4.0,0.2,0.4,0.0,True,True,success,8,8,0.005326619118225347,0.00012371680633735738,0.0,0.00520290231188799,0.03386594745942745,0.0063033267966585045,0.00014640195652718043,0.0,0.006156924840131324,59.42326764680247,22.032127000883442,63.17302131605025,52.72590458917024,-0.7511196140000382,-0.46810579308136324,-0.10075182363253243,0.22542482477902004,46.72760373276751,34.160434562358894,52.60474241804679,38.69865873579941
4DoF_V22_3_3x3_grid_4Nm_curriculum1_extended_active_passive_selector,20260702,369,-1.0,mid_cross,passive_oracle_envelope,v22_3_passive_negative_4Nm_grid,oracle_best_cmt,negative,1.0,4.0,0.2,0.3,0.0,True,True,success,13,13,1.2061404728749523,0.0,1.2034836615167668,0.002656811358185613,0.0336772604922054,1.4352995380681801,0.0,1.4321379493470516,0.0031615887211285496,73.55987245046656,44.070988141192146,-5.210919263952149,81.25278336459868,0.33674500435649923,0.6159409112484511,-0.16945381644761603,-0.3519562471094948,53.24855993743877,91.51802849193622,-56.39612174146351,73.34246849776599
4DoF_V22_3_3x3_grid_4Nm_curriculum1_extended_active_passive_selector,20260702,18,1.0,touchdown,passive_oracle_envelope,v22_3_passive_positive_4Nm_grid,oracle_best_cmt,positive,1.0,4.0,0.2,0.3,0.0,True,True,success,6,6,0.0037071455698583586,0.0014213336819736886,0.0,0.00228581188788467,0.0329387175484481,0.004510392790385533,0.0017293017150527461,0.0,0.002781091075332787,49.99139985112016,37.27300302335545,54.375483284323565,61.73257232953932,-0.9011858690845804,-0.9716733785198457,-0.727634958782279,0.41497608802445685,42.51785287453576,40.137973746861384,51.41913699424247,60.44786713876958
4DoF_V22_3_3x3_grid_4Nm_curriculum1_extended_active_passive_selector,20260803,1511,1.0,touchdown,passive_oracle_envelope,v22_3_passive_positive_4Nm_grid,oracle_best_cmt,positive,1.0,4.0,0.2,0.3,0.01,True,True,success,9,9,0.043664387849047206,3.684507604627696e-05,0.033541898578115896,0.010085644194885038,0.032328813730315265,0.054127630718489785,4.5674215722941155e-05,0.04157950195270885,0.012502454550058,63.66868605378728,17.053575901456473,49.011972047654915,53.614247287465695,-0.6538015024820008,0.2543520838959161,0.03762206474616936,-0.08165069760897525,56.00424265759668,22.647266413799734,51.11196434386161,53.15291658064966
4DoF_V22_3_3x3_grid_4Nm_curriculum1_extended_active_passive_selector,20260719,899,1.0,touchdown,passive_oracle_envelope,v22_3_passive_positive_4Nm_grid,oracle_best_cmt,positive,1.0,4.0,0.2,0.35,0.01,True,True,success,8,8,0.0094187798195196,0.0,0.0,0.0094187798195196,0.0318851003561523,0.011838270709156622,0.0,0.0,0.011838270709156622,58.93026685583262,20.692594390089226,62.93435537638797,72.65299336381432,-0.9074477912647039,0.11199658321255623,0.7439808968635311,0.2740096657599427,45.783451878126876,35.049396318498694,56.742217108461666,59.24805961087994
4DoF_V22_3_3x3_grid_4Nm_curriculum1_extended_active_passive_selector,20260702,584,-1.0,touchdown,passive_oracle_envelope,v22_3_passive_negative_4Nm_grid,oracle_best_cmt,negative,1.0,4.0,0.2,0.35,0.02,True,True,success,9,9,0.03344916547997911,0.0,0.0,0.03344916547997911,0.03176036979416586,0.04220667567734492,0.0,0.0,0.04220667567734492,60.31850510508285,46.99471180467578,-52.994997114071666,16.418496192718006,0.7852731870114174,0.46293408473623665,-0.5131421960192579,-0.20535573438961818,55.40954532341861,65.8667513562013,-63.07309237764118,12.405605071070552
4DoF_V22_3_3x3_grid_4Nm_curriculum1_extended_active_passive_selector,20260719,866,1.0,touchdown,passive_oracle_envelope,v22_3_passive_negative_4Nm_grid,oracle_best_cmt,negative,1.0,4.0,0.2,0.35,0.0,True,True,success,7,7,0.039611685861642626,1.4369227892631843e-05,0.0,0.03959731663375,0.03175482600872265,0.04999136546631022,1.8134479950141383e-05,0.0,0.049973230986360084,66.09530435123945,19.947298302450392,53.622917779416454,51.00053889746865,-0.9734557715262622,-0.3956135697622305,-0.9633745321121281,0.4676169366715903,55.579587433770584,28.771145057293936,39.51583342206528,29.25605376995578
4DoF_V22_3_3x3_grid_4Nm_curriculum1_extended_active_passive_selector,20260702,100,1.0,touchdown,passive_oracle_envelope,v22_3_passive_positive_4Nm_grid,oracle_best_cmt,positive,1.0,4.0,0.2,0.3,0.02,True,True,success,7,7,0.018524124068681355,0.0,0.0,0.018524124068681355,0.03142376827942758,0.023624402211377626,0.0,0.0,0.023624402211377626,57.29419530042382,17.46270973771052,65.65861970813114,86.72101611645321,-0.8156383762536565,-0.3680618432774456,0.5950228843834038,-0.03973637343718606,47.30694072262412,26.10033105931215,60.69021019176472,73.56647725578804
4DoF_V22_3_3x3_grid_4Nm_curriculum1_extended_active_passive_selector,20260803,1854,-1.0,touchdown,passive_oracle_envelope,v22_3_passive_negative_4Nm_grid,oracle_best_cmt,negative,1.0,4.0,0.2,0.3,0.01,True,True,success,8,8,0.01561946330549741,0.0,0.0,0.01561946330549741,0.03074148006021066,0.020362108381201675,0.0,0.0,0.020362108381201675,59.80246518169331,47.77087138301931,-47.76668848396801,18.61681422906261,0.9648335551199407,0.1536007976845415,-0.9259777086234822,0.4652572303866518,56.84490767829126,61.75140170754166,-59.72781292179848,10.090913899861398
4DoF_V22_3_3x3_grid_4Nm_curriculum1_extended_active_passive_selector,20260719,992,1.0,touchdown,passive_oracle_envelope,v22_3_passive_positive_4Nm_grid,oracle_best_cmt,positive,1.0,4.0,0.2,0.4,0.0,True,True,success,6,6,0.012592056728185638,0.0009020644932298403,0.0,0.011689992234955798,0.030570070856833553,0.016507512571796338,0.0011825582813037622,0.0,0.015324954290492578,46.989413098883915,20.94643059362505,79.95485292717737,88.58841373106463,-0.9701280011516611,-0.805900717589221,-0.48087368416006293,-0.32048134149485663,38.67428557331894,25.14042418160994,74.1341276503988,80.24370554377205
4DoF_V22_3_3x3_grid_4Nm_curriculum1_extended_active_passive_selector,20260719,1005,1.0,touchdown,passive_oracle_envelope,v22_3_passive_positive_4Nm_grid,oracle_best_cmt,positive,1.0,4.0,0.2,0.4,0.01,True,True,success,10,10,0.005999859977485049,0.0006335734450100159,0.0,0.005366286532475033,0.029629975620056676,0.008115050587373513,0.0008569334245076724,0.0,0.00725811716286584,52.510504447595025,21.826462276778326,75.86467099897415,70.72192989419813,-0.13109710832853838,-0.7425186808613018,0.6495958832851874,-0.42927544829540387,36.69510967946165,39.91088161874043,67.49986548841152,61.051354621410354
4DoF_V22_3_3x3_grid_4Nm_curriculum1_extended_active_passive_selector,20260719,1170,-1.0,touchdown,passive_oracle_envelope,v22_3_passive_positive_4Nm_grid,oracle_best_cmt,positive,1.0,4.0,0.2,0.3,0.02,True,True,success,9,5,0.008833005663357735,0.0,0.0,0.008833005663357735,0.029532479824090012,0.011986434139370563,0.0,0.0,0.011986434139370563,48.05906924800434,66.66072061276724,-41.64296878410197,53.25921561923755,0.9040182740278797,0.3107833022665061,-0.4069915896487326,-0.16853731031663777,44.652722966970245,82.82042900188166,-48.30798508831787,60.155424538123064
4DoF_V22_3_3x3_grid_4Nm_curriculum1_extended_active_passive_selector,20260803,1644,1.0,touchdown,passive_oracle_envelope,v22_3_passive_positive_4Nm_grid,oracle_best_cmt,positive,1.0,4.0,0.2,0.35,0.02,True,True,success,12,12,0.010300224428186032,0.0,0.0,0.010300224428186032,0.029030608209814013,0.014219095246186775,0.0,0.0,0.014219095246186775,63.857771740011934,15.722408352704305,67.65479345105416,53.94517742163453,-0.2644093088803392,-0.16586513755839105,0.2575859518209336,-0.292687824304253,42.26278112003816,44.83127438165668,52.349850342693045,48.74986099876683
4DoF_V22_3_3x3_grid_4Nm_curriculum1_extended_active_passive_selector,20260719,951,1.0,touchdown,passive_oracle_envelope,v22_3_passive_positive_4Nm_grid,oracle_best_cmt,positive,1.0,4.0,0.2,0.35,0.02,True,True,success,7,7,0.008076809767802715,0.0,0.0,0.008076809767802715,0.02898892086218749,0.011165783837995444,0.0,0.0,0.011165783837995444,69.48197393145452,12.604825172386503,52.81733823575321,39.586596179265754,-0.8020491456764061,-0.08378922622908913,0.6146083202186636,-0.2895299744441542,59.6973626508995,22.59146569064399,49.372509316379976,40.16256124647116
4DoF_V22_3_3x3_grid_4Nm_curriculum1_extended_active_passive_selector,20260719,1284,-1.0,mid_cross,passive_oracle_envelope,v22_3_passive_negative_4Nm_grid,oracle_best_cmt,negative,1.0,4.0,0.2,0.35,0.02,True,True,success,15,15,1.7413289496756281,0.0,1.6979620218349476,0.043366927840680435,0.028829432564627794,2.4206173191753897,0.0,2.3603330537411447,0.0602842654342449,75.38173905504568,34.03050607525286,-7.006238801313775,68.38482397248774,0.43041445619889007,0.12527954828300025,0.4579177825110512,0.41755884335244065,46.257103070551224,95.16320812175552,-61.02585422391943,72.24743337489814
4DoF_V22_3_3x3_grid_4Nm_curriculum1_extended_active_passive_selector,20260719,1350,-1.0,touchdown,passive_oracle_envelope,v22_3_passive_positive_4Nm_grid,oracle_best_cmt,positive,1.0,4.0,0.2,0.4,0.0,True,True,success,7,7,0.029374194187005064,0.004065206650961846,0.024796977503294775,0.000512010032748442,0.027977308175794413,0.04207667808658657,0.005823151795042051,0.03552010425491246,0.000733422036632059,68.72128570105193,57.32265594884149,-57.82081933484593,41.91005907790117,0.7923183493000179,0.953234270593549,-0.8461247083000587,0.3811064835481617,69.77996507266498,67.21768865930386,-58.43256023367112,48.86002202221307
4DoF_V22_3_3x3_grid_4Nm_curriculum1_extended_active_passive_selector,20260803,1946,-1.0,mid_cross,passive_oracle_envelope,v22_3_passive_negative_4Nm_grid,oracle_best_cmt,negative,1.0,4.0,0.2,0.35,0.0,True,True,success,12,12,0.47599620998400394,0.0,0.44106130312344605,0.03493490686055787,0.027881613308071426,0.6841746924140623,0.0,0.6339608910129139,0.050213801401148374,58.435083389915754,66.27627081997356,-21.18437335482554,91.45233766917916,0.866067586881534,-0.6718689052314408,-0.1914632032291661,-0.07362710010191365,45.89366623084554,93.77315744472126,-61.94401280986605,64.78915877648987
4DoF_V22_3_3x3_grid_4Nm_curriculum1_extended_active_passive_selector,20260702,443,-1.0,mid_cross,passive_oracle_envelope,v22_3_passive_negative_4Nm_grid,oracle_best_cmt,negative,1.0,4.0,0.2,0.3,0.02,True,True,success,14,14,0.7350314376424391,0.0007498987351153943,0.7002671977651358,0.03401434114218786,0.02759731429977698,1.0673835497335211,0.001088973250444182,1.0169002970946395,0.049394279388437386,66.1155132692908,45.20518531255437,-14.075879983479602,86.5658735153337,0.8274457169230354,-0.7705474597122175,-0.5949712690404421,0.05732575922406313,46.68759607871843,85.22611364151264,-57.177216238493514,55.45249416178874
4DoF_V22_3_3x3_grid_4Nm_curriculum1_extended_active_passive_selector,20260803,1603,1.0,touchdown,passive_oracle_envelope,v22_3_passive_positive_4Nm_grid,oracle_best_cmt,positive,1.0,4.0,0.2,0.35,0.01,True,True,success,9,9,0.005450361119710341,0.0,0.0,0.005450361119710341,0.027502677434182193,0.007942033473632992,0.0,0.0,0.007942033473632992,53.241116301806095,26.390332193876617,67.89323088606285,75.34198610544351,-0.7980368658449419,0.27699654571495924,0.2950340771185318,-0.24590156506589267,37.46869713817468,45.21425258156577,60.09140696115146,65.39242313958776
4DoF_V22_3_3x3_grid_4Nm_curriculum1_extended_active_passive_selector,20260719,1318,-1.0,mid_cross,passive_oracle_envelope,v22_3_passive_negative_4Nm_grid,oracle_best_cmt,negative,1.0,4.0,0.2,0.35,0.02,True,True,success,11,11,0.6115588571960225,0.0,0.5989519558784264,0.012606901317596095,0.02738803878949883,0.8948675022416175,0.0,0.8764203713394356,0.018447130902181866,81.04303520963872,43.36569055883003,-16.505039539450426,87.88457149448278,0.397071172033463,0.4283307769333562,-0.9298579157562223,-0.3271925623766585,67.14648807456412,78.7468226224553,-58.77265475241114,71.24523995605372
4DoF_V22_3_3x3_grid_4Nm_curriculum1_extended_active_passive_selector,20260803,1867,-1.0,touchdown,passive_oracle_envelope,v22_3_passive_positive_4Nm_grid,oracle_best_cmt,positive,1.0,4.0,0.2,0.3,0.01,True,True,success,11,7,0.0169210712800484,0.0,0.014406714799793524,0.0025143564802548755,0.026871538216398677,0.0252357803001429,0.0,0.021485914426888856,0.0037498658732540444,68.60391867106833,47.83680800313876,-49.697587371479464,38.76728165701366,0.5240705119001161,0.4301800939247524,-0.8791381032938117,-0.12883123610346336,62.73983756240874,70.78044651133683,-55.043448170357955,50.37270729661161
4DoF_V22_3_3x3_grid_4Nm_curriculum1_extended_active_passive_selector,20260719,1251,-1.0,mid_cross,passive_oracle_envelope,v22_3_passive_negative_4Nm_grid,oracle_best_cmt,negative,1.0,4.0,0.2,0.35,0.01,True,True,success,15,15,1.3760496133838775,0.0,1.2982683364640506,0.07778127691982689,0.026865137722503735,2.0527044879977776,0.0,1.9366752586279892,0.11602922936978843,76.51792809935795,33.521534985131915,-17.403190897467915,52.87379872471895,0.7841996051019033,-0.6228981335290449,0.4208726177108473,0.19623575200920995,50.32324996783813,90.3773323411678,-63.40533275058275,63.48659361835085
4DoF_V22_3_3x3_grid_4Nm_curriculum1_extended_active_passive_selector,20260702,127,1.0,touchdown,passive_oracle_envelope,v22_3_passive_positive_4Nm_grid,oracle_best_cmt,positive,1.0,4.0,0.2,0.35,0.0,True,True,success,8,8,0.013823483338162641,0.0009791340512780467,0.0,0.012844349286884594,0.02614937801724332,0.021185442551719693,0.0015005905303562036,0.0,0.01968485202136349,56.104985675719554,17.271076131090442,68.23252440782598,58.78185133721425,-0.1480807256892156,-0.9448585061473995,0.2962453445202211,-0.24457913413706878,45.30266455625691,28.047713019726658,62.457891910509325,62.44229807556362
4DoF_V22_3_3x3_grid_4Nm_curriculum1_extended_active_passive_selector,20260702,129,1.0,touchdown,passive_oracle_envelope,v22_3_passive_positive_4Nm_grid,oracle_best_cmt,positive,1.0,4.0,0.2,0.35,0.0,True,True,success,7,7,0.020164373014045296,0.0001656669244431527,0.0019195446723120036,0.01807916141729014,0.025528692067726705,0.03165465382194089,0.0002600690405469532,0.003013360348742998,0.028381224432650936,60.27777034309191,16.886410251299356,56.44698474607875,58.163745585970695,-0.45657449531404604,-0.41403555371837486,-0.05550177287298874,0.00921197349107672,55.42918502032502,18.354465193843847,55.21639846488413,51.31355866642795
4DoF_V22_3_3x3_grid_4Nm_curriculum1_extended_active_passive_selector,20260702,4,1.0,touchdown,passive_oracle_envelope,v22_3_passive_positive_4Nm_grid,oracle_best_cmt,positive,1.0,4.0,0.2,0.3,0.0,True,True,success,6,6,0.009467581411630045,0.0,0.0,0.009467581411630045,0.025080550054330825,0.015128065695130435,0.0,0.0,0.015128065695130435,54.908059785390925,21.313759138702984,61.74329484257774,64.6835834156522,-0.9551598553085852,-0.1054132594870325,-0.871233472203875,0.19543372275914028,47.73145046535552,26.118472462143544,57.27259191531027,61.88333440386828
4DoF_V22_3_3x3_grid_4Nm_curriculum1_extended_active_passive_selector,20260803,1681,1.0,touchdown,passive_oracle_envelope,v22_3_passive_positive_4Nm_grid,oracle_best_cmt,positive,1.0,4.0,0.2,0.4,0.0,True,True,success,13,13,0.00458607391626157,0.0,0.0,0.00458607391626157,0.025025659754844776,0.007344071984557686,0.0,0.0,0.007344071984557686,64.85236505872446,12.032695747554918,67.80349189118967,58.08946654493636,-0.4518993589513687,0.542903488984013,0.5487621645798919,0.42460712894305774,41.560757798271105,45.71980878414448,47.99707438869755,29.145789810191246
4DoF_V22_3_3x3_grid_4Nm_curriculum1_extended_active_passive_selector,20260719,781,1.0,touchdown,passive_oracle_envelope,v22_3_passive_positive_4Nm_grid,oracle_best_cmt,positive,1.0,4.0,0.2,0.3,0.01,True,True,success,8,8,0.04034086032581733,0.008295517031057027,0.025516850963549248,0.006528492331211056,0.024906375335059544,0.06491066192500228,0.013347942932972926,0.041058015939873384,0.010504703052155966,58.25758568942892,14.134584847083998,59.63383275727111,68.6259206995271,-0.16736421816098757,-0.5064609876109474,-0.20331233655422642,0.22002608506539179,55.76958567839034,11.296101333605742,61.41786265611454,67.74706801854347
4DoF_V22_3_3x3_grid_4Nm_curriculum1_extended_active_passive_selector,20260702,32,1.0,mid_cross,passive_oracle_envelope,v22_3_passive_positive_4Nm_grid,oracle_best_cmt,positive,1.0,4.0,0.2,0.3,0.0,True,True,success,14,14,0.4538452671974778,0.005061133856131702,0.42375597664120757,0.025028156700138526,0.024847727603018316,0.7319856109845008,0.008162863922392566,0.683456014393295,0.04036673266881329,58.25825825317933,25.2447181168118,23.46791079665975,71.14200203109586,0.19235818863038312,0.20796716940268656,-0.8415921245241265,-0.48904573766473547,51.43559323637223,36.14724015976256,41.199619079329366,49.13008816478114
4DoF_V22_3_3x3_grid_4Nm_curriculum1_extended_active_passive_selector,20260719,1032,1.0,touchdown,passive_oracle_envelope,v22_3_passive_positive_4Nm_grid,oracle_best_cmt,positive,1.0,4.0,0.2,0.4,0.01,True,True,success,6,6,0.011148887602380508,0.0,0.0,0.011148887602380508,0.02474452276787889,0.01805651218837598,0.0,0.0,0.01805651218837598,58.362012502037786,14.839077091347663,70.72167627470527,66.64275682413849,-0.948877177024507,-0.13317392439565445,-0.40569974555935007,0.26622821066654434,50.45096412733649,21.268005026864746,63.19723994060424,55.516925253283716
4DoF_V22_3_3x3_grid_4Nm_curriculum1_extended_active_passive_selector,20260803,1550,1.0,touchdown,passive_oracle_envelope,v22_3_passive_positive_4Nm_grid,oracle_best_cmt,positive,1.0,4.0,0.2,0.3,0.02,True,True,success,6,6,0.011496317114409297,0.0,0.0,0.011496317114409297,0.02467451230926543,0.01867203134504045,0.0,0.0,0.01867203134504045,55.371541328750304,23.67793337786265,60.06078628220177,66.41529708402416,-0.7802996614466229,-0.2558477588774364,-0.5854907056305165,-0.4754910431836221,48.67741528969882,28.21681067945075,58.05715296413537,67.07373915870923
4DoF_V22_3_3x3_grid_4Nm_curriculum1_extended_active_passive_selector,20260702,47,1.0,touchdown,passive_oracle_envelope,v22_3_passive_positive_4Nm_grid,oracle_best_cmt,positive,1.0,4.0,0.2,0.3,0.01,True,True,success,7,7,0.007983932658028743,0.00016096049994626817,0.0,0.007822972158082475,0.024598927759634404,0.0130071485011802,0.0002622313107212809,0.0,0.012744917190458917,48.34978798785301,22.320703019375042,70.27789826604277,81.80473672333076,-0.5949474665173888,-0.47989099227663257,-0.12049586931800826,-0.40852695501139025,38.14166812103031,31.66051982068116,64.82474271343455,81.69942947961167
4DoF_V22_3_3x3_grid_4Nm_curriculum1_extended_active_passive_selector,20260702,238,1.0,touchdown,passive_oracle_envelope,v22_3_passive_positive_4Nm_grid,oracle_best_cmt,positive,1.0,4.0,0.2,0.35,0.02,True,True,success,10,10,0.009020292196578739,0.0,0.0,0.009020292196578739,0.02450097658354461,0.014754300390632729,0.0,0.0,0.014754300390632729,52.12389522017279,31.53302179381329,67.3046188869676,79.34024237595408,-0.42378367235972614,-0.07589188476703357,0.6688991086432752,0.05289432162410124,35.7226098920559,52.23387873283835,59.27443575237464,64.66457723463832
4DoF_V22_3_3x3_grid_4Nm_curriculum1_extended_active_passive_selector,20260719,839,1.0,touchdown,passive_oracle_envelope,v22_3_passive_positive_4Nm_grid,oracle_best_cmt,positive,1.0,4.0,0.2,0.3,0.02,True,True,success,8,8,0.012248429014286539,0.0004822057440261146,0.0,0.011766223270260424,0.0244495481917284,0.02007663678103565,0.0007903927569200408,0.0,0.01928624402411561,51.20699971830666,32.13685225399971,67.74422686404493,82.82497627288834,-0.4044570221866688,-0.6573035441198851,-0.7111764957239659,-0.3531908191768599,40.02409663129374,43.321454363190355,56.317873767456824,68.18800916247265
4DoF_V22_3_3x3_grid_4Nm_curriculum1_extended_active_passive_selector,20260702,88,1.0,touchdown,passive_oracle_envelope,v22_3_passive_positive_4Nm_grid,oracle_best_cmt,positive,1.0,4.0,0.2,0.3,0.02,True,True,success,6,6,0.005461154207637768,0.0005943944563100859,0.0,0.004866759751327682,0.024442674130628728,0.008954000878686029,0.0009745574436706383,0.0,0.007979443435015391,62.50450642258783,18.732230126386945,56.865050758227845,52.15919196383055,-0.5157083432092655,-0.7841869172123108,0.3139948905578547,-0.07980219342941786,54.9621745469051,25.16733757424057,53.25481439169247,52.7764796444838
4DoF_V22_3_3x3_grid_4Nm_curriculum1_extended_active_passive_selector,20260803,1617,1.0,touchdown,passive_oracle_envelope,v22_3_passive_positive_4Nm_grid,oracle_best_cmt,positive,1.0,4.0,0.2,0.35,0.01,True,True,success,8,8,0.004452909684783412,0.0,0.0,0.004452909684783412,0.024070558635608696,0.007413770324268412,0.0,0.0,0.007413770324268412,60.47472296437406,23.418606060573556,59.39703468604742,48.394272654499254,-0.6389269790700514,-0.059812062897601104,-0.04913073041711069,0.45103574967352245,48.112969788668394,38.01605483466897,49.21232020059916,37.67680417947845
4DoF_V22_3_3x3_grid_4Nm_curriculum1_extended_active_passive_selector,20260803,1808,-1.0,touchdown,passive_oracle_envelope,v22_3_passive_positive_4Nm_grid,oracle_best_cmt,positive,1.0,4.0,0.2,0.3,0.0,True,True,success,9,4,0.004035951482598851,0.0,0.0,0.004035951482598851,0.023931807058048427,0.006758523908729426,0.0,0.0,0.006758523908729426,52.10445669669619,69.63104628013271,-42.23813044651222,65.80571093134833,0.8178144330451935,0.3660740887842646,0.4134646362352965,0.10457905434430104,48.93178692767783,85.70968383085163,-46.35168991749046,67.58634671982995
4DoF_V22_3_3x3_grid_4Nm_curriculum1_extended_active_passive_selector,20260702,20,1.0,touchdown,passive_oracle_envelope,v22_3_passive_positive_4Nm_grid,oracle_best_cmt,positive,1.0,4.0,0.2,0.3,0.0,True,True,success,6,6,0.0025557275164063355,5.0779116923841746e-05,0.0,0.002504948399482494,0.023667253242607517,0.004327609859243194,8.59842082665678e-05,0.0,0.004241625650976626,51.79835920286255,18.91684930915175,62.99343920977764,74.56825341859884,-0.941459972565377,0.09669261574838495,-0.6519142673603306,0.46265099224042117,45.81340694256534,22.050234978138114,60.99860321510625,73.253409491377
4DoF_V22_3_3x3_grid_4Nm_curriculum1_extended_active_passive_selector,20260702,97,1.0,touchdown,passive_oracle_envelope,v22_3_passive_positive_4Nm_grid,oracle_best_cmt,positive,1.0,4.0,0.2,0.3,0.02,True,True,success,8,8,0.009858745767283085,8.991531650951979e-05,0.0,0.009768830450773565,0.023141840801607222,0.01707281664605104,0.00015571024435309368,0.0,0.016917106401697947,54.62865965302194,27.76637120314408,60.07450679560728,63.22292654114512,-0.3611760953025007,-0.4724951362861196,0.3861235189864738,0.22715466802756934,42.92275649930655,41.10282268441581,54.51471576499644,63.058086708664625
4DoF_V22_3_3x3_grid_4Nm_curriculum1_extended_active_passive_selector,20260803,1733,1.0,touchdown,passive_oracle_envelope,v22_3_passive_positive_4Nm_grid,oracle_best_cmt,positive,1.0,4.0,0.2,0.4,0.01,True,True,success,7,7,0.017671232204734995,0.0010320193363631326,0.0,0.01663921286837186,0.02312557263668119,0.030623565105881188,0.001788449779363795,0.0,0.02883511532651739,46.7262130644672,22.423188544894124,79.05919818695803,86.93275582778632,-0.2878133840015771,-0.9190327954688964,0.08906363490072922,-0.004893370117440177,38.241680364817576,29.44421750811398,72.83278677336298,76.41586644693092
4DoF_V22_3_3x3_grid_4Nm_curriculum1_extended_active_passive_selector,20260702,362,-1.0,touchdown,passive_oracle_envelope,v22_3_passive_positive_4Nm_grid,oracle_best_cmt,positive,1.0,4.0,0.2,0.3,0.0,True,True,success,10,7,0.0018456848512046552,0.0,0.0,0.0018456848512046552,0.02254659366968015,0.00328063580166091,0.0,0.0,0.00328063580166091,71.71285830913212,47.53964410425717,-49.580836410097774,38.499389196984005,0.3091730768321528,0.802100752427582,-0.6678580910191272,-0.26587689618643995,66.24300360121994,68.9317691442342,-53.88985178058859,50.056223014983445
4DoF_V22_3_3x3_grid_4Nm_curriculum1_extended_active_passive_selector,20260803,1881,-1.0,touchdown,passive_oracle_envelope,v22_3_passive_negative_4Nm_grid,oracle_best_cmt,negative,1.0,4.0,0.2,0.3,0.02,True,True,success,5,5,0.007159300002926496,0.0,0.0,0.007159300002926496,0.022365165217014066,0.012828617643409675,0.0,0.0,0.012828617643409675,53.98643193581521,57.742185194084655,-58.34105433069235,21.049280610077624,0.9614184906278676,0.9831294146213676,0.7956105798983073,0.4364856861930586,54.085629373798476,65.39142882346049,-58.97828698217514,18.580523458826494
4DoF_V22_3_3x3_grid_4Nm_curriculum1_extended_active_passive_selector,20260719,1138,-1.0,touchdown,passive_oracle_envelope,v22_3_passive_negative_4Nm_grid,oracle_best_cmt,negative,1.0,4.0,0.2,0.3,0.01,True,True,success,6,6,0.030075337771120477,0.0,0.022801333780048873,0.0072740039910716035,0.022349070070994598,0.053930254142299044,0.0,0.040886713722038816,0.01304354042026023,68.30212467610313,51.95522561491295,-41.599050825108975,52.91905063207982,0.8751740423016243,0.6474146822832776,0.6663543201839355,0.3476887550681743,66.27737831413765,63.71273179081937,-49.071380419672266,47.59288601795557
4DoF_V22_3_3x3_grid_4Nm_curriculum1_extended_active_passive_selector,20260803,1786,1.0,touchdown,passive_oracle_envelope,v22_3_passive_positive_4Nm_grid,oracle_best_cmt,positive,1.0,4.0,0.2,0.4,0.02,True,True,success,5,5,0.025118742386738474,0.0,0.0,0.025118742386738474,0.022164188101980065,0.045417944487819856,0.0,0.0,0.045417944487819856,52.57119973060833,34.113587423230825,53.535760824537405,39.5798243215132,-0.8560909177867786,-0.37073500433476836,0.9137000551508281,-0.14709354207780634,45.94780585991778,39.525992774128994,54.97122550114159,46.78139957641278
4DoF_V22_3_3x3_grid_4Nm_curriculum1_extended_active_passive_selector,20260803,1775,1.0,touchdown,passive_oracle_envelope,v22_3_passive_positive_4Nm_grid,oracle_best_cmt,positive,1.0,4.0,0.2,0.4,0.02,True,True,success,6,6,0.03482812652001354,0.0003601032796407753,0.0,0.034468023240372764,0.022099786028296542,0.06315728540635332,0.0006530108817356927,0.0,0.06250427452461763,57.97866028138128,27.30754320799616,51.94350873193385,31.76029165068985,-0.4525769072599044,-0.7055064581101376,0.5272521499922243,-0.38936174810022994,50.09877514225011,34.99398413609717,51.46241665042168,41.64153754965351
4DoF_V22_3_3x3_grid_4Nm_curriculum1_extended_active_passive_selector,20260702,138,1.0,touchdown,passive_oracle_envelope,v22_3_passive_positive_4Nm_grid,oracle_best_cmt,positive,1.0,4.0,0.2,0.35,0.0,True,True,success,5,5,0.013323639512937377,0.0024935807946744972,0.0,0.01083005871826288,0.02208430188849836,0.024178013129601793,0.004525027049465042,0.0,0.019652986080136752,45.009140471219986,20.098730447247934,72.13076233119332,88.27560375255705,-0.558401363706635,-0.9757779556952553,-0.006977015874166215,-0.4764867154604723,41.21931656015837,19.609994422753253,71.9324549537833,83.41411905839749
4DoF_V22_3_3x3_grid_4Nm_curriculum1_extended_active_passive_selector,20260719,872,1.0,touchdown,passive_oracle_envelope,v22_3_passive_negative_4Nm_grid,oracle_best_cmt,negative,1.0,4.0,0.2,0.35,0.0,True,True,success,5,5,0.0052064137307373075,0.0,0.0,0.0052064137307373075,0.022001878380027873,0.009483318297061895,0.0,0.0,0.009483318297061895,53.049605519664354,25.689953940354407,60.642833965065684,61.63867698775155,-0.8040193308320938,-0.6480209980810279,0.029402280336223052,-0.05652441513147044,46.328890529659226,30.776395647340184,57.02278203393453,57.5947101085416
4DoF_V22_3_3x3_grid_4Nm_curriculum1_extended_active_passive_selector,20260702,400,-1.0,touchdown,passive_oracle_envelope,v22_3_passive_negative_4Nm_grid,oracle_best_cmt,negative,1.0,4.0,0.2,0.3,0.0,True,True,success,8,8,0.005713679050472642,2.807988675297102e-05,0.0,0.005685599163719671,0.021964944251133982,0.010424785954881218,5.123263075352698e-05,0.0,0.010373553324127692,68.41072575502865,41.93852480229874,-46.9867812590504,9.067209618853592,0.9299322936010139,-0.4620772270190501,-0.7532356199074552,0.42077317389201907,64.88867447491482,54.64834200763105,-57.49711532516998,6.767114811466477
4DoF_V22_3_3x3_grid_4Nm_curriculum1_extended_active_passive_selector,20260719,1144,-1.0,touchdown,passive_oracle_envelope,v22_3_passive_positive_4Nm_grid,oracle_best_cmt,positive,1.0,4.0,0.2,0.3,0.01,True,True,success,11,9,0.03610224477377375,9.798671151884976e-05,0.028782161935382567,0.007222096126872339,0.02149917921949878,0.06729669510914782,0.00018265295942545813,0.053651632702757635,0.01346240944696474,65.32181124911753,51.52371122697782,-51.92062853630615,30.85242751626567,0.8645858018186234,-0.45034254321749323,-0.27810033142428026,0.10110379469956765,60.2325846232656,70.62871128250893,-54.73554362577697,46.70857982502089
4DoF_V22_3_3x3_grid_4Nm_curriculum1_extended_active_passive_selector,20260803,1851,-1.0,mid_cross,passive_oracle_envelope,v22_3_passive_negative_4Nm_grid,oracle_best_cmt,negative,1.0,4.0,0.2,0.3,0.01,True,True,success,11,11,0.8561430931304868,0.0,0.833539334581272,0.022603758549214658,0.021432068245935514,1.600898082253256,0.0,1.558631416781672,0.0422666654715839,64.98940030347408,56.32858949974533,-3.9538133399461732,88.29615460441458,0.36075617086543077,-0.188581195890706,-0.9985472520825154,0.1078951961802942,48.68225347951607,87.00392981335519,-52.09657342566536,68.59360100793569
4DoF_V22_3_3x3_grid_4Nm_curriculum1_extended_active_passive_selector,20260719,1381,-1.0,touchdown,passive_oracle_envelope,v22_3_passive_negative_4Nm_grid,oracle_best_cmt,negative,1.0,4.0,0.2,0.4,0.01,True,True,success,6,6,0.005033326408645256,0.0,0.0,0.005033326408645256,0.021340822164017115,0.009452035820231072,0.0,0.0,0.009452035820231072,74.69233132812329,43.25615899327783,-60.1379639532611,8.39704671613432,0.8809208055355848,0.1639323822962182,-0.5307053391306538,0.4353046367175485,73.71692097278431,52.00601503390895,-66.54848358027803,5.923817616728746
4DoF_V22_3_3x3_grid_4Nm_curriculum1_extended_active_passive_selector,20260702,145,1.0,touchdown,passive_oracle_envelope,v22_3_passive_positive_4Nm_grid,oracle_best_cmt,positive,1.0,4.0,0.2,0.35,0.0,True,True,success,6,6,0.014240385385685648,0.0,0.0,0.014240385385685648,0.02114179418866441,0.026993631351066978,0.0,0.0,0.026993631351066978,58.720984947284606,27.451983265795523,49.08137406535008,50.498533186754145,-0.6428401568566662,-0.3881067069334445,0.1081325934551427,-0.11548430316639424,51.236513074154104,34.50110565237296,42.87033262427699,37.39201717093488
4DoF_V22_3_3x3_grid_4Nm_curriculum1_extended_active_passive_selector,20260803,1573,1.0,touchdown,passive_oracle_envelope,v22_3_passive_positive_4Nm_grid,oracle_best_cmt,positive,1.0,4.0,0.2,0.35,0.0,True,True,success,7,7,0.0071652136722484445,0.0,0.0,0.0071652136722484445,0.021073810359385547,0.013625971896000377,0.0,0.0,0.013625971896000377,52.83052905816076,19.29775356810112,66.01548572403144,72.15214000477404,-0.7319333723774093,0.25009779767368023,0.5495035646501061,-0.4994819327149018,42.427988906649844,31.344711606829815,62.11676914402039,66.31384245749135
4DoF_V22_3_3x3_grid_4Nm_curriculum1_extended_active_passive_selector,20260719,1186,-1.0,touchdown,passive_oracle_envelope,v22_3_passive_negative_4Nm_grid,oracle_best_cmt,negative,1.0,4.0,0.2,0.3,0.02,True,True,success,6,6,0.04937243477412875,0.0,0.0,0.04937243477412875,0.02091488101496443,0.09460423038287842,0.0,0.0,0.09460423038287842,77.0927569363238,38.52167423656991,-42.52260423996682,39.98837958690774,0.6338272945508847,0.5226275042684378,-0.9735711874074331,0.08723035156245418,75.27840293807031,48.17772746229897,-52.35616331310969,25.864986096220747
4DoF_V22_3_3x3_grid_4Nm_curriculum1_extended_active_passive_selector,20260803,1825,-1.0,touchdown,passive_oracle_envelope,v22_3_passive_negative_4Nm_grid,oracle_best_cmt,negative,1.0,4.0,0.2,0.3,0.0,True,True,success,8,8,0.012907293062855785,0.0,0.0,0.012907293062855785,0.02090551235821616,0.024743194304200734,0.0,0.0,0.024743194304200734,69.53200560797208,39.03860891299777,-47.790244011825344,12.881515261224079,0.9933457987156191,-0.35756769579712144,0.39118232833384803,0.0140109321202192,66.13139744078617,52.70593679691672,-52.176397897927345,13.49443318688342
4DoF_V22_3_3x3_grid_4Nm_curriculum1_extended_active_passive_selector,20260803,1593,1.0,touchdown,passive_oracle_envelope,v22_3_passive_positive_4Nm_grid,oracle_best_cmt,positive,1.0,4.0,0.2,0.35,0.0,True,True,success,9,9,0.011855035014123471,0.0002028489206890151,0.0,0.011652186093434456,0.020785188294066503,0.022857582100926366,0.00039111110622698427,0.0,0.02246647099469938,57.21065122272059,26.056372914960154,57.454383620216994,60.96588712701589,-0.13515864491132068,-0.5384867774808368,0.4932124064398238,0.06307013538156248,44.62888698855942,41.916559804164415,47.12360131152938,41.09176436598994
4DoF_V22_3_3x3_grid_4Nm_curriculum1_extended_active_passive_selector,20260702,130,1.0,touchdown,passive_oracle_envelope,v22_3_passive_positive_4Nm_grid,oracle_best_cmt,positive,1.0,4.0,0.2,0.35,0.0,True,True,success,7,7,0.026747095469213302,0.0008199683238332972,0.0,0.025927127145380004,0.020760769295630588,0.051631482596587897,0.0015828328085373768,0.0,0.05004864978805052,45.56035977038382,20.14339674149073,74.84197722670557,72.3634014402391,-0.10438297453523715,-0.8565224564983802,0.9122311277127249,-0.3037404557895147,36.959501374110225,28.27908963128589,74.37907813761016,79.78548292018252
4DoF_V22_3_3x3_grid_4Nm_curriculum1_extended_active_passive_selector,20260719,1232,-1.0,touchdown,passive_oracle_envelope,v22_3_passive_negative_4Nm_grid,oracle_best_cmt,negative,1.0,4.0,0.2,0.35,0.0,True,True,success,5,5,0.015989772567106958,0.0,0.0,0.015989772567106958,0.02072775490201112,0.030915155294073828,0.0,0.0,0.030915155294073828,80.19436582667406,50.65844461168416,-47.18343288743096,58.065516131747565,0.9453004879554969,0.638263656271721,-0.5130014626167931,0.23131049138428994,81.04214272291918,56.80110375469001,-52.31140537428265,51.337790394823536
4DoF_V22_3_3x3_grid_4Nm_curriculum1_extended_active_passive_selector,20260719,1271,-1.0,touchdown,passive_oracle_envelope,v22_3_passive_negative_4Nm_grid,oracle_best_cmt,negative,1.0,4.0,0.2,0.35,0.01,True,True,success,6,6,0.045088462813892734,0.008345752913297705,0.0,0.03674270990059503,0.02060632109793975,0.08768925429364666,0.016231044569135572,0.0,0.07145820972451108,71.63805380843971,50.27207413261785,-59.2490041507997,29.035843537667464,0.7383128868358801,0.392264525449471,-0.8822133066784821,0.1077148316552552,70.52595637377374,58.896350664843695,-68.88988801769737,14.567711738449995
4DoF_V22_3_3x3_grid_4Nm_curriculum1_extended_active_passive_selector,20260719,1417,-1.0,touchdown,passive_oracle_envelope,v22_3_passive_negative_4Nm_grid,oracle_best_cmt,negative,1.0,4.0,0.2,0.4,0.02,True,True,success,7,7,0.0170297684280143,0.0,0.0,0.0170297684280143,0.020595059954476344,0.033138060947735276,0.0,0.0,0.033138060947735276,68.318667077929,54.4972893688288,-57.879606070200396,43.55882172797199,0.4504113367668092,0.9415892022805199,-0.32742711728443674,0.46222829513742303,65.70408487635954,67.28524823000379,-65.90061553930454,33.90015445308415
4DoF_V22_3_3x3_grid_4Nm_curriculum1_extended_active_passive_selector,20260803,2026,-1.0,touchdown,passive_oracle_envelope,v22_3_passive_negative_4Nm_grid,oracle_best_cmt,negative,1.0,4.0,0.2,0.35,0.02,True,True,success,8,8,0.04522160154163733,0.0,0.0,0.04522160154163733,0.020545701148635687,0.08820767658507686,0.0,0.0,0.08820767658507686,76.74393265807566,41.71001151815329,-51.739653606582536,40.867819691721756,0.7903922013026141,-0.2076931022812385,-0.3509402274228879,0.2707166763497171,73.40246586130205,54.6399468945398,-64.52275605840774,18.35282246915964
4DoF_V22_3_3x3_grid_4Nm_curriculum1_extended_active_passive_selector,20260719,782,1.0,touchdown,passive_oracle_envelope,v22_3_passive_positive_4Nm_grid,oracle_best_cmt,positive,1.0,4.0,0.2,0.3,0.01,True,True,success,6,6,0.011596881027829782,0.00025502303202495414,0.0,0.011341857995804828,0.02041253435404905,0.022768041985915245,0.0005006842000522064,0.0,0.02226735778586304,55.78779339446733,25.957178368765135,57.83442643934065,56.93257794069509,-0.510484724953161,-0.547080924280376,-0.7374140095096331,0.3571362786723933,49.44795054733387,30.76347367020894,53.38142625256547,55.75020279964008
4DoF_V22_3_3x3_grid_4Nm_curriculum1_extended_active_passive_selector,20260719,1062,1.0,touchdown,passive_oracle_envelope,v22_3_passive_positive_4Nm_grid,oracle_best_cmt,positive,1.0,4.0,0.2,0.4,0.02,True,True,success,8,8,0.0034433666329994,0.00022395204184345066,0.0,0.0032194145911559496,0.020374009778087177,0.0067731105939097275,0.00044051421437406215,0.0,0.006332596379535666,51.59610867483624,21.32137922824379,73.29285663639085,71.30041539564294,-0.15116457528907157,-0.5342260543887456,0.8749134419198568,0.08582020884816588,40.95560465717378,33.77718706690604,68.916502219112,65.91870448400122
4DoF_V22_3_3x3_grid_4Nm_curriculum1_extended_active_passive_selector,20260803,1754,1.0,touchdown,passive_oracle_envelope,v22_3_passive_negative_4Nm_grid,oracle_best_cmt,negative,1.0,4.0,0.2,0.4,0.01,True,True,success,8,8,0.15206458483628105,0.0006752645722378372,0.1378547218343637,0.01353459842967949,0.020325369806219185,0.2998272041615625,0.0013314256503669396,0.2718094806398711,0.0266862978713244,47.98095164242618,37.44161179661459,60.9668147619896,42.91393686185057,-0.21803657357332473,-0.8034575116494336,0.9454285360419965,0.1166802084843741,36.61655248215893,49.897128029846996,54.86441277325769,43.99130033893659
4DoF_V22_3_3x3_grid_4Nm_curriculum1_extended_active_passive_selector,20260702,701,-1.0,touchdown,passive_oracle_envelope,v22_3_passive_positive_4Nm_grid,oracle_best_cmt,positive,1.0,4.0,0.2,0.4,0.02,True,True,success,9,9,0.016723193809543187,0.009485978057448835,8.047608672337781e-05,0.007156739665370973,0.0202967247842515,0.03301981764909883,0.018729990768962413,0.00015889941472798047,0.014130927465408434,67.57405337247252,61.11193668970335,-55.328415448152874,58.0323301693807,0.9707252392551915,-0.6264044717629613,-0.7688882881804067,-0.23008363052505287,67.38386647313781,70.04835893492138,-58.89494900147881,55.63314872253428
4DoF_V22_3_3x3_grid_4Nm_curriculum1_extended_active_passive_selector,20260719,1260,-1.0,touchdown,passive_oracle_envelope,v22_3_passive_positive_4Nm_grid,oracle_best_cmt,positive,1.0,4.0,0.2,0.35,0.01,True,True,success,9,6,0.007097053017752108,0.0,0.0,0.007097053017752108,0.02022687878232668,0.014061465586030207,0.0,0.0,0.014061465586030207,70.95652683190535,48.90918004234483,-46.78950983781793,46.19350004961301,0.8241052165408558,-0.2948727868709453,-0.1826721092756487,-0.102796649925742,67.07122426832058,64.1593499960812,-54.78222057951199,42.69956631304424
4DoF_V22_3_3x3_grid_4Nm_curriculum1_extended_active_passive_selector,20260702,297,1.0,touchdown,passive_oracle_envelope,v22_3_passive_positive_4Nm_grid,oracle_best_cmt,positive,1.0,4.0,0.2,0.4,0.01,True,True,success,5,5,0.003065998383189968,0.0,0.0,0.003065998383189968,0.020009775550450942,0.006140604334382043,0.0,0.0,0.006140604334382043,62.81644948274229,15.397221962843094,56.26132133495962,36.56959972222493,-0.9325381179553733,-0.00729129183343491,0.045381781787443565,-0.1297934608290331,56.37803595850326,21.20990239403642,53.24273191768131,36.62271316827409
4DoF_V22_3_3x3_grid_4Nm_curriculum1_extended_active_passive_selector,20260803,2017,-1.0,touchdown,passive_oracle_envelope,v22_3_passive_positive_4Nm_grid,oracle_best_cmt,positive,1.0,4.0,0.2,0.35,0.02,True,True,success,10,8,0.04560518266667512,0.0,0.038357184265345845,0.007247998401329273,0.019960452633972794,0.09156409867716138,0.0,0.07701188329230398,0.014552215384857395,65.57121045280336,50.4027645592266,-56.69149848683092,31.47455368333038,0.7661160886256619,-0.15462125209709843,0.05347716416951531,0.012727966964729442,60.78192948983215,68.12509007908645,-59.53607887520999,36.36086856797723
4DoF_V22_3_3x3_grid_4Nm_curriculum1_extended_active_passive_selector,20260803,1582,1.0,touchdown,passive_oracle_envelope,v22_3_passive_positive_4Nm_grid,oracle_best_cmt,positive,1.0,4.0,0.2,0.35,0.0,True,True,success,4,4,0.012563818864010718,0.0003749734818381493,0.0,0.012188845382172568,0.019920423839838747,0.025275776263582322,0.000754368232645146,0.0,0.024521408030937174,54.80064087305736,19.48179514700526,62.30691796428722,52.79018710095199,-0.9306328380852171,-0.6384820270006475,0.38354970051312165,0.1803073017863861,50.00603869535371,22.020015434022262,61.763866546994336,56.28203020014123
4DoF_V22_3_3x3_grid_4Nm_curriculum1_extended_active_passive_selector,20260803,1836,-1.0,touchdown,passive_oracle_envelope,v22_3_passive_positive_4Nm_grid,oracle_best_cmt,positive,1.0,4.0,0.2,0.3,0.0,True,True,success,7,6,0.012124968852327691,0.005924085403103942,0.0,0.006200883449223748,0.019648951383466895,0.0247299173001663,0.012082681933633013,0.0,0.012647235366533283,68.16183144469078,60.00002544356103,-50.473396474710746,46.35456956634845,0.9320554048194385,-0.10521153419039342,-0.18284160844126784,0.32212866575843824,67.94662887233953,68.5441256266962,-53.52651896824731,53.24588413189974
4DoF_V22_3_3x3_grid_4Nm_curriculum1_extended_active_passive_selector,20260702,504,-1.0,touchdown,passive_oracle_envelope,v22_3_passive_positive_4Nm_grid,oracle_best_cmt,positive,1.0,4.0,0.2,0.35,0.0,True,True,success,7,5,0.004955389525317823,0.0,0.0,0.004955389525317823,0.019633986577777165,0.010114646736362061,0.0,0.0,0.010114646736362061,67.21901928832018,52.57413263780881,-49.63760624553712,33.05036351071148,0.5316290612202921,0.6725473961994137,-0.42215526874117093,-0.2229769403937064,64.97250158900604,64.6222992356116,-53.169924306240226,39.31216805608865
4DoF_V22_3_3x3_grid_4Nm_curriculum1_extended_active_passive_selector,20260702,95,1.0,touchdown,passive_oracle_envelope,v22_3_passive_positive_4Nm_grid,oracle_best_cmt,positive,1.0,4.0,0.2,0.3,0.02,True,True,success,5,5,0.014492955433095258,0.0005244745050388055,0.006411069971455748,0.0075574109566007045,0.019623425890751667,0.029598079864064673,0.0010711023268143052,0.013092937593386917,0.015434039943863453,55.68718164856129,21.54800126757887,56.423890352278164,72.49682519878614,-0.577907212027696,-0.47871158469202246,0.07705613280798551,-0.4757414413683395,51.91431465765355,22.79914200353335,56.583875747859594,68.62447807219733
4DoF_V22_3_3x3_grid_4Nm_curriculum1_extended_active_passive_selector,20260803,1828,-1.0,mid_cross,passive_oracle_envelope,v22_3_passive_negative_4Nm_grid,oracle_best_cmt,negative,1.0,4.0,0.2,0.3,0.0,True,True,success,13,13,1.4186192293167454,0.0,1.3891444458411915,0.029474783475554073,0.019590880972438454,2.90197246179297,0.0,2.8416779104463306,0.06029455134663931,73.02531839652565,47.43057801868513,4.8641802801638105,92.42805438487584,0.3261252159328336,-0.08920809993630652,0.5016299912349445,0.36122955307412574,48.23460629995926,94.08483665616323,-59.88913906040532,67.85722793413339
4DoF_V22_3_3x3_grid_4Nm_curriculum1_extended_active_passive_selector,20260719,902,1.0,touchdown,passive_oracle_envelope,v22_3_passive_positive_4Nm_grid,oracle_best_cmt,positive,1.0,4.0,0.2,0.35,0.01,True,True,success,4,4,0.009752238009213392,0.0059412746046459495,0.0,0.0038109634045674426,0.019581249553383306,0.019959299734506913,0.01215963766748833,0.0,0.007799662067018583,59.72080283311308,16.250988220604317,61.152135289623835,56.153986370225425,-0.9940040154212817,-0.49076842833829026,-0.9879774424409116,0.15732666026544995,57.25883398337028,14.559221656860728,59.72860093995785,55.508014374855684
4DoF_V22_3_3x3_grid_4Nm_curriculum1_extended_active_passive_selector,20260702,553,-1.0,mid_cross,passive_oracle_envelope,v22_3_passive_negative_4Nm_grid,oracle_best_cmt,negative,1.0,4.0,0.2,0.35,0.01,True,True,success,15,15,1.0225793024112784,0.0,1.0053276404375926,0.017251661973685776,0.01930538441533387,2.1227554019992483,0.0,2.086942963236061,0.0358124387631871,67.43614207889959,34.167287076526065,-22.56921473432113,44.754712903723615,0.14311554662015746,0.22328887894964344,-0.6579667011747683,-0.15547363090238608,36.638040917479756,91.34162077495203,-64.98290684902415,42.00408382353005
4DoF_V22_3_3x3_grid_4Nm_curriculum1_extended_active_passive_selector,20260702,487,-1.0,touchdown,passive_oracle_envelope,v22_3_passive_positive_4Nm_grid,oracle_best_cmt,positive,1.0,4.0,0.2,0.35,0.0,True,True,success,7,4,0.0034031571794524446,0.0,0.0,0.0034031571794524446,0.019158265489043917,0.007118807204098596,0.0,0.0,0.007118807204098596,57.04304711378813,65.14203282028593,-57.973470189380826,41.90629082237595,0.877920789806107,0.3510081214815055,0.9890182484118957,-0.36601038285161946,55.98503604511439,75.70678857976053,-57.923166025878544,42.19236190447684
4DoF_V22_3_3x3_grid_4Nm_curriculum1_extended_active_passive_selector,20260803,1740,1.0,touchdown,passive_oracle_envelope,v22_3_passive_positive_4Nm_grid,oracle_best_cmt,positive,1.0,4.0,0.2,0.4,0.01,True,True,success,8,8,0.0034422446727096177,0.0007561752685820417,0.0,0.002686069404127576,0.018860112148023467,0.007314402852501399,0.0016067918080772874,0.0,0.0057076110444241115,45.73278724249388,31.02245667688648,80.49138582276157,72.76253767125715,-0.15122477417030233,-0.7909606876068698,-0.8779534521553469,0.46869217712570066,35.35231558301328,41.61392186734052,68.8485877097032,65.48656892785318
4DoF_V22_3_3x3_grid_4Nm_curriculum1_extended_active_passive_selector,20260803,1446,1.0,touchdown,passive_oracle_envelope,v22_3_passive_positive_4Nm_grid,oracle_best_cmt,positive,1.0,4.0,0.2,0.3,0.0,True,True,success,8,8,0.03857135963681627,0.0006330293732537593,0.0,0.03793833026356251,0.018844148035486036,0.08202945973123651,0.001346259451856213,0.0,0.0806832002793803,48.627705833238714,38.173165333360515,57.32745804613707,85.39698090837389,-0.20927634853371946,-0.7137583085727766,-0.5576962061984545,-0.09153628541358971,38.84981339011808,48.31510729107559,46.48861249501825,66.8802176392767
4DoF_V22_3_3x3_grid_4Nm_curriculum1_extended_active_passive_selector,20260719,840,1.0,touchdown,passive_oracle_envelope,v22_3_passive_positive_4Nm_grid,oracle_best_cmt,positive,1.0,4.0,0.2,0.3,0.02,True,True,success,4,4,0.00581500518418976,0.0010035203079350027,0.0,0.004811484876254757,0.018796241639267713,0.01239825308078868,0.0021396195455366147,0.0,0.010258633535252065,62.54520129112539,17.814396276201325,56.73539955635272,46.764745258021115,-0.777715246429479,-0.7888152535117845,-0.537576418519425,0.4326779130123376,59.337048191852396,17.87347733979972,55.07598756071313,48.3957466364041
4DoF_V22_3_3x3_grid_4Nm_curriculum1_extended_active_passive_selector,20260719,1409,-1.0,mid_cross,passive_oracle_envelope,v22_3_passive_negative_4Nm_grid,oracle_best_cmt,negative,1.0,4.0,0.2,0.4,0.02,True,True,success,14,14,1.3241849902459877,0.0,1.273472895419804,0.05071209482618356,0.018736255771192298,2.8323522553824474,0.0,2.723882126802129,0.10847012858031808,75.59511750533434,50.02053492349028,-24.357459221445705,65.58589000022279,0.6597480435685765,-0.6804687787653554,0.2980563973822541,0.2562864491391722,56.34549046757015,93.66821335276839,-69.94835281944226,72.87287878123166
4DoF_V22_3_3x3_grid_4Nm_curriculum1_extended_active_passive_selector,20260719,1414,-1.0,mid_cross,passive_oracle_envelope,v22_3_passive_negative_4Nm_grid,oracle_best_cmt,negative,1.0,4.0,0.2,0.4,0.02,True,True,success,16,16,1.5377040905420942,0.0,1.461400808339494,0.07630328220260021,0.018727171683376335,3.290652241868802,0.0,3.1273649304892657,0.16328731137953673,71.57379127840446,38.77944034614259,-19.041628688640607,53.397863730915574,0.05267299534582848,0.20031531952364223,-0.6411180479766307,0.2998868999236354,36.61160533462366,103.51501020670298,-79.98493583225948,49.78055955242215
4DoF_V22_3_3x3_grid_4Nm_curriculum1_extended_active_passive_selector,20260702,104,1.0,touchdown,passive_oracle_envelope,v22_3_passive_positive_4Nm_grid,oracle_best_cmt,positive,1.0,4.0,0.2,0.3,0.02,True,True,success,6,6,0.013024030544900712,0.0020489591299860037,0.0,0.010975071414914708,0.01856201913643782,0.028119111931938296,0.0044237389432875114,0.0,0.023695372988650782,52.79906291513813,16.75195949651661,68.97774413922255,82.04453524807029,-0.20410713043897455,-0.7455674686252907,-0.29786076399385153,-0.3326785262185621,49.30429304720963,17.167715651882872,67.05870824518844,76.41204834585355
4DoF_V22_3_3x3_grid_4Nm_curriculum1_extended_active_passive_selector,20260719,1010,1.0,touchdown,passive_oracle_envelope,v22_3_passive_positive_4Nm_grid,oracle_best_cmt,positive,1.0,4.0,0.2,0.4,0.01,True,True,success,7,7,0.010077718911433569,2.317348412804454e-05,0.0,0.010054545427305524,0.01837847381465768,0.021975269377466376,5.053162929067842e-05,0.0,0.021924737748175698,48.90424211442163,15.88606880891004,79.57762478581425,87.06298532729042,-0.2842701832620471,-0.3830645696610995,0.5784743869952598,-0.07030741000884289,40.66425211137139,24.52886914662912,75.2993791527077,79.15522217470134
4DoF_V22_3_3x3_grid_4Nm_curriculum1_extended_active_passive_selector,20260702,583,-1.0,touchdown,passive_oracle_envelope,v22_3_passive_negative_4Nm_grid,oracle_best_cmt,negative,1.0,4.0,0.2,0.35,0.02,True,True,success,5,5,0.06039315373199582,0.0,0.05604205677210832,0.0043510969598875016,0.0183176760012079,0.13212918206134996,0.0,0.12260977718094244,0.00951940488040751,64.75790487300358,58.75304178598614,-44.24449505300424,53.85223840745578,0.6885893082167363,0.8228625538794212,-0.21827297473956153,0.2776901715050054,63.25232322516283,67.69311278015451,-51.54337227625677,53.00846502091154
4DoF_V22_3_3x3_grid_4Nm_curriculum1_extended_active_passive_selector,20260803,1902,-1.0,touchdown,passive_oracle_envelope,v22_3_passive_negative_4Nm_grid,oracle_best_cmt,negative,1.0,4.0,0.2,0.3,0.02,True,True,success,6,6,0.008169052084446668,0.0,0.0,0.008169052084446668,0.018311282620143508,0.017878633012421388,0.0,0.0,0.017878633012421388,63.16122773867714,52.77683019833052,-41.278250475532026,49.53459783528226,0.7407675466287116,0.3916647101528532,-0.07973056828549407,0.4863238924879716,61.83607428751472,61.394160598559615,-46.00337167878665,44.82883481141005
4DoF_V22_3_3x3_grid_4Nm_curriculum1_extended_active_passive_selector,20260702,549,-1.0,touchdown,passive_oracle_envelope,v22_3_passive_positive_4Nm_grid,oracle_best_cmt,positive,1.0,4.0,0.2,0.35,0.01,True,True,success,12,11,0.08134641532164555,0.010599204638179396,0.05749167071887726,0.013255539964588895,0.018174204613174316,0.17937603377346767,0.023372182801570343,0.1267742140546212,0.02922963691727614,74.66012689506351,49.28917879126976,-56.070586606774974,43.79724820853592,0.7882011516905545,-0.761221588858533,-0.7972207483411655,0.12291982807384894,70.18144846817403,67.49421732837807,-60.280691192980754,51.49966738228289
4DoF_V22_3_3x3_grid_4Nm_curriculum1_extended_active_passive_selector,20260719,1434,-1.0,mid_cross,passive_oracle_envelope,v22_3_passive_negative_4Nm_grid,oracle_best_cmt,negative,1.0,4.0,0.2,0.4,0.02,True,True,success,12,12,1.0798542970237113,0.0,1.0165860145541816,0.06326828246952959,0.01815127054146046,2.3841827496243946,0.0,2.244494323067248,0.1396884265571467,58.01362842459924,70.11605199478707,-17.14955359260561,94.63303004713616,0.12839905094553905,0.025421704581032767,-0.17740055091256957,0.34939398913620323,37.28055778938085,104.8967702016796,-75.76587750891755,59.50673666464078
4DoF_V22_3_3x3_grid_4Nm_curriculum1_extended_active_passive_selector,20260803,1954,-1.0,mid_cross,passive_oracle_envelope,v22_3_passive_negative_4Nm_grid,oracle_best_cmt,negative,1.0,4.0,0.2,0.35,0.0,True,True,success,13,13,1.495525224309281,0.0,1.417381226553442,0.07814399775583881,0.018036759996939225,3.3228950632850847,0.0,3.1492675642984556,0.17362749898662883,79.60161746879996,38.41819823788924,-23.04819172363006,48.651288192080514,0.5322686267659844,-0.3801187050926542,-0.15985935848986488,-0.35879549675643496,61.47522003361692,80.39980870919037,-54.54675838363817,68.71682563974004
4DoF_V22_3_3x3_grid_4Nm_curriculum1_extended_active_passive_selector,20260719,1073,1.0,touchdown,passive_oracle_envelope,v22_3_passive_negative_4Nm_grid,oracle_best_cmt,negative,1.0,4.0,0.2,0.4,0.02,True,True,success,7,7,0.18172368222614058,0.0,0.17884398871237517,0.0028796935137653957,0.017944029263536804,0.4058569337152879,0.0,0.39942550130527205,0.006431432410015878,49.25741431178484,35.50463398136887,66.24935122852449,49.611711601072535,-0.9252126842707173,0.26277324200981633,0.2221214944026113,0.47110917246667294,37.604629462669116,49.04989166855224,57.253686495990365,47.585404336957126
4DoF_V22_3_3x3_grid_4Nm_curriculum1_extended_active_passive_selector,20260719,982,1.0,touchdown,passive_oracle_envelope,v22_3_passive_positive_4Nm_grid,oracle_best_cmt,positive,1.0,4.0,0.2,0.4,0.0,True,True,success,7,7,0.021509294403600457,0.000865689772087354,0.0,0.0206436046315131,0.017865731900416126,0.04824882726922166,0.0019418822160518173,0.0,0.04630694505316984,46.06549759884489,38.12824831404488,65.84243769316942,72.70183640336148,-0.21711057544730217,-0.8214524215363765,-0.7090703529923603,-0.31308457515994803,38.295708204596515,45.201219847468145,56.31909689796638,57.552885907126104
4DoF_V22_3_3x3_grid_4Nm_curriculum1_extended_active_passive_selector,20260719,845,1.0,touchdown,passive_oracle_envelope,v22_3_passive_positive_4Nm_grid,oracle_best_cmt,positive,1.0,4.0,0.2,0.35,0.0,True,True,success,8,8,0.011930250812583325,0.0,0.0,0.011930250812583325,0.017676979287396616,0.027047238555512346,0.0,0.0,0.027047238555512346,48.1346281175082,32.93327815676235,62.270462176720834,77.94773208620511,-0.3315672649234507,-0.200530172855939,0.449052169634087,-0.4185511726857807,37.357038982238066,45.898714303981386,56.3398981384856,64.0477201957473
4DoF_V22_3_3x3_grid_4Nm_curriculum1_extended_active_passive_selector,20260702,646,-1.0,touchdown,passive_oracle_envelope,v22_3_passive_negative_4Nm_grid,oracle_best_cmt,negative,1.0,4.0,0.2,0.4,0.01,True,True,success+touchdown_event,8,8,0.2521949393344862,0.0,0.21919710032697987,0.03299783900750638,0.01759742115635382,0.5743395849559746,0.0,0.499191506211701,0.07514807874427362,58.36649928717499,75.92550374186453,-60.44373386771363,50.22005733373248,0.6176458616083014,0.6092829807075104,0.06441182958662939,-0.10798853808897424,56.517571248869096,88.2004740311473,-66.01264428855795,59.424971213535464
4DoF_V22_3_3x3_grid_4Nm_curriculum1_extended_active_passive_selector,20260702,314,1.0,touchdown,passive_oracle_envelope,v22_3_passive_positive_4Nm_grid,oracle_best_cmt,positive,1.0,4.0,0.2,0.4,0.01,True,True,success,5,5,0.013561087302042057,0.00011183111659171443,0.0,0.013449256185450342,0.017578156079971097,0.030917374458442615,0.00025495923968066694,0.0,0.030662415218761944,51.60754886465172,15.814057064022684,77.47714082664622,58.370664696228346,-0.5771000868035929,-0.465640160043177,0.1674252180638658,-0.26633665145123586,46.011612750145744,20.130687280841098,75.74831669072212,62.22231167084669
4DoF_V22_3_3x3_grid_4Nm_curriculum1_extended_active_passive_selector,20260803,1663,1.0,touchdown,passive_oracle_envelope,v22_3_passive_positive_4Nm_grid,oracle_best_cmt,positive,1.0,4.0,0.2,0.35,0.02,True,True,success,10,10,0.011293417919089868,0.0,0.0,0.011293417919089868,0.017449814385314566,0.025936776431495258,0.0,0.0,0.025936776431495258,63.18960843456194,18.166911389342587,61.21454361302718,65.1301074730456,-0.17445660319649492,-0.001307944056136101,0.9483381732854923,0.22236581961409752,48.49452828610931,39.853396325949696,49.78233859171211,40.763136939193245
4DoF_V22_3_3x3_grid_4Nm_curriculum1_extended_active_passive_selector,20260803,2114,-1.0,mid_cross,passive_oracle_envelope,v22_3_passive_negative_4Nm_grid,oracle_best_cmt,negative,1.0,4.0,0.2,0.4,0.01,True,True,success,11,11,0.8396519625228409,0.0,0.8194723644762751,0.020179598046565814,0.017427248219627142,1.9308649581314594,0.0,1.8844599230973966,0.04640503503406276,68.71929415473926,69.98213890382196,-24.62948299816088,87.36063513383472,0.6373038686982433,-0.915592163751596,-0.6293701778595111,-0.23668536912377447,57.564785624488955,93.58582796212275,-68.90142206341557,73.79833829539692
4DoF_V22_3_3x3_grid_4Nm_curriculum1_extended_active_passive_selector,20260719,1011,1.0,touchdown,passive_oracle_envelope,v22_3_passive_positive_4Nm_grid,oracle_best_cmt,positive,1.0,4.0,0.2,0.4,0.01,True,True,success,13,13,0.023674290539865,0.0004834544359628739,0.0,0.023190836103902126,0.01741866255787064,0.05446826951642292,0.0011123005554313941,0.0,0.053355968960991526,62.284880754581394,15.943884061198334,64.0413594904448,37.86366074884804,0.38639744487836447,-0.7115865651140523,0.7535198451823582,-0.39087384511055545,41.17817074787603,47.41049345621645,51.04290931793548,40.06800673072686
4DoF_V22_3_3x3_grid_4Nm_curriculum1_extended_active_passive_selector,20260702,298,1.0,touchdown,passive_oracle_envelope,v22_3_passive_positive_4Nm_grid,oracle_best_cmt,positive,1.0,4.0,0.2,0.4,0.01,True,True,success,8,8,0.006177617585455219,0.0,0.0,0.006177617585455219,0.017324116015324464,0.014290629099129069,0.0,0.0,0.014290629099129069,57.761103299208294,18.311398885964724,62.82838906620887,49.88492773120826,-0.20737800188548539,-0.21753310758840638,0.6360906918840323,0.10706558928769294,46.80078767400055,32.66239492763866,57.635281300956024,49.41035468832192
4DoF_V22_3_3x3_grid_4Nm_curriculum1_extended_active_passive_selector,20260803,1805,-1.0,touchdown,passive_oracle_envelope,v22_3_passive_positive_4Nm_grid,oracle_best_cmt,positive,1.0,4.0,0.2,0.3,0.0,True,True,success,6,6,0.0314967304305557,0.0,0.0,0.0314967304305557,0.017226900187228833,0.07327228690982857,0.0,0.0,0.07327228690982857,72.28107529470134,51.94731102346661,-48.81223306759305,40.14992874729577,0.9316308638158166,0.1794339533577931,0.9351057527776261,0.1268097743657245,72.20027116468312,60.1385917584978,-46.84390059509579,52.18340315261228
4DoF_V22_3_3x3_grid_4Nm_curriculum1_extended_active_passive_selector,20260803,1612,1.0,touchdown,passive_oracle_envelope,v22_3_passive_positive_4Nm_grid,oracle_best_cmt,positive,1.0,4.0,0.2,0.35,0.01,True,True,success,8,8,0.004150004508962021,0.0,0.0,0.004150004508962021,0.017200964550142916,0.009668902441770554,0.0,0.0,0.009668902441770554,62.51421313022266,20.63374765770351,55.686741083571526,36.06148943177058,-0.5550176845456869,0.21268078580907845,-0.30759098424424014,0.3255040422201876,50.16728434251642,37.15896234732912,45.85224128390764,34.784068582945025
4DoF_V22_3_3x3_grid_4Nm_curriculum1_extended_active_passive_selector,20260702,34,1.0,touchdown,passive_oracle_envelope,v22_3_passive_positive_4Nm_grid,oracle_best_cmt,positive,1.0,4.0,0.2,0.3,0.0,True,True,success,6,6,0.008542015103016479,6.616947698964992e-05,0.0,0.008475845626026829,0.01714961534331247,0.019961232905092198,0.00015462678600651415,0.0,0.01980660611908568,51.2802675927147,31.65371220070454,51.407148415174895,66.91423725353535,-0.3642098604190247,-0.4466773864925744,0.9804696979504752,0.3627238855178375,44.70319168749962,38.35509577936096,49.38348916885478,58.67614977954865
4DoF_V22_3_3x3_grid_4Nm_curriculum1_extended_active_passive_selector,20260702,594,-1.0,touchdown,passive_oracle_envelope,v22_3_passive_positive_4Nm_grid,oracle_best_cmt,positive,1.0,4.0,0.2,0.35,0.02,True,True,success,7,3,0.007513445898712992,0.0,0.0,0.007513445898712992,0.016899016704867875,0.017818007558096174,0.0,0.0,0.017818007558096174,50.359917062583065,74.86331327275157,-59.112367579087596,53.731649980809856,0.8155885248468435,0.04189653487372924,-0.24533764780476974,-0.2989961815023914,48.934678855396804,83.5215112464037,-64.94642271742109,45.71159444837521
4DoF_V22_3_3x3_grid_4Nm_curriculum1_extended_active_passive_selector,20260702,163,1.0,touchdown,passive_oracle_envelope,v22_3_passive_positive_4Nm_grid,oracle_best_cmt,positive,1.0,4.0,0.2,0.35,0.01,True,True,success,6,6,0.012867797086133765,0.0003817627330805754,0.0,0.01248603435305319,0.0168576646902015,0.03059061464329249,0.0009075645640559965,0.0,0.02968305007923649,46.2332598878761,36.815330804711195,57.301701445494146,73.79453697811785,-0.3427651771854028,-0.5808168087928764,-0.7124084256368788,0.41232056907724046,40.380103171112154,41.483588154801666,54.08484666723827,70.2703553480487
4DoF_V22_3_3x3_grid_4Nm_curriculum1_extended_active_passive_selector,20260702,347,1.0,touchdown,passive_oracle_envelope,v22_3_passive_positive_4Nm_grid,oracle_best_cmt,positive,1.0,4.0,0.2,0.4,0.02,True,True,success,7,7,0.0006329287132913012,0.0,0.0,0.0006329287132913012,0.01681886616483627,0.00150813248260442,0.0,0.0,0.00150813248260442,50.225568953618485,31.992254921033908,64.63951393022155,55.213605167030494,-0.48815308588227624,-0.07573073077814807,0.12243166164026498,-0.35925706765129606,40.703520561285764,43.15670408805323,59.9316619374229,52.76995989407018
4DoF_V22_3_3x3_grid_4Nm_curriculum1_extended_active_passive_selector,20260719,901,1.0,touchdown,passive_oracle_envelope,v22_3_passive_positive_4Nm_grid,oracle_best_cmt,positive,1.0,4.0,0.2,0.35,0.01,True,True,success,7,7,0.005832230767947848,0.0,0.0,0.005832230767947848,0.01655270806002454,0.014120401795129314,0.0,0.0,0.014120401795129314,47.926427935531486,27.28482962768942,69.41878887226231,77.4547117575873,-0.4996043902520815,0.05171986072898149,0.5704485048790451,-0.384523952347648,38.47483031788706,38.55336765143998,65.66418318931497,69.48294993876956
4DoF_V22_3_3x3_grid_4Nm_curriculum1_extended_active_passive_selector,20260803,1707,1.0,mid_cross,passive_sign_selector,v22_3_passive_positive_4Nm_grid,sign_selector,selector_positive_p0.990,1.0,4.0,0.2,0.4,0.0,True,True,success,19,19,1.8113839365772177,0.026887424433889015,1.7769317172143266,0.007564794929002184,0.15693537817017209,0.4625631846112971,0.006866094162034168,0.4537653102437353,0.0019317802055276608,54.39512330638742,28.253227438599392,-3.48337643418594,55.77206739890055,-0.8979030575509519,-0.16630883152188325,-0.9016450441919293,-0.008069443644401098,38.06389699050691,27.22174959735401,76.02300617377995,76.01430958521614
4DoF_V22_3_3x3_grid_4Nm_curriculum1_extended_active_passive_selector,20260803,1546,1.0,pre_cross,passive_sign_selector,v22_3_passive_positive_4Nm_grid,sign_selector,selector_positive_p0.987,1.0,4.0,0.2,0.3,0.02,True,True,success,18,18,1.2453228872517976,0.025284786235876967,1.1667750246198167,0.05326307639610394,0.10148081842277809,0.49178968941099277,0.009985199258006594,0.4607704016719499,0.021034088481036328,64.31796717665982,20.328839523782268,-12.026456512540602,54.802677875237926,-0.4863754543739902,0.08319283249412512,0.7984786368085086,0.18861424066391164,58.810236951113716,16.775991322331922,54.54911213618768,56.718474026201335
4DoF_V22_3_3x3_grid_4Nm_curriculum1_extended_active_passive_selector,20260803,1648,1.0,mid_cross,passive_sign_selector,v22_3_passive_positive_4Nm_grid,sign_selector,selector_positive_p0.996,1.0,4.0,0.2,0.35,0.02,True,True,success,20,20,0.8908498984928807,0.026326029859721736,0.8101824274746741,0.0543414411584848,0.10038217245366016,0.3556553573307557,0.010510180865148634,0.32345036041883435,0.021694816046772664,70.738752352599,21.785468122800136,-1.2005323400020615,93.72384746247204,-0.770058774521803,0.20923986381105575,-0.6612083242496041,0.34462896276266597,58.063719285289864,28.77708841188001,39.95895185704963,26.62868771783592
4DoF_V22_3_3x3_grid_4Nm_curriculum1_extended_active_passive_selector,20260719,790,1.0,mid_cross,passive_sign_selector,v22_3_passive_positive_4Nm_grid,sign_selector,selector_positive_p0.994,1.0,4.0,0.2,0.3,0.01,True,True,success,16,16,1.1424297036100255,0.025105026497832375,1.0704696300188112,0.04685504709338188,0.09878786377788054,0.46345471270440464,0.010184471575120261,0.43426233865546415,0.01900790247382017,62.75782235232259,24.994545822458214,-2.838446858588173,101.88535718894474,-0.9673803828325418,0.23272667811812453,-0.47778244889971133,-0.48996605749116695,48.03570570202064,34.90027313687888,42.29414362721434,53.73995295793493
4DoF_V22_3_3x3_grid_4Nm_curriculum1_extended_active_passive_selector,20260719,1077,1.0,mid_cross,passive_sign_selector,v22_3_passive_positive_4Nm_grid,sign_selector,selector_positive_p0.999,1.0,4.0,0.2,0.4,0.02,True,True,success,19,19,0.6595570505472256,0.01443441959420109,0.620269645517652,0.02485298543537253,0.086422214790671,0.30584993019008444,0.006693532002361158,0.28763156670556844,0.011524831482154866,63.99655131437142,20.54676364273011,22.693148057379734,78.89675196110866,-0.3505669996597043,0.18027111102149695,-0.13290048218473016,-0.01631393875141285,48.29643330787852,32.978110996003466,53.12270306395681,42.660161318631346
4DoF_V22_3_3x3_grid_4Nm_curriculum1_extended_active_passive_selector,20260702,7,1.0,mid_cross,passive_sign_selector,v22_3_passive_positive_4Nm_grid,sign_selector,selector_positive_p0.983,1.0,4.0,0.2,0.3,0.0,True,True,success,13,13,0.946064992639151,0.008574036625892099,0.8735945465152535,0.06389640949800547,0.08342389395579375,0.4544770168389121,0.0041188529523037715,0.4196631801367474,0.03069498374986095,57.97530155279033,28.40249509614897,10.47440112955593,95.66176999109317,-0.83887887506476,-0.07251046074681278,0.6248172322740067,-0.09520487866960414,44.89849099687751,36.681123127281026,45.911633826465504,61.506130012802224
4DoF_V22_3_3x3_grid_4Nm_curriculum1_extended_active_passive_selector,20260803,1955,-1.0,mid_cross,passive_sign_selector,v22_3_passive_negative_4Nm_grid,sign_selector,selector_negative_p1.000,1.0,4.0,0.2,0.35,0.0,True,True,success,16,16,0.9702648165464443,0.0,0.9406725505489499,0.029592265997494288,0.08280222177843619,0.46960174692885864,0.0,0.4552792861212307,0.014322460807627961,65.16405761018474,37.77162285744266,-6.900642955300251,97.1492136853141,0.9213576726342712,0.7733129931689724,-0.17357263609274498,0.41415615354472013,43.01479888006045,99.57724905777134,-70.41407783414516,59.79936988109092
4DoF_V22_3_3x3_grid_4Nm_curriculum1_extended_active_passive_selector,20260719,866,1.0,touchdown,passive_sign_selector,v22_3_passive_positive_4Nm_grid,sign_selector,selector_positive_p0.890,1.0,4.0,0.2,0.35,0.0,True,True,success,13,13,0.10609343926139349,0.0017293987648681385,0.05946272419066987,0.044901316305855477,0.08244449088801853,0.05157132602188861,0.0008406494138164942,0.028904440809306275,0.02182623579876584,66.09530435123945,19.947298302450392,53.622917779416454,51.00053889746865,-0.9734557715262622,-0.3956135697622305,-0.9633745321121281,0.4676169366715903,51.88825978839874,22.299064668967944,55.4388945017241,57.31328253788781
4DoF_V22_3_3x3_grid_4Nm_curriculum1_extended_active_passive_selector,20260702,45,1.0,mid_cross,passive_sign_selector,v22_3_passive_positive_4Nm_grid,sign_selector,selector_positive_p0.991,1.0,4.0,0.2,0.3,0.01,True,True,success,15,15,0.9376440414799099,0.014277805794479822,0.8985656485847775,0.024800587100652575,0.07900796489820601,0.47560732346415846,0.007242224872602785,0.4557853344918829,0.012579764099672824,60.63265104560275,22.594708571000535,6.501888585093522,71.01629615449059,-0.33168757912224356,-0.18273687655242798,0.6325647748378294,-0.3511762646854427,51.321571346500306,27.207030255572324,48.97016065991443,61.207407177722665
4DoF_V22_3_3x3_grid_4Nm_curriculum1_extended_active_passive_selector,20260803,1522,1.0,mid_cross,passive_sign_selector,v22_3_passive_positive_4Nm_grid,sign_selector,selector_positive_p0.993,1.0,4.0,0.2,0.3,0.02,True,True,success,13,13,1.1390653318138402,0.006682509841419471,1.0767045825736539,0.05567823939876683,0.07728582277090568,0.5906500020738299,0.0034651431673436883,0.5583135103561965,0.02887134855028975,57.0608161699352,30.486989176705094,8.955284707380144,97.91375547271457,-0.7476022227886383,-0.002207693589763915,0.3101748144252874,0.3110534315206417,43.68564679295276,41.510284300356716,47.13581155421806,66.5304024858387
4DoF_V22_3_3x3_grid_4Nm_curriculum1_extended_active_passive_selector,20260719,891,1.0,mid_cross,passive_sign_selector,v22_3_passive_positive_4Nm_grid,sign_selector,selector_positive_p0.998,1.0,4.0,0.2,0.35,0.01,True,True,success+touchdown_event,17,17,1.1642795282495142,0.017282646063976958,1.1110964501272713,0.03590043205826592,0.0714067662095384,0.6534303555806297,0.009699565515798071,0.6235823364365174,0.02014845362831426,49.010089024004344,25.907391741589116,6.333539278796265,63.463911861997225,0.6766925183024595,-0.9337623980295431,0.1512290652622148,0.13363766499499175,40.05756610099425,33.024244373003185,58.5172371918397,66.7587381387288
4DoF_V22_3_3x3_grid_4Nm_curriculum1_extended_active_passive_selector,20260719,850,1.0,pre_cross,passive_sign_selector,v22_3_passive_positive_4Nm_grid,sign_selector,selector_positive_p0.996,1.0,4.0,0.2,0.35,0.0,True,True,success,20,20,1.8167326694978636,0.042727778113609574,1.722402329309517,0.05160256207473722,0.07116043863265648,1.0231370697592501,0.02406318465587175,0.9700126505917487,0.02906123451162969,54.8372902277393,28.55111631619704,-31.64428673307517,48.568825983377195,0.5322027739407584,-0.6608205502160713,-0.5635308536168617,-0.4055640962005338,50.21151428225634,35.27262356231769,42.45639789254325,27.981589614955617
4DoF_V22_3_3x3_grid_4Nm_curriculum1_extended_active_passive_selector,20260702,524,-1.0,mid_cross,passive_sign_selector,v22_3_passive_negative_4Nm_grid,sign_selector,selector_negative_p0.999,1.0,4.0,0.2,0.35,0.01,True,True,success,13,13,0.6523222244974944,0.0,0.6250275277751022,0.027294696722392278,0.06963186716013896,0.375435680708322,0.0,0.35972656846461076,0.015709112243711253,66.41065526751802,43.502912747442615,-13.67054508135847,92.41148968196458,0.8769589411994996,0.9905088025346365,-0.7752545772518897,-0.3693008558257659,54.00155612518567,86.6248720966136,-58.36275975890718,67.02417387698085
4DoF_V22_3_3x3_grid_4Nm_curriculum1_extended_active_passive_selector,20260719,1076,1.0,mid_cross,passive_sign_selector,v22_3_passive_positive_4Nm_grid,sign_selector,selector_positive_p0.998,1.0,4.0,0.2,0.4,0.02,True,True,success,14,14,1.1628982325879247,0.0,1.1595921030301721,0.0033061295577525526,0.06491695585071447,0.7179016883410865,0.0,0.7158606877402833,0.0020410006008031944,53.71950898882518,29.491775074797058,9.673432669802171,60.716070998708005,-0.4425222327841365,0.5691653437248796,0.6984076588419763,-0.15183582775628923,38.110819557077726,48.900251885882035,53.09050954996185,54.61482910147914
4DoF_V22_3_3x3_grid_4Nm_curriculum1_extended_active_passive_selector,20260803,1993,-1.0,pre_cross,passive_sign_selector,v22_3_passive_negative_4Nm_grid,sign_selector,selector_negative_p1.000,1.0,4.0,0.2,0.35,0.01,True,True,success,15,15,1.5606162311625646,0.0,1.538893881949801,0.021722349212763534,0.05877401353637798,1.0641238604489214,0.0,1.0493122305038156,0.014811629945105752,75.51719597309275,30.011526185353308,8.43059982115664,87.26359761877983,0.9115646177344654,0.01185672978196095,0.528229757786183,0.3445685518047509,44.744627014388705,98.9625779524921,-71.28056472800048,62.57765227379684
4DoF_V22_3_3x3_grid_4Nm_curriculum1_extended_active_passive_selector,20260719,833,1.0,mid_cross,passive_sign_selector,v22_3_passive_positive_4Nm_grid,sign_selector,selector_positive_p0.997,1.0,4.0,0.2,0.3,0.02,True,True,success,14,14,0.8331525856505904,0.011109643261834909,0.8168122703537579,0.005230672034997464,0.05767949329720026,0.578874635359267,0.007718983056560191,0.5675213799988181,0.003634272303888548,54.17722988939165,20.9976688133852,18.13390748838609,80.162368020264,-0.24348801779300167,0.5031266332179791,0.36942209770403944,0.312882178118602,47.518555723334224,25.175826620183493,56.206830595404234,73.02220709572943
4DoF_V22_3_3x3_grid_4Nm_curriculum1_extended_active_passive_selector,20260803,1944,-1.0,mid_cross,passive_sign_selector,v22_3_passive_negative_4Nm_grid,sign_selector,selector_negative_p0.996,1.0,4.0,0.2,0.35,0.0,True,True,success,12,12,0.6524095152483669,0.0,0.6277160218383951,0.024693493409971724,0.05536593307416701,0.472235980409536,0.0,0.4543619981979873,0.01787398221154869,67.688397653315,53.921375363609236,-21.15182525795518,90.93946144493589,0.9705380498100049,0.4421734843683991,-0.974058276106561,-0.29477333474114975,58.58341145144051,87.99956455263425,-64.75830265347071,67.43469821320733
4DoF_V22_3_3x3_grid_4Nm_curriculum1_extended_active_passive_selector,20260719,1139,-1.0,mid_cross,passive_sign_selector,v22_3_passive_negative_4Nm_grid,sign_selector,selector_negative_p1.000,1.0,4.0,0.2,0.3,0.01,True,True,success,13,13,0.8614567377312995,0.0,0.829879354948383,0.03157738278291644,0.052214669554446744,0.6611840201063799,0.0,0.6369477932845532,0.024236226821826735,60.75761555127265,50.60026750222356,3.3541667556731505,100.01479643110612,0.4052452874023098,0.8344550689340557,-0.9561129493573912,0.25075709497690046,39.81922339135798,96.43746101882213,-59.50675612925064,63.871123895899366
4DoF_V22_3_3x3_grid_4Nm_curriculum1_extended_active_passive_selector,20260803,1962,-1.0,mid_cross,passive_sign_selector,v22_3_passive_negative_4Nm_grid,sign_selector,selector_negative_p1.000,1.0,4.0,0.2,0.35,0.01,True,True,success,13,13,0.7617885162214909,0.0,0.7300283413817735,0.03176017483971734,0.050508057310374666,0.6044427425067739,0.0,0.5792425632262663,0.025200179280507527,70.0999379504624,44.48219081434565,-16.361874494251378,96.90426081092937,0.9801574037004905,0.28137696280747515,0.8586232022805997,-0.23751974710549162,54.91512959690539,88.22537977747703,-60.92982388908287,68.46462580261212
4DoF_V22_3_3x3_grid_4Nm_curriculum1_extended_active_passive_selector,20260702,538,-1.0,mid_cross,passive_sign_selector,v22_3_passive_negative_4Nm_grid,sign_selector,selector_negative_p1.000,1.0,4.0,0.2,0.35,0.01,True,True,success,13,13,1.5534573588296845,0.0,1.5534573588296845,0.0,0.04975199850555642,1.251325274049888,0.0,1.251325274049888,0.0,67.42817973703855,48.63299816742356,5.173724868743135,94.88660108156904,0.4560320073379749,0.8175252077836219,-0.2223340111029266,-0.45872600279406106,46.51789728468895,97.57600368481035,-60.363315439709076,77.42987163220239
4DoF_V22_3_3x3_grid_4Nm_curriculum1_extended_active_passive_selector,20260803,1960,-1.0,mid_cross,passive_sign_selector,v22_3_passive_negative_4Nm_grid,sign_selector,selector_negative_p0.976,1.0,4.0,0.2,0.35,0.0,True,True,success,14,14,0.42997891489024914,0.0,0.400035040140851,0.029943874749398143,0.049728341222430736,0.34651704090035906,0.0,0.32238547883550556,0.02413156206485354,63.1076902466156,48.04789849561324,-24.8855865803769,84.47359646499173,0.9696341990206279,-0.045867016887914724,-0.637694380490184,-0.49873625281121536,49.17993786467566,87.565562898277,-62.05198233951903,54.23900877728844
4DoF_V22_3_3x3_grid_4Nm_curriculum1_extended_active_passive_selector,20260803,2008,-1.0,mid_cross,passive_sign_selector,v22_3_passive_negative_4Nm_grid,sign_selector,selector_negative_p1.000,1.0,4.0,0.2,0.35,0.02,True,True,success,13,13,0.5230973767582215,0.0,0.4918959168508762,0.03120145990734538,0.04943617517747807,0.42405197487965574,0.0,0.3987583273090359,0.025293647570619852,63.50648369501873,52.196931355154625,-15.251295375167638,96.75995458705081,0.9176308741112829,0.12610645761914285,-0.2087669798777998,-0.10195638832232112,49.01658432876789,91.3476941267655,-61.678793422169925,67.71420584119515
4DoF_V22_3_3x3_grid_4Nm_curriculum1_extended_active_passive_selector,20260803,1974,-1.0,mid_cross,passive_sign_selector,v22_3_passive_negative_4Nm_grid,sign_selector,selector_negative_p1.000,1.0,4.0,0.2,0.35,0.01,True,True,success,12,12,1.1073350752652602,0.0,1.099818246099263,0.007516829165997239,0.04922618625428614,0.9014969806641946,0.0,0.8953774248507098,0.006119555813484723,70.1671102371569,42.69570393233129,-14.441625456468106,77.64060660673658,0.6436621911808236,0.8554028800669728,0.22327602172899086,0.13194350668969845,53.04677437897948,87.96715927795996,-62.254817560002806,64.98602050451628
4DoF_V22_3_3x3_grid_4Nm_curriculum1_extended_active_passive_selector,20260719,1348,-1.0,mid_cross,passive_sign_selector,v22_3_passive_negative_4Nm_grid,sign_selector,selector_negative_p1.000,1.0,4.0,0.2,0.4,0.0,True,True,success,14,14,1.0371428334916437,0.0,1.0023643593055032,0.03477847418614053,0.04701692398667977,0.8840274868725572,0.0,0.8543834242235107,0.029644062649046527,69.53826765581805,50.901460360420046,-12.569308220293715,93.61203917968382,0.7676176382952937,0.19971652265794604,0.5329206889801972,0.2817063583516205,48.281971409668245,102.38413621229692,-81.55126434483009,60.54591905356985
4DoF_V22_3_3x3_grid_4Nm_curriculum1_extended_active_passive_selector,20260719,799,1.0,touchdown,passive_sign_selector,v22_3_passive_positive_4Nm_grid,sign_selector,selector_positive_p0.572,1.0,4.0,0.2,0.3,0.01,True,True,success,8,8,0.006726646930220534,0.001259530306687204,0.0,0.005467116623533329,0.04633558102816954,0.005817888988351374,0.0010893700201283006,0.0,0.004728518968223073,58.24295733277184,17.954846801987674,66.27517460043885,77.40362913591605,-0.8630764785566507,-0.9822360255146194,0.16472485012739035,-0.10880017208169068,45.36574498504301,26.580552679646424,59.36849234415077,71.45546934009192
4DoF_V22_3_3x3_grid_4Nm_curriculum1_extended_active_passive_selector,20260803,2042,-1.0,mid_cross,passive_sign_selector,v22_3_passive_negative_4Nm_grid,sign_selector,selector_negative_p0.999,1.0,4.0,0.2,0.4,0.0,True,True,success,12,12,0.6107401397946531,0.0,0.5904209516053152,0.020319188189337995,0.045254999502520016,0.5408431209097262,0.0,0.5228493909440348,0.017993729965691405,80.94046614796768,41.98744307865546,-21.72671361161766,83.90323989248326,0.5618247032602088,0.9032301831362091,-0.8679312627257547,-0.31844582802080135,67.17908667427574,84.85609049798421,-71.48480186603739,66.4075990363397
4DoF_V22_3_3x3_grid_4Nm_curriculum1_extended_active_passive_selector,20260803,1774,1.0,touchdown,passive_sign_selector,v22_3_passive_positive_4Nm_grid,sign_selector,selector_positive_p0.966,1.0,4.0,0.2,0.4,0.02,True,True,success,9,9,0.02174111728835532,0.00021023600115792942,0.0,0.02153088128719739,0.04433715853260328,0.019651486743884554,0.00019002933175173929,0.0,0.019461457412132812,63.983508231239014,16.937466158261966,66.01573511883801,47.09525136447995,-0.7961007112858902,-0.5514664561979845,0.05783570034353813,-0.3460277596926109,48.088695339822095,32.13410890229438,57.7808244572937,51.8838098774923
4DoF_V22_3_3x3_grid_4Nm_curriculum1_extended_active_passive_selector,20260803,1494,1.0,mid_cross,passive_sign_selector,v22_3_passive_positive_4Nm_grid,sign_selector,selector_positive_p0.995,1.0,4.0,0.2,0.3,0.01,True,True,success,12,12,0.560662337533934,0.0,0.5550417125692755,0.005620624964658556,0.04222730401146815,0.5320953197662152,0.0,0.5267610783919674,0.005334241374247746,49.94238124752054,34.90373940585025,21.246189077076995,73.45808509703598,-0.15833409791119468,-0.04018696473378358,-0.30214927893769294,-0.08103955232894355,36.97312218076272,50.89986245308059,45.63824717755739,72.69746861922422
4DoF_V22_3_3x3_grid_4Nm_curriculum1_extended_active_passive_selector,20260719,861,1.0,touchdown,passive_sign_selector,v22_3_passive_positive_4Nm_grid,sign_selector,selector_positive_p0.731,1.0,4.0,0.2,0.35,0.0,True,True,success,10,10,0.007153946847748509,0.0,0.0,0.007153946847748509,0.04118511597561758,0.006961243515363331,0.0,0.0,0.006961243515363331,58.34854125662475,18.806515095831536,65.86987308656457,65.53474423477947,-0.723849731325279,-0.16275850487445576,0.8764578127182105,-0.27799089164192026,39.922549114970714,39.158891403595824,59.06156799400363,57.5852331656603
4DoF_V22_3_3x3_grid_4Nm_curriculum1_extended_active_passive_selector,20260803,1472,1.0,touchdown,passive_sign_selector,v22_3_passive_positive_4Nm_grid,sign_selector,selector_positive_p0.777,1.0,4.0,0.2,0.3,0.0,True,True,success,8,8,0.011253486253361766,0.0,0.0,0.011253486253361766,0.04005505386319097,0.011259294407273598,0.0,0.0,0.011259294407273598,61.07304764264683,26.242288971637738,52.05605456427131,63.89190330241439,-0.9866308337556153,-0.33717052375209344,0.5587519940281296,0.08677654440715943,47.66663527334548,38.70780474899583,45.00986843825671,48.584669066972396
4DoF_V22_3_3x3_grid_4Nm_curriculum1_extended_active_passive_selector,20260702,181,1.0,touchdown,passive_sign_selector,v22_3_passive_positive_4Nm_grid,sign_selector,selector_positive_p0.858,1.0,4.0,0.2,0.35,0.01,True,True,success,9,9,0.057721656576506776,0.0,0.0,0.057721656576506776,0.04005398350029843,0.05775299119378801,0.0,0.0,0.05775299119378801,58.090056125543505,21.52970423295149,59.08578730201838,44.69499140895487,-0.8241660376782487,-0.19318942560725016,0.9833040676895646,0.3126455564623004,40.939883992489776,39.931161069217424,58.5900322102156,64.82729826949158
4DoF_V22_3_3x3_grid_4Nm_curriculum1_extended_active_passive_selector,20260702,386,-1.0,touchdown,passive_sign_selector,v22_3_passive_positive_4Nm_grid,sign_selector,selector_positive_p0.669,1.0,4.0,0.2,0.3,0.0,True,True,success,13,6,0.009058028670970098,0.0,0.0,0.009058028670970098,0.03893244823974421,0.009324024083748586,0.0,0.0,0.009324024083748586,62.64210621989704,47.45434623647986,-40.65783645499772,40.329242752379784,0.9694110112164984,-0.1394372332539322,-0.5376330358286352,-0.4680445328962475,52.92891966879825,79.60798290120778,-54.04877296188976,54.18868680876263
4DoF_V22_3_3x3_grid_4Nm_curriculum1_extended_active_passive_selector,20260719,1044,1.0,touchdown,passive_sign_selector,v22_3_passive_positive_4Nm_grid,sign_selector,selector_positive_p0.954,1.0,4.0,0.2,0.4,0.02,True,True,success,10,10,0.014699142372207189,0.00019541581784473863,0.0,0.01450372655436245,0.038839698987492455,0.01516692542887377,0.00020163469825814639,0.0,0.014965290730615623,58.8004128949067,17.984577387901677,72.13746503703955,60.395628074185595,-0.5008920242177108,-0.494349550355496,0.5991142252804695,0.027510616059444826,41.26758783963306,37.091296445293594,64.38177056532096,62.151582709672205
4DoF_V22_3_3x3_grid_4Nm_curriculum1_extended_active_passive_selector,20260803,1520,1.0,touchdown,passive_sign_selector,v22_3_passive_positive_4Nm_grid,sign_selector,selector_positive_p0.580,1.0,4.0,0.2,0.3,0.01,True,True,success,8,8,0.00710726408953738,0.0,0.0,0.00710726408953738,0.038035798031308354,0.007488439595831364,0.0,0.0,0.007488439595831364,54.31575120041904,18.77333849769251,63.59087033245045,84.34258400133774,-0.9813853018934389,-0.13618973295738157,0.991487574541255,0.48563262824254927,40.741432432504645,31.374623145056244,60.40549688988555,78.23160200036911
4DoF_V22_3_3x3_grid_4Nm_curriculum1_extended_active_passive_selector,20260702,453,-1.0,mid_cross,passive_sign_selector,v22_3_passive_negative_4Nm_grid,sign_selector,selector_negative_p0.975,1.0,4.0,0.2,0.3,0.02,True,True,success,12,12,0.6588301668958337,0.0,0.6367741642391469,0.022056002656686856,0.03779111883367176,0.6986588062122132,0.0,0.6752694393310051,0.023389366881208136,73.42864704604456,45.2865384530045,-20.335806442082454,89.78981916753384,0.7942825487224565,0.13370225442311057,-0.21121701232325685,-0.03071086937020029,62.22100467923076,78.92766654515519,-53.31975447966591,68.37690359268747
4DoF_V22_3_3x3_grid_4Nm_curriculum1_extended_active_passive_selector,20260702,363,-1.0,mid_cross,passive_sign_selector,v22_3_passive_negative_4Nm_grid,sign_selector,selector_negative_p0.989,1.0,4.0,0.2,0.3,0.0,True,True,success,13,13,0.6048643859477865,0.0,0.5785852622792664,0.026279123668519987,0.03766766865279039,0.6435327942250353,0.0,0.6155736710280418,0.027959123196993403,70.97529188091758,39.75247767198624,-23.165491810569204,82.6001192731717,0.43307569801722945,0.7797050185247831,0.2524296870249687,0.39706171409600066,53.31313735255451,83.94390885791923,-61.02259062294233,51.724340410916845
4DoF_V22_3_3x3_grid_4Nm_curriculum1_extended_active_passive_selector,20260719,941,1.0,touchdown,passive_sign_selector,v22_3_passive_positive_4Nm_grid,sign_selector,selector_positive_p0.731,1.0,4.0,0.2,0.35,0.02,True,True,success,8,8,0.005529393882516113,0.0,0.0,0.005529393882516113,0.03764976825141414,0.005885679793584515,0.0,0.0,0.005885679793584515,53.27990717159902,34.870673331729655,58.72608398130177,65.04065610476671,-0.9160095524921905,-0.3296300203113516,0.9313071644154072,-0.21007003082259512,40.21402397697399,46.895064900131175,55.522528330094126,55.43686112004094
4DoF_V22_3_3x3_grid_4Nm_curriculum1_extended_active_passive_selector,20260719,1212,-1.0,touchdown,passive_sign_selector,v22_3_passive_negative_4Nm_grid,sign_selector,selector_negative_p0.875,1.0,4.0,0.2,0.35,0.0,True,True,success,8,8,0.02326633236876756,0.0,0.0,0.02326633236876756,0.036830247464229506,0.025316560454628337,0.0,0.0,0.025316560454628337,60.3245640574883,49.16946520218879,-54.841224715987224,16.21375168687667,0.9300999446933842,0.7934722048834137,-0.4434972387848686,0.024903588019131062,57.968526596825306,65.26464758276077,-63.63830893952148,10.20963680289034
4DoF_V22_3_3x3_grid_4Nm_curriculum1_extended_active_passive_selector,20260719,1335,-1.0,mid_cross,passive_sign_selector,v22_3_passive_negative_4Nm_grid,sign_selector,selector_negative_p0.995,1.0,4.0,0.2,0.4,0.0,True,True,success,11,11,0.665810709814253,0.0,0.6549241207849339,0.010886589029319126,0.0364728351395673,0.7315814139651635,0.0,0.7196194162412927,0.01196199772387084,83.98102315913187,42.76555572883445,-21.741707266907014,74.67307811385028,0.9778908169722718,-0.37007091255566027,-0.987244565036226,-0.16096106453085857,73.9923045168544,74.3272266696827,-61.282016508677216,69.97630535909008
4DoF_V22_3_3x3_grid_4Nm_curriculum1_extended_active_passive_selector,20260803,2002,-1.0,mid_cross,passive_sign_selector,v22_3_passive_negative_4Nm_grid,sign_selector,selector_negative_p1.000,1.0,4.0,0.2,0.35,0.02,True,True,success,14,14,0.5488871907685077,0.0,0.5143441449989201,0.03454304576958757,0.0360888187013371,0.6095254445602092,0.0,0.5711662594976242,0.03835918506258488,68.59333071485071,40.382386320517384,-17.37669741468906,95.40465622146307,0.7514879981368228,-0.03358182934866516,0.5711276797200564,0.02524957683658402,47.86814114948419,87.53643152931063,-59.80113747890704,60.78097775353057
4DoF_V22_3_3x3_grid_4Nm_curriculum1_extended_active_passive_selector,20260702,520,-1.0,touchdown,passive_sign_selector,v22_3_passive_negative_4Nm_grid,sign_selector,selector_negative_p0.736,1.0,4.0,0.2,0.35,0.0,True,True,success,9,9,0.022753457357448957,0.0,0.0,0.022753457357448957,0.0360096296372986,0.025322708305660916,0.0,0.0,0.025322708305660916,72.48379214880222,40.16327743950106,-39.22241025209297,41.38152047477956,0.8139050104241203,0.5628296742867316,-0.70528108512189,0.20049392116336862,68.32017820539244,59.83986480120192,-52.973942108775745,30.675323050286554
4DoF_V22_3_3x3_grid_4Nm_curriculum1_extended_active_passive_selector,20260719,1342,-1.0,mid_cross,passive_sign_selector,v22_3_passive_negative_4Nm_grid,sign_selector,selector_negative_p0.995,1.0,4.0,0.2,0.4,0.0,True,True,success,13,13,1.084685336986442,0.0,1.030721482800548,0.053963854185894104,0.03598766222255777,1.207901565792571,0.0,1.1478076180413825,0.06009394775118844,80.53499932212263,41.45692212313859,-21.219301663261376,60.73303424285372,0.8400448733670745,-0.34061067078361096,-0.561071926489056,0.23953721072093714,65.52926874614111,83.1881562587307,-64.14307318675877,70.69358395929797
4DoF_V22_3_3x3_grid_4Nm_curriculum1_extended_active_passive_selector,20260719,1412,-1.0,touchdown,passive_sign_selector,v22_3_passive_negative_4Nm_grid,sign_selector,selector_negative_p0.889,1.0,4.0,0.2,0.4,0.02,True,True,success,12,12,0.04434706392116793,0.0,0.0,0.04434706392116793,0.03542238729574594,0.05017281348890457,0.0,0.0,0.05017281348890457,54.799517601279945,59.78280919621937,-70.27017109903703,8.11484480078611,0.9097273315596011,-0.04974209165867394,-0.7400875952410835,-0.1238841988329038,47.17295186970304,85.13776509516117,-85.82793130557396,9.275246073750942
4DoF_V22_3_3x3_grid_4Nm_curriculum1_extended_active_passive_selector,20260702,115,1.0,mid_cross,passive_sign_selector,v22_3_passive_positive_4Nm_grid,sign_selector,selector_positive_p0.989,1.0,4.0,0.2,0.3,0.02,True,True,success,13,13,1.0495237256113816,0.003044766553245674,1.0418520562626312,0.0046269027955047224,0.03494045975419002,1.2037742692022981,0.00349226181655856,1.1949750796856684,0.00530692770007101,50.239311326969826,29.652860348208982,9.471336886802856,56.3552193374876,0.3755975863751335,-0.01326511978881384,0.00852767887177519,-0.2468019280546413,43.8652058079494,40.34161902230215,47.6557305394245,63.20657976902149
4DoF_V22_3_3x3_grid_4Nm_curriculum1_extended_active_passive_selector,20260803,2052,-1.0,mid_cross,passive_sign_selector,v22_3_passive_negative_4Nm_grid,sign_selector,selector_negative_p0.999,1.0,4.0,0.2,0.4,0.0,True,True,success,13,13,0.37409507079747645,0.0,0.33984032746261167,0.034254743334864765,0.03486989596936481,0.4299448434727348,0.0,0.3905761069910926,0.039368736481642214,85.68354909990452,39.93174988185467,-24.52192418494838,98.19580682771448,0.868539944596578,-0.29714441410619274,-0.03929476515082464,-0.03945811805742838,74.55064110580192,76.03856706954305,-61.81674642389671,71.58820579316331
4DoF_V22_3_3x3_grid_4Nm_curriculum1_extended_active_passive_selector,20260803,2018,-1.0,mid_cross,passive_sign_selector,v22_3_passive_negative_4Nm_grid,sign_selector,selector_negative_p0.996,1.0,4.0,0.2,0.35,0.02,True,True,success,13,13,0.5861350531894209,0.0,0.5718758951812282,0.014259158008192744,0.034837039071448764,0.6742762604945086,0.0,0.6578728536563624,0.016403406838146194,64.5541185688643,37.95590580851064,-15.651214470070725,61.47921632372146,0.07551486434517751,0.8913523541205246,-0.972770422954899,0.053181420486091646,38.719231958827685,89.14338402092793,-64.3174829967291,43.9532141658402
4DoF_V22_3_3x3_grid_4Nm_curriculum1_extended_active_passive_selector,20260702,77,1.0,touchdown,passive_sign_selector,v22_3_passive_positive_4Nm_grid,sign_selector,selector_positive_p0.875,1.0,4.0,0.2,0.3,0.01,True,True,success,7,7,0.045229743852897,0.0005308853174388234,0.031918793140712026,0.012780065394746151,0.034574665280742656,0.05242610033844759,0.0006153527424514407,0.036997287831643126,0.014813459764353032,55.21265229651608,26.793722169904346,50.40557794332539,66.28171955963475,-0.6493883118273849,-0.6753147270306676,0.02486209402315831,-0.21034236336324486,47.965720492385294,30.184607733464023,52.65485862643241,66.35529821196636
4DoF_V22_3_3x3_grid_4Nm_curriculum1_extended_active_passive_selector,20260803,1887,-1.0,mid_cross,passive_sign_selector,v22_3_passive_negative_4Nm_grid,sign_selector,selector_negative_p0.999,1.0,4.0,0.2,0.3,0.02,True,True,success,14,14,0.28618212979564495,0.0,0.2307567865147836,0.05542534328086136,0.03451489608731577,0.3322900611907375,0.0,0.26793492230255345,0.06435513888818407,63.344966396553986,48.99221782304365,-5.096912074589002,100.417437915738,0.8904530124922327,-0.7015072725853946,-0.6598113189847907,0.2486309938871717,43.838441620255054,89.12513344505624,-55.61182870677946,62.83584734639066
4DoF_V22_3_3x3_grid_4Nm_curriculum1_extended_active_passive_selector,20260702,654,-1.0,mid_cross,passive_sign_selector,v22_3_passive_negative_4Nm_grid,sign_selector,selector_negative_p0.999,1.0,4.0,0.2,0.4,0.01,True,True,success,17,17,0.7038419130679286,0.0,0.6703359342832678,0.033505978784660884,0.03431733715173652,0.8219453712463584,0.0,0.7828171470531045,0.03912822419325399,71.01456670015138,34.855771817582806,-24.468086231177843,92.43736875918448,0.2821552765007058,0.5813282581851233,0.22467122770775783,0.03801069570786775,40.49085295271657,100.14002494860462,-75.4175275527695,47.357218795427904
4DoF_V22_3_3x3_grid_4Nm_curriculum1_extended_active_passive_selector,20260803,1630,1.0,touchdown,passive_sign_selector,v22_3_passive_positive_4Nm_grid,sign_selector,selector_positive_p0.915,1.0,4.0,0.2,0.35,0.01,True,True,success,9,9,0.027311607817883214,0.00039350730149819406,0.0,0.02691810051638502,0.033923186898951324,0.0322650270054493,0.0004648764655066271,0.0,0.03180015053994267,64.95374084958407,16.300396803484208,56.43040518668497,39.03116889361814,-0.36818932611299604,-0.6684952101461814,0.7224190378403212,-0.2954909831513435,50.71112136932474,32.21956911207521,51.56082669825225,46.79468044128183
4DoF_V22_3_3x3_grid_4Nm_curriculum1_extended_active_passive_selector,20260702,266,1.0,touchdown,passive_sign_selector,v22_3_passive_positive_4Nm_grid,sign_selector,selector_positive_p0.976,1.0,4.0,0.2,0.4,0.0,True,True,success,8,8,0.005326619118225347,0.00012371680633735738,0.0,0.00520290231188799,0.03386594745942745,0.0063033267966585045,0.00014640195652718043,0.0,0.006156924840131324,59.42326764680247,22.032127000883442,63.17302131605025,52.72590458917024,-0.7511196140000382,-0.46810579308136324,-0.10075182363253243,0.22542482477902004,46.72760373276751,34.160434562358894,52.60474241804679,38.69865873579941
4DoF_V22_3_3x3_grid_4Nm_curriculum1_extended_active_passive_selector,20260702,369,-1.0,mid_cross,passive_sign_selector,v22_3_passive_negative_4Nm_grid,sign_selector,selector_negative_p1.000,1.0,4.0,0.2,0.3,0.0,True,True,success,13,13,1.2061404728749523,0.0,1.2034836615167668,0.002656811358185613,0.0336772604922054,1.4352995380681801,0.0,1.4321379493470516,0.0031615887211285496,73.55987245046656,44.070988141192146,-5.210919263952149,81.25278336459868,0.33674500435649923,0.6159409112484511,-0.16945381644761603,-0.3519562471094948,53.24855993743877,91.51802849193622,-56.39612174146351,73.34246849776599
4DoF_V22_3_3x3_grid_4Nm_curriculum1_extended_active_passive_selector,20260702,18,1.0,touchdown,passive_sign_selector,v22_3_passive_positive_4Nm_grid,sign_selector,selector_positive_p0.814,1.0,4.0,0.2,0.3,0.0,True,True,success,6,6,0.0037071455698583586,0.0014213336819736886,0.0,0.00228581188788467,0.0329387175484481,0.004510392790385533,0.0017293017150527461,0.0,0.002781091075332787,49.99139985112016,37.27300302335545,54.375483284323565,61.73257232953932,-0.9011858690845804,-0.9716733785198457,-0.727634958782279,0.41497608802445685,42.51785287453576,40.137973746861384,51.41913699424247,60.44786713876958
4DoF_V22_3_3x3_grid_4Nm_curriculum1_extended_active_passive_selector,20260803,1511,1.0,touchdown,passive_sign_selector,v22_3_passive_positive_4Nm_grid,sign_selector,selector_positive_p0.949,1.0,4.0,0.2,0.3,0.01,True,True,success,9,9,0.043664387849047206,3.684507604627696e-05,0.033541898578115896,0.010085644194885038,0.032328813730315265,0.054127630718489785,4.5674215722941155e-05,0.04157950195270885,0.012502454550058,63.66868605378728,17.053575901456473,49.011972047654915,53.614247287465695,-0.6538015024820008,0.2543520838959161,0.03762206474616936,-0.08165069760897525,56.00424265759668,22.647266413799734,51.11196434386161,53.15291658064966
4DoF_V22_3_3x3_grid_4Nm_curriculum1_extended_active_passive_selector,20260719,899,1.0,touchdown,passive_sign_selector,v22_3_passive_positive_4Nm_grid,sign_selector,selector_positive_p0.928,1.0,4.0,0.2,0.35,0.01,True,True,success,8,8,0.0094187798195196,0.0,0.0,0.0094187798195196,0.0318851003561523,0.011838270709156622,0.0,0.0,0.011838270709156622,58.93026685583262,20.692594390089226,62.93435537638797,72.65299336381432,-0.9074477912647039,0.11199658321255623,0.7439808968635311,0.2740096657599427,45.783451878126876,35.049396318498694,56.742217108461666,59.24805961087994
4DoF_V22_3_3x3_grid_4Nm_curriculum1_extended_active_passive_selector,20260702,584,-1.0,touchdown,passive_sign_selector,v22_3_passive_negative_4Nm_grid,sign_selector,selector_negative_p0.872,1.0,4.0,0.2,0.35,0.02,True,True,success,9,9,0.03344916547997911,0.0,0.0,0.03344916547997911,0.03176036979416586,0.04220667567734492,0.0,0.0,0.04220667567734492,60.31850510508285,46.99471180467578,-52.994997114071666,16.418496192718006,0.7852731870114174,0.46293408473623665,-0.5131421960192579,-0.20535573438961818,55.40954532341861,65.8667513562013,-63.07309237764118,12.405605071070552
4DoF_V22_3_3x3_grid_4Nm_curriculum1_extended_active_passive_selector,20260702,100,1.0,touchdown,passive_sign_selector,v22_3_passive_positive_4Nm_grid,sign_selector,selector_positive_p0.757,1.0,4.0,0.2,0.3,0.02,True,True,success,7,7,0.018524124068681355,0.0,0.0,0.018524124068681355,0.03142376827942758,0.023624402211377626,0.0,0.0,0.023624402211377626,57.29419530042382,17.46270973771052,65.65861970813114,86.72101611645321,-0.8156383762536565,-0.3680618432774456,0.5950228843834038,-0.03973637343718606,47.30694072262412,26.10033105931215,60.69021019176472,73.56647725578804
4DoF_V22_3_3x3_grid_4Nm_curriculum1_extended_active_passive_selector,20260803,1854,-1.0,touchdown,passive_sign_selector,v22_3_passive_negative_4Nm_grid,sign_selector,selector_negative_p0.861,1.0,4.0,0.2,0.3,0.01,True,True,success,8,8,0.01561946330549741,0.0,0.0,0.01561946330549741,0.03074148006021066,0.020362108381201675,0.0,0.0,0.020362108381201675,59.80246518169331,47.77087138301931,-47.76668848396801,18.61681422906261,0.9648335551199407,0.1536007976845415,-0.9259777086234822,0.4652572303866518,56.84490767829126,61.75140170754166,-59.72781292179848,10.090913899861398
4DoF_V22_3_3x3_grid_4Nm_curriculum1_extended_active_passive_selector,20260803,1860,-1.0,touchdown,passive_sign_selector,v22_3_passive_negative_4Nm_grid,sign_selector,selector_negative_p0.825,1.0,4.0,0.2,0.3,0.01,True,True,success,9,9,0.0717772334798546,0.0,0.03873322658891609,0.033044006890938504,0.030594941683354516,0.09401962096433715,0.0,0.05073591034457705,0.04328371061976011,46.338809846256034,60.30468476946359,-59.948589191644935,9.506463896526146,0.9688512133701019,0.30065779536862514,0.5474149027278419,-0.2659752409170768,42.023166319990345,77.84350254475417,-62.75572061891205,20.33775208933558
4DoF_V22_3_3x3_grid_4Nm_curriculum1_extended_active_passive_selector,20260719,992,1.0,touchdown,passive_sign_selector,v22_3_passive_positive_4Nm_grid,sign_selector,selector_positive_p0.951,1.0,4.0,0.2,0.4,0.0,True,True,success,6,6,0.012592056728185638,0.0009020644932298403,0.0,0.011689992234955798,0.030570070856833553,0.016507512571796338,0.0011825582813037622,0.0,0.015324954290492578,46.989413098883915,20.94643059362505,79.95485292717737,88.58841373106463,-0.9701280011516611,-0.805900717589221,-0.48087368416006293,-0.32048134149485663,38.67428557331894,25.14042418160994,74.1341276503988,80.24370554377205
4DoF_V22_3_3x3_grid_4Nm_curriculum1_extended_active_passive_selector,20260719,1005,1.0,touchdown,passive_sign_selector,v22_3_passive_positive_4Nm_grid,sign_selector,selector_positive_p0.583,1.0,4.0,0.2,0.4,0.01,True,True,success,10,10,0.005999859977485049,0.0006335734450100159,0.0,0.005366286532475033,0.029629975620056676,0.008115050587373513,0.0008569334245076724,0.0,0.00725811716286584,52.510504447595025,21.826462276778326,75.86467099897415,70.72192989419813,-0.13109710832853838,-0.7425186808613018,0.6495958832851874,-0.42927544829540387,36.69510967946165,39.91088161874043,67.49986548841152,61.051354621410354
4DoF_V22_3_3x3_grid_4Nm_curriculum1_extended_active_passive_selector,20260719,1170,-1.0,touchdown,passive_sign_selector,v22_3_passive_positive_4Nm_grid,sign_selector,selector_positive_p0.845,1.0,4.0,0.2,0.3,0.02,True,True,success,9,5,0.008833005663357735,0.0,0.0,0.008833005663357735,0.029532479824090012,0.011986434139370563,0.0,0.0,0.011986434139370563,48.05906924800434,66.66072061276724,-41.64296878410197,53.25921561923755,0.9040182740278797,0.3107833022665061,-0.4069915896487326,-0.16853731031663777,44.652722966970245,82.82042900188166,-48.30798508831787,60.155424538123064
4DoF_V22_3_3x3_grid_4Nm_curriculum1_extended_active_passive_selector,20260803,1902,-1.0,touchdown,passive_sign_selector,v22_3_passive_positive_4Nm_grid,sign_selector,selector_positive_p0.602,1.0,4.0,0.2,0.3,0.02,True,True,success,10,6,0.0131264510265694,0.0,0.0,0.0131264510265694,0.029215689909328494,0.01800580683478881,0.0,0.0,0.01800580683478881,63.16122773867714,52.77683019833052,-41.278250475532026,49.53459783528226,0.7407675466287116,0.3916647101528532,-0.07973056828549407,0.4863238924879716,58.00864610892328,74.23186708847551,-47.44390812275788,62.69577138019431
4DoF_V22_3_3x3_grid_4Nm_curriculum1_extended_active_passive_selector,20260719,810,1.0,touchdown,passive_sign_selector,v22_3_passive_positive_4Nm_grid,sign_selector,selector_positive_p0.713,1.0,4.0,0.2,0.3,0.02,True,True,success,5,5,0.03031278685565846,0.006128486263426646,0.01662066186019181,0.007563638732040006,0.029051973990554758,0.04181495460096395,0.008453936488851078,0.022927361460734843,0.010433656651378029,47.60026636037033,19.329599958375333,69.31501225909194,86.79795717430751,-0.9698462933331706,-0.8875948415221278,-0.10341019297197263,-0.32944102841773826,43.33370105958918,17.64479914836308,70.8825669095555,89.07682606578712
4DoF_V22_3_3x3_grid_4Nm_curriculum1_extended_active_passive_selector,20260803,1644,1.0,touchdown,passive_sign_selector,v22_3_passive_positive_4Nm_grid,sign_selector,selector_positive_p0.924,1.0,4.0,0.2,0.35,0.02,True,True,success,12,12,0.010300224428186032,0.0,0.0,0.010300224428186032,0.029030608209814013,0.014219095246186775,0.0,0.0,0.014219095246186775,63.857771740011934,15.722408352704305,67.65479345105416,53.94517742163453,-0.2644093088803392,-0.16586513755839105,0.2575859518209336,-0.292687824304253,42.26278112003816,44.83127438165668,52.349850342693045,48.74986099876683
4DoF_V22_3_3x3_grid_4Nm_curriculum1_extended_active_passive_selector,20260719,951,1.0,touchdown,passive_sign_selector,v22_3_passive_positive_4Nm_grid,sign_selector,selector_positive_p0.906,1.0,4.0,0.2,0.35,0.02,True,True,success,7,7,0.008076809767802715,0.0,0.0,0.008076809767802715,0.02898892086218749,0.011165783837995444,0.0,0.0,0.011165783837995444,69.48197393145452,12.604825172386503,52.81733823575321,39.586596179265754,-0.8020491456764061,-0.08378922622908913,0.6146083202186636,-0.2895299744441542,59.6973626508995,22.59146569064399,49.372509316379976,40.16256124647116
4DoF_V22_3_3x3_grid_4Nm_curriculum1_extended_active_passive_selector,20260719,1284,-1.0,mid_cross,passive_sign_selector,v22_3_passive_negative_4Nm_grid,sign_selector,selector_negative_p1.000,1.0,4.0,0.2,0.35,0.02,True,True,success,15,15,1.7413289496756281,0.0,1.6979620218349476,0.043366927840680435,0.028829432564627794,2.4206173191753897,0.0,2.3603330537411447,0.0602842654342449,75.38173905504568,34.03050607525286,-7.006238801313775,68.38482397248774,0.43041445619889007,0.12527954828300025,0.4579177825110512,0.41755884335244065,46.257103070551224,95.16320812175552,-61.02585422391943,72.24743337489814
4DoF_V22_3_3x3_grid_4Nm_curriculum1_extended_active_passive_selector,20260803,1946,-1.0,mid_cross,passive_sign_selector,v22_3_passive_negative_4Nm_grid,sign_selector,selector_negative_p1.000,1.0,4.0,0.2,0.35,0.0,True,True,success,12,12,0.47599620998400394,0.0,0.44106130312344605,0.03493490686055787,0.027881613308071426,0.6841746924140623,0.0,0.6339608910129139,0.050213801401148374,58.435083389915754,66.27627081997356,-21.18437335482554,91.45233766917916,0.866067586881534,-0.6718689052314408,-0.1914632032291661,-0.07362710010191365,45.89366623084554,93.77315744472126,-61.94401280986605,64.78915877648987
4DoF_V22_3_3x3_grid_4Nm_curriculum1_extended_active_passive_selector,20260702,443,-1.0,mid_cross,passive_sign_selector,v22_3_passive_negative_4Nm_grid,sign_selector,selector_negative_p0.973,1.0,4.0,0.2,0.3,0.02,True,True,success,14,14,0.7350314376424391,0.0007498987351153943,0.7002671977651358,0.03401434114218786,0.02759731429977698,1.0673835497335211,0.001088973250444182,1.0169002970946395,0.049394279388437386,66.1155132692908,45.20518531255437,-14.075879983479602,86.5658735153337,0.8274457169230354,-0.7705474597122175,-0.5949712690404421,0.05732575922406313,46.68759607871843,85.22611364151264,-57.177216238493514,55.45249416178874
4DoF_V22_3_3x3_grid_4Nm_curriculum1_extended_active_passive_selector,20260803,1603,1.0,touchdown,passive_sign_selector,v22_3_passive_positive_4Nm_grid,sign_selector,selector_positive_p0.693,1.0,4.0,0.2,0.35,0.01,True,True,success,9,9,0.005450361119710341,0.0,0.0,0.005450361119710341,0.027502677434182193,0.007942033473632992,0.0,0.0,0.007942033473632992,53.241116301806095,26.390332193876617,67.89323088606285,75.34198610544351,-0.7980368658449419,0.27699654571495924,0.2950340771185318,-0.24590156506589267,37.46869713817468,45.21425258156577,60.09140696115146,65.39242313958776
4DoF_V22_3_3x3_grid_4Nm_curriculum1_extended_active_passive_selector,20260719,1318,-1.0,mid_cross,passive_sign_selector,v22_3_passive_negative_4Nm_grid,sign_selector,selector_negative_p0.998,1.0,4.0,0.2,0.35,0.02,True,True,success,11,11,0.6115588571960225,0.0,0.5989519558784264,0.012606901317596095,0.02738803878949883,0.8948675022416175,0.0,0.8764203713394356,0.018447130902181866,81.04303520963872,43.36569055883003,-16.505039539450426,87.88457149448278,0.397071172033463,0.4283307769333562,-0.9298579157562223,-0.3271925623766585,67.14648807456412,78.7468226224553,-58.77265475241114,71.24523995605372
4DoF_V22_3_3x3_grid_4Nm_curriculum1_extended_active_passive_selector,20260803,1867,-1.0,touchdown,passive_sign_selector,v22_3_passive_positive_4Nm_grid,sign_selector,selector_positive_p0.839,1.0,4.0,0.2,0.3,0.01,True,True,success,11,7,0.0169210712800484,0.0,0.014406714799793524,0.0025143564802548755,0.026871538216398677,0.0252357803001429,0.0,0.021485914426888856,0.0037498658732540444,68.60391867106833,47.83680800313876,-49.697587371479464,38.76728165701366,0.5240705119001161,0.4301800939247524,-0.8791381032938117,-0.12883123610346336,62.73983756240874,70.78044651133683,-55.043448170357955,50.37270729661161
4DoF_V22_3_3x3_grid_4Nm_curriculum1_extended_active_passive_selector,20260719,1251,-1.0,mid_cross,passive_sign_selector,v22_3_passive_negative_4Nm_grid,sign_selector,selector_negative_p0.999,1.0,4.0,0.2,0.35,0.01,True,True,success,15,15,1.3760496133838775,0.0,1.2982683364640506,0.07778127691982689,0.026865137722503735,2.0527044879977776,0.0,1.9366752586279892,0.11602922936978843,76.51792809935795,33.521534985131915,-17.403190897467915,52.87379872471895,0.7841996051019033,-0.6228981335290449,0.4208726177108473,0.19623575200920995,50.32324996783813,90.3773323411678,-63.40533275058275,63.48659361835085
4DoF_V22_3_3x3_grid_4Nm_curriculum1_extended_active_passive_selector,20260702,127,1.0,touchdown,passive_sign_selector,v22_3_passive_positive_4Nm_grid,sign_selector,selector_positive_p0.916,1.0,4.0,0.2,0.35,0.0,True,True,success,8,8,0.013823483338162641,0.0009791340512780467,0.0,0.012844349286884594,0.02614937801724332,0.021185442551719693,0.0015005905303562036,0.0,0.01968485202136349,56.104985675719554,17.271076131090442,68.23252440782598,58.78185133721425,-0.1480807256892156,-0.9448585061473995,0.2962453445202211,-0.24457913413706878,45.30266455625691,28.047713019726658,62.457891910509325,62.44229807556362
4DoF_V22_3_3x3_grid_4Nm_curriculum1_extended_active_passive_selector,20260702,477,-1.0,touchdown,passive_sign_selector,v22_3_passive_negative_4Nm_grid,sign_selector,selector_negative_p0.734,1.0,4.0,0.2,0.3,0.02,True,True,success,8,8,0.021966462902646835,0.0,0.0,0.021966462902646835,0.026127998188748662,0.03369266815412619,0.0,0.0,0.03369266815412619,55.73969587656521,46.75186840024569,-47.91536391357829,19.462800218494987,0.44889419276397824,0.9837946329582639,-0.4330272825232988,0.4604307492771139,50.37394442598278,64.11497012498553,-56.149061395352156,15.593866020043494
4DoF_V22_3_3x3_grid_4Nm_curriculum1_extended_active_passive_selector,20260719,1350,-1.0,touchdown,passive_sign_selector,v22_3_passive_negative_4Nm_grid,sign_selector,selector_negative_p0.814,1.0,4.0,0.2,0.4,0.0,True,True,success,6,6,0.02967004880024038,0.0,0.0,0.02967004880024038,0.02553865860762848,0.04655877964657275,0.0,0.0,0.04655877964657275,68.72128570105193,57.32265594884149,-57.82081933484593,41.91005907790117,0.7923183493000179,0.953234270593549,-0.8461247083000587,0.3811064835481617,68.50784116540642,66.7277035556133,-66.55594042400725,30.06143048676851
4DoF_V22_3_3x3_grid_4Nm_curriculum1_extended_active_passive_selector,20260702,129,1.0,touchdown,passive_sign_selector,v22_3_passive_positive_4Nm_grid,sign_selector,selector_positive_p0.975,1.0,4.0,0.2,0.35,0.0,True,True,success,7,7,0.020164373014045296,0.0001656669244431527,0.0019195446723120036,0.01807916141729014,0.025528692067726705,0.03165465382194089,0.0002600690405469532,0.003013360348742998,0.028381224432650936,60.27777034309191,16.886410251299356,56.44698474607875,58.163745585970695,-0.45657449531404604,-0.41403555371837486,-0.05550177287298874,0.00921197349107672,55.42918502032502,18.354465193843847,55.21639846488413,51.31355866642795
4DoF_V22_3_3x3_grid_4Nm_curriculum1_extended_active_passive_selector,20260702,4,1.0,touchdown,passive_sign_selector,v22_3_passive_positive_4Nm_grid,sign_selector,selector_positive_p0.762,1.0,4.0,0.2,0.3,0.0,True,True,success,6,6,0.009467581411630045,0.0,0.0,0.009467581411630045,0.025080550054330825,0.015128065695130435,0.0,0.0,0.015128065695130435,54.908059785390925,21.313759138702984,61.74329484257774,64.6835834156522,-0.9551598553085852,-0.1054132594870325,-0.871233472203875,0.19543372275914028,47.73145046535552,26.118472462143544,57.27259191531027,61.88333440386828
4DoF_V22_3_3x3_grid_4Nm_curriculum1_extended_active_passive_selector,20260803,1808,-1.0,touchdown,passive_sign_selector,v22_3_passive_negative_4Nm_grid,sign_selector,selector_negative_p0.787,1.0,4.0,0.2,0.3,0.0,True,True,success,8,8,0.19029795449594009,0.0,0.17879172702109128,0.0115062274748488,0.02505056308412179,0.30443742383355,0.0,0.2860298363228786,0.018407587510671404,52.10445669669619,69.63104628013271,-42.23813044651222,65.80571093134833,0.8178144330451935,0.3660740887842646,0.4134646362352965,0.10457905434430104,48.06960825142844,84.70473190642296,-55.964162075485554,53.19113600041387
4DoF_V22_3_3x3_grid_4Nm_curriculum1_extended_active_passive_selector,20260803,1681,1.0,touchdown,passive_sign_selector,v22_3_passive_positive_4Nm_grid,sign_selector,selector_positive_p0.967,1.0,4.0,0.2,0.4,0.0,True,True,success,13,13,0.00458607391626157,0.0,0.0,0.00458607391626157,0.025025659754844776,0.007344071984557686,0.0,0.0,0.007344071984557686,64.85236505872446,12.032695747554918,67.80349189118967,58.08946654493636,-0.4518993589513687,0.542903488984013,0.5487621645798919,0.42460712894305774,41.560757798271105,45.71980878414448,47.99707438869755,29.145789810191246
4DoF_V22_3_3x3_grid_4Nm_curriculum1_extended_active_passive_selector,20260719,781,1.0,touchdown,passive_sign_selector,v22_3_passive_positive_4Nm_grid,sign_selector,selector_positive_p0.946,1.0,4.0,0.2,0.3,0.01,True,True,success,8,8,0.04034086032581733,0.008295517031057027,0.025516850963549248,0.006528492331211056,0.024906375335059544,0.06491066192500228,0.013347942932972926,0.041058015939873384,0.010504703052155966,58.25758568942892,14.134584847083998,59.63383275727111,68.6259206995271,-0.16736421816098757,-0.5064609876109474,-0.20331233655422642,0.22002608506539179,55.76958567839034,11.296101333605742,61.41786265611454,67.74706801854347
4DoF_V22_3_3x3_grid_4Nm_curriculum1_extended_active_passive_selector,20260702,32,1.0,mid_cross,passive_sign_selector,v22_3_passive_positive_4Nm_grid,sign_selector,selector_positive_p0.987,1.0,4.0,0.2,0.3,0.0,True,True,success,14,14,0.4538452671974778,0.005061133856131702,0.42375597664120757,0.025028156700138526,0.024847727603018316,0.7319856109845008,0.008162863922392566,0.683456014393295,0.04036673266881329,58.25825825317933,25.2447181168118,23.46791079665975,71.14200203109586,0.19235818863038312,0.20796716940268656,-0.8415921245241265,-0.48904573766473547,51.43559323637223,36.14724015976256,41.199619079329366,49.13008816478114
4DoF_V22_3_3x3_grid_4Nm_curriculum1_extended_active_passive_selector,20260719,1032,1.0,touchdown,passive_sign_selector,v22_3_passive_positive_4Nm_grid,sign_selector,selector_positive_p0.983,1.0,4.0,0.2,0.4,0.01,True,True,success,6,6,0.011148887602380508,0.0,0.0,0.011148887602380508,0.02474452276787889,0.01805651218837598,0.0,0.0,0.01805651218837598,58.362012502037786,14.839077091347663,70.72167627470527,66.64275682413849,-0.948877177024507,-0.13317392439565445,-0.40569974555935007,0.26622821066654434,50.45096412733649,21.268005026864746,63.19723994060424,55.516925253283716
4DoF_V22_3_3x3_grid_4Nm_curriculum1_extended_active_passive_selector,20260803,1550,1.0,touchdown,passive_sign_selector,v22_3_passive_positive_4Nm_grid,sign_selector,selector_positive_p0.885,1.0,4.0,0.2,0.3,0.02,True,True,success,6,6,0.011496317114409297,0.0,0.0,0.011496317114409297,0.02467451230926543,0.01867203134504045,0.0,0.0,0.01867203134504045,55.371541328750304,23.67793337786265,60.06078628220177,66.41529708402416,-0.7802996614466229,-0.2558477588774364,-0.5854907056305165,-0.4754910431836221,48.67741528969882,28.21681067945075,58.05715296413537,67.07373915870923
4DoF_V22_3_3x3_grid_4Nm_curriculum1_extended_active_passive_selector,20260702,47,1.0,touchdown,passive_sign_selector,v22_3_passive_positive_4Nm_grid,sign_selector,selector_positive_p0.709,1.0,4.0,0.2,0.3,0.01,True,True,success,7,7,0.007983932658028743,0.00016096049994626817,0.0,0.007822972158082475,0.024598927759634404,0.0130071485011802,0.0002622313107212809,0.0,0.012744917190458917,48.34978798785301,22.320703019375042,70.27789826604277,81.80473672333076,-0.5949474665173888,-0.47989099227663257,-0.12049586931800826,-0.40852695501139025,38.14166812103031,31.66051982068116,64.82474271343455,81.69942947961167
4DoF_V22_3_3x3_grid_4Nm_curriculum1_extended_active_passive_selector,20260719,839,1.0,touchdown,passive_sign_selector,v22_3_passive_positive_4Nm_grid,sign_selector,selector_positive_p0.862,1.0,4.0,0.2,0.3,0.02,True,True,success,8,8,0.012248429014286539,0.0004822057440261146,0.0,0.011766223270260424,0.0244495481917284,0.02007663678103565,0.0007903927569200408,0.0,0.01928624402411561,51.20699971830666,32.13685225399971,67.74422686404493,82.82497627288834,-0.4044570221866688,-0.6573035441198851,-0.7111764957239659,-0.3531908191768599,40.02409663129374,43.321454363190355,56.317873767456824,68.18800916247265
4DoF_V22_3_3x3_grid_4Nm_curriculum1_extended_active_passive_selector,20260702,88,1.0,touchdown,passive_sign_selector,v22_3_passive_positive_4Nm_grid,sign_selector,selector_positive_p0.792,1.0,4.0,0.2,0.3,0.02,True,True,success,6,6,0.005461154207637768,0.0005943944563100859,0.0,0.004866759751327682,0.024442674130628728,0.008954000878686029,0.0009745574436706383,0.0,0.007979443435015391,62.50450642258783,18.732230126386945,56.865050758227845,52.15919196383055,-0.5157083432092655,-0.7841869172123108,0.3139948905578547,-0.07980219342941786,54.9621745469051,25.16733757424057,53.25481439169247,52.7764796444838
4DoF_V22_3_3x3_grid_4Nm_curriculum1_extended_active_passive_selector,20260803,1617,1.0,touchdown,passive_sign_selector,v22_3_passive_positive_4Nm_grid,sign_selector,selector_positive_p0.956,1.0,4.0,0.2,0.35,0.01,True,True,success,8,8,0.004452909684783412,0.0,0.0,0.004452909684783412,0.024070558635608696,0.007413770324268412,0.0,0.0,0.007413770324268412,60.47472296437406,23.418606060573556,59.39703468604742,48.394272654499254,-0.6389269790700514,-0.059812062897601104,-0.04913073041711069,0.45103574967352245,48.112969788668394,38.01605483466897,49.21232020059916,37.67680417947845
4DoF_V22_3_3x3_grid_4Nm_curriculum1_extended_active_passive_selector,20260702,671,-1.0,touchdown,passive_sign_selector,v22_3_passive_negative_4Nm_grid,sign_selector,selector_negative_p0.809,1.0,4.0,0.2,0.4,0.01,True,True,success,9,9,0.27168908576329764,0.0,0.19673597401898207,0.07495311174431556,0.024006250025869154,0.4535542887253348,0.0,0.32842852156602703,0.1251257671593078,56.59775248559429,68.53032024981805,-69.48157550093529,22.33107271480999,0.7959461570536521,0.3373283449433464,0.446824685312331,-0.3031157270450482,53.62409703891094,85.56199437398178,-70.48797007435127,47.75908182753991
4DoF_V22_3_3x3_grid_4Nm_curriculum1_extended_active_passive_selector,20260702,20,1.0,touchdown,passive_sign_selector,v22_3_passive_positive_4Nm_grid,sign_selector,selector_positive_p0.744,1.0,4.0,0.2,0.3,0.0,True,True,success,6,6,0.0025557275164063355,5.0779116923841746e-05,0.0,0.002504948399482494,0.023667253242607517,0.004327609859243194,8.59842082665678e-05,0.0,0.004241625650976626,51.79835920286255,18.91684930915175,62.99343920977764,74.56825341859884,-0.941459972565377,0.09669261574838495,-0.6519142673603306,0.46265099224042117,45.81340694256534,22.050234978138114,60.99860321510625,73.253409491377
4DoF_V22_3_3x3_grid_4Nm_curriculum1_extended_active_passive_selector,20260803,2026,-1.0,touchdown,passive_sign_selector,v22_3_passive_positive_4Nm_grid,sign_selector,selector_positive_p0.775,1.0,4.0,0.2,0.35,0.02,True,True,success,10,8,0.10897788242125125,0.0,0.09660676321451506,0.012371119206736204,0.023262866167141044,0.18773988741576222,0.0,0.16642774154287895,0.021312145872883274,76.74393265807566,41.71001151815329,-51.739653606582536,40.867819691721756,0.7903922013026141,-0.2076931022812385,-0.3509402274228879,0.2707166763497171,73.54244619785631,58.115520458826275,-54.71858179575004,44.5181328286867
4DoF_V22_3_3x3_grid_4Nm_curriculum1_extended_active_passive_selector,20260719,1180,-1.0,touchdown,passive_sign_selector,v22_3_passive_negative_4Nm_grid,sign_selector,selector_negative_p0.596,1.0,4.0,0.2,0.3,0.02,True,True,success,9,9,0.026311762396057474,0.0,0.0,0.026311762396057474,0.023240491184647723,0.04537180392473541,0.0,0.0,0.04537180392473541,67.82839546933202,37.03159357845916,-37.56174615237712,37.772309740684776,0.7344252581185198,0.18209571643852773,0.2942286250233277,0.08240008212621419,61.32095009395119,57.24027090099689,-44.83046470520486,34.57702240931171
4DoF_V22_3_3x3_grid_4Nm_curriculum1_extended_active_passive_selector,20260702,97,1.0,touchdown,passive_sign_selector,v22_3_passive_positive_4Nm_grid,sign_selector,selector_positive_p0.857,1.0,4.0,0.2,0.3,0.02,True,True,success,8,8,0.009858745767283085,8.991531650951979e-05,0.0,0.009768830450773565,0.023141840801607222,0.01707281664605104,0.00015571024435309368,0.0,0.016917106401697947,54.62865965302194,27.76637120314408,60.07450679560728,63.22292654114512,-0.3611760953025007,-0.4724951362861196,0.3861235189864738,0.22715466802756934,42.92275649930655,41.10282268441581,54.51471576499644,63.058086708664625
4DoF_V22_3_3x3_grid_4Nm_curriculum1_extended_active_passive_selector,20260803,1733,1.0,touchdown,passive_sign_selector,v22_3_passive_positive_4Nm_grid,sign_selector,selector_positive_p0.938,1.0,4.0,0.2,0.4,0.01,True,True,success,7,7,0.017671232204734995,0.0010320193363631326,0.0,0.01663921286837186,0.02312557263668119,0.030623565105881188,0.001788449779363795,0.0,0.02883511532651739,46.7262130644672,22.423188544894124,79.05919818695803,86.93275582778632,-0.2878133840015771,-0.9190327954688964,0.08906363490072922,-0.004893370117440177,38.241680364817576,29.44421750811398,72.83278677336298,76.41586644693092
4DoF_V22_3_3x3_grid_4Nm_curriculum1_extended_active_passive_selector,20260702,362,-1.0,touchdown,passive_sign_selector,v22_3_passive_positive_4Nm_grid,sign_selector,selector_positive_p0.846,1.0,4.0,0.2,0.3,0.0,True,True,success,10,7,0.0018456848512046552,0.0,0.0,0.0018456848512046552,0.02254659366968015,0.00328063580166091,0.0,0.0,0.00328063580166091,71.71285830913212,47.53964410425717,-49.580836410097774,38.499389196984005,0.3091730768321528,0.802100752427582,-0.6678580910191272,-0.26587689618643995,66.24300360121994,68.9317691442342,-53.88985178058859,50.056223014983445
4DoF_V22_3_3x3_grid_4Nm_curriculum1_extended_active_passive_selector,20260803,1881,-1.0,touchdown,passive_sign_selector,v22_3_passive_negative_4Nm_grid,sign_selector,selector_negative_p0.735,1.0,4.0,0.2,0.3,0.02,True,True,success,5,5,0.007159300002926496,0.0,0.0,0.007159300002926496,0.022365165217014066,0.012828617643409675,0.0,0.0,0.012828617643409675,53.98643193581521,57.742185194084655,-58.34105433069235,21.049280610077624,0.9614184906278676,0.9831294146213676,0.7956105798983073,0.4364856861930586,54.085629373798476,65.39142882346049,-58.97828698217514,18.580523458826494
4DoF_V22_3_3x3_grid_4Nm_curriculum1_extended_active_passive_selector,20260719,1138,-1.0,touchdown,passive_sign_selector,v22_3_passive_negative_4Nm_grid,sign_selector,selector_negative_p0.818,1.0,4.0,0.2,0.3,0.01,True,True,success,6,6,0.030075337771120477,0.0,0.022801333780048873,0.0072740039910716035,0.022349070070994598,0.053930254142299044,0.0,0.040886713722038816,0.01304354042026023,68.30212467610313,51.95522561491295,-41.599050825108975,52.91905063207982,0.8751740423016243,0.6474146822832776,0.6663543201839355,0.3476887550681743,66.27737831413765,63.71273179081937,-49.071380419672266,47.59288601795557
4DoF_V22_3_3x3_grid_4Nm_curriculum1_extended_active_passive_selector,20260719,872,1.0,touchdown,passive_sign_selector,v22_3_passive_positive_4Nm_grid,sign_selector,selector_positive_p0.933,1.0,4.0,0.2,0.35,0.0,True,True,success,5,5,0.006071450488697653,0.0005058654727414286,0.0,0.005565585015956224,0.022244761228303545,0.010938206544545151,0.0009113573494340764,0.0,0.010026849195111074,53.049605519664354,25.689953940354407,60.642833965065684,61.63867698775155,-0.8040193308320938,-0.6480209980810279,0.029402280336223052,-0.05652441513147044,46.92822636474311,29.65806479779323,57.209634778435536,57.12066491945528
4DoF_V22_3_3x3_grid_4Nm_curriculum1_extended_active_passive_selector,20260803,1786,1.0,touchdown,passive_sign_selector,v22_3_passive_positive_4Nm_grid,sign_selector,selector_positive_p0.857,1.0,4.0,0.2,0.4,0.02,True,True,success,5,5,0.025118742386738474,0.0,0.0,0.025118742386738474,0.022164188101980065,0.045417944487819856,0.0,0.0,0.045417944487819856,52.57119973060833,34.113587423230825,53.535760824537405,39.5798243215132,-0.8560909177867786,-0.37073500433476836,0.9137000551508281,-0.14709354207780634,45.94780585991778,39.525992774128994,54.97122550114159,46.78139957641278
4DoF_V22_3_3x3_grid_4Nm_curriculum1_extended_active_passive_selector,20260803,1775,1.0,touchdown,passive_sign_selector,v22_3_passive_positive_4Nm_grid,sign_selector,selector_positive_p0.945,1.0,4.0,0.2,0.4,0.02,True,True,success,6,6,0.03482812652001354,0.0003601032796407753,0.0,0.034468023240372764,0.022099786028296542,0.06315728540635332,0.0006530108817356927,0.0,0.06250427452461763,57.97866028138128,27.30754320799616,51.94350873193385,31.76029165068985,-0.4525769072599044,-0.7055064581101376,0.5272521499922243,-0.38936174810022994,50.09877514225011,34.99398413609717,51.46241665042168,41.64153754965351
4DoF_V22_3_3x3_grid_4Nm_curriculum1_extended_active_passive_selector,20260702,138,1.0,touchdown,passive_sign_selector,v22_3_passive_positive_4Nm_grid,sign_selector,selector_positive_p0.906,1.0,4.0,0.2,0.35,0.0,True,True,success,5,5,0.013323639512937377,0.0024935807946744972,0.0,0.01083005871826288,0.02208430188849836,0.024178013129601793,0.004525027049465042,0.0,0.019652986080136752,45.009140471219986,20.098730447247934,72.13076233119332,88.27560375255705,-0.558401363706635,-0.9757779556952553,-0.006977015874166215,-0.4764867154604723,41.21931656015837,19.609994422753253,71.9324549537833,83.41411905839749
4DoF_V22_3_3x3_grid_4Nm_curriculum1_extended_active_passive_selector,20260702,400,-1.0,touchdown,passive_sign_selector,v22_3_passive_negative_4Nm_grid,sign_selector,selector_negative_p0.849,1.0,4.0,0.2,0.3,0.0,True,True,success,8,8,0.005713679050472642,2.807988675297102e-05,0.0,0.005685599163719671,0.021964944251133982,0.010424785954881218,5.123263075352698e-05,0.0,0.010373553324127692,68.41072575502865,41.93852480229874,-46.9867812590504,9.067209618853592,0.9299322936010139,-0.4620772270190501,-0.7532356199074552,0.42077317389201907,64.88867447491482,54.64834200763105,-57.49711532516998,6.767114811466477
4DoF_V22_3_3x3_grid_4Nm_curriculum1_extended_active_passive_selector,20260719,1144,-1.0,touchdown,passive_sign_selector,v22_3_passive_positive_4Nm_grid,sign_selector,selector_positive_p0.791,1.0,4.0,0.2,0.3,0.01,True,True,success,11,9,0.03610224477377375,9.798671151884976e-05,0.028782161935382567,0.007222096126872339,0.02149917921949878,0.06729669510914782,0.00018265295942545813,0.053651632702757635,0.01346240944696474,65.32181124911753,51.52371122697782,-51.92062853630615,30.85242751626567,0.8645858018186234,-0.45034254321749323,-0.27810033142428026,0.10110379469956765,60.2325846232656,70.62871128250893,-54.73554362577697,46.70857982502089
4DoF_V22_3_3x3_grid_4Nm_curriculum1_extended_active_passive_selector,20260803,1851,-1.0,mid_cross,passive_sign_selector,v22_3_passive_negative_4Nm_grid,sign_selector,selector_negative_p1.000,1.0,4.0,0.2,0.3,0.01,True,True,success,11,11,0.8561430931304868,0.0,0.833539334581272,0.022603758549214658,0.021432068245935514,1.600898082253256,0.0,1.558631416781672,0.0422666654715839,64.98940030347408,56.32858949974533,-3.9538133399461732,88.29615460441458,0.36075617086543077,-0.188581195890706,-0.9985472520825154,0.1078951961802942,48.68225347951607,87.00392981335519,-52.09657342566536,68.59360100793569
4DoF_V22_3_3x3_grid_4Nm_curriculum1_extended_active_passive_selector,20260719,1381,-1.0,touchdown,passive_sign_selector,v22_3_passive_negative_4Nm_grid,sign_selector,selector_negative_p0.934,1.0,4.0,0.2,0.4,0.01,True,True,success,6,6,0.005033326408645256,0.0,0.0,0.005033326408645256,0.021340822164017115,0.009452035820231072,0.0,0.0,0.009452035820231072,74.69233132812329,43.25615899327783,-60.1379639532611,8.39704671613432,0.8809208055355848,0.1639323822962182,-0.5307053391306538,0.4353046367175485,73.71692097278431,52.00601503390895,-66.54848358027803,5.923817616728746
4DoF_V22_3_3x3_grid_4Nm_curriculum1_extended_active_passive_selector,20260803,1512,1.0,touchdown,passive_sign_selector,v22_3_passive_negative_4Nm_grid,sign_selector,selector_negative_p0.542,1.0,4.0,0.2,0.3,0.01,True,True,success,9,9,0.22287332876286275,0.0,0.2163462342667154,0.006527094496147357,0.02129238753960941,0.41948375603242005,0.0,0.40719870545942993,0.012285050572990152,60.13007322210407,17.98651376334952,64.8659877155235,64.49150846082128,-0.6035817576983991,0.08964830999233198,0.8264499341443263,-0.03565658786738013,41.413023913622816,43.700070376271576,51.50598223160512,63.302922720005824
4DoF_V22_3_3x3_grid_4Nm_curriculum1_extended_active_passive_selector,20260702,145,1.0,touchdown,passive_sign_selector,v22_3_passive_positive_4Nm_grid,sign_selector,selector_positive_p0.961,1.0,4.0,0.2,0.35,0.0,True,True,success,6,6,0.014240385385685648,0.0,0.0,0.014240385385685648,0.02114179418866441,0.026993631351066978,0.0,0.0,0.026993631351066978,58.720984947284606,27.451983265795523,49.08137406535008,50.498533186754145,-0.6428401568566662,-0.3881067069334445,0.1081325934551427,-0.11548430316639424,51.236513074154104,34.50110565237296,42.87033262427699,37.39201717093488
4DoF_V22_3_3x3_grid_4Nm_curriculum1_extended_active_passive_selector,20260803,1573,1.0,touchdown,passive_sign_selector,v22_3_passive_positive_4Nm_grid,sign_selector,selector_positive_p0.864,1.0,4.0,0.2,0.35,0.0,True,True,success,7,7,0.0071652136722484445,0.0,0.0,0.0071652136722484445,0.021073810359385547,0.013625971896000377,0.0,0.0,0.013625971896000377,52.83052905816076,19.29775356810112,66.01548572403144,72.15214000477404,-0.7319333723774093,0.25009779767368023,0.5495035646501061,-0.4994819327149018,42.427988906649844,31.344711606829815,62.11676914402039,66.31384245749135
4DoF_V22_3_3x3_grid_4Nm_curriculum1_extended_active_passive_selector,20260702,448,-1.0,touchdown,passive_sign_selector,v22_3_passive_positive_4Nm_grid,sign_selector,selector_positive_p0.608,1.0,4.0,0.2,0.3,0.02,True,True,success,7,7,0.03659559882163878,0.0,0.02440926073497892,0.012186338086659861,0.021045065337938602,0.06968831921707444,0.0,0.04648210191183417,0.02320621730524028,53.484344642391086,67.13641128825631,-59.76022635706734,33.34990454993026,0.9262417708231738,0.2808876138552474,0.1924916659143847,-0.08178958466903885,53.30735595152349,76.34922637339444,-57.937524127787476,46.93321878719606
4DoF_V22_3_3x3_grid_4Nm_curriculum1_extended_active_passive_selector,20260719,1186,-1.0,touchdown,passive_sign_selector,v22_3_passive_negative_4Nm_grid,sign_selector,selector_negative_p0.667,1.0,4.0,0.2,0.3,0.02,True,True,success,6,6,0.04937243477412875,0.0,0.0,0.04937243477412875,0.02091488101496443,0.09460423038287842,0.0,0.0,0.09460423038287842,77.0927569363238,38.52167423656991,-42.52260423996682,39.98837958690774,0.6338272945508847,0.5226275042684378,-0.9735711874074331,0.08723035156245418,75.27840293807031,48.17772746229897,-52.35616331310969,25.864986096220747
4DoF_V22_3_3x3_grid_4Nm_curriculum1_extended_active_passive_selector,20260803,1825,-1.0,touchdown,passive_sign_selector,v22_3_passive_negative_4Nm_grid,sign_selector,selector_negative_p0.782,1.0,4.0,0.2,0.3,0.0,True,True,success,8,8,0.012907293062855785,0.0,0.0,0.012907293062855785,0.02090551235821616,0.024743194304200734,0.0,0.0,0.024743194304200734,69.53200560797208,39.03860891299777,-47.790244011825344,12.881515261224079,0.9933457987156191,-0.35756769579712144,0.39118232833384803,0.0140109321202192,66.13139744078617,52.70593679691672,-52.176397897927345,13.49443318688342
4DoF_V22_3_3x3_grid_4Nm_curriculum1_extended_active_passive_selector,20260803,1842,-1.0,touchdown,passive_sign_selector,v22_3_passive_negative_4Nm_grid,sign_selector,selector_negative_p0.528,1.0,4.0,0.2,0.3,0.01,True,True,success,6,6,0.035040590009218574,0.0,0.0,0.035040590009218574,0.02085591219586467,0.06733232808190034,0.0,0.0,0.06733232808190034,71.52616752191841,46.10734315492312,-38.70176970186125,49.801352449105586,0.9986979862912706,-0.14738925621161325,-0.6795845547259669,-0.3542439871473205,71.05326421753992,53.13403728990882,-46.89622249775597,36.188628824673394
4DoF_V22_3_3x3_grid_4Nm_curriculum1_extended_active_passive_selector,20260803,1593,1.0,touchdown,passive_sign_selector,v22_3_passive_positive_4Nm_grid,sign_selector,selector_positive_p0.976,1.0,4.0,0.2,0.35,0.0,True,True,success,9,9,0.011855035014123471,0.0002028489206890151,0.0,0.011652186093434456,0.020785188294066503,0.022857582100926366,0.00039111110622698427,0.0,0.02246647099469938,57.21065122272059,26.056372914960154,57.454383620216994,60.96588712701589,-0.13515864491132068,-0.5384867774808368,0.4932124064398238,0.06307013538156248,44.62888698855942,41.916559804164415,47.12360131152938,41.09176436598994
4DoF_V22_3_3x3_grid_4Nm_curriculum1_extended_active_passive_selector,20260719,1232,-1.0,touchdown,passive_sign_selector,v22_3_passive_negative_4Nm_grid,sign_selector,selector_negative_p0.691,1.0,4.0,0.2,0.35,0.0,True,True,success,5,5,0.015989772567106958,0.0,0.0,0.015989772567106958,0.02072775490201112,0.030915155294073828,0.0,0.0,0.030915155294073828,80.19436582667406,50.65844461168416,-47.18343288743096,58.065516131747565,0.9453004879554969,0.638263656271721,-0.5130014626167931,0.23131049138428994,81.04214272291918,56.80110375469001,-52.31140537428265,51.337790394823536
4DoF_V22_3_3x3_grid_4Nm_curriculum1_extended_active_passive_selector,20260719,1271,-1.0,touchdown,passive_sign_selector,v22_3_passive_negative_4Nm_grid,sign_selector,selector_negative_p0.634,1.0,4.0,0.2,0.35,0.01,True,True,success,6,6,0.045088462813892734,0.008345752913297705,0.0,0.03674270990059503,0.02060632109793975,0.08768925429364666,0.016231044569135572,0.0,0.07145820972451108,71.63805380843971,50.27207413261785,-59.2490041507997,29.035843537667464,0.7383128868358801,0.392264525449471,-0.8822133066784821,0.1077148316552552,70.52595637377374,58.896350664843695,-68.88988801769737,14.567711738449995
4DoF_V22_3_3x3_grid_4Nm_curriculum1_extended_active_passive_selector,20260719,1417,-1.0,touchdown,passive_sign_selector,v22_3_passive_negative_4Nm_grid,sign_selector,selector_negative_p0.843,1.0,4.0,0.2,0.4,0.02,True,True,success,7,7,0.0170297684280143,0.0,0.0,0.0170297684280143,0.020595059954476344,0.033138060947735276,0.0,0.0,0.033138060947735276,68.318667077929,54.4972893688288,-57.879606070200396,43.55882172797199,0.4504113367668092,0.9415892022805199,-0.32742711728443674,0.46222829513742303,65.70408487635954,67.28524823000379,-65.90061553930454,33.90015445308415
4DoF_V22_3_3x3_grid_4Nm_curriculum1_extended_active_passive_selector,20260719,782,1.0,touchdown,passive_sign_selector,v22_3_passive_positive_4Nm_grid,sign_selector,selector_positive_p0.914,1.0,4.0,0.2,0.3,0.01,True,True,success,6,6,0.011596881027829782,0.00025502303202495414,0.0,0.011341857995804828,0.02041253435404905,0.022768041985915245,0.0005006842000522064,0.0,0.02226735778586304,55.78779339446733,25.957178368765135,57.83442643934065,56.93257794069509,-0.510484724953161,-0.547080924280376,-0.7374140095096331,0.3571362786723933,49.44795054733387,30.76347367020894,53.38142625256547,55.75020279964008
4DoF_V22_3_3x3_grid_4Nm_curriculum1_extended_active_passive_selector,20260719,1062,1.0,touchdown,passive_sign_selector,v22_3_passive_positive_4Nm_grid,sign_selector,selector_positive_p0.883,1.0,4.0,0.2,0.4,0.02,True,True,success,8,8,0.0034433666329994,0.00022395204184345066,0.0,0.0032194145911559496,0.020374009778087177,0.0067731105939097275,0.00044051421437406215,0.0,0.006332596379535666,51.59610867483624,21.32137922824379,73.29285663639085,71.30041539564294,-0.15116457528907157,-0.5342260543887456,0.8749134419198568,0.08582020884816588,40.95560465717378,33.77718706690604,68.916502219112,65.91870448400122
4DoF_V22_3_3x3_grid_4Nm_curriculum1_extended_active_passive_selector,20260803,1754,1.0,touchdown,passive_sign_selector,v22_3_passive_negative_4Nm_grid,sign_selector,selector_negative_p0.806,1.0,4.0,0.2,0.4,0.01,True,True,success,8,8,0.15206458483628105,0.0006752645722378372,0.1378547218343637,0.01353459842967949,0.020325369806219185,0.2998272041615625,0.0013314256503669396,0.2718094806398711,0.0266862978713244,47.98095164242618,37.44161179661459,60.9668147619896,42.91393686185057,-0.21803657357332473,-0.8034575116494336,0.9454285360419965,0.1166802084843741,36.61655248215893,49.897128029846996,54.86441277325769,43.99130033893659
4DoF_V22_3_3x3_grid_4Nm_curriculum1_extended_active_passive_selector,20260702,701,-1.0,touchdown,passive_sign_selector,v22_3_passive_positive_4Nm_grid,sign_selector,selector_positive_p0.511,1.0,4.0,0.2,0.4,0.02,True,True,success,9,9,0.016723193809543187,0.009485978057448835,8.047608672337781e-05,0.007156739665370973,0.0202967247842515,0.03301981764909883,0.018729990768962413,0.00015889941472798047,0.014130927465408434,67.57405337247252,61.11193668970335,-55.328415448152874,58.0323301693807,0.9707252392551915,-0.6264044717629613,-0.7688882881804067,-0.23008363052505287,67.38386647313781,70.04835893492138,-58.89494900147881,55.63314872253428
4DoF_V22_3_3x3_grid_4Nm_curriculum1_extended_active_passive_selector,20260719,1260,-1.0,touchdown,passive_sign_selector,v22_3_passive_positive_4Nm_grid,sign_selector,selector_positive_p0.827,1.0,4.0,0.2,0.35,0.01,True,True,success,9,6,0.007097053017752108,0.0,0.0,0.007097053017752108,0.02022687878232668,0.014061465586030207,0.0,0.0,0.014061465586030207,70.95652683190535,48.90918004234483,-46.78950983781793,46.19350004961301,0.8241052165408558,-0.2948727868709453,-0.1826721092756487,-0.102796649925742,67.07122426832058,64.1593499960812,-54.78222057951199,42.69956631304424
4DoF_V22_3_3x3_grid_4Nm_curriculum1_extended_active_passive_selector,20260702,297,1.0,touchdown,passive_sign_selector,v22_3_passive_positive_4Nm_grid,sign_selector,selector_positive_p0.960,1.0,4.0,0.2,0.4,0.01,True,True,success,5,5,0.003065998383189968,0.0,0.0,0.003065998383189968,0.020009775550450942,0.006140604334382043,0.0,0.0,0.006140604334382043,62.81644948274229,15.397221962843094,56.26132133495962,36.56959972222493,-0.9325381179553733,-0.00729129183343491,0.045381781787443565,-0.1297934608290331,56.37803595850326,21.20990239403642,53.24273191768131,36.62271316827409
4DoF_V22_3_3x3_grid_4Nm_curriculum1_extended_active_passive_selector,20260803,2017,-1.0,touchdown,passive_sign_selector,v22_3_passive_positive_4Nm_grid,sign_selector,selector_positive_p0.646,1.0,4.0,0.2,0.35,0.02,True,True,success,10,8,0.04560518266667512,0.0,0.038357184265345845,0.007247998401329273,0.019960452633972794,0.09156409867716138,0.0,0.07701188329230398,0.014552215384857395,65.57121045280336,50.4027645592266,-56.69149848683092,31.47455368333038,0.7661160886256619,-0.15462125209709843,0.05347716416951531,0.012727966964729442,60.78192948983215,68.12509007908645,-59.53607887520999,36.36086856797723
4DoF_V22_3_3x3_grid_4Nm_curriculum1_extended_active_passive_selector,20260803,1582,1.0,touchdown,passive_sign_selector,v22_3_passive_positive_4Nm_grid,sign_selector,selector_positive_p0.881,1.0,4.0,0.2,0.35,0.0,True,True,success,4,4,0.012563818864010718,0.0003749734818381493,0.0,0.012188845382172568,0.019920423839838747,0.025275776263582322,0.000754368232645146,0.0,0.024521408030937174,54.80064087305736,19.48179514700526,62.30691796428722,52.79018710095199,-0.9306328380852171,-0.6384820270006475,0.38354970051312165,0.1803073017863861,50.00603869535371,22.020015434022262,61.763866546994336,56.28203020014123
4DoF_V22_3_3x3_grid_4Nm_curriculum1_extended_active_passive_selector,20260803,1836,-1.0,touchdown,passive_sign_selector,v22_3_passive_positive_4Nm_grid,sign_selector,selector_positive_p0.775,1.0,4.0,0.2,0.3,0.0,True,True,success,7,6,0.012124968852327691,0.005924085403103942,0.0,0.006200883449223748,0.019648951383466895,0.0247299173001663,0.012082681933633013,0.0,0.012647235366533283,68.16183144469078,60.00002544356103,-50.473396474710746,46.35456956634845,0.9320554048194385,-0.10521153419039342,-0.18284160844126784,0.32212866575843824,67.94662887233953,68.5441256266962,-53.52651896824731,53.24588413189974
4DoF_V22_3_3x3_grid_4Nm_curriculum1_extended_active_passive_selector,20260702,504,-1.0,touchdown,passive_sign_selector,v22_3_passive_positive_4Nm_grid,sign_selector,selector_positive_p0.586,1.0,4.0,0.2,0.35,0.0,True,True,success,7,5,0.004955389525317823,0.0,0.0,0.004955389525317823,0.019633986577777165,0.010114646736362061,0.0,0.0,0.010114646736362061,67.21901928832018,52.57413263780881,-49.63760624553712,33.05036351071148,0.5316290612202921,0.6725473961994137,-0.42215526874117093,-0.2229769403937064,64.97250158900604,64.6222992356116,-53.169924306240226,39.31216805608865
4DoF_V22_3_3x3_grid_4Nm_curriculum1_extended_active_passive_selector,20260702,95,1.0,touchdown,passive_sign_selector,v22_3_passive_positive_4Nm_grid,sign_selector,selector_positive_p0.904,1.0,4.0,0.2,0.3,0.02,True,True,success,5,5,0.014492955433095258,0.0005244745050388055,0.006411069971455748,0.0075574109566007045,0.019623425890751667,0.029598079864064673,0.0010711023268143052,0.013092937593386917,0.015434039943863453,55.68718164856129,21.54800126757887,56.423890352278164,72.49682519878614,-0.577907212027696,-0.47871158469202246,0.07705613280798551,-0.4757414413683395,51.91431465765355,22.79914200353335,56.583875747859594,68.62447807219733
4DoF_V22_3_3x3_grid_4Nm_curriculum1_extended_active_passive_selector,20260803,1828,-1.0,mid_cross,passive_sign_selector,v22_3_passive_negative_4Nm_grid,sign_selector,selector_negative_p1.000,1.0,4.0,0.2,0.3,0.0,True,True,success,13,13,1.4186192293167454,0.0,1.3891444458411915,0.029474783475554073,0.019590880972438454,2.90197246179297,0.0,2.8416779104463306,0.06029455134663931,73.02531839652565,47.43057801868513,4.8641802801638105,92.42805438487584,0.3261252159328336,-0.08920809993630652,0.5016299912349445,0.36122955307412574,48.23460629995926,94.08483665616323,-59.88913906040532,67.85722793413339
4DoF_V22_3_3x3_grid_4Nm_curriculum1_extended_active_passive_selector,20260719,902,1.0,touchdown,passive_sign_selector,v22_3_passive_positive_4Nm_grid,sign_selector,selector_positive_p0.865,1.0,4.0,0.2,0.35,0.01,True,True,success,4,4,0.009752238009213392,0.0059412746046459495,0.0,0.0038109634045674426,0.019581249553383306,0.019959299734506913,0.01215963766748833,0.0,0.007799662067018583,59.72080283311308,16.250988220604317,61.152135289623835,56.153986370225425,-0.9940040154212817,-0.49076842833829026,-0.9879774424409116,0.15732666026544995,57.25883398337028,14.559221656860728,59.72860093995785,55.508014374855684
4DoF_V22_3_3x3_grid_4Nm_curriculum1_extended_active_passive_selector,20260702,553,-1.0,mid_cross,passive_sign_selector,v22_3_passive_negative_4Nm_grid,sign_selector,selector_negative_p0.984,1.0,4.0,0.2,0.35,0.01,True,True,success,15,15,1.0225793024112784,0.0,1.0053276404375926,0.017251661973685776,0.01930538441533387,2.1227554019992483,0.0,2.086942963236061,0.0358124387631871,67.43614207889959,34.167287076526065,-22.56921473432113,44.754712903723615,0.14311554662015746,0.22328887894964344,-0.6579667011747683,-0.15547363090238608,36.638040917479756,91.34162077495203,-64.98290684902415,42.00408382353005
4DoF_V22_3_3x3_grid_4Nm_curriculum1_extended_active_passive_selector,20260702,487,-1.0,touchdown,passive_sign_selector,v22_3_passive_positive_4Nm_grid,sign_selector,selector_positive_p0.656,1.0,4.0,0.2,0.35,0.0,True,True,success,7,4,0.0034031571794524446,0.0,0.0,0.0034031571794524446,0.019158265489043917,0.007118807204098596,0.0,0.0,0.007118807204098596,57.04304711378813,65.14203282028593,-57.973470189380826,41.90629082237595,0.877920789806107,0.3510081214815055,0.9890182484118957,-0.36601038285161946,55.98503604511439,75.70678857976053,-57.923166025878544,42.19236190447684
4DoF_V22_3_3x3_grid_4Nm_curriculum1_extended_active_passive_selector,20260803,1740,1.0,touchdown,passive_sign_selector,v22_3_passive_positive_4Nm_grid,sign_selector,selector_positive_p0.831,1.0,4.0,0.2,0.4,0.01,True,True,success,8,8,0.0034422446727096177,0.0007561752685820417,0.0,0.002686069404127576,0.018860112148023467,0.007314402852501399,0.0016067918080772874,0.0,0.0057076110444241115,45.73278724249388,31.02245667688648,80.49138582276157,72.76253767125715,-0.15122477417030233,-0.7909606876068698,-0.8779534521553469,0.46869217712570066,35.35231558301328,41.61392186734052,68.8485877097032,65.48656892785318
4DoF_V22_3_3x3_grid_4Nm_curriculum1_extended_active_passive_selector,20260803,1446,1.0,touchdown,passive_sign_selector,v22_3_passive_positive_4Nm_grid,sign_selector,selector_positive_p0.951,1.0,4.0,0.2,0.3,0.0,True,True,success,8,8,0.03857135963681627,0.0006330293732537593,0.0,0.03793833026356251,0.018844148035486036,0.08202945973123651,0.001346259451856213,0.0,0.0806832002793803,48.627705833238714,38.173165333360515,57.32745804613707,85.39698090837389,-0.20927634853371946,-0.7137583085727766,-0.5576962061984545,-0.09153628541358971,38.84981339011808,48.31510729107559,46.48861249501825,66.8802176392767
4DoF_V22_3_3x3_grid_4Nm_curriculum1_extended_active_passive_selector,20260719,840,1.0,touchdown,passive_sign_selector,v22_3_passive_positive_4Nm_grid,sign_selector,selector_positive_p0.696,1.0,4.0,0.2,0.3,0.02,True,True,success,4,4,0.00581500518418976,0.0010035203079350027,0.0,0.004811484876254757,0.018796241639267713,0.01239825308078868,0.0021396195455366147,0.0,0.010258633535252065,62.54520129112539,17.814396276201325,56.73539955635272,46.764745258021115,-0.777715246429479,-0.7888152535117845,-0.537576418519425,0.4326779130123376,59.337048191852396,17.87347733979972,55.07598756071313,48.3957466364041
4DoF_V22_3_3x3_grid_4Nm_curriculum1_extended_active_passive_selector,20260719,1409,-1.0,mid_cross,passive_sign_selector,v22_3_passive_negative_4Nm_grid,sign_selector,selector_negative_p1.000,1.0,4.0,0.2,0.4,0.02,True,True,success,14,14,1.3241849902459877,0.0,1.273472895419804,0.05071209482618356,0.018736255771192298,2.8323522553824474,0.0,2.723882126802129,0.10847012858031808,75.59511750533434,50.02053492349028,-24.357459221445705,65.58589000022279,0.6597480435685765,-0.6804687787653554,0.2980563973822541,0.2562864491391722,56.34549046757015,93.66821335276839,-69.94835281944226,72.87287878123166
4DoF_V22_3_3x3_grid_4Nm_curriculum1_extended_active_passive_selector,20260719,1414,-1.0,mid_cross,passive_sign_selector,v22_3_passive_negative_4Nm_grid,sign_selector,selector_negative_p1.000,1.0,4.0,0.2,0.4,0.02,True,True,success,16,16,1.5377040905420942,0.0,1.461400808339494,0.07630328220260021,0.018727171683376335,3.290652241868802,0.0,3.1273649304892657,0.16328731137953673,71.57379127840446,38.77944034614259,-19.041628688640607,53.397863730915574,0.05267299534582848,0.20031531952364223,-0.6411180479766307,0.2998868999236354,36.61160533462366,103.51501020670298,-79.98493583225948,49.78055955242215
4DoF_V22_3_3x3_grid_4Nm_curriculum1_extended_active_passive_selector,20260702,104,1.0,touchdown,passive_sign_selector,v22_3_passive_positive_4Nm_grid,sign_selector,selector_positive_p0.911,1.0,4.0,0.2,0.3,0.02,True,True,success,6,6,0.013024030544900712,0.0020489591299860037,0.0,0.010975071414914708,0.01856201913643782,0.028119111931938296,0.0044237389432875114,0.0,0.023695372988650782,52.79906291513813,16.75195949651661,68.97774413922255,82.04453524807029,-0.20410713043897455,-0.7455674686252907,-0.29786076399385153,-0.3326785262185621,49.30429304720963,17.167715651882872,67.05870824518844,76.41204834585355
4DoF_V22_3_3x3_grid_4Nm_curriculum1_extended_active_passive_selector,20260719,1010,1.0,touchdown,passive_sign_selector,v22_3_passive_positive_4Nm_grid,sign_selector,selector_positive_p0.893,1.0,4.0,0.2,0.4,0.01,True,True,success,7,7,0.010077718911433569,2.317348412804454e-05,0.0,0.010054545427305524,0.01837847381465768,0.021975269377466376,5.053162929067842e-05,0.0,0.021924737748175698,48.90424211442163,15.88606880891004,79.57762478581425,87.06298532729042,-0.2842701832620471,-0.3830645696610995,0.5784743869952598,-0.07030741000884289,40.66425211137139,24.52886914662912,75.2993791527077,79.15522217470134
4DoF_V22_3_3x3_grid_4Nm_curriculum1_extended_active_passive_selector,20260702,583,-1.0,touchdown,passive_sign_selector,v22_3_passive_negative_4Nm_grid,sign_selector,selector_negative_p0.649,1.0,4.0,0.2,0.35,0.02,True,True,success,5,5,0.06039315373199582,0.0,0.05604205677210832,0.0043510969598875016,0.0183176760012079,0.13212918206134996,0.0,0.12260977718094244,0.00951940488040751,64.75790487300358,58.75304178598614,-44.24449505300424,53.85223840745578,0.6885893082167363,0.8228625538794212,-0.21827297473956153,0.2776901715050054,63.25232322516283,67.69311278015451,-51.54337227625677,53.00846502091154
4DoF_V22_3_3x3_grid_4Nm_curriculum1_extended_active_passive_selector,20260702,549,-1.0,touchdown,passive_sign_selector,v22_3_passive_positive_4Nm_grid,sign_selector,selector_positive_p0.967,1.0,4.0,0.2,0.35,0.01,True,True,success,12,11,0.08134641532164555,0.010599204638179396,0.05749167071887726,0.013255539964588895,0.018174204613174316,0.17937603377346767,0.023372182801570343,0.1267742140546212,0.02922963691727614,74.66012689506351,49.28917879126976,-56.070586606774974,43.79724820853592,0.7882011516905545,-0.761221588858533,-0.7972207483411655,0.12291982807384894,70.18144846817403,67.49421732837807,-60.280691192980754,51.49966738228289
4DoF_V22_3_3x3_grid_4Nm_curriculum1_extended_active_passive_selector,20260719,1434,-1.0,mid_cross,passive_sign_selector,v22_3_passive_negative_4Nm_grid,sign_selector,selector_negative_p1.000,1.0,4.0,0.2,0.4,0.02,True,True,success,12,12,1.0798542970237113,0.0,1.0165860145541816,0.06326828246952959,0.01815127054146046,2.3841827496243946,0.0,2.244494323067248,0.1396884265571467,58.01362842459924,70.11605199478707,-17.14955359260561,94.63303004713616,0.12839905094553905,0.025421704581032767,-0.17740055091256957,0.34939398913620323,37.28055778938085,104.8967702016796,-75.76587750891755,59.50673666464078
4DoF_V22_3_3x3_grid_4Nm_curriculum1_extended_active_passive_selector,20260803,1954,-1.0,mid_cross,passive_sign_selector,v22_3_passive_negative_4Nm_grid,sign_selector,selector_negative_p0.992,1.0,4.0,0.2,0.35,0.0,True,True,success,13,13,1.495525224309281,0.0,1.417381226553442,0.07814399775583881,0.018036759996939225,3.3228950632850847,0.0,3.1492675642984556,0.17362749898662883,79.60161746879996,38.41819823788924,-23.04819172363006,48.651288192080514,0.5322686267659844,-0.3801187050926542,-0.15985935848986488,-0.35879549675643496,61.47522003361692,80.39980870919037,-54.54675838363817,68.71682563974004
4DoF_V22_3_3x3_grid_4Nm_curriculum1_extended_active_passive_selector,20260719,1073,1.0,touchdown,passive_sign_selector,v22_3_passive_negative_4Nm_grid,sign_selector,selector_negative_p0.627,1.0,4.0,0.2,0.4,0.02,True,True,success,7,7,0.18172368222614058,0.0,0.17884398871237517,0.0028796935137653957,0.017944029263536804,0.4058569337152879,0.0,0.39942550130527205,0.006431432410015878,49.25741431178484,35.50463398136887,66.24935122852449,49.611711601072535,-0.9252126842707173,0.26277324200981633,0.2221214944026113,0.47110917246667294,37.604629462669116,49.04989166855224,57.253686495990365,47.585404336957126
4DoF_V22_3_3x3_grid_4Nm_curriculum1_extended_active_passive_selector,20260719,982,1.0,touchdown,passive_sign_selector,v22_3_passive_positive_4Nm_grid,sign_selector,selector_positive_p0.975,1.0,4.0,0.2,0.4,0.0,True,True,success,7,7,0.021509294403600457,0.000865689772087354,0.0,0.0206436046315131,0.017865731900416126,0.04824882726922166,0.0019418822160518173,0.0,0.04630694505316984,46.06549759884489,38.12824831404488,65.84243769316942,72.70183640336148,-0.21711057544730217,-0.8214524215363765,-0.7090703529923603,-0.31308457515994803,38.295708204596515,45.201219847468145,56.31909689796638,57.552885907126104
4DoF_V22_3_3x3_grid_4Nm_curriculum1_extended_active_passive_selector,20260719,1143,-1.0,touchdown,passive_sign_selector,v22_3_passive_negative_4Nm_grid,sign_selector,selector_negative_p0.632,1.0,4.0,0.2,0.3,0.01,True,True,success,4,4,0.012200900852330165,0.0,0.0,0.012200900852330165,0.017754216232102413,0.027540498913931354,0.0,0.0,0.027540498913931354,60.50882525887699,56.52548578220432,-49.24809161016678,34.35988457302598,0.9191575819703732,0.7124222305475671,-0.7047116227376091,0.1485725947662243,60.96981940849815,61.158742552312916,-53.42252058897796,28.849134381287833
4DoF_V22_3_3x3_grid_4Nm_curriculum1_extended_active_passive_selector,20260719,845,1.0,touchdown,passive_sign_selector,v22_3_passive_positive_4Nm_grid,sign_selector,selector_positive_p0.742,1.0,4.0,0.2,0.35,0.0,True,True,success,8,8,0.011930250812583325,0.0,0.0,0.011930250812583325,0.017676979287396616,0.027047238555512346,0.0,0.0,0.027047238555512346,48.1346281175082,32.93327815676235,62.270462176720834,77.94773208620511,-0.3315672649234507,-0.200530172855939,0.449052169634087,-0.4185511726857807,37.357038982238066,45.898714303981386,56.3398981384856,64.0477201957473
4DoF_V22_3_3x3_grid_4Nm_curriculum1_extended_active_passive_selector,20260702,646,-1.0,touchdown,passive_sign_selector,v22_3_passive_negative_4Nm_grid,sign_selector,selector_negative_p0.765,1.0,4.0,0.2,0.4,0.01,True,True,success+touchdown_event,8,8,0.2521949393344862,0.0,0.21919710032697987,0.03299783900750638,0.01759742115635382,0.5743395849559746,0.0,0.499191506211701,0.07514807874427362,58.36649928717499,75.92550374186453,-60.44373386771363,50.22005733373248,0.6176458616083014,0.6092829807075104,0.06441182958662939,-0.10798853808897424,56.517571248869096,88.2004740311473,-66.01264428855795,59.424971213535464
4DoF_V22_3_3x3_grid_4Nm_curriculum1_extended_active_passive_selector,20260702,314,1.0,touchdown,passive_sign_selector,v22_3_passive_positive_4Nm_grid,sign_selector,selector_positive_p0.911,1.0,4.0,0.2,0.4,0.01,True,True,success,5,5,0.013561087302042057,0.00011183111659171443,0.0,0.013449256185450342,0.017578156079971097,0.030917374458442615,0.00025495923968066694,0.0,0.030662415218761944,51.60754886465172,15.814057064022684,77.47714082664622,58.370664696228346,-0.5771000868035929,-0.465640160043177,0.1674252180638658,-0.26633665145123586,46.011612750145744,20.130687280841098,75.74831669072212,62.22231167084669
4DoF_V22_3_3x3_grid_4Nm_curriculum1_extended_active_passive_selector,20260803,1663,1.0,touchdown,passive_sign_selector,v22_3_passive_positive_4Nm_grid,sign_selector,selector_positive_p0.965,1.0,4.0,0.2,0.35,0.02,True,True,success,10,10,0.011293417919089868,0.0,0.0,0.011293417919089868,0.017449814385314566,0.025936776431495258,0.0,0.0,0.025936776431495258,63.18960843456194,18.166911389342587,61.21454361302718,65.1301074730456,-0.17445660319649492,-0.001307944056136101,0.9483381732854923,0.22236581961409752,48.49452828610931,39.853396325949696,49.78233859171211,40.763136939193245
4DoF_V22_3_3x3_grid_4Nm_curriculum1_extended_active_passive_selector,20260803,2114,-1.0,mid_cross,passive_sign_selector,v22_3_passive_negative_4Nm_grid,sign_selector,selector_negative_p1.000,1.0,4.0,0.2,0.4,0.01,True,True,success,11,11,0.8396519625228409,0.0,0.8194723644762751,0.020179598046565814,0.017427248219627142,1.9308649581314594,0.0,1.8844599230973966,0.04640503503406276,68.71929415473926,69.98213890382196,-24.62948299816088,87.36063513383472,0.6373038686982433,-0.915592163751596,-0.6293701778595111,-0.23668536912377447,57.564785624488955,93.58582796212275,-68.90142206341557,73.79833829539692
4DoF_V22_3_3x3_grid_4Nm_curriculum1_extended_active_passive_selector,20260719,1011,1.0,touchdown,passive_sign_selector,v22_3_passive_positive_4Nm_grid,sign_selector,selector_positive_p0.787,1.0,4.0,0.2,0.4,0.01,True,True,success,13,13,0.023674290539865,0.0004834544359628739,0.0,0.023190836103902126,0.01741866255787064,0.05446826951642292,0.0011123005554313941,0.0,0.053355968960991526,62.284880754581394,15.943884061198334,64.0413594904448,37.86366074884804,0.38639744487836447,-0.7115865651140523,0.7535198451823582,-0.39087384511055545,41.17817074787603,47.41049345621645,51.04290931793548,40.06800673072686
4DoF_V22_3_3x3_grid_4Nm_curriculum1_extended_active_passive_selector,20260702,298,1.0,touchdown,passive_sign_selector,v22_3_passive_positive_4Nm_grid,sign_selector,selector_positive_p0.987,1.0,4.0,0.2,0.4,0.01,True,True,success,8,8,0.006177617585455219,0.0,0.0,0.006177617585455219,0.017324116015324464,0.014290629099129069,0.0,0.0,0.014290629099129069,57.761103299208294,18.311398885964724,62.82838906620887,49.88492773120826,-0.20737800188548539,-0.21753310758840638,0.6360906918840323,0.10706558928769294,46.80078767400055,32.66239492763866,57.635281300956024,49.41035468832192
4DoF_V22_3_3x3_grid_4Nm_curriculum1_extended_active_passive_selector,20260803,1612,1.0,touchdown,passive_sign_selector,v22_3_passive_positive_4Nm_grid,sign_selector,selector_positive_p0.925,1.0,4.0,0.2,0.35,0.01,True,True,success,8,8,0.004150004508962021,0.0,0.0,0.004150004508962021,0.017200964550142916,0.009668902441770554,0.0,0.0,0.009668902441770554,62.51421313022266,20.63374765770351,55.686741083571526,36.06148943177058,-0.5550176845456869,0.21268078580907845,-0.30759098424424014,0.3255040422201876,50.16728434251642,37.15896234732912,45.85224128390764,34.784068582945025
4DoF_V22_3_3x3_grid_4Nm_curriculum1_extended_active_passive_selector,20260702,34,1.0,touchdown,passive_sign_selector,v22_3_passive_positive_4Nm_grid,sign_selector,selector_positive_p0.873,1.0,4.0,0.2,0.3,0.0,True,True,success,6,6,0.008542015103016479,6.616947698964992e-05,0.0,0.008475845626026829,0.01714961534331247,0.019961232905092198,0.00015462678600651415,0.0,0.01980660611908568,51.2802675927147,31.65371220070454,51.407148415174895,66.91423725353535,-0.3642098604190247,-0.4466773864925744,0.9804696979504752,0.3627238855178375,44.70319168749962,38.35509577936096,49.38348916885478,58.67614977954865
4DoF_V22_3_3x3_grid_4Nm_curriculum1_extended_active_passive_selector,20260702,594,-1.0,touchdown,passive_sign_selector,v22_3_passive_positive_4Nm_grid,sign_selector,selector_positive_p0.889,1.0,4.0,0.2,0.35,0.02,True,True,success,7,3,0.007513445898712992,0.0,0.0,0.007513445898712992,0.016899016704867875,0.017818007558096174,0.0,0.0,0.017818007558096174,50.359917062583065,74.86331327275157,-59.112367579087596,53.731649980809856,0.8155885248468435,0.04189653487372924,-0.24533764780476974,-0.2989961815023914,48.934678855396804,83.5215112464037,-64.94642271742109,45.71159444837521
4DoF_V22_3_3x3_grid_4Nm_curriculum1_extended_active_passive_selector,20260702,163,1.0,touchdown,passive_sign_selector,v22_3_passive_positive_4Nm_grid,sign_selector,selector_positive_p0.992,1.0,4.0,0.2,0.35,0.01,True,True,success,6,6,0.012867797086133765,0.0003817627330805754,0.0,0.01248603435305319,0.0168576646902015,0.03059061464329249,0.0009075645640559965,0.0,0.02968305007923649,46.2332598878761,36.815330804711195,57.301701445494146,73.79453697811785,-0.3427651771854028,-0.5808168087928764,-0.7124084256368788,0.41232056907724046,40.380103171112154,41.483588154801666,54.08484666723827,70.2703553480487
4DoF_V22_3_3x3_grid_4Nm_curriculum1_extended_active_passive_selector,20260702,347,1.0,touchdown,passive_sign_selector,v22_3_passive_positive_4Nm_grid,sign_selector,selector_positive_p0.835,1.0,4.0,0.2,0.4,0.02,True,True,success,7,7,0.0006329287132913012,0.0,0.0,0.0006329287132913012,0.01681886616483627,0.00150813248260442,0.0,0.0,0.00150813248260442,50.225568953618485,31.992254921033908,64.63951393022155,55.213605167030494,-0.48815308588227624,-0.07573073077814807,0.12243166164026498,-0.35925706765129606,40.703520561285764,43.15670408805323,59.9316619374229,52.76995989407018
4DoF_V22_3_3x3_grid_4Nm_curriculum1_extended_active_passive_selector,20260803,2159,-1.0,touchdown,passive_sign_selector,v22_3_passive_negative_4Nm_grid,sign_selector,selector_negative_p0.608,1.0,4.0,0.2,0.4,0.02,True,True,success,6,6,0.01463228553763446,0.0,0.0,0.01463228553763446,0.01651926284801805,0.03549792066156616,0.0,0.0,0.03549792066156616,63.864443473577424,64.84097651324342,-81.80448562837427,15.254121233581882,0.6688280057784397,0.4732012728053314,-0.05473263135161477,0.0769310297355017,63.00032454574692,73.02666978228585,-87.16246136487591,7.028023209421984
4DoF_V22_3_3x3_grid_4Nm_curriculum1_extended_active_passive_selector,20260702,661,-1.0,touchdown,passive_sign_selector,v22_3_passive_positive_4Nm_grid,sign_selector,selector_positive_p0.770,1.0,4.0,0.2,0.4,0.01,True,True,success,10,10,0.12100882605641304,0.0009688565878485328,0.1200399694685645,0.0,0.01650332522837898,0.29385088289073114,0.0023527156903502947,0.2914981672003808,0.0,63.02350513493666,70.44614260444035,-73.22262643984992,41.903559492307906,0.8152771552359432,-0.4100137378102269,-0.7079653809142135,0.09900205119902039,64.31590788416503,78.3036113662863,-66.24722496342727,55.73860609973288
4DoF_V22_3_3x3_grid_4Nm_curriculum1_extended_active_passive_selector,20260719,1380,-1.0,touchdown,passive_sign_selector,v22_3_passive_positive_4Nm_grid,sign_selector,selector_positive_p0.680,1.0,4.0,0.2,0.4,0.01,True,True,success,11,11,0.14308962647741294,0.0,0.1422706182603047,0.000819008217108242,0.016351474143136036,0.35069748271512563,0.0,0.3486901805288403,0.002007302186285339,72.51854720372205,51.19873728472633,-69.98710103830952,15.480957005430794,0.4935125237349436,-0.007715440650408079,-0.6975782068007934,0.4075588213091502,70.5857806175483,65.28483175571712,-61.65284514692253,43.12337024883096
4DoF_V22_3_3x3_grid_4Nm_curriculum1_extended_active_passive_selector,20260702,153,1.0,mid_cross,per_step_sign,v22_3_per_step_sign_4Nm_grid,oracle_best_cmt,,1.0,4.0,0.2,0.35,0.0,True,True,success+touchdown_event,22,22,1.1172018874989569,0.03786140849185322,0.9755451306220523,0.10379534838505125,0.09570786807200767,0.46780561362552964,0.015853696301846583,0.40848972200691236,0.04346219531677068,67.15983942738227,21.465739524330267,-0.09625503123116355,69.18120760047977,-0.6793170439889373,0.7191566558760969,-0.024238372867171343,0.21795255734766394,53.244599286998636,30.65641335726456,33.158713288196,5.6351178002731395
4DoF_V22_3_3x3_grid_4Nm_curriculum1_extended_active_passive_selector,20260702,341,1.0,mid_cross,per_step_sign,v22_3_per_step_sign_4Nm_grid,oracle_best_cmt,,1.0,4.0,0.2,0.4,0.02,True,True,success,14,14,2.3467373819941435,0.011951775409193677,2.2668933524518837,0.06789225413306606,0.08135325566368241,1.1560349504718612,0.005887608131710624,1.1167026888197602,0.03344465352039034,56.126243344576146,34.30635517570267,-0.21887718009235088,102.73845379839231,-0.5045079227473015,-0.18304535201699146,-0.1984011021395904,-0.06447457343192087,48.05919813540046,38.059373072818126,47.21304985406816,31.863111028349774
4DoF_V22_3_3x3_grid_4Nm_curriculum1_extended_active_passive_selector,20260803,1955,-1.0,mid_cross,per_step_sign,v22_3_per_step_sign_4Nm_grid,oracle_best_cmt,,1.0,4.0,0.2,0.35,0.0,True,True,success,15,15,1.403269857460209,0.03450829098841982,1.2624738107995563,0.10628775567223273,0.07941243563802591,0.708164400132894,0.01741471396788598,0.6371112471028815,0.053638439062126446,65.16405761018474,37.77162285744266,-6.900642955300251,97.1492136853141,0.9213576726342712,0.7733129931689724,-0.17357263609274498,0.41415615354472013,42.64363681244847,97.36484473954668,-73.50295969164243,47.54472178699477
4DoF_V22_3_3x3_grid_4Nm_curriculum1_extended_active_passive_selector,20260702,22,1.0,mid_cross,per_step_sign,v22_3_per_step_sign_4Nm_grid,oracle_best_cmt,,1.0,4.0,0.2,0.3,0.0,True,True,success,12,12,1.8239645800040685,0.015782711201404738,1.7894463571186465,0.018735511684017103,0.06783070182077822,1.0776345338479463,0.00932473953433055,1.0572404815531873,0.011069312760428433,51.29829179746749,33.417550910361676,15.719287215048304,93.09536147634157,-0.14023805498191622,-0.8111988704852897,0.2777335585751133,0.16297803601741323,44.836209800608096,34.04495842937975,53.07256257557358,63.81699752174469
4DoF_V22_3_3x3_grid_4Nm_curriculum1_extended_active_passive_selector,20260702,524,-1.0,mid_cross,per_step_sign,v22_3_per_step_sign_4Nm_grid,oracle_best_cmt,,1.0,4.0,0.2,0.35,0.01,True,True,success,12,12,1.2847320151694404,0.030231826014815735,1.1832600806772944,0.07124010847733013,0.06659079731228941,0.7731784526815718,0.01819414180068588,0.7121105316094127,0.042873779271473116,66.41065526751802,43.502912747442615,-13.67054508135847,92.41148968196458,0.8769589411994996,0.9905088025346365,-0.7752545772518897,-0.3693008558257659,52.74101539514174,85.73722416348878,-64.39755428616544,55.26087810599051
4DoF_V22_3_3x3_grid_4Nm_curriculum1_extended_active_passive_selector,20260719,866,1.0,touchdown,per_step_sign,v22_3_per_step_sign_4Nm_grid,oracle_best_cmt,,1.0,4.0,0.2,0.35,0.0,True,True,success,11,11,0.09790929424380401,0.00668053151148311,0.08003627711154437,0.011192485620776528,0.06572816117605518,0.059697184370679064,0.004073248861768568,0.04879966123719646,0.006824274271714034,66.09530435123945,19.947298302450392,53.622917779416454,51.00053889746865,-0.9734557715262622,-0.3956135697622305,-0.9633745321121281,0.4676169366715903,55.24278396261148,21.02620892368273,52.712944002730694,46.456953496151705
4DoF_V22_3_3x3_grid_4Nm_curriculum1_extended_active_passive_selector,20260702,670,-1.0,mid_cross,per_step_sign,v22_3_per_step_sign_4Nm_grid,oracle_best_cmt,,1.0,4.0,0.2,0.4,0.01,True,True,success,14,14,2.741621924418822,0.01799007518302624,2.6146719538717513,0.10895989536404449,0.0643084506521249,1.7085233888165037,0.01121105136452514,1.6294107321962021,0.06790160525577642,64.9740228197536,45.40793905142391,6.721829603521966,100.92183229650594,0.6971967714962881,0.610753298047241,0.05305327759481626,-0.3325793134496887,39.69807386439189,101.37884287581278,-75.17089562879588,52.52049359538313
4DoF_V22_3_3x3_grid_4Nm_curriculum1_extended_active_passive_selector,20260719,1076,1.0,mid_cross,per_step_sign,v22_3_per_step_sign_4Nm_grid,oracle_best_cmt,,1.0,4.0,0.2,0.4,0.02,True,True,success,14,14,1.5226832760832056,0.0,1.5217900789704346,0.000893197112771008,0.06307964239574648,0.967390383096026,0.0,0.9668229175497264,0.0005674655462995927,53.71950898882518,29.491775074797058,9.673432669802171,60.716070998708005,-0.4425222327841365,0.5691653437248796,0.6984076588419763,-0.15183582775628923,38.42332670341702,48.64989575864327,49.7833718440049,45.948768871391174
4DoF_V22_3_3x3_grid_4Nm_curriculum1_extended_active_passive_selector,20260702,77,1.0,touchdown,per_step_sign,v22_3_per_step_sign_4Nm_grid,oracle_best_cmt,,1.0,4.0,0.2,0.3,0.01,True,True,success,10,10,0.18342405227510722,0.011217197795873712,0.1637461360937224,0.008460718385511105,0.05754741600436364,0.1277355747976609,0.00781159935298974,0.11403197429885925,0.005892001145811928,55.21265229651608,26.793722169904346,50.40557794332539,66.28171955963475,-0.6493883118273849,-0.6753147270306676,0.02486209402315831,-0.21034236336324486,43.93014215188629,31.588394912599988,59.19419095958304,70.47502227992005
4DoF_V22_3_3x3_grid_4Nm_curriculum1_extended_active_passive_selector,20260702,686,-1.0,mid_cross,per_step_sign,v22_3_per_step_sign_4Nm_grid,oracle_best_cmt,,1.0,4.0,0.2,0.4,0.02,True,True,success,12,12,2.1736059629596816,0.015438547084658302,2.1052747283199764,0.05289268755504718,0.056687962018274377,1.5366373438015117,0.010914327798411526,1.4883303697295134,0.03739264627358708,54.91211157478404,62.55927101400945,-17.057713822047603,93.0422724944053,0.8628576489184685,0.6521905808864823,0.7164719587432766,-0.16760139711858812,39.64591188948211,101.3828440939678,-73.85549783415019,59.781795272356824
4DoF_V22_3_3x3_grid_4Nm_curriculum1_extended_active_passive_selector,20260803,1717,1.0,mid_cross,per_step_sign,v22_3_per_step_sign_4Nm_grid,oracle_best_cmt,,1.0,4.0,0.2,0.4,0.0,True,True,success,14,14,1.5419324018643183,0.012645544323412677,1.4942582062686776,0.03502865127222817,0.053331040132210766,1.1586884857522142,0.009502522020998985,1.1228636068941145,0.026322356837100755,52.933579382534916,31.05499673888785,9.528639974535528,87.34117558989774,0.30094592168210577,-0.5014245693628436,0.7387811960781929,0.40114322408451,45.88028564994342,38.719710942585756,46.017425740111946,34.60508945267735
4DoF_V22_3_3x3_grid_4Nm_curriculum1_extended_active_passive_selector,20260702,538,-1.0,mid_cross,per_step_sign,v22_3_per_step_sign_4Nm_grid,oracle_best_cmt,,1.0,4.0,0.2,0.35,0.01,True,True,success,13,13,3.53349703226718,0.025875101929231065,3.484790132362458,0.022831797975491213,0.05167296141891889,2.740455721209305,0.020067816803382977,2.7026803668542962,0.01770753755162594,67.42817973703855,48.63299816742356,5.173724868743135,94.88660108156904,0.4560320073379749,0.8175252077836219,-0.2223340111029266,-0.45872600279406106,46.429600091837095,96.87613958871928,-64.8302238262002,67.63820344493716
4DoF_V22_3_3x3_grid_4Nm_curriculum1_extended_active_passive_selector,20260719,890,1.0,mid_cross,per_step_sign,v22_3_per_step_sign_4Nm_grid,oracle_best_cmt,,1.0,4.0,0.2,0.35,0.01,True,True,success,14,14,1.399362348342863,0.050298222298504815,1.2624856219816567,0.08657850406270147,0.0506942841823354,1.106248258205653,0.03976262536608464,0.9980420882273849,0.06844354461218345,57.314614226636806,23.517859157196234,13.305762528718938,87.73484306213957,-0.20986186097331316,0.5524482534226267,0.033988438137410926,0.4971435529426158,62.37247881859753,9.27232629208187,54.88037814714057,42.68276186221269
4DoF_V22_3_3x3_grid_4Nm_curriculum1_extended_active_passive_selector,20260719,1139,-1.0,mid_cross,per_step_sign,v22_3_per_step_sign_4Nm_grid,oracle_best_cmt,,1.0,4.0,0.2,0.3,0.01,True,True,success,12,12,1.3466306161126713,0.032705682878059555,1.2185068376292936,0.09541809560531817,0.0492084528465125,1.0967059101812227,0.026635749462181876,0.9923609595940355,0.0777092011250053,60.75761555127265,50.60026750222356,3.3541667556731505,100.01479643110612,0.4052452874023098,0.8344550689340557,-0.9561129493573912,0.25075709497690046,41.41455731958108,92.03771890759387,-58.32225464169502,57.967390309587195
4DoF_V22_3_3x3_grid_4Nm_curriculum1_extended_active_passive_selector,20260803,1993,-1.0,pre_cross,per_step_sign,v22_3_per_step_sign_4Nm_grid,oracle_best_cmt,,1.0,4.0,0.2,0.35,0.01,True,True,success,12,12,3.153588414431269,0.0405281276959695,3.096221503400067,0.016838783335232414,0.04886712214070313,2.5862449664908063,0.03323695184043243,2.5391985972757767,0.013809417374596724,75.51719597309275,30.011526185353308,8.43059982115664,87.26359761877983,0.9115646177344654,0.01185672978196095,0.528229757786183,0.3445685518047509,50.751527709014375,83.86116250344801,-59.2182815518904,56.33260203719121
4DoF_V22_3_3x3_grid_4Nm_curriculum1_extended_active_passive_selector,20260803,1962,-1.0,mid_cross,per_step_sign,v22_3_per_step_sign_4Nm_grid,oracle_best_cmt,,1.0,4.0,0.2,0.35,0.01,True,True,success,12,12,1.1624114804936134,0.015764651179013746,1.0494799309531553,0.09716689836144449,0.04881031304132165,0.9543984121482763,0.012943573171638884,0.8616759181162243,0.07977892086041306,70.0999379504624,44.48219081434565,-16.361874494251378,96.90426081092937,0.9801574037004905,0.28137696280747515,0.8586232022805997,-0.23751974710549162,53.70200885835823,87.2330870407629,-68.40599004196028,54.19194126009831
4DoF_V22_3_3x3_grid_4Nm_curriculum1_extended_active_passive_selector,20260803,2008,-1.0,mid_cross,per_step_sign,v22_3_per_step_sign_4Nm_grid,oracle_best_cmt,,1.0,4.0,0.2,0.35,0.02,True,True,success,12,12,1.1810252503564596,0.02963841404496443,1.0689361494713188,0.08245068684017653,0.0480108007459733,0.9858291236327632,0.02473987049387259,0.8922657556514002,0.0688234974874905,63.50648369501873,52.196931355154625,-15.251295375167638,96.75995458705081,0.9176308741112829,0.12610645761914285,-0.2087669798777998,-0.10195638832232112,48.25803314428492,90.03082516063246,-67.68357619447053,55.32733856844924
4DoF_V22_3_3x3_grid_4Nm_curriculum1_extended_active_passive_selector,20260803,1944,-1.0,mid_cross,per_step_sign,v22_3_per_step_sign_4Nm_grid,oracle_best_cmt,,1.0,4.0,0.2,0.35,0.0,True,True,success,10,10,0.8884455933117683,0.01210022285258958,0.8017633876994255,0.07458198275975325,0.04704647145867279,0.7568070894887841,0.010307366605419676,0.6829683443435595,0.06353137853980492,67.688397653315,53.921375363609236,-21.15182525795518,90.93946144493589,0.9705380498100049,0.4421734843683991,-0.974058276106561,-0.29477333474114975,59.84563968118372,81.02018518817957,-60.87678519871527,58.66682027593927
4DoF_V22_3_3x3_grid_4Nm_curriculum1_extended_active_passive_selector,20260803,1974,-1.0,mid_cross,per_step_sign,v22_3_per_step_sign_4Nm_grid,oracle_best_cmt,,1.0,4.0,0.2,0.35,0.01,True,True,success,11,11,2.2057192781430404,0.047285421377341,2.1584338567656993,0.0,0.04608804303509774,1.9179769418574508,0.041116904035089115,1.8768600378223617,0.0,70.1671102371569,42.69570393233129,-14.441625456468106,77.64060660673658,0.6436621911808236,0.8554028800669728,0.22327602172899086,0.13194350668969845,54.211320307953414,83.8107541464655,-61.008236460127826,58.07922590607694
4DoF_V22_3_3x3_grid_4Nm_curriculum1_extended_active_passive_selector,20260803,1960,-1.0,mid_cross,per_step_sign,v22_3_per_step_sign_4Nm_grid,oracle_best_cmt,,1.0,4.0,0.2,0.35,0.0,True,True,success,13,13,0.8483121940310374,0.040028159168772295,0.7435997892685527,0.06468424559371239,0.04599738837110592,0.7391012660141634,0.03487497094350811,0.6478694394862656,0.05635685558438963,63.1076902466156,48.04789849561324,-24.8855865803769,84.47359646499173,0.9696341990206279,-0.045867016887914724,-0.637694380490184,-0.49873625281121536,50.48801967395872,83.54503819885561,-59.94985804681314,48.5126490994245
4DoF_V22_3_3x3_grid_4Nm_curriculum1_extended_active_passive_selector,20260803,1494,1.0,mid_cross,per_step_sign,v22_3_per_step_sign_4Nm_grid,oracle_best_cmt,,1.0,4.0,0.2,0.3,0.01,True,True,success,12,12,1.1042757020154217,0.0,1.1042757020154217,0.0,0.04479331978843282,0.9879743649150415,0.0,0.9879743649150415,0.0,49.94238124752054,34.90373940585025,21.246189077076995,73.45808509703598,-0.15833409791119468,-0.04018696473378358,-0.30214927893769294,-0.08103955232894355,37.72841625425463,49.613182616029995,49.26709937217451,72.75135733023734
4DoF_V22_3_3x3_grid_4Nm_curriculum1_extended_active_passive_selector,20260719,1212,-1.0,touchdown,per_step_sign,v22_3_per_step_sign_4Nm_grid,oracle_best_cmt,,1.0,4.0,0.2,0.35,0.0,True,True,success,10,10,0.36220303791736524,0.016299034102788466,0.2424753094798498,0.10342869433472696,0.04453472272457786,0.325937812388198,0.014667109227050496,0.21819770586254514,0.0930729972986024,60.3245640574883,49.16946520218879,-54.841224715987224,16.21375168687667,0.9300999446933842,0.7934722048834137,-0.4434972387848686,0.024903588019131062,56.9686965340366,71.29717395209495,-59.14458456716527,33.469787850398795
4DoF_V22_3_3x3_grid_4Nm_curriculum1_extended_active_passive_selector,20260803,1472,1.0,touchdown,per_step_sign,v22_3_per_step_sign_4Nm_grid,oracle_best_cmt,,1.0,4.0,0.2,0.3,0.0,True,True,success,8,8,0.0657126631689221,0.0,0.04847118773887905,0.017241475430043052,0.040612770047321695,0.06484371178581705,0.0,0.04783022900131926,0.017013482784497783,61.07304764264683,26.242288971637738,52.05605456427131,63.89190330241439,-0.9866308337556153,-0.33717052375209344,0.5587519940281296,0.08677654440715943,48.02795236902781,38.04472647277628,45.862358762898864,49.01739012200897
4DoF_V22_3_3x3_grid_4Nm_curriculum1_extended_active_passive_selector,20260719,1348,-1.0,mid_cross,per_step_sign,v22_3_per_step_sign_4Nm_grid,oracle_best_cmt,,1.0,4.0,0.2,0.4,0.0,True,True,success,12,12,1.5058610054591857,0.015129777518937765,1.4047175106838015,0.08601371725644627,0.04024130314692219,1.4996650201863295,0.015067524841998076,1.3989376883913278,0.0856598069530036,69.53826765581805,50.901460360420046,-12.569308220293715,93.61203917968382,0.7676176382952937,0.19971652265794604,0.5329206889801972,0.2817063583516205,52.44877107283101,91.52272953312645,-69.55007524906435,59.50783375993428
4DoF_V22_3_3x3_grid_4Nm_curriculum1_extended_active_passive_selector,20260719,799,1.0,touchdown,per_step_sign,v22_3_per_step_sign_4Nm_grid,oracle_best_cmt,,1.0,4.0,0.2,0.3,0.01,True,True,success,7,7,0.013267716683899975,0.001259530306687204,0.0,0.012008186377212772,0.039801429733442306,0.013359153089332856,0.001268210543575063,0.0,0.012090942545757793,58.24295733277184,17.954846801987674,66.27517460043885,77.40362913591605,-0.8630764785566507,-0.9822360255146194,0.16472485012739035,-0.10880017208169068,48.1507235372992,23.8870100094307,60.13024401016347,66.98122419654418
4DoF_V22_3_3x3_grid_4Nm_curriculum1_extended_active_passive_selector,20260702,584,-1.0,touchdown,per_step_sign,v22_3_per_step_sign_4Nm_grid,oracle_best_cmt,,1.0,4.0,0.2,0.35,0.02,True,True,success,12,12,0.43518699588343085,0.020836949413222783,0.29488783846618916,0.11946220800401892,0.03946754360465687,0.44189310225498735,0.021158040807371985,0.299431975196236,0.1213030862513794,60.31850510508285,46.99471180467578,-52.994997114071666,16.418496192718006,0.7852731870114174,0.46293408473623665,-0.5131421960192579,-0.20535573438961818,52.82976264458168,75.51327121676643,-57.576651138645275,39.00274844606583
4DoF_V22_3_3x3_grid_4Nm_curriculum1_extended_active_passive_selector,20260702,100,1.0,touchdown,per_step_sign,v22_3_per_step_sign_4Nm_grid,oracle_best_cmt,,1.0,4.0,0.2,0.3,0.02,True,True,success,8,8,0.027116281293570015,0.0,0.0,0.027116281293570015,0.039260073473817464,0.027679639714574465,0.0,0.0,0.027679639714574465,57.29419530042382,17.46270973771052,65.65861970813114,86.72101611645321,-0.8156383762536565,-0.3680618432774456,0.5950228843834038,-0.03973637343718606,46.538146641635244,25.499038824796372,62.92094753991282,73.5145824830553
4DoF_V22_3_3x3_grid_4Nm_curriculum1_extended_active_passive_selector,20260803,2042,-1.0,mid_cross,per_step_sign,v22_3_per_step_sign_4Nm_grid,oracle_best_cmt,,1.0,4.0,0.2,0.4,0.0,True,True,success,10,10,1.3636982834582654,0.0,1.3082764639627125,0.05542181949555292,0.03856849531822493,1.4169907276753806,0.0,1.3594030594288946,0.05758766824648609,80.94046614796768,41.98744307865546,-21.72671361161766,83.90323989248326,0.5618247032602088,0.9032301831362091,-0.8679312627257547,-0.31844582802080135,69.23546314228373,76.1582952009099,-65.37984988201104,57.04000557284116
4DoF_V22_3_3x3_grid_4Nm_curriculum1_extended_active_passive_selector,20260702,567,-1.0,mid_cross,per_step_sign,v22_3_per_step_sign_4Nm_grid,oracle_best_cmt,,1.0,4.0,0.2,0.35,0.02,True,True,success,11,11,1.6345733257282777,0.01535648395530493,1.521969060312431,0.09724778146054194,0.03795012492973204,1.7261264524997897,0.01621660696122656,1.6072151756918192,0.10269466984674416,54.89983234788565,59.55043194883077,-8.647186107574656,93.2491016523705,0.5494318474055675,0.2034241614208372,-0.3990419096852751,-0.05886005814642836,37.90148219952324,92.29407648161602,-63.692510113561234,48.55856724472166
4DoF_V22_3_3x3_grid_4Nm_curriculum1_extended_active_passive_selector,20260719,1381,-1.0,touchdown,per_step_sign,v22_3_per_step_sign_4Nm_grid,oracle_best_cmt,,1.0,4.0,0.2,0.4,0.01,True,True,success,11,11,0.9077001067376856,0.019451219336913718,0.8082010355842077,0.08004785181656418,0.03719414246471485,0.9780234023475126,0.020958186051192915,0.8708157250787649,0.08624949121755485,74.69233132812329,43.25615899327783,-60.1379639532611,8.39704671613432,0.8809208055355848,0.1639323822962182,-0.5307053391306538,0.4353046367175485,71.28863668600533,65.65284680203744,-62.07554536170681,45.894062990048354
4DoF_V22_3_3x3_grid_4Nm_curriculum1_extended_active_passive_selector,20260702,123,1.0,touchdown,per_step_sign,v22_3_per_step_sign_4Nm_grid,oracle_best_cmt,,1.0,4.0,0.2,0.35,0.0,True,True,success,8,8,0.21273428785837523,0.01248904298560307,0.19560944608672046,0.004635798786051698,0.03716093910389903,0.2294205009161471,0.013468644507498686,0.21095244004587344,0.004999416362774995,55.82664603235948,22.101099333454204,65.26559734881195,59.311636133931486,-0.9193503414907589,-0.43619517821892373,0.7969332222179013,-0.33197952376435014,40.19089919530438,37.915283616535866,58.3312548195365,59.235476206336735
4DoF_V22_3_3x3_grid_4Nm_curriculum1_extended_active_passive_selector,20260702,520,-1.0,touchdown,per_step_sign,v22_3_per_step_sign_4Nm_grid,oracle_best_cmt,,1.0,4.0,0.2,0.35,0.0,True,True,success,9,9,0.26609954521479195,0.022187210210584504,0.21782377136621023,0.026088563637997244,0.03596181214767082,0.2965404721556568,0.024725355266401267,0.2427421059871514,0.029073010902104148,72.48379214880222,40.16327743950106,-39.22241025209297,41.38152047477956,0.8139050104241203,0.5628296742867316,-0.70528108512189,0.20049392116336862,68.272424184299,60.20524439513493,-51.259599833539326,39.66587823057439
4DoF_V22_3_3x3_grid_4Nm_curriculum1_extended_active_passive_selector,20260803,1858,-1.0,mid_cross,per_step_sign,v22_3_per_step_sign_4Nm_grid,oracle_best_cmt,,1.0,4.0,0.2,0.3,0.01,True,True,success,13,13,2.620498721630064,0.017090912225417944,2.5431396491085367,0.06026816029610936,0.035764196917373425,2.936411290336801,0.019151296356921966,2.8497262436748074,0.06753375030507143,74.8796638076758,46.84777979068445,-7.515939450728841,67.65157223113103,0.797912131675474,-0.4389117457338221,-0.9098783709599065,0.03069399997425759,58.9812608673114,86.31909660548827,-56.43197500951865,71.05367359676787
4DoF_V22_3_3x3_grid_4Nm_curriculum1_extended_active_passive_selector,20260702,363,-1.0,mid_cross,per_step_sign,v22_3_per_step_sign_4Nm_grid,oracle_best_cmt,,1.0,4.0,0.2,0.3,0.0,True,True,success,12,12,0.9429130582474899,0.04867780721314117,0.846102977805218,0.04813227322913073,0.03503712568352901,1.0785110267587075,0.055678040916501484,0.9677789307874767,0.05505405505472924,70.97529188091758,39.75247767198624,-23.165491810569204,82.6001192731717,0.43307569801722945,0.7797050185247831,0.2524296870249687,0.39706171409600066,53.90173751304552,81.12673726273411,-61.321124052470076,46.528239386051986
4DoF_V22_3_3x3_grid_4Nm_curriculum1_extended_active_passive_selector,20260803,2002,-1.0,mid_cross,per_step_sign,v22_3_per_step_sign_4Nm_grid,oracle_best_cmt,,1.0,4.0,0.2,0.35,0.02,True,True,success,13,13,0.9443352206775617,0.03289609304127314,0.8276772888273871,0.08376183880890145,0.03490777215477228,1.0841402430740257,0.03776622699761498,0.9502115747121526,0.09616244136425812,68.59333071485071,40.382386320517384,-17.37669741468906,95.40465622146307,0.7514879981368228,-0.03358182934866516,0.5711276797200564,0.02524957683658402,48.316967422592874,84.859632673136,-62.93842359791125,52.15465834479496
4DoF_V22_3_3x3_grid_4Nm_curriculum1_extended_active_passive_selector,20260702,115,1.0,mid_cross,per_step_sign,v22_3_per_step_sign_4Nm_grid,oracle_best_cmt,,1.0,4.0,0.2,0.3,0.02,True,True,success,13,13,1.3985226380442184,0.0035209241029603823,1.395001713941258,0.0,0.03441868245301416,1.6283834122190892,0.004099622164830331,1.6242837900542588,0.0,50.239311326969826,29.652860348208982,9.471336886802856,56.3552193374876,0.3755975863751335,-0.01326511978881384,0.00852767887177519,-0.2468019280546413,43.98273348439036,40.2531871682837,46.97927747292296,60.62110906369146
4DoF_V22_3_3x3_grid_4Nm_curriculum1_extended_active_passive_selector,20260803,1887,-1.0,mid_cross,per_step_sign,v22_3_per_step_sign_4Nm_grid,oracle_best_cmt,,1.0,4.0,0.2,0.3,0.02,True,True,success,13,13,0.9178555095015444,0.014472185129059201,0.7770841477610533,0.12629917661143192,0.0341511685867653,1.0770854536639964,0.016982825645081388,0.911893019284541,0.14820960873437394,63.344966396553986,48.99221782304365,-5.096912074589002,100.417437915738,0.8904530124922327,-0.7015072725853946,-0.6598113189847907,0.2486309938871717,44.20363302709921,86.8317181704185,-59.71884896270342,52.03351665717793
4DoF_V22_3_3x3_grid_4Nm_curriculum1_extended_active_passive_selector,20260719,1342,-1.0,mid_cross,per_step_sign,v22_3_per_step_sign_4Nm_grid,oracle_best_cmt,,1.0,4.0,0.2,0.4,0.0,True,True,success,12,12,2.0270807113360267,0.02144630835357437,1.9561667200716633,0.049467682910788985,0.034033138289643314,2.3869891954561933,0.02525410361616226,2.3034844144141275,0.05825067742590369,80.53499932212263,41.45692212313859,-21.219301663261376,60.73303424285372,0.8400448733670745,-0.34061067078361096,-0.561071926489056,0.23953721072093714,66.64790403096785,78.92918217036862,-62.664533980615126,63.318402507077664
4DoF_V22_3_3x3_grid_4Nm_curriculum1_extended_active_passive_selector,20260803,2018,-1.0,mid_cross,per_step_sign,v22_3_per_step_sign_4Nm_grid,oracle_best_cmt,,1.0,4.0,0.2,0.35,0.02,True,True,success,12,12,2.23185723717312,0.061861937403933503,2.1699952997691865,0.0,0.03371913581598794,2.652597683334554,0.07352389261783805,2.579073790716716,0.0,64.5541185688643,37.95590580851064,-15.651214470070725,61.47921632372146,0.07551486434517751,0.8913523541205246,-0.972770422954899,0.053181420486091646,40.24642578094678,85.78592161018688,-64.48444142685652,37.146016337217084
4DoF_V22_3_3x3_grid_4Nm_curriculum1_extended_active_passive_selector,20260702,453,-1.0,mid_cross,per_step_sign,v22_3_per_step_sign_4Nm_grid,oracle_best_cmt,,1.0,4.0,0.2,0.3,0.02,True,True,success,10,10,0.6106708244070986,0.02779939634898654,0.5314230577552304,0.051448370302881734,0.0327284786554923,0.7477609198021511,0.0340401102411355,0.6507227438889636,0.06299806567205198,73.42864704604456,45.2865384530045,-20.335806442082454,89.78981916753384,0.7942825487224565,0.13370225442311057,-0.21121701232325685,-0.03071086937020029,63.3521880736002,73.00207136391484,-53.451210048040984,61.5313047169983
4DoF_V22_3_3x3_grid_4Nm_curriculum1_extended_active_passive_selector,20260803,2052,-1.0,mid_cross,per_step_sign,v22_3_per_step_sign_4Nm_grid,oracle_best_cmt,,1.0,4.0,0.2,0.4,0.0,True,True,success,12,12,1.1334003611677157,0.0,1.0638831264160329,0.06951723475168278,0.032719890218315936,1.3882028105607067,0.0,1.3030572397888138,0.08514557077189268,85.68354909990452,39.93174988185467,-24.52192418494838,98.19580682771448,0.868539944596578,-0.29714441410619274,-0.03929476515082464,-0.03945811805742838,74.70996440686795,73.16075185180158,-62.7732411157612,65.69308624548482
4DoF_V22_3_3x3_grid_4Nm_curriculum1_extended_active_passive_selector,20260803,1520,1.0,touchdown,per_step_sign,v22_3_per_step_sign_4Nm_grid,oracle_best_cmt,,1.0,4.0,0.2,0.3,0.01,True,True,success,7,7,0.013909209712596547,0.0,0.0,0.013909209712596547,0.032643681340594866,0.017075944551660557,0.0,0.0,0.017075944551660557,54.31575120041904,18.77333849769251,63.59087033245045,84.34258400133774,-0.9813853018934389,-0.13618973295738157,0.991487574541255,0.48563262824254927,43.55655091496701,28.29405350793983,60.81786355406015,75.0311289995601
4DoF_V22_3_3x3_grid_4Nm_curriculum1_extended_active_passive_selector,20260702,18,1.0,touchdown,per_step_sign,v22_3_per_step_sign_4Nm_grid,oracle_best_cmt,,1.0,4.0,0.2,0.3,0.0,True,True,success,6,6,0.07992246535249156,0.0014213336819736886,0.07432639641426826,0.00417473525624962,0.031944242334357525,0.10026692374213986,0.0017831376356328566,0.09324636181365199,0.005237424292855025,49.99139985112016,37.27300302335545,54.375483284323565,61.73257232953932,-0.9011858690845804,-0.9716733785198457,-0.727634958782279,0.41497608802445685,42.2974229003829,40.60688391517119,50.06236115038732,58.823544241284104
4DoF_V22_3_3x3_grid_4Nm_curriculum1_extended_active_passive_selector,20260719,1412,-1.0,touchdown,per_step_sign,v22_3_per_step_sign_4Nm_grid,oracle_best_cmt,,1.0,4.0,0.2,0.4,0.02,True,True,success,12,12,0.41623809387576477,0.024205793716535987,0.2716264564900042,0.12040584366922458,0.031483967357585414,0.5298266278451804,0.030811389557670273,0.34575146194713513,0.15326377634037497,54.799517601279945,59.78280919621937,-70.27017109903703,8.11484480078611,0.9097273315596011,-0.04974209165867394,-0.7400875952410835,-0.1238841988329038,50.22189218933767,80.58185210213094,-70.90501179656644,30.46067977533049
4DoF_V22_3_3x3_grid_4Nm_curriculum1_extended_active_passive_selector,20260702,369,-1.0,mid_cross,per_step_sign,v22_3_per_step_sign_4Nm_grid,oracle_best_cmt,,1.0,4.0,0.2,0.3,0.0,True,True,success+touchdown_event,12,12,2.565661026398355,0.038176414963282904,2.527320864089228,0.00016374734584411434,0.03142719174275935,3.271712342326225,0.04868228761945088,3.2228212452783627,0.00020880942841206395,73.55987245046656,44.070988141192146,-5.210919263952149,81.25278336459868,0.33674500435649923,0.6159409112484511,-0.16945381644761603,-0.3519562471094948,55.64694785097926,85.33302449039077,-52.5741707814365,67.1018093868631
4DoF_V22_3_3x3_grid_4Nm_curriculum1_extended_active_passive_selector,20260719,1335,-1.0,mid_cross,per_step_sign,v22_3_per_step_sign_4Nm_grid,oracle_best_cmt,,1.0,4.0,0.2,0.4,0.0,True,True,success,9,9,1.1827206901901977,0.006235846329192146,1.1569252939014474,0.01955954995955817,0.030643916994626166,1.5467471608379268,0.00815516096496838,1.513012267804224,0.02557973206873466,83.98102315913187,42.76555572883445,-21.741707266907014,74.67307811385028,0.9778908169722718,-0.37007091255566027,-0.987244565036226,-0.16096106453085857,76.12049507045826,66.52743827629958,-55.37337852434358,62.339743147720775
4DoF_V22_3_3x3_grid_4Nm_curriculum1_extended_active_passive_selector,20260702,654,-1.0,mid_cross,per_step_sign,v22_3_per_step_sign_4Nm_grid,oracle_best_cmt,,1.0,4.0,0.2,0.4,0.01,True,True,success,15,15,1.4102830418994001,0.05378072735794187,1.284984872624877,0.07151744191658128,0.03026753483372433,1.8672851496768101,0.07120836778909928,1.7013841185952083,0.09469266329250248,71.01456670015138,34.855771817582806,-24.468086231177843,92.43736875918448,0.2821552765007058,0.5813282581851233,0.22467122770775783,0.03801069570786775,44.070317222776445,91.4159910429426,-71.49904702691296,44.04803970690042
4DoF_V22_3_3x3_grid_4Nm_curriculum1_extended_active_passive_selector,20260719,1284,-1.0,mid_cross,per_step_sign,v22_3_per_step_sign_4Nm_grid,oracle_best_cmt,,1.0,4.0,0.2,0.35,0.02,True,True,success,15,15,2.9097373254284946,0.05920776995120945,2.818358803144506,0.032170752332779586,0.030066257569804206,3.87842879008552,0.0789188486427086,3.7566291044147517,0.04288083702806027,75.38173905504568,34.03050607525286,-7.006238801313775,68.38482397248774,0.43041445619889007,0.12527954828300025,0.4579177825110512,0.41755884335244065,46.139450988934215,94.96586742760968,-63.91124326456494,63.59255895431405
4DoF_V22_3_3x3_grid_4Nm_curriculum1_extended_active_passive_selector,20260719,1145,-1.0,touchdown,per_step_sign,v22_3_per_step_sign_4Nm_grid,oracle_best_cmt,,1.0,4.0,0.2,0.3,0.01,True,True,success,7,7,0.08429214843663817,0.007422884749273492,0.034418978007434875,0.0424502856799298,0.029869183246426997,0.11309546394479052,0.009959345088455515,0.04618022388149772,0.05695589497483727,63.84616656554005,54.556018464657264,-57.59242348422237,25.81362255442873,0.8797780301756568,0.7857257317669808,-0.6587921368564453,0.22500144740506733,63.649386494368166,65.43926770575895,-63.123685655470425,20.813808386693257
4DoF_V22_3_3x3_grid_4Nm_curriculum1_extended_active_passive_selector,20260719,855,1.0,touchdown,per_step_sign,v22_3_per_step_sign_4Nm_grid,oracle_best_cmt,,1.0,4.0,0.2,0.35,0.0,True,True,success,7,7,0.13759708607193163,0.0008340474256426203,0.0997775647620469,0.036985473884242115,0.02976828045429028,0.18524090697157344,0.0011228413769066093,0.13432614831882542,0.04979191727584143,45.88511179053854,38.635493096545055,61.41938603770159,84.0097833453061,-0.7152906310664886,-0.7836294641403754,-0.7097405277927731,0.4618675940506852,36.59892677955938,44.7636681263772,54.48244389551053,73.42836699189776
4DoF_V22_3_3x3_grid_4Nm_curriculum1_extended_active_passive_selector,20260803,1854,-1.0,touchdown,per_step_sign,v22_3_per_step_sign_4Nm_grid,oracle_best_cmt,,1.0,4.0,0.2,0.3,0.01,True,True,success,8,8,0.10056889747968985,0.007272620443751567,0.03203759552226939,0.061258681513668894,0.029298857101589224,0.1375607135649506,0.009947676496419302,0.04382184364543393,0.08379119342309736,59.80246518169331,47.77087138301931,-47.76668848396801,18.61681422906261,0.9648335551199407,0.1536007976845415,-0.9259777086234822,0.4652572303866518,58.088349000220425,59.91911423401417,-53.83472940866803,19.68636334200048
4DoF_V22_3_3x3_grid_4Nm_curriculum1_extended_active_passive_selector,20260803,1774,1.0,touchdown,per_step_sign,v22_3_per_step_sign_4Nm_grid,oracle_best_cmt,,1.0,4.0,0.2,0.4,0.02,True,True,success,7,7,0.06295550344312488,0.0,0.06295550344312488,0.0,0.029145407805317908,0.08656552661398878,0.0,0.08656552661398878,0.0,63.983508231239014,16.937466158261966,66.01573511883801,47.09525136447995,-0.7961007112858902,-0.5514664561979845,0.05783570034353813,-0.3460277596926109,49.53994393737166,33.70483132383477,52.35526204843656,36.571760069482444
4DoF_V22_3_3x3_grid_4Nm_curriculum1_extended_active_passive_selector,20260702,477,-1.0,touchdown,per_step_sign,v22_3_per_step_sign_4Nm_grid,oracle_best_cmt,,1.0,4.0,0.2,0.3,0.02,True,True,success,9,9,0.1856419200230792,0.010386906668829037,0.13469945012970266,0.04055556322454749,0.029056156645592194,0.25604676539917504,0.014326149259424591,0.18578432340319526,0.055936292736555177,55.73969587656521,46.75186840024569,-47.91536391357829,19.462800218494987,0.44889419276397824,0.9837946329582639,-0.4330272825232988,0.4604307492771139,48.80975222318552,68.03072516428485,-56.392293177656896,20.901045989192802
4DoF_V22_3_3x3_grid_4Nm_curriculum1_extended_active_passive_selector,20260719,1350,-1.0,touchdown,per_step_sign,v22_3_per_step_sign_4Nm_grid,oracle_best_cmt,,1.0,4.0,0.2,0.4,0.0,True,True,success,7,7,0.10336618184630275,0.007327740526109596,0.07413669986268256,0.021901741457510587,0.028870469377399094,0.1434848474495354,0.01017179615961815,0.10291076714070857,0.030402284149208675,68.72128570105193,57.32265594884149,-57.82081933484593,41.91005907790117,0.7923183493000179,0.953234270593549,-0.8461247083000587,0.3811064835481617,69.30713081412723,67.8479680493832,-61.284059474847574,46.275241687449025
4DoF_V22_3_3x3_grid_4Nm_curriculum1_extended_active_passive_selector,20260702,181,1.0,touchdown,per_step_sign,v22_3_per_step_sign_4Nm_grid,oracle_best_cmt,,1.0,4.0,0.2,0.35,0.01,True,True,success,7,7,0.234755360471979,0.0226313762132785,0.1890680638164502,0.023055920442250327,0.028010678275674245,0.33587161537174887,0.032379396455770926,0.27050541415355606,0.032986804762421884,58.090056125543505,21.52970423295149,59.08578730201838,44.69499140895487,-0.8241660376782487,-0.19318942560725016,0.9833040676895646,0.3126455564623004,45.592252566035796,35.4277220336059,55.73572407770232,51.294390105611825
4DoF_V22_3_3x3_grid_4Nm_curriculum1_extended_active_passive_selector,20260702,386,-1.0,touchdown,per_step_sign,v22_3_per_step_sign_4Nm_grid,oracle_best_cmt,,1.0,4.0,0.2,0.3,0.0,True,True,success,9,9,0.10848308477065696,0.01002539988920584,0.05949680131091815,0.03896088357053297,0.027963496991086682,0.155471917584587,0.01436784498359632,0.08526750331181236,0.05583656928917831,62.64210621989704,47.45434623647986,-40.65783645499772,40.329242752379784,0.9694110112164984,-0.1394372332539322,-0.5376330358286352,-0.4680445328962475,58.55823818744399,63.58911720344673,-51.60204381964464,29.802403348990264
4DoF_V22_3_3x3_grid_4Nm_curriculum1_extended_active_passive_selector,20260702,400,-1.0,touchdown,per_step_sign,v22_3_per_step_sign_4Nm_grid,oracle_best_cmt,,1.0,4.0,0.2,0.3,0.0,True,True,success,11,11,0.4796814965182838,0.016692795875861526,0.3768435489849907,0.08614515165743158,0.027950323331000518,0.6877768288693404,0.023934461295247463,0.5403257431900662,0.12351662438402677,68.41072575502865,41.93852480229874,-46.9867812590504,9.067209618853592,0.9299322936010139,-0.4620772270190501,-0.7532356199074552,0.42077317389201907,62.14173610455787,63.37204186533385,-54.48969569843244,29.264418387546385
4DoF_V22_3_3x3_grid_4Nm_curriculum1_extended_active_passive_selector,20260803,1860,-1.0,touchdown,per_step_sign,v22_3_per_step_sign_4Nm_grid,oracle_best_cmt,,1.0,4.0,0.2,0.3,0.01,True,True,success,8,8,0.08706868297373598,0.010866709340780569,0.044636528896197326,0.03156544473675808,0.027071398740048568,0.1288939966046221,0.016086766780387493,0.06607864512805443,0.046728584696180187,46.338809846256034,60.30468476946359,-59.948589191644935,9.506463896526146,0.9688512133701019,0.30065779536862514,0.5474149027278419,-0.2659752409170768,43.09550406997505,74.8249170027912,-62.05116669603198,16.49399339212128
4DoF_V22_3_3x3_grid_4Nm_curriculum1_extended_active_passive_selector,20260803,1881,-1.0,touchdown,per_step_sign,v22_3_per_step_sign_4Nm_grid,oracle_best_cmt,,1.0,4.0,0.2,0.3,0.02,True,True,success,6,6,0.07302611605357855,0.009838554140182894,0.04889599100736503,0.014291570906030625,0.02706029504739887,0.10815013999535872,0.014570691488398749,0.07241393296582412,0.02116551554113586,53.98643193581521,57.742185194084655,-58.34105433069235,21.049280610077624,0.9614184906278676,0.9831294146213676,0.7956105798983073,0.4364856861930586,53.335986949401786,68.51943113961066,-59.128714183181046,24.40859074728996
4DoF_V22_3_3x3_grid_4Nm_curriculum1_extended_active_passive_selector,20260702,472,-1.0,mid_cross,per_step_sign,v22_3_per_step_sign_4Nm_grid,oracle_best_cmt,,1.0,4.0,0.2,0.3,0.02,True,True,success,13,13,2.9757838591685966,0.0,2.9137047575255957,0.062079101643000845,0.026845766008931106,4.4422908920106146,0.0,4.349618359036412,0.09267253297420334,56.429814593497966,63.21181918950147,3.064521314150099,92.73631513985532,0.7780388195842247,-0.813042295108481,0.9864764963182138,0.33017606785374365,37.42701311659305,96.27275342518878,-52.95575137028176,68.9266119613694
4DoF_V22_3_3x3_grid_4Nm_curriculum1_extended_active_passive_selector,20260702,95,1.0,touchdown,per_step_sign,v22_3_per_step_sign_4Nm_grid,oracle_best_cmt,,1.0,4.0,0.2,0.3,0.02,True,True,success,6,6,0.08871611411728098,0.005763033888412176,0.07310495031266825,0.009848129916200536,0.026665000260529537,0.13333443628199365,0.008661457756926089,0.10987189234276983,0.014801086182297729,55.68718164856129,21.54800126757887,56.423890352278164,72.49682519878614,-0.577907212027696,-0.47871158469202246,0.07705613280798551,-0.4757414413683395,52.53747543827613,20.09420406316785,59.92486473907441,68.49432981103584
4DoF_V22_3_3x3_grid_4Nm_curriculum1_extended_active_passive_selector,20260803,1946,-1.0,mid_cross,per_step_sign,v22_3_per_step_sign_4Nm_grid,oracle_best_cmt,,1.0,4.0,0.2,0.35,0.0,True,True,success,10,10,0.792908684314295,0.012388452757245013,0.6838218897697064,0.09669834178734354,0.025727884711613445,1.2350953993754679,0.01929720446823689,1.0651734389530587,0.15062475595417238,58.435083389915754,66.27627081997356,-21.18437335482554,91.45233766917916,0.866067586881534,-0.6718689052314408,-0.1914632032291661,-0.07362710010191365,48.0079738940663,87.63485337379619,-62.17654999236488,53.10285839779428
4DoF_V22_3_3x3_grid_4Nm_curriculum1_extended_active_passive_selector,20260803,1825,-1.0,touchdown,per_step_sign,v22_3_per_step_sign_4Nm_grid,oracle_best_cmt,,1.0,4.0,0.2,0.3,0.0,True,True,success,10,10,0.2186009461645903,0.023801748219514918,0.11861398569788667,0.07618521224718872,0.02555062771307874,0.34287188398427315,0.037332639210078296,0.18604402888767457,0.11949521588652028,69.53200560797208,39.03860891299777,-47.790244011825344,12.881515261224079,0.9933457987156191,-0.35756769579712144,0.39118232833384803,0.0140109321202192,63.066466041939144,60.9060331548911,-52.18003253436131,29.313247922944438
4DoF_V22_3_3x3_grid_4Nm_curriculum1_extended_active_passive_selector,20260702,443,-1.0,mid_cross,per_step_sign,v22_3_per_step_sign_4Nm_grid,oracle_best_cmt,,1.0,4.0,0.2,0.3,0.02,True,True,success,12,12,0.6262085640256919,0.028918274492008685,0.5171516770567074,0.08013861247697587,0.02515278394292731,0.9977330371345922,0.046075252711522914,0.823973581728063,0.12768420269500627,66.1155132692908,45.20518531255437,-14.075879983479602,86.5658735153337,0.8274457169230354,-0.7705474597122175,-0.5949712690404421,0.05732575922406313,49.653460322063594,78.07286607463197,-56.55482047389983,43.95460815259248
4DoF_V22_3_3x3_grid_4Nm_curriculum1_extended_active_passive_selector,20260702,129,1.0,touchdown,per_step_sign,v22_3_per_step_sign_4Nm_grid,oracle_best_cmt,,1.0,4.0,0.2,0.35,0.0,True,True,success,7,7,0.05153854663920181,0.002495658236164772,0.02967761417968455,0.019365274223352484,0.025025756007462013,0.08253276062125303,0.003996495385090581,0.04752511637646257,0.031011148859699883,60.27777034309191,16.886410251299356,56.44698474607875,58.163745585970695,-0.45657449531404604,-0.41403555371837486,-0.05550177287298874,0.00921197349107672,54.931444513691176,19.349599189824364,53.9812412141723,48.173257038162255
4DoF_V22_3_3x3_grid_4Nm_curriculum1_extended_active_passive_selector,20260719,1251,-1.0,mid_cross,per_step_sign,v22_3_per_step_sign_4Nm_grid,oracle_best_cmt,,1.0,4.0,0.2,0.35,0.01,True,True,success,14,14,1.9481698710341662,0.06003082500884882,1.8564604926975101,0.03167855332780712,0.024956109717360855,3.1284653324730027,0.09640040004326873,2.9811939804955823,0.05087095193415184,76.51792809935795,33.521534985131915,-17.403190897467915,52.87379872471895,0.7841996051019033,-0.6228981335290449,0.4208726177108473,0.19623575200920995,53.11664665232789,84.4369172656838,-58.42437312308938,57.864418348390394
4DoF_V22_3_3x3_grid_4Nm_curriculum1_extended_active_passive_selector,20260719,840,1.0,touchdown,per_step_sign,v22_3_per_step_sign_4Nm_grid,oracle_best_cmt,,1.0,4.0,0.2,0.3,0.02,True,True,success,5,5,0.006461688676497534,0.005000922552222301,0.0,0.0014607661242752332,0.024874323612907145,0.010410609590638093,0.0080571279259501,0.0,0.0023534816646879945,62.54520129112539,17.814396276201325,56.73539955635272,46.764745258021115,-0.777715246429479,-0.7888152535117845,-0.537576418519425,0.4326779130123376,59.09784424061742,16.55766736848593,56.06097742434779,49.990274843425034
4DoF_V22_3_3x3_grid_4Nm_curriculum1_extended_active_passive_selector,20260719,1336,-1.0,touchdown,per_step_sign,v22_3_per_step_sign_4Nm_grid,oracle_best_cmt,,1.0,4.0,0.2,0.4,0.0,True,True,success,8,8,0.5132824702814426,0.0038160994838701023,0.4265767913219813,0.0828895794755912,0.024817521053955585,0.8288566838069376,0.00616229804525295,0.6888429765588365,0.13385140920284816,52.3278229409955,74.0941557590312,-73.47051579646632,16.16274071653409,0.9054463706473703,0.3636082928304427,-0.062007522924506064,0.06600274256693994,51.550516268622886,86.39167491528914,-73.75331372311375,38.58097936469942
4DoF_V22_3_3x3_grid_4Nm_curriculum1_extended_active_passive_selector,20260702,20,1.0,touchdown,per_step_sign,v22_3_per_step_sign_4Nm_grid,oracle_best_cmt,,1.0,4.0,0.2,0.3,0.0,True,True,success,6,6,0.030518030801736595,0.0005442007137057238,0.020637802978546445,0.009336027109484423,0.024777581907494656,0.04936043712498834,0.0008802004718704395,0.03337997077657027,0.015100265876547626,51.79835920286255,18.91684930915175,62.99343920977764,74.56825341859884,-0.941459972565377,0.09669261574838495,-0.6519142673603306,0.46265099224042117,46.52221570503476,20.694832622631885,62.39533148162068,72.79883862325833
4DoF_V22_3_3x3_grid_4Nm_curriculum1_extended_active_passive_selector,20260803,1550,1.0,touchdown,per_step_sign,v22_3_per_step_sign_4Nm_grid,oracle_best_cmt,,1.0,4.0,0.2,0.3,0.02,True,True,success,6,6,0.007848394050684177,0.0,0.0,0.007848394050684177,0.024659589393899478,0.012754879778271964,0.0,0.0,0.012754879778271964,55.371541328750304,23.67793337786265,60.06078628220177,66.41529708402416,-0.7802996614466229,-0.2558477588774364,-0.5854907056305165,-0.4754910431836221,48.70851315370452,28.170227951055,57.980653800197665,66.53710985721342
4DoF_V22_3_3x3_grid_4Nm_curriculum1_extended_active_passive_selector,20260719,861,1.0,touchdown,per_step_sign,v22_3_per_step_sign_4Nm_grid,oracle_best_cmt,,1.0,4.0,0.2,0.35,0.0,True,True,success,8,8,0.18121524126945807,0.012614201930813609,0.16860103933864445,0.0,0.024434697581804193,0.2972139323623597,0.020688748546791563,0.2765251838155682,0.0,58.34854125662475,18.806515095831536,65.86987308656457,65.53474423477947,-0.723849731325279,-0.16275850487445576,0.8764578127182105,-0.27799089164192026,40.936114743306945,41.30383300489057,52.72168319209648,56.29170815345119
4DoF_V22_3_3x3_grid_4Nm_curriculum1_extended_active_passive_selector,20260719,899,1.0,touchdown,per_step_sign,v22_3_per_step_sign_4Nm_grid,oracle_best_cmt,,1.0,4.0,0.2,0.35,0.01,True,True,success,7,7,0.10041475738622033,0.0,0.0759077383673547,0.02450701901886563,0.024148454800263508,0.16664397148790266,0.0,0.12597318678515776,0.040670784702744926,58.93026685583262,20.692594390089226,62.93435537638797,72.65299336381432,-0.9074477912647039,0.11199658321255623,0.7439808968635311,0.2740096657599427,46.38840882017893,35.786900722671895,53.25084438596878,55.19357465473993
4DoF_V22_3_3x3_grid_4Nm_curriculum1_extended_active_passive_selector,20260803,1933,-1.0,touchdown,per_step_sign,v22_3_per_step_sign_4Nm_grid,oracle_best_cmt,,1.0,4.0,0.2,0.35,0.0,True,True,success,7,7,0.5454465256651964,0.014032664026502493,0.4628294867479068,0.06858437489078711,0.023808833521053473,0.9181115944867262,0.02362019178425724,0.7790481707356625,0.1154432319668065,59.434997624479934,64.28588312641102,-63.71405649104104,13.692351541137306,0.7638996847646604,0.6888131169854423,-0.28916248358867613,0.2623434794861552,58.48579433013219,76.16551666417627,-63.179533775332736,41.66707724982077
4DoF_V22_3_3x3_grid_4Nm_curriculum1_extended_active_passive_selector,20260803,1446,1.0,touchdown,per_step_sign,v22_3_per_step_sign_4Nm_grid,oracle_best_cmt,,1.0,4.0,0.2,0.3,0.0,True,True,success,9,9,0.045347592563048364,0.0006330293732537593,0.0,0.0447145631897946,0.023739920247905194,0.07655197342473012,0.0010686266904030282,0.0,0.07548334673432709,48.627705833238714,38.173165333360515,57.32745804613707,85.39698090837389,-0.20927634853371946,-0.7137583085727766,-0.5576962061984545,-0.09153628541358971,36.6218911150791,50.7676811986031,47.55234435709473,67.60458919894522
4DoF_V22_3_3x3_grid_4Nm_curriculum1_extended_active_passive_selector,20260719,1271,-1.0,touchdown,per_step_sign,v22_3_per_step_sign_4Nm_grid,oracle_best_cmt,,1.0,4.0,0.2,0.35,0.01,True,True,success,7,7,0.17099629494056573,0.004843569304137574,0.13307365751315275,0.03307906812327539,0.022979823708337732,0.29820946135555443,0.008446956080113912,0.2320741729603204,0.0576883323151201,71.63805380843971,50.27207413261785,-59.2490041507997,29.035843537667464,0.7383128868358801,0.392264525449471,-0.8822133066784821,0.1077148316552552,71.84728371372825,58.48543191790402,-61.72008763816481,30.67129207985853
4DoF_V22_3_3x3_grid_4Nm_curriculum1_extended_active_passive_selector,20260719,1180,-1.0,touchdown,per_step_sign,v22_3_per_step_sign_4Nm_grid,oracle_best_cmt,,1.0,4.0,0.2,0.3,0.02,True,True,success,9,9,0.06584622687324526,0.01175319904338,0.01598223591460792,0.03811079191525735,0.022958208268620196,0.1149408258458531,0.02051632217252674,0.027898506598176928,0.06652599707514945,67.82839546933202,37.03159357845916,-37.56174615237712,37.772309740684776,0.7344252581185198,0.18209571643852773,0.2942286250233277,0.08240008212621419,61.600214271747184,56.892220892383044,-43.296003960659604,37.956211104141296
4DoF_V22_3_3x3_grid_4Nm_curriculum1_extended_active_passive_selector,20260803,1511,1.0,touchdown,per_step_sign,v22_3_per_step_sign_4Nm_grid,oracle_best_cmt,,1.0,4.0,0.2,0.3,0.01,True,True,success,7,7,0.09504522125532497,0.005801111962479862,0.08581946159242164,0.0034246477004234764,0.02251709313111616,0.16916066058925253,0.010324768765482037,0.15274073354397807,0.006095158279792456,63.66868605378728,17.053575901456473,49.011972047654915,53.614247287465695,-0.6538015024820008,0.2543520838959161,0.03762206474616936,-0.08165069760897525,58.913839036410906,19.904127483801435,49.84652466332316,48.92866345754653
4DoF_V22_3_3x3_grid_4Nm_curriculum1_extended_active_passive_selector,20260803,1902,-1.0,touchdown,per_step_sign,v22_3_per_step_sign_4Nm_grid,oracle_best_cmt,,1.0,4.0,0.2,0.3,0.02,True,True,success,7,7,0.3172648337615069,0.011501245531994749,0.3028070040537507,0.0029565841757614106,0.022447799189261573,0.5664082606550277,0.02053300518657714,0.5405969090453104,0.005278346423140135,63.16122773867714,52.77683019833052,-41.278250475532026,49.53459783528226,0.7407675466287116,0.3916647101528532,-0.07973056828549407,0.4863238924879716,59.77174418730852,65.91157938386536,-52.094699052172004,40.21668040947254
4DoF_V22_3_3x3_grid_4Nm_curriculum1_extended_active_passive_selector,20260803,1851,-1.0,mid_cross,per_step_sign,v22_3_per_step_sign_4Nm_grid,oracle_best_cmt,,1.0,4.0,0.2,0.3,0.01,True,True,success,10,10,2.1533938770920273,0.026843509984128475,2.10726456908836,0.019285798019539006,0.021845228508993488,3.9504656730197514,0.04924522441703339,3.8658400735289917,0.035380375073726086,64.98940030347408,56.32858949974533,-3.9538133399461732,88.29615460441458,0.36075617086543077,-0.188581195890706,-0.9985472520825154,0.1078951961802942,49.96726263344932,83.66841151957557,-53.68327365880284,60.18368247212144
4DoF_V22_3_3x3_grid_4Nm_curriculum1_extended_active_passive_selector,20260702,549,-1.0,touchdown,per_step_sign,v22_3_per_step_sign_4Nm_grid,oracle_best_cmt,,1.0,4.0,0.2,0.35,0.01,True,True,success,13,13,0.17789206134947835,0.009763132617950568,0.08810704565842392,0.08002188307310386,0.021618799784324697,0.329766396559404,0.01809835154042179,0.1633279345793501,0.14834011043963208,74.66012689506351,49.28917879126976,-56.070586606774974,43.79724820853592,0.7882011516905545,-0.761221588858533,-0.7972207483411655,0.12291982807384894,69.28854070762841,69.90247785562583,-65.81523212301258,40.02769120768854
4DoF_V22_3_3x3_grid_4Nm_curriculum1_extended_active_passive_selector,20260803,1754,1.0,touchdown,per_step_sign,v22_3_per_step_sign_4Nm_grid,oracle_best_cmt,,1.0,4.0,0.2,0.4,0.01,True,True,success,8,8,0.17019294535286933,0.01112969624327438,0.14657420716119074,0.012489041948404236,0.02155961924974964,0.31636022660050767,0.02068824426427814,0.2724569417090841,0.023215040627145467,47.98095164242618,37.44161179661459,60.9668147619896,42.91393686185057,-0.21803657357332473,-0.8034575116494336,0.9454285360419965,0.1166802084843741,36.68748245456651,49.635886542570454,56.610666494485294,46.33850216004677
4DoF_V22_3_3x3_grid_4Nm_curriculum1_extended_active_passive_selector,20260702,701,-1.0,touchdown,per_step_sign,v22_3_per_step_sign_4Nm_grid,oracle_best_cmt,,1.0,4.0,0.2,0.4,0.02,True,True,success,9,9,0.1589590639211191,0.0005992853076481711,0.1355602073633342,0.022799571250136735,0.02129388214116118,0.29916574265681734,0.0011278729863108152,0.2551283903551973,0.042909479315309224,67.57405337247252,61.11193668970335,-55.328415448152874,58.0323301693807,0.9707252392551915,-0.6264044717629613,-0.7688882881804067,-0.23008363052505287,67.48474994256709,69.66868436724329,-60.54596073678997,52.305107245013836
4DoF_V22_3_3x3_grid_4Nm_curriculum1_extended_active_passive_selector,20260702,145,1.0,touchdown,per_step_sign,v22_3_per_step_sign_4Nm_grid,oracle_best_cmt,,1.0,4.0,0.2,0.35,0.0,True,True,success,6,6,0.11619209712283343,0.0,0.09860589520982821,0.017586201913005216,0.02118420681421465,0.21980916328856934,0.0,0.18654004754281467,0.033269115745754675,58.720984947284606,27.451983265795523,49.08137406535008,50.498533186754145,-0.6428401568566662,-0.3881067069334445,0.1081325934551427,-0.11548430316639424,51.09855175816172,34.73967129474584,43.19093762796394,39.221121257806416
4DoF_V22_3_3x3_grid_4Nm_curriculum1_extended_active_passive_selector,20260719,992,1.0,touchdown,per_step_sign,v22_3_per_step_sign_4Nm_grid,oracle_best_cmt,,1.0,4.0,0.2,0.4,0.0,True,True,success,5,5,0.34646728009298144,0.0009020644932298403,0.3180972187468409,0.027467996852910716,0.021176839199683994,0.6556657503535799,0.0017070956676259207,0.6019773398488352,0.05198131483711876,46.989413098883915,20.94643059362505,79.95485292717737,88.58841373106463,-0.9701280011516611,-0.805900717589221,-0.48087368416006293,-0.32048134149485663,38.754539058314435,27.60178168819169,70.61629464873533,75.8723782073799
4DoF_V22_3_3x3_grid_4Nm_curriculum1_extended_active_passive_selector,20260719,872,1.0,touchdown,per_step_sign,v22_3_per_step_sign_4Nm_grid,oracle_best_cmt,,1.0,4.0,0.2,0.35,0.0,True,True,success,5,5,0.1044823614269062,0.0005058654727414286,0.09799980500795112,0.005976690946213654,0.021157868154959597,0.1979030482658121,0.0009581743530748144,0.18562425155461965,0.011320622358117646,53.049605519664354,25.689953940354407,60.642833965065684,61.63867698775155,-0.8040193308320938,-0.6480209980810279,0.029402280336223052,-0.05652441513147044,46.336131425533466,30.807610669801452,55.866009658232315,56.719911827540734
4DoF_V22_3_3x3_grid_4Nm_curriculum1_extended_active_passive_selector,20260803,1630,1.0,touchdown,per_step_sign,v22_3_per_step_sign_4Nm_grid,oracle_best_cmt,,1.0,4.0,0.2,0.35,0.01,True,True,success,7,7,0.0404231568692471,0.0,0.03976327363492978,0.0006598832343173226,0.021116888499424585,0.07671525106602105,0.0,0.07546292166090662,0.0012523294051144274,64.95374084958407,16.300396803484208,56.43040518668497,39.03116889361814,-0.36818932611299604,-0.6684952101461814,0.7224190378403212,-0.2954909831513435,51.745064076290966,33.58344118645781,44.854177076581486,28.461479090596875
4DoF_V22_3_3x3_grid_4Nm_curriculum1_extended_active_passive_selector,20260719,1186,-1.0,touchdown,per_step_sign,v22_3_per_step_sign_4Nm_grid,oracle_best_cmt,,1.0,4.0,0.2,0.3,0.02,True,True,success,6,6,0.03358789591264803,0.0,0.0,0.03358789591264803,0.02090686150709782,0.06438361634514957,0.0,0.0,0.06438361634514957,77.0927569363238,38.52167423656991,-42.52260423996682,39.98837958690774,0.6338272945508847,0.5226275042684378,-0.9735711874074331,0.08723035156245418,75.27233250458566,48.21119844346862,-52.18264985031906,26.755407333228497
4DoF_V22_3_3x3_grid_4Nm_curriculum1_extended_active_passive_selector,20260719,1318,-1.0,mid_cross,per_step_sign,v22_3_per_step_sign_4Nm_grid,oracle_best_cmt,,1.0,4.0,0.2,0.35,0.02,True,True,success,8,8,0.9562150240965683,0.014004900239477855,0.8955269318533269,0.046683192003763606,0.020844592375667673,1.8384150506838375,0.02692576327997707,1.7217363755263588,0.08975291187750162,81.04303520963872,43.36569055883003,-16.505039539450426,87.88457149448278,0.397071172033463,0.4283307769333562,-0.9298579157562223,-0.3271925623766585,70.47376717201261,67.88908145935027,-52.131188728805036,64.7057928233711
4DoF_V22_3_3x3_grid_4Nm_curriculum1_extended_active_passive_selector,20260803,1842,-1.0,touchdown,per_step_sign,v22_3_per_step_sign_4Nm_grid,oracle_best_cmt,,1.0,4.0,0.2,0.3,0.01,True,True,success,6,6,0.022707968955227892,0.0,0.0,0.022707968955227892,0.020836658931299594,0.04367486983912949,0.0,0.0,0.04367486983912949,71.52616752191841,46.10734315492312,-38.70176970186125,49.801352449105586,0.9986979862912706,-0.14738925621161325,-0.6795845547259669,-0.3542439871473205,71.02303699723342,53.25729550198563,-46.47424794755682,38.53696378238493
4DoF_V22_3_3x3_grid_4Nm_curriculum1_extended_active_passive_selector,20260803,1486,1.0,pre_cross,per_step_sign,v22_3_per_step_sign_4Nm_grid,oracle_best_cmt,,1.0,4.0,0.2,0.3,0.01,True,True,success,14,14,2.651861559497184,0.01436718629396992,2.5751912408535635,0.06230313234965015,0.020826170099783325,5.102968027249671,0.027646726895339667,4.955431598254628,0.1198897020997023,49.83770400353435,32.97500510776517,-19.971997020577252,81.73464498088735,0.8959238317826395,-0.0939642386778452,0.8961336643003177,-0.005513942299639085,54.16650022631103,34.39617457067553,35.30267533551152,21.310659392676886
4DoF_V22_3_3x3_grid_4Nm_curriculum1_extended_active_passive_selector,20260803,2127,-1.0,touchdown,per_step_sign,v22_3_per_step_sign_4Nm_grid,oracle_best_cmt,,1.0,4.0,0.2,0.4,0.02,True,True,success,7,7,0.3084730364839143,0.0002698047638587814,0.2615373242454946,0.0466659074745609,0.02081748440503975,0.5938412627304929,0.0005194009936390539,0.5034853504584923,0.08983651127836151,73.75041798961205,53.89830386335173,-57.8212230551858,35.48809681202354,0.6926772139856856,0.3699697906052115,-0.7151112858213631,0.2591603408379175,73.38179432255792,63.58663044294586,-59.41347198547276,52.67547445666904
4DoF_V22_3_3x3_grid_4Nm_curriculum1_extended_active_passive_selector,20260803,2142,-1.0,touchdown,per_step_sign,v22_3_per_step_sign_4Nm_grid,oracle_best_cmt,,1.0,4.0,0.2,0.4,0.02,True,True,success,7,7,0.1807855982167119,0.013614840679558267,0.10186676322004128,0.06530399431711234,0.020723274519620458,0.34961242682877447,0.02632907453812589,0.19699515146034796,0.12628820083030057,67.35782833997953,55.36205665559976,-65.50387092761096,24.363526392715592,0.7307075130761784,0.6221669197142783,0.5591191777920292,0.05894720485600691,66.46046462976976,66.83103700023239,-62.64628876286825,41.829642111691875
4DoF_V22_3_3x3_grid_4Nm_curriculum1_extended_active_passive_selector,20260719,1232,-1.0,touchdown,per_step_sign,v22_3_per_step_sign_4Nm_grid,oracle_best_cmt,,1.0,4.0,0.2,0.35,0.0,True,True,success,5,5,0.05396674278137083,0.0,0.04676725605046067,0.007199486730910155,0.02053369346443909,0.10532720085645311,0.0,0.09127592138528023,0.014051279471172875,80.19436582667406,50.65844461168416,-47.18343288743096,58.065516131747565,0.9453004879554969,0.638263656271721,-0.5130014626167931,0.23131049138428994,81.67987590461821,55.96586130111801,-49.29967401394691,57.261078454270645
4DoF_V22_3_3x3_grid_4Nm_curriculum1_extended_active_passive_selector,20260803,2090,-1.0,touchdown,per_step_sign,v22_3_per_step_sign_4Nm_grid,oracle_best_cmt,,1.0,4.0,0.2,0.4,0.01,True,True,success,6,6,0.12847595758233316,0.0033559473418225787,0.10878207440460835,0.01633793583590221,0.020499918127617242,0.25116038913652244,0.006560613021729617,0.21266039695427502,0.03193937916051775,76.52811782178449,50.42340587320557,-50.0060608846578,48.05623833862214,0.960841000865652,0.17151154337341112,-0.10494412962127009,-0.18208512402003552,76.53189197282437,58.57543358327817,-53.297215450774864,51.85222292886484
4DoF_V22_3_3x3_grid_4Nm_curriculum1_extended_active_passive_selector,20260719,1419,-1.0,touchdown,per_step_sign,v22_3_per_step_sign_4Nm_grid,oracle_best_cmt,,1.0,4.0,0.2,0.4,0.02,True,True,success,8,8,0.2520066485015709,0.012760511339808364,0.1665483531617506,0.07269778400001194,0.020482104341664156,0.4930816435036759,0.024967491694334328,0.3258720997565852,0.14224205205275633,70.36956090488373,50.707684393554636,-65.54567340915287,16.134026280123674,0.39242348744008515,0.8578293665542072,-0.4495129783693501,-0.26070277389422636,68.3867435880522,64.19604135755347,-62.880965030738594,39.246030587383814
4DoF_V22_3_3x3_grid_4Nm_curriculum1_extended_active_passive_selector,20260719,1044,1.0,touchdown,per_step_sign,v22_3_per_step_sign_4Nm_grid,oracle_best_cmt,,1.0,4.0,0.2,0.4,0.02,True,True,success,7,7,0.2156240692824425,0.01312482056300551,0.20249924871943698,0.0,0.020411208084387122,0.4233601127241857,0.025769504914408794,0.39759060780977695,0.0,58.8004128949067,17.984577387901677,72.13746503703955,60.395628074185595,-0.5008920242177108,-0.494349550355496,0.5991142252804695,0.027510616059444826,45.47092562173442,34.995018444985305,60.6883189075489,53.34761808577849
4DoF_V22_3_3x3_grid_4Nm_curriculum1_extended_active_passive_selector,20260702,127,1.0,touchdown,per_step_sign,v22_3_per_step_sign_4Nm_grid,oracle_best_cmt,,1.0,4.0,0.2,0.35,0.0,True,True,success,7,7,0.10860522078371973,0.0009791340512780467,0.10030287284715173,0.007323213885289958,0.020317094886870085,0.21422517408803735,0.0019313543223513966,0.1978486875875159,0.01444513217817006,56.104985675719554,17.271076131090442,68.23252440782598,58.78185133721425,-0.1480807256892156,-0.9448585061473995,0.2962453445202211,-0.24457913413706878,46.36270512755092,27.796018252419366,61.241582432825126,60.361309295175396
4DoF_V22_3_3x3_grid_4Nm_curriculum1_extended_active_passive_selector,20260702,9,1.0,touchdown,per_step_sign,v22_3_per_step_sign_4Nm_grid,oracle_best_cmt,,1.0,4.0,0.2,0.3,0.0,True,True,success,5,5,0.023945471617725728,0.0018449895931892156,0.022100482024536513,0.0,0.02029680204325654,0.04727996970369694,0.003642903905264874,0.043637065798432066,0.0,47.71778750380839,37.98538097665226,47.78480175767103,61.25158985027718,-0.40808381073669464,-0.9556718816555063,-0.7299946172610385,-0.49211036810685593,43.68588604668788,39.127902220072365,48.91881459751935,63.71451812390783
4DoF_V22_3_3x3_grid_4Nm_curriculum1_extended_active_passive_selector,20260702,504,-1.0,touchdown,per_step_sign,v22_3_per_step_sign_4Nm_grid,oracle_best_cmt,,1.0,4.0,0.2,0.35,0.0,True,True,success,7,7,0.3461830608578144,0.006003195312255489,0.30950209050795713,0.030677775037601777,0.02017755350811798,0.6875728450375717,0.01192326993104679,0.6147187918100829,0.0609307832964419,67.21901928832018,52.57413263780881,-49.63760624553712,33.05036351071148,0.5316290612202921,0.6725473961994137,-0.42215526874117093,-0.2229769403937064,64.2195121531315,65.8551445321143,-55.479239410378625,39.35447121522371
4DoF_V22_3_3x3_grid_4Nm_curriculum1_extended_active_passive_selector,20260803,2026,-1.0,touchdown,per_step_sign,v22_3_per_step_sign_4Nm_grid,oracle_best_cmt,,1.0,4.0,0.2,0.35,0.02,True,True,success,8,8,0.039680964039090175,0.0,0.0,0.039680964039090175,0.02015799070769672,0.07888898793106956,0.0,0.0,0.07888898793106956,76.74393265807566,41.71001151815329,-51.739653606582536,40.867819691721756,0.7903922013026141,-0.2076931022812385,-0.3509402274228879,0.2707166763497171,74.42230426901185,53.154822668705414,-59.65813874969771,29.337351934486065
4DoF_V22_3_3x3_grid_4Nm_curriculum1_extended_active_passive_selector,20260702,668,-1.0,mid_cross,per_step_sign,v22_3_per_step_sign_4Nm_grid,oracle_best_cmt,,1.0,4.0,0.2,0.4,0.01,True,True,success,14,14,3.179251075239502,0.0413887497416678,3.0892461265089732,0.048616198988860916,0.020151030283939667,6.322793259652117,0.08231262699890143,6.143794284830396,0.09668634782281839,75.16463156377762,36.34228285809472,3.617664849294284,93.74885149140451,-0.24316418606418222,0.9826315884627013,0.4098773582779569,-0.4414955115543574,38.035415314498564,102.37525222336903,-76.73644847683283,49.26625537570081
4DoF_V22_3_3x3_grid_4Nm_curriculum1_extended_active_passive_selector,20260803,1512,1.0,touchdown,per_step_sign,v22_3_per_step_sign_4Nm_grid,oracle_best_cmt,,1.0,4.0,0.2,0.3,0.01,True,True,success,9,9,0.1883888221242257,0.013900467820122655,0.1743532734849953,0.0001350808191077334,0.02008214163102251,0.3759469065456675,0.02773963878316907,0.34793770178982236,0.0002695659726760234,60.13007322210407,17.98651376334952,64.8659877155235,64.49150846082128,-0.6035817576983991,0.08964830999233198,0.8264499341443263,-0.03565658786738013,40.3032897742076,45.863943043760884,49.74301755900245,57.865777982373
4DoF_V22_3_3x3_grid_4Nm_curriculum1_extended_active_passive_selector,20260719,1417,-1.0,touchdown,per_step_sign,v22_3_per_step_sign_4Nm_grid,oracle_best_cmt,,1.0,4.0,0.2,0.4,0.02,True,True,success,7,7,0.07935558172932444,0.009243397595622626,0.05427499085421943,0.015837193279482374,0.020073095189618542,0.158432598795634,0.018454347770657752,0.10835945831729278,0.03161879270768345,68.318667077929,54.4972893688288,-57.879606070200396,43.55882172797199,0.4504113367668092,0.9415892022805199,-0.32742711728443674,0.46222829513742303,66.52031137399945,66.15413271781972,-62.029636737648396,41.17220908573646
4DoF_V22_3_3x3_grid_4Nm_curriculum1_extended_active_passive_selector,20260803,1582,1.0,touchdown,per_step_sign,v22_3_per_step_sign_4Nm_grid,oracle_best_cmt,,1.0,4.0,0.2,0.35,0.0,True,True,success,4,4,0.012563818864010718,0.0003749734818381493,0.0,0.012188845382172568,0.019920423839838747,0.025275776263582322,0.000754368232645146,0.0,0.024521408030937174,54.80064087305736,19.48179514700526,62.30691796428722,52.79018710095199,-0.9306328380852171,-0.6384820270006475,0.38354970051312165,0.1803073017863861,50.00603869535371,22.020015434022262,61.763866546994336,56.28203020014123
4DoF_V22_3_3x3_grid_4Nm_curriculum1_extended_active_passive_selector,20260702,487,-1.0,touchdown,per_step_sign,v22_3_per_step_sign_4Nm_grid,oracle_best_cmt,,1.0,4.0,0.2,0.35,0.0,True,True,success,7,7,0.10602001756941146,0.008484910788539484,0.08645885765275599,0.011076249128115986,0.01991781750630242,0.21331801485075177,0.017072099845785917,0.17395990213522483,0.022286012869741016,57.04304711378813,65.14203282028593,-57.973470189380826,41.90629082237595,0.877920789806107,0.3510081214815055,0.9890182484118957,-0.36601038285161946,55.3594362247549,76.64648203116096,-60.407734788608515,41.05470896811322
4DoF_V22_3_3x3_grid_4Nm_curriculum1_extended_active_passive_selector,20260702,138,1.0,touchdown,per_step_sign,v22_3_per_step_sign_4Nm_grid,oracle_best_cmt,,1.0,4.0,0.2,0.35,0.0,True,True,success,5,5,0.013716573835210542,0.0012320371793929567,0.0,0.012484536655817585,0.01980392571592815,0.027757207210756935,0.0024931817296809594,0.0,0.025264025481075973,45.009140471219986,20.098730447247934,72.13076233119332,88.27560375255705,-0.558401363706635,-0.9757779556952553,-0.006977015874166215,-0.4764867154604723,39.82492620212993,22.355870290049086,68.92791170319953,80.98796039241373
4DoF_V22_3_3x3_grid_4Nm_curriculum1_extended_active_passive_selector,20260803,1808,-1.0,touchdown,per_step_sign,v22_3_per_step_sign_4Nm_grid,oracle_best_cmt,,1.0,4.0,0.2,0.3,0.0,True,True,success,6,6,0.18500067269102707,0.008730775966003024,0.14791287137013243,0.028357025354891617,0.01972170904672217,0.3759327578250043,0.01774147433687129,0.3005680619597335,0.05762322152839948,52.10445669669619,69.63104628013271,-42.23813044651222,65.80571093134833,0.8178144330451935,0.3660740887842646,0.4134646362352965,0.10457905434430104,49.44776015682072,79.64586695016341,-55.03551361358859,47.21071306342939
4DoF_V22_3_3x3_grid_4Nm_curriculum1_extended_active_passive_selector,20260702,392,-1.0,touchdown,per_step_sign,v22_3_per_step_sign_4Nm_grid,oracle_best_cmt,,1.0,4.0,0.2,0.3,0.0,True,True,success,4,4,0.1961638234273601,0.011328676300322811,0.1786358763119301,0.00619927081510722,0.019615350989819487,0.4007783423021219,0.023145389546314538,0.3649673478682649,0.012665604887542497,64.75910754967448,60.01450919178415,-40.68554400917958,51.917828368700604,0.9977028645754811,0.8371646005439741,-0.9508836379041634,-0.03598837258449339,65.13181496035959,65.73025837614843,-45.94354013647013,52.71798498702903
4DoF_V22_3_3x3_grid_4Nm_curriculum1_extended_active_passive_selector,20260702,163,1.0,touchdown,per_step_sign,v22_3_per_step_sign_4Nm_grid,oracle_best_cmt,,1.0,4.0,0.2,0.35,0.01,True,True,success,7,7,0.01780977779902643,0.0003817627330805754,0.0,0.017428015065945855,0.01954178194035089,0.03652378257293476,0.0007829080864920437,0.0,0.03574087448644271,46.2332598878761,36.815330804711195,57.301701445494146,73.79453697811785,-0.3427651771854028,-0.5808168087928764,-0.7124084256368788,0.41232056907724046,38.373854595462234,43.80113448866156,52.04327923519707,66.90938908925948
4DoF_V22_3_3x3_grid_4Nm_curriculum1_extended_active_passive_selector,20260719,902,1.0,touchdown,per_step_sign,v22_3_per_step_sign_4Nm_grid,oracle_best_cmt,,1.0,4.0,0.2,0.35,0.01,True,True,success,4,4,0.015055338186782724,0.006472577172365103,0.0,0.008582761014417621,0.019513061589652575,0.030920500184352114,0.013293313054040183,0.0,0.01762718713031193,59.72080283311308,16.250988220604317,61.152135289623835,56.153986370225425,-0.9940040154212817,-0.49076842833829026,-0.9879774424409116,0.15732666026544995,57.35575875423412,14.407083224157796,59.45444042603415,53.696795950853065
4DoF_V22_3_3x3_grid_4Nm_curriculum1_extended_active_passive_selector,20260803,1448,1.0,touchdown,per_step_sign,v22_3_per_step_sign_4Nm_grid,oracle_best_cmt,,1.0,4.0,0.2,0.3,0.0,True,True,success,6,6,0.07475699177578783,0.009468850399549903,0.05565798984004705,0.00963015153619087,0.01949782321245147,0.15365514232662716,0.01946222716098648,0.11439915046523112,0.019793764700409538,56.96883847990884,17.059511410534007,55.118046423557196,63.36359661646719,-0.47153360519812626,-0.23989694863993316,-0.495878214497812,-0.012550234787153225,54.79923920280627,15.231918824695306,55.5062898602518,58.63044949323292
4DoF_V22_3_3x3_grid_4Nm_curriculum1_extended_active_passive_selector,20260719,825,1.0,touchdown,per_step_sign,v22_3_per_step_sign_4Nm_grid,oracle_best_cmt,,1.0,4.0,0.2,0.3,0.02,True,True,success,7,7,0.1348468300778511,0.0007578546987050375,0.11643273833604008,0.017656237043105982,0.019483893523721457,0.27736164515066203,0.0015588043552572492,0.2394863552642384,0.03631648553116642,46.23412061548006,32.383960167799685,73.08160815400497,88.68884522495684,-0.4023714850514637,-0.7804630450817529,-0.8225736959745007,0.04533242027924378,36.610714993404194,41.522013125351386,61.21505269049885,77.03939727325016
4DoF_V22_3_3x3_grid_4Nm_curriculum1_extended_active_passive_selector,20260803,2159,-1.0,touchdown,per_step_sign,v22_3_per_step_sign_4Nm_grid,oracle_best_cmt,,1.0,4.0,0.2,0.4,0.02,True,True,success,8,8,0.332318270660082,0.007510940471100174,0.2919461147069755,0.032861215482006344,0.01945148198097474,0.684672578486403,0.015474728395135917,0.6014941602171816,0.06770368987408547,63.864443473577424,64.84097651324342,-81.80448562837427,15.254121233581882,0.6688280057784397,0.4732012728053314,-0.05473263135161477,0.0769310297355017,65.00286168132287,73.23591163584292,-73.00415042536574,37.8054100579028
4DoF_V22_3_3x3_grid_4Nm_curriculum1_extended_active_passive_selector,20260702,682,-1.0,touchdown,per_step_sign,v22_3_per_step_sign_4Nm_grid,oracle_best_cmt,,1.0,4.0,0.2,0.4,0.02,True,True,success,7,7,0.3479588671875338,0.0030520472438586954,0.2809252435818451,0.06398157636183001,0.01942937495675348,0.7177124653960596,0.006295262338334083,0.5794465041020174,0.13197069895570815,53.656819613869146,77.79322838245939,-83.21111138306158,21.80907372011216,0.9012143245741775,0.4565577721022247,0.3671039184027154,0.39649191819692076,55.115076087251765,85.54649384550024,-76.27630276741849,44.79575553754482
4DoF_V22_3_3x3_grid_4Nm_curriculum1_extended_active_passive_selector,20260702,47,1.0,touchdown,per_step_sign,v22_3_per_step_sign_4Nm_grid,oracle_best_cmt,,1.0,4.0,0.2,0.3,0.01,True,True,success,6,6,0.11467364686809639,0.00016096049994626817,0.10977229368144795,0.0047403926867021825,0.019229540819128588,0.23898801432525624,0.00033545309944844274,0.2287732466120497,0.009879314613758105,48.34978798785301,22.320703019375042,70.27789826604277,81.80473672333076,-0.5949474665173888,-0.47989099227663257,-0.12049586931800826,-0.40852695501139025,40.02096721288275,30.14580043042448,64.1965287352968,77.69382627610526
4DoF_V22_3_3x3_grid_4Nm_curriculum1_extended_active_passive_selector,20260719,1073,1.0,touchdown,per_step_sign,v22_3_per_step_sign_4Nm_grid,oracle_best_cmt,,1.0,4.0,0.2,0.4,0.02,True,True,success,7,7,0.21238461504123346,0.010830685344743114,0.19512352693063428,0.006430402765856081,0.019180030841299156,0.4437671629292592,0.022630182073607532,0.40770097188983095,0.013436008965820813,49.25741431178484,35.50463398136887,66.24935122852449,49.611711601072535,-0.9252126842707173,0.26277324200981633,0.2221214944026113,0.47110917246667294,37.7741777021426,48.61079191523296,58.987530822008694,49.85916449480586
4DoF_V22_3_3x3_grid_4Nm_curriculum1_extended_active_passive_selector,20260702,553,-1.0,mid_cross,per_step_sign,v22_3_per_step_sign_4Nm_grid,oracle_best_cmt,,1.0,4.0,0.2,0.35,0.01,True,True,success,13,13,1.7531372652746322,0.044720765297620375,1.6943319911866856,0.014084508790326062,0.019117112590908078,3.6751496998943094,0.09374936601832302,3.551874592064881,0.02952574181110506,67.43614207889959,34.167287076526065,-22.56921473432113,44.754712903723615,0.14311554662015746,0.22328887894964344,-0.6579667011747683,-0.15547363090238608,39.922950993482296,84.69013699170006,-67.17950445702704,26.06942966955412
4DoF_V22_3_3x3_grid_4Nm_curriculum1_extended_active_passive_selector,20260702,671,-1.0,touchdown,per_step_sign,v22_3_per_step_sign_4Nm_grid,oracle_best_cmt,,1.0,4.0,0.2,0.4,0.01,True,True,success,7,7,0.3483207396845409,0.00926964990712278,0.2896971606504969,0.04935392912692129,0.01911266040694245,0.7303644080694455,0.019436747790436533,0.607441565063057,0.103486095215952,56.59775248559429,68.53032024981805,-69.48157550093529,22.33107271480999,0.7959461570536521,0.3373283449433464,0.446824685312331,-0.3031157270450482,55.0882886955087,79.65404740763776,-70.45568613804183,36.463134710348314
4DoF_V22_3_3x3_grid_4Nm_curriculum1_extended_active_passive_selector,20260803,1443,1.0,touchdown,per_step_sign,v22_3_per_step_sign_4Nm_grid,oracle_best_cmt,,1.0,4.0,0.2,0.3,0.0,True,True,success,7,7,0.09826584401627528,0.0,0.09826584401627528,0.0,0.018763183129404476,0.20988310566974797,0.0,0.20988310566974797,0.0,55.31018138052042,32.43137494792221,40.73809297564385,43.382038231760596,-0.5722722749574007,0.21101166357690326,-0.5498957924702919,-0.0030875928893057125,47.68579420617742,40.96569442471474,42.059006337989835,50.69412006942439
4DoF_V22_3_3x3_grid_4Nm_curriculum1_extended_active_passive_selector,20260719,1170,-1.0,touchdown,per_step_sign,v22_3_per_step_sign_4Nm_grid,oracle_best_cmt,,1.0,4.0,0.2,0.3,0.02,True,True,success,5,5,0.08610576005001806,0.0,0.06459760720691982,0.02150815284309825,0.018665605987522108,0.18487216237638418,0.0,0.1386933849924371,0.04617877738394709,48.05906924800434,66.66072061276724,-41.64296878410197,53.25921561923755,0.9040182740278797,0.3107833022665061,-0.4069915896487326,-0.16853731031663777,46.982858556254804,73.27761401392866,-50.84318545064539,39.553498082832554
4DoF_V22_3_3x3_grid_4Nm_curriculum1_extended_active_passive_selector,20260719,1409,-1.0,mid_cross,per_step_sign,v22_3_per_step_sign_4Nm_grid,oracle_best_cmt,,1.0,4.0,0.2,0.4,0.02,True,True,success,13,13,2.5133562397901934,0.0,2.428513730121009,0.08484250966918426,0.01854303817752058,5.431935036283919,0.0,5.248571057257703,0.18336397902621643,75.59511750533434,50.02053492349028,-24.357459221445705,65.58589000022279,0.6597480435685765,-0.6804687787653554,0.2980563973822541,0.2562864491391722,57.84450344539705,89.16459294444896,-68.9801382539256,65.02400034485451
4DoF_V22_3_3x3_grid_4Nm_curriculum1_extended_active_passive_selector,20260719,1138,-1.0,touchdown,per_step_sign,v22_3_per_step_sign_4Nm_grid,oracle_best_cmt,,1.0,4.0,0.2,0.3,0.01,True,True,success,5,5,0.0455520192068002,0.008534827061182373,0.02758083290185758,0.009436359243760248,0.01852536845670079,0.09854218525128793,0.01846329809294567,0.059665314348873705,0.020413572809468546,68.30212467610313,51.95522561491295,-41.599050825108975,52.91905063207982,0.8751740423016243,0.6474146822832776,0.6663543201839355,0.3476887550681743,67.05359767784432,60.732517717202654,-47.48086089888561,45.66905171698723
4DoF_V22_3_3x3_grid_4Nm_curriculum1_extended_active_passive_selector,20260719,1260,-1.0,touchdown,per_step_sign,v22_3_per_step_sign_4Nm_grid,oracle_best_cmt,,1.0,4.0,0.2,0.35,0.01,True,True,success,8,8,0.0931540126150908,0.008212092628254094,0.05695624596160848,0.02798567402522822,0.0185204381134344,0.20157270386371912,0.017769859493828522,0.12324562493992426,0.060557219429966315,70.95652683190535,48.90918004234483,-46.78950983781793,46.19350004961301,0.8241052165408558,-0.2948727868709453,-0.1826721092756487,-0.102796649925742,68.27080989115089,60.61876479731888,-54.53249768312136,37.596560973529435
4DoF_V22_3_3x3_grid_4Nm_curriculum1_extended_active_passive_selector,20260702,648,-1.0,touchdown,per_step_sign,v22_3_per_step_sign_4Nm_grid,oracle_best_cmt,,1.0,4.0,0.2,0.4,0.01,True,True,success,6,6,0.35482639473369243,0.0011528137125666517,0.29374077304203333,0.05993280797909244,0.01839793728186344,0.7729086985791452,0.0025111427997142654,0.6398475479309996,0.13055000784843135,68.94185643575237,56.82688003410463,-68.70886046873015,17.454826412052483,0.5578829534671368,0.978452704095359,-0.08623502547801842,-0.09248444499650588,68.99390959297892,65.44375306357641,-65.05892568945728,37.330701306520965
4DoF_V22_3_3x3_grid_4Nm_curriculum1_extended_active_passive_selector,20260702,4,1.0,touchdown,per_step_sign,v22_3_per_step_sign_4Nm_grid,oracle_best_cmt,,1.0,4.0,0.2,0.3,0.0,True,True,success,5,5,0.004802701379611871,0.0,0.0,0.004802701379611871,0.018369778850882867,0.010477630208033344,0.0,0.0,0.010477630208033344,54.908059785390925,21.313759138702984,61.74329484257774,64.6835834156522,-0.9551598553085852,-0.1054132594870325,-0.871233472203875,0.19543372275914028,48.34579491811985,26.801870777398047,55.541164351105806,60.25834649268874
4DoF_V22_3_3x3_grid_4Nm_curriculum1_extended_active_passive_selector,20260803,1504,1.0,touchdown,per_step_sign,v22_3_per_step_sign_4Nm_grid,oracle_best_cmt,,1.0,4.0,0.2,0.3,0.01,True,True,success,8,8,0.215213240740721,0.0,0.20907030946402058,0.006142931276700438,0.018208618122730752,0.473667306590153,0.0,0.46014720112457624,0.013520105465576745,60.24414870448317,22.069876803024098,65.86716312927419,66.76598594006234,-0.3261050299927337,-0.621403084045421,0.4451157944610551,0.3318436347828777,45.01298724595562,42.40669636227299,48.71422399021941,53.91288952118676
4DoF_V22_3_3x3_grid_4Nm_curriculum1_extended_active_passive_selector,20260719,941,1.0,touchdown,per_step_sign,v22_3_per_step_sign_4Nm_grid,oracle_best_cmt,,1.0,4.0,0.2,0.35,0.02,True,True,success,5,5,0.10338045724882931,0.0,0.10338045724882931,0.0,0.018147198606997317,0.22830228958594737,0.0,0.22830228958594737,0.0,53.27990717159902,34.870673331729655,58.72608398130177,65.04065610476671,-0.9160095524921905,-0.3296300203113516,0.9313071644154072,-0.21007003082259512,46.019617329062626,41.87746820679988,50.72320671267804,50.72385575345574
4DoF_V22_3_3x3_grid_4Nm_curriculum1_extended_active_passive_selector,20260702,661,-1.0,touchdown,per_step_sign,v22_3_per_step_sign_4Nm_grid,oracle_best_cmt,,1.0,4.0,0.2,0.4,0.01,True,True,success,10,10,0.16012423144805282,0.00020387572290296265,0.1489584732214524,0.010961882503697477,0.01810649499397518,0.354408459658844,0.00045124513799345354,0.3296949035766321,0.024262310944218417,63.02350513493666,70.44614260444035,-73.22262643984992,41.903559492307906,0.8152771552359432,-0.4100137378102269,-0.7079653809142135,0.09900205119902039,63.42101846410481,79.3998102602523,-71.98589831043806,47.59992357100517
4DoF_V22_3_3x3_grid_4Nm_curriculum1_extended_active_passive_selector,20260702,266,1.0,touchdown,per_step_sign,v22_3_per_step_sign_4Nm_grid,oracle_best_cmt,,1.0,4.0,0.2,0.4,0.0,True,True,success,6,6,0.24917852765081785,0.0,0.24436975404777705,0.004808773603040788,0.01807186426716445,0.5525722484504355,0.0,0.5419084289505267,0.010663819499908779,59.42326764680247,22.032127000883442,63.17302131605025,52.72590458917024,-0.7511196140000382,-0.46810579308136324,-0.10075182363253243,0.22542482477902004,47.558810369177564,36.4666924802799,45.589501947457,27.833228515192864
4DoF_V22_3_3x3_grid_4Nm_curriculum1_extended_active_passive_selector,20260719,1380,-1.0,touchdown,per_step_sign,v22_3_per_step_sign_4Nm_grid,oracle_best_cmt,,1.0,4.0,0.2,0.4,0.01,True,True,success,11,11,0.12317999210939762,0.0,0.09453424204742827,0.028645750061969347,0.018054773611356795,0.27341953177977585,0.0,0.20983528051218217,0.06358425126759366,72.51854720372205,51.19873728472633,-69.98710103830952,15.480957005430794,0.4935125237349436,-0.007715440650408079,-0.6975782068007934,0.4075588213091502,69.50152329177553,66.7572076098852,-68.12410014773184,34.626755234126406
4DoF_V22_3_3x3_grid_4Nm_curriculum1_extended_active_passive_selector,20260803,1828,-1.0,mid_cross,per_step_sign,v22_3_per_step_sign_4Nm_grid,oracle_best_cmt,,1.0,4.0,0.2,0.3,0.0,True,True,success,11,11,2.9253887879982368,0.03357280553447345,2.8915935661360814,0.0002224163276818765,0.01792996624175628,6.538611458084783,0.07503943812472581,6.463074891525501,0.0004971284345562119,73.02531839652565,47.43057801868513,4.8641802801638105,92.42805438487584,0.3261252159328336,-0.08920809993630652,0.5016299912349445,0.36122955307412574,53.40078596793307,83.69598806866328,-51.33962426860446,64.93581107532445
4DoF_V22_3_3x3_grid_4Nm_curriculum1_extended_active_passive_selector,20260719,1434,-1.0,mid_cross,per_step_sign,v22_3_per_step_sign_4Nm_grid,oracle_best_cmt,,1.0,4.0,0.2,0.4,0.02,True,True,success,12,12,1.8951598912786094,0.014198472247838217,1.8048663364912778,0.07609508253949326,0.017910761850360845,4.2404623118077005,0.03176939672967904,4.038428479286846,0.17026443579117523,58.01362842459924,70.11605199478707,-17.14955359260561,94.63303004713616,0.12839905094553905,0.025421704581032767,-0.17740055091256957,0.34939398913620323,37.87249789831516,103.76812991333428,-74.9783198706528,56.80013420441747
4DoF_V22_3_3x3_grid_4Nm_curriculum1_extended_active_passive_selector,20260719,835,1.0,touchdown,per_step_sign,v22_3_per_step_sign_4Nm_grid,oracle_best_cmt,,1.0,4.0,0.2,0.3,0.02,True,True,success,6,6,0.03088422448621569,0.0,0.026650409842027517,0.004233814644188174,0.017895468131637615,0.06916319500067618,0.0,0.05968184480639175,0.00948135019428443,63.18173864684515,18.78729979568776,52.76241055789991,55.18140516405047,-0.560555201293305,-0.041127531100306536,0.4468305477884673,-0.3346657843873494,56.43850421391719,26.16457475742824,49.39573016083722,47.815396102263776
4DoF_V22_3_3x3_grid_4Nm_curriculum1_extended_active_passive_selector,20260803,1702,1.0,touchdown,per_step_sign,v22_3_per_step_sign_4Nm_grid,oracle_best_cmt,,1.0,4.0,0.2,0.4,0.0,True,True,success,8,8,0.25780518423611565,0.014334418245308112,0.2384684728273007,0.005002293163506874,0.017855745915958232,0.5786221564459926,0.0321724018897252,0.5352225262675124,0.011227228288754929,56.932244410577354,16.292706814699265,70.08472342336434,52.59124623099498,-0.8489656066752891,0.657118145685252,0.49157104993271017,-0.18737311274224755,41.300395663988404,37.87313865987365,60.08214395360341,50.38315110368005
4DoF_V22_3_3x3_grid_4Nm_curriculum1_extended_active_passive_selector,20260719,1414,-1.0,mid_cross,per_step_sign,v22_3_per_step_sign_4Nm_grid,oracle_best_cmt,,1.0,4.0,0.2,0.4,0.02,True,True,success,15,15,2.8093072061458253,0.06538585550756194,2.7127287765830026,0.031192574055260623,0.01779016906132918,6.328496852860254,0.1472940303203358,6.110935638406592,0.07026718413332562,71.57379127840446,38.77944034614259,-19.041628688640607,53.397863730915574,0.05267299534582848,0.20031531952364223,-0.6411180479766307,0.2998868999236354,39.504383185378046,98.21364653811958,-76.02903532051867,47.867568193412396
4DoF_V22_3_3x3_grid_4Nm_curriculum1_extended_active_passive_selector,20260719,1143,-1.0,touchdown,per_step_sign,v22_3_per_step_sign_4Nm_grid,oracle_best_cmt,,1.0,4.0,0.2,0.3,0.01,True,True,success,4,4,0.012200900852330165,0.0,0.0,0.012200900852330165,0.017754216232102413,0.027540498913931354,0.0,0.0,0.027540498913931354,60.50882525887699,56.52548578220432,-49.24809161016678,34.35988457302598,0.9191575819703732,0.7124222305475671,-0.7047116227376091,0.1485725947662243,60.96981940849815,61.158742552312916,-53.42252058897796,28.849134381287833
4DoF_V22_3_3x3_grid_4Nm_curriculum1_extended_active_passive_selector,20260702,314,1.0,touchdown,per_step_sign,v22_3_per_step_sign_4Nm_grid,oracle_best_cmt,,1.0,4.0,0.2,0.4,0.01,True,True,success,5,5,0.013561087302042057,0.00011183111659171443,0.0,0.013449256185450342,0.017578156079971097,0.030917374458442615,0.00025495923968066694,0.0,0.030662415218761944,51.60754886465172,15.814057064022684,77.47714082664622,58.370664696228346,-0.5771000868035929,-0.465640160043177,0.1674252180638658,-0.26633665145123586,46.011612750145744,20.130687280841098,75.74831669072212,62.22231167084669
4DoF_V22_3_3x3_grid_4Nm_curriculum1_extended_active_passive_selector,20260803,2017,-1.0,touchdown,per_step_sign,v22_3_per_step_sign_4Nm_grid,oracle_best_cmt,,1.0,4.0,0.2,0.35,0.02,True,True,success,8,8,0.03987983827224213,0.009533853383894193,0.0,0.030345984888347943,0.01756128155350723,0.0910077952043724,0.021756732571151773,0.0,0.06925106263322063,65.57121045280336,50.4027645592266,-56.69149848683092,31.47455368333038,0.7661160886256619,-0.15462125209709843,0.05347716416951531,0.012727966964729442,62.077440885457236,63.02881761986984,-64.27698926622946,20.525687037397407
4DoF_V22_3_3x3_grid_4Nm_curriculum1_extended_active_passive_selector,20260719,951,1.0,touchdown,per_step_sign,v22_3_per_step_sign_4Nm_grid,oracle_best_cmt,,1.0,4.0,0.2,0.35,0.02,True,True,success,5,5,0.04909506558363869,0.0,0.04909506558363869,0.0,0.01746985059507833,0.11262377083763624,0.0,0.11262377083763624,0.0,69.48197393145452,12.604825172386503,52.81733823575321,39.586596179265754,-0.8020491456764061,-0.08378922622908913,0.6146083202186636,-0.2895299744441542,59.860040710446334,25.19681747151292,44.31283492422575,29.414804435903108
4DoF_V22_3_3x3_grid_4Nm_curriculum1_extended_active_passive_selector,20260719,1032,1.0,touchdown,per_step_sign,v22_3_per_step_sign_4Nm_grid,oracle_best_cmt,,1.0,4.0,0.2,0.4,0.01,True,True,success,5,5,0.12630833808754158,0.0,0.10674381129203976,0.019564526795501816,0.017458475947685625,0.2899393109713854,0.0,0.24502916881879452,0.044910142152590905,58.362012502037786,14.839077091347663,70.72167627470527,66.64275682413849,-0.948877177024507,-0.13317392439565445,-0.40569974555935007,0.26622821066654434,49.851813710152186,24.24993620843483,60.50829213254762,53.687227209662105
4DoF_V22_3_3x3_grid_4Nm_curriculum1_extended_active_passive_selector,20260702,76,1.0,touchdown,per_step_sign,v22_3_per_step_sign_4Nm_grid,oracle_best_cmt,,1.0,4.0,0.2,0.3,0.01,True,True,success,6,6,0.045606435785139614,0.0,0.043914556260457226,0.0016918795246823862,0.01740044670639307,0.10503816971434267,0.0,0.10114152825156658,0.003896641462776082,52.54006283249382,30.015119253985457,47.26997072459459,60.49358203569976,-0.6596861351198806,0.3026499457124461,-0.7462345818980995,0.023984017500476296,47.06258254155657,35.079068705791386,49.14750251955158,64.59593713447508
4DoF_V22_3_3x3_grid_4Nm_curriculum1_extended_active_passive_selector,20260702,653,-1.0,touchdown,per_step_sign,v22_3_per_step_sign_4Nm_grid,oracle_best_cmt,,1.0,4.0,0.2,0.4,0.01,True,True,success,7,7,0.22734116197680765,0.0021564324959304714,0.20455547457371298,0.02062925490716419,0.017227813444924106,0.5288461239566542,0.0050163417708023504,0.47584154546310414,0.047988236722747685,82.56420908646344,50.41489319109159,-65.68907378511675,35.19950244877016,0.8304625922411415,-0.21204816827879247,-0.12804439604618922,0.15513873473094142,85.90869751420205,52.86699445415414,-56.801477462958935,53.49176480417923
4DoF_V22_3_3x3_grid_4Nm_curriculum1_extended_active_passive_selector,20260803,2114,-1.0,mid_cross,per_step_sign,v22_3_per_step_sign_4Nm_grid,oracle_best_cmt,,1.0,4.0,0.2,0.4,0.01,True,True,success,11,11,1.3209382369603888,0.0,1.2645195065161277,0.05641873044426107,0.01722560682093828,3.0731898645217335,0.0,2.9419305325415612,0.13125933198017206,68.71929415473926,69.98213890382196,-24.62948299816088,87.36063513383472,0.6373038686982433,-0.915592163751596,-0.6293701778595111,-0.23668536912377447,58.51099096478621,91.93253412739229,-66.06609819856301,72.40124579111024
4DoF_V22_3_3x3_grid_4Nm_curriculum1_extended_active_passive_selector,20260719,767,1.0,touchdown,per_step_sign,v22_3_per_step_sign_4Nm_grid,oracle_best_cmt,,1.0,4.0,0.2,0.3,0.01,True,True,success,7,7,0.11282803120333605,0.022178308263076343,0.0756192451270795,0.0150304778131802,0.017151011164791896,0.26363841429542173,0.051822707175445355,0.17669490163833126,0.03512080548164507,66.08193828949231,15.390254998547148,44.65263858959291,45.80481506014818,-0.6087168847734445,0.5224053915300964,-0.6575178159330637,-0.16443640055283582,67.04352035542097,9.069061429431809,49.06698543501812,43.74829284410802
4DoF_V22_3_3x3_grid_4Nm_curriculum1_extended_active_passive_selector,20260803,2138,-1.0,touchdown,per_step_sign,v22_3_per_step_sign_4Nm_grid,oracle_best_cmt,,1.0,4.0,0.2,0.4,0.02,True,True,success,5,5,0.055142330664782954,0.0,0.046558226315660776,0.008584104349122181,0.01701170047436945,0.12990288645005454,0.0,0.10968067387586597,0.020222212574188575,56.392726264241716,76.75520256635382,-75.51546747367448,44.0814183310963,0.8822589035315109,0.9889618672454179,0.549819629352867,-0.12133873166158671,57.7961828849892,82.60934481142147,-73.29476765271272,46.22033222542701
4DoF_V22_3_3x3_grid_4Nm_curriculum1_extended_active_passive_selector,20260803,1954,-1.0,mid_cross,per_step_sign,v22_3_per_step_sign_4Nm_grid,oracle_best_cmt,,1.0,4.0,0.2,0.35,0.0,True,True,success,12,12,1.875555141319625,0.03477864400477919,1.7788416868068562,0.061934810507989595,0.01698822382380788,4.424490563149977,0.08204385933971044,4.19634063708579,0.14610606672447754,79.60161746879996,38.41819823788924,-23.04819172363006,48.651288192080514,0.5322686267659844,-0.3801187050926542,-0.15985935848986488,-0.35879549675643496,63.068715658668516,76.04019505378963,-53.10731299740205,62.3124224677276
4DoF_V22_3_3x3_grid_4Nm_curriculum1_extended_active_passive_selector,20260719,1287,-1.0,mid_cross,per_step_sign,v22_3_per_step_sign_4Nm_grid,oracle_best_cmt,,1.0,4.0,0.2,0.35,0.02,True,True,success,8,8,1.0235645398400035,0.015039948711480969,0.9813289928554328,0.027195598273089663,0.01694479352209538,2.4208080852770317,0.03557062405522194,2.3209178002517916,0.06431966097001804,89.1186792816701,34.73144123231945,-14.966657341001978,82.48811565281278,0.6036681551698164,-0.30621336488592377,-0.8902657504094262,0.07589281361806732,78.16475305128806,59.23304880915878,-48.92026950169535,64.04600285923618
4DoF_V22_3_3x3_grid_4Nm_curriculum1_extended_active_passive_selector,20260719,1340,-1.0,touchdown,per_step_sign,v22_3_per_step_sign_4Nm_grid,oracle_best_cmt,,1.0,4.0,0.2,0.4,0.0,True,True,success,7,7,0.4423299374380303,0.01058183736897093,0.42947020595493224,0.0022778941141271235,0.016868893491810685,1.0508510156188657,0.025139457235708026,1.0202999252543508,0.005411633128806891,74.804515794539,50.992215594344195,-48.19136159787664,53.14919828433969,0.6722679723722589,0.23411157720343367,0.34805254853263956,-0.49152906910256655,71.41962575937859,64.32788509248195,-57.31840625271396,47.15478798287856
4DoF_V22_3_3x3_grid_4Nm_curriculum1_extended_active_passive_selector,20260803,1617,1.0,touchdown,per_step_sign,v22_3_per_step_sign_4Nm_grid,oracle_best_cmt,,1.0,4.0,0.2,0.35,0.01,True,True,success,7,7,0.06070780739060353,0.0,0.05845248069635516,0.002255326694248368,0.01680373950583558,0.14478381556742098,0.0,0.13940502133683114,0.005378794230589831,60.47472296437406,23.418606060573556,59.39703468604742,48.394272654499254,-0.6389269790700514,-0.059812062897601104,-0.04913073041711069,0.45103574967352245,47.845282138323206,39.99090239328731,46.81436318178805,42.68511959916707
4DoF_V22_3_3x3_grid_4Nm_curriculum1_extended_active_passive_selector,20260803,1483,1.0,touchdown,per_step_sign,v22_3_per_step_sign_4Nm_grid,oracle_best_cmt,,1.0,4.0,0.2,0.3,0.01,True,True,success,8,8,0.04304875987389517,0.0,0.0,0.04304875987389517,0.016758597344994935,0.1029447940613609,0.0,0.0,0.1029447940613609,55.87881041642728,25.890745162603906,55.44671654072259,76.27014794253654,-0.4611221111684063,0.15799629245386804,0.04621894102474,0.40369192926997777,45.09337744042791,39.904180067720375,47.98589670157675,61.22269822928568
4DoF_V22_3_3x3_grid_4Nm_curriculum1_extended_active_passive_selector,20260702,646,-1.0,touchdown,per_step_sign,v22_3_per_step_sign_4Nm_grid,oracle_best_cmt,,1.0,4.0,0.2,0.4,0.01,True,True,success+touchdown_event,7,7,0.5647456777815554,0.00746918651338674,0.531847103776748,0.025429387491420517,0.01664955384262161,1.3593513600529563,0.017978444536920844,1.2801639964720424,0.06120891904399288,58.36649928717499,75.92550374186453,-60.44373386771363,50.22005733373248,0.6176458616083014,0.6092829807075104,0.06441182958662939,-0.10798853808897424,56.743901332481265,86.93146197281837,-66.07922102745972,56.754307045289565
4DoF_V22_3_3x3_grid_4Nm_curriculum1_extended_active_passive_selector,20260719,810,1.0,touchdown,per_step_sign,v22_3_per_step_sign_4Nm_grid,oracle_best_cmt,,1.0,4.0,0.2,0.3,0.02,True,True,success,3,3,0.023888950919049926,0.005806932708557847,0.010917967586817397,0.007164050623674678,0.016130731308610147,0.05935050676101696,0.014426937379874683,0.027124962970275997,0.017798606410866273,47.60026636037033,19.329599958375333,69.31501225909194,86.79795717430751,-0.9698462933331706,-0.8875948415221278,-0.10341019297197263,-0.32944102841773826,45.67076025739854,17.67615222684736,69.79641976362163,84.74243447324022
4DoF_V22_3_3x3_grid_4Nm_curriculum1_extended_active_passive_selector,20260702,574,-1.0,touchdown,per_step_sign,v22_3_per_step_sign_4Nm_grid,oracle_best_cmt,,1.0,4.0,0.2,0.35,0.02,True,True,success,6,6,0.05807241519779725,0.00868706388776999,0.028628369442766057,0.020756981867261208,0.016123327258135298,0.14434329998339923,0.021592342327358557,0.07115793797171886,0.05159301968432181,71.36286747325619,46.11550962907014,-59.44297264040019,22.32289588219766,0.5419601048921101,0.7081155084678137,0.48766370418858274,0.024741176277575216,69.51641746724108,56.22411148295871,-60.82106403310023,22.979218336240862
4DoF_V22_3_3x3_grid_4Nm_curriculum1_extended_active_passive_selector,20260803,1733,1.0,touchdown,per_step_sign,v22_3_per_step_sign_4Nm_grid,oracle_best_cmt,,1.0,4.0,0.2,0.4,0.01,True,True,success,6,6,0.10400076319422415,0.0010320193363631326,0.09180671601764379,0.011162027840217236,0.016105140553828723,0.2587935317546751,0.0025680573939419306,0.22845009543472306,0.027775378926010164,46.7262130644672,22.423188544894124,79.05919818695803,86.93275582778632,-0.2878133840015771,-0.9190327954688964,0.08906363490072922,-0.004893370117440177,38.62597355549443,30.61181402175144,70.62087028952018,76.47797584965117
4DoF_V22_3_3x3_grid_4Nm_curriculum1_extended_active_passive_selector,20260803,2050,-1.0,touchdown,per_step_sign,v22_3_per_step_sign_4Nm_grid,oracle_best_cmt,,1.0,4.0,0.2,0.4,0.0,True,True,success,9,9,0.7394200402596023,0.0,0.6258237105781095,0.11359632968149286,0.016030980039037246,1.8484706280625072,0.0,1.5644920131493611,0.2839786149131463,63.789710424730785,63.83049616453002,-70.3132459076345,9.510916027786982,0.8252391372395029,-0.32942071819929253,0.773028856976097,0.46034555732353544,60.480630627326846,78.72045921243283,-69.93607282936475,42.068489954146145
4DoF_V22_3_3x3_grid_4Nm_curriculum1_extended_active_passive_selector,20260702,630,-1.0,touchdown,per_step_sign,v22_3_per_step_sign_4Nm_grid,oracle_best_cmt,,1.0,4.0,0.2,0.4,0.0,True,True,success,10,10,0.35730161913841396,0.020543550558408202,0.32266296301675745,0.014095105563248339,0.01598296145495949,0.8958991873413062,0.05151096234818099,0.8090461136137972,0.03534211137932815,57.92320875125441,66.70687270822206,-61.91731724671688,37.46857427407514,0.9689836361707593,-0.7647800673156926,0.7174564408292321,0.30634371373609115,52.88036328816194,82.55678231325024,-70.73447671570176,36.781082028719965
4DoF_V22_3_3x3_grid_4Nm_curriculum1_extended_active_passive_selector,20260719,1203,-1.0,touchdown,per_step_sign,v22_3_per_step_sign_4Nm_grid,oracle_best_cmt,,1.0,4.0,0.2,0.35,0.0,True,True,success,5,5,0.06410652242908936,0.006690696864752047,0.04267719076623053,0.014738634798106793,0.015872444310525174,0.16186010469128734,0.016893084415619857,0.10775400542110235,0.03721301485456514,56.75543070441042,66.39075468105139,-70.15167321969305,20.297276260929863,0.710912799228471,0.8762046195441877,0.7339132283550287,0.4119526658870756,56.620501416549025,73.24199243452482,-70.08587206194235,20.09988572928356
4DoF_V22_3_3x3_grid_4Nm_curriculum1_extended_active_passive_selector,20260803,2135,-1.0,touchdown,per_step_sign,v22_3_per_step_sign_4Nm_grid,oracle_best_cmt,,1.0,4.0,0.2,0.4,0.02,True,True,success,11,11,0.20607299767522463,0.019131857783340457,0.11811868136130707,0.06882245853057713,0.015826103752390977,0.5218293362325483,0.048446738585859614,0.29910659711262705,0.1742760005340617,69.56440357152748,52.02031148435418,-65.50510003908975,26.90977279012876,0.7277208772224069,-0.4911019794540381,-0.047377641644535506,-0.19133903173663436,64.8377649699807,69.30514444908694,-67.45246017742915,36.15027628650824
4DoF_V22_3_3x3_grid_4Nm_curriculum1_extended_active_passive_selector,20260702,715,-1.0,mid_cross,per_step_sign,v22_3_per_step_sign_4Nm_grid,oracle_best_cmt,,1.0,4.0,0.2,0.4,0.02,True,True,success,11,11,2.1030923708739406,0.00844871967362514,2.0588613353449863,0.03578231585532905,0.0157909883119087,5.33740854236974,0.02144188680564476,5.225155219529718,0.09081143603437716,89.92146935284836,38.93346720206811,-13.020967891854434,85.79866578430219,0.03027675841369737,0.7160733967359776,-0.6126001888011192,0.23668465144998085,71.63763707928321,80.16922973248501,-65.83749791757025,69.95011693608974
4DoF_V22_3_3x3_grid_4Nm_curriculum1_extended_active_passive_selector,20260803,1480,1.0,touchdown,per_step_sign,v22_3_per_step_sign_4Nm_grid,oracle_best_cmt,,1.0,4.0,0.2,0.3,0.0,True,True,success,6,6,0.07259782264699444,0.002835249605675874,0.0636639633553805,0.006098609685938067,0.015784463251166142,0.1843211569325024,0.007198514617328318,0.16163866838860336,0.015483973926570754,48.523799733694204,24.942783297066402,53.35617149459455,72.34748892952405,-0.005717805022860567,-0.586637544316194,0.04605857005431924,-0.14157331424536357,45.879733578556866,25.551912483084056,56.377273713184806,70.13747007736114
