eval_label,controller,category,value,count,fraction_of_successes,fraction_of_all,n_successes,n_all
4DoF_V22_3_3x3_grid_4Nm_curriculum1_extended_active_passive_selector,active,reset_phase,touchdown,895,0.9179487179487179,0.41435185185185186,975,2160
4DoF_V22_3_3x3_grid_4Nm_curriculum1_extended_active_passive_selector,active,reset_phase,mid_cross,77,0.07897435897435898,0.03564814814814815,975,2160
4DoF_V22_3_3x3_grid_4Nm_curriculum1_extended_active_passive_selector,active,reset_phase,pre_cross,3,0.003076923076923077,0.001388888888888889,975,2160
4DoF_V22_3_3x3_grid_4Nm_curriculum1_extended_active_passive_selector,active,walk_direction,backward,617,0.6328205128205128,0.28564814814814815,975,2160
4DoF_V22_3_3x3_grid_4Nm_curriculum1_extended_active_passive_selector,active,walk_direction,forward,358,0.3671794871794872,0.16574074074074074,975,2160
4DoF_V22_3_3x3_grid_4Nm_curriculum1_extended_active_passive_selector,active,commanded_step_length_m,0.350,333,0.3415384615384615,0.15416666666666667,975,2160
4DoF_V22_3_3x3_grid_4Nm_curriculum1_extended_active_passive_selector,active,commanded_step_length_m,0.300,324,0.3323076923076923,0.15,975,2160
4DoF_V22_3_3x3_grid_4Nm_curriculum1_extended_active_passive_selector,active,commanded_step_length_m,0.400,318,0.3261538461538461,0.14722222222222223,975,2160
4DoF_V22_3_3x3_grid_4Nm_curriculum1_extended_active_passive_selector,active,commanded_step_height_m,0.020,332,0.3405128205128205,0.1537037037037037,975,2160
4DoF_V22_3_3x3_grid_4Nm_curriculum1_extended_active_passive_selector,active,commanded_step_height_m,0.000,329,0.3374358974358974,0.15231481481481482,975,2160
4DoF_V22_3_3x3_grid_4Nm_curriculum1_extended_active_passive_selector,active,commanded_step_height_m,0.010,314,0.32205128205128203,0.14537037037037037,975,2160
4DoF_V22_3_3x3_grid_4Nm_curriculum1_extended_active_passive_selector,active,command_pair,L0.350_H0.000,115,0.11794871794871795,0.05324074074074074,975,2160
4DoF_V22_3_3x3_grid_4Nm_curriculum1_extended_active_passive_selector,active,command_pair,L0.300_H0.020,114,0.11692307692307692,0.05277777777777778,975,2160
4DoF_V22_3_3x3_grid_4Nm_curriculum1_extended_active_passive_selector,active,command_pair,L0.350_H0.010,111,0.11384615384615385,0.05138888888888889,975,2160
4DoF_V22_3_3x3_grid_4Nm_curriculum1_extended_active_passive_selector,active,command_pair,L0.400_H0.020,111,0.11384615384615385,0.05138888888888889,975,2160
4DoF_V22_3_3x3_grid_4Nm_curriculum1_extended_active_passive_selector,active,command_pair,L0.300_H0.000,107,0.10974358974358975,0.04953703703703704,975,2160
4DoF_V22_3_3x3_grid_4Nm_curriculum1_extended_active_passive_selector,active,command_pair,L0.350_H0.020,107,0.10974358974358975,0.04953703703703704,975,2160
4DoF_V22_3_3x3_grid_4Nm_curriculum1_extended_active_passive_selector,active,command_pair,L0.400_H0.000,107,0.10974358974358975,0.04953703703703704,975,2160
4DoF_V22_3_3x3_grid_4Nm_curriculum1_extended_active_passive_selector,active,command_pair,L0.300_H0.010,103,0.10564102564102563,0.047685185185185185,975,2160
4DoF_V22_3_3x3_grid_4Nm_curriculum1_extended_active_passive_selector,active,command_pair,L0.400_H0.010,100,0.10256410256410256,0.046296296296296294,975,2160
4DoF_V22_3_3x3_grid_4Nm_curriculum1_extended_active_passive_selector,active,valid_for_cmt,False,517,0.5302564102564102,0.23935185185185184,975,2160
4DoF_V22_3_3x3_grid_4Nm_curriculum1_extended_active_passive_selector,active,valid_for_cmt,True,458,0.46974358974358976,0.21203703703703702,975,2160
4DoF_V22_3_3x3_grid_4Nm_curriculum1_extended_active_passive_selector,active,terminal_reason,success,971,0.9958974358974358,0.449537037037037,975,2160
4DoF_V22_3_3x3_grid_4Nm_curriculum1_extended_active_passive_selector,active,terminal_reason,success+touchdown_event,4,0.0041025641025641026,0.001851851851851852,975,2160
4DoF_V22_3_3x3_grid_4Nm_curriculum1_extended_active_passive_selector,active,passive_selected_from,none,975,1.0,0.4513888888888889,975,2160
4DoF_V22_3_3x3_grid_4Nm_curriculum1_extended_active_passive_selector,active_full,reset_phase,touchdown,906,0.9207317073170732,0.41944444444444445,984,2160
4DoF_V22_3_3x3_grid_4Nm_curriculum1_extended_active_passive_selector,active_full,reset_phase,mid_cross,75,0.07621951219512195,0.034722222222222224,984,2160
4DoF_V22_3_3x3_grid_4Nm_curriculum1_extended_active_passive_selector,active_full,reset_phase,pre_cross,3,0.003048780487804878,0.001388888888888889,984,2160
4DoF_V22_3_3x3_grid_4Nm_curriculum1_extended_active_passive_selector,active_full,walk_direction,backward,618,0.6280487804878049,0.2861111111111111,984,2160
4DoF_V22_3_3x3_grid_4Nm_curriculum1_extended_active_passive_selector,active_full,walk_direction,forward,366,0.3719512195121951,0.16944444444444445,984,2160
4DoF_V22_3_3x3_grid_4Nm_curriculum1_extended_active_passive_selector,active_full,commanded_step_length_m,0.300,334,0.3394308943089431,0.15462962962962962,984,2160
4DoF_V22_3_3x3_grid_4Nm_curriculum1_extended_active_passive_selector,active_full,commanded_step_length_m,0.350,331,0.3363821138211382,0.15324074074074073,984,2160
4DoF_V22_3_3x3_grid_4Nm_curriculum1_extended_active_passive_selector,active_full,commanded_step_length_m,0.400,319,0.3241869918699187,0.1476851851851852,984,2160
4DoF_V22_3_3x3_grid_4Nm_curriculum1_extended_active_passive_selector,active_full,commanded_step_height_m,0.000,335,0.3404471544715447,0.1550925925925926,984,2160
4DoF_V22_3_3x3_grid_4Nm_curriculum1_extended_active_passive_selector,active_full,commanded_step_height_m,0.020,331,0.3363821138211382,0.15324074074074073,984,2160
4DoF_V22_3_3x3_grid_4Nm_curriculum1_extended_active_passive_selector,active_full,commanded_step_height_m,0.010,318,0.3231707317073171,0.14722222222222223,984,2160
4DoF_V22_3_3x3_grid_4Nm_curriculum1_extended_active_passive_selector,active_full,command_pair,L0.300_H0.020,117,0.11890243902439024,0.05416666666666667,984,2160
4DoF_V22_3_3x3_grid_4Nm_curriculum1_extended_active_passive_selector,active_full,command_pair,L0.300_H0.000,115,0.11686991869918699,0.05324074074074074,984,2160
4DoF_V22_3_3x3_grid_4Nm_curriculum1_extended_active_passive_selector,active_full,command_pair,L0.350_H0.000,113,0.11483739837398374,0.052314814814814814,984,2160
4DoF_V22_3_3x3_grid_4Nm_curriculum1_extended_active_passive_selector,active_full,command_pair,L0.350_H0.010,113,0.11483739837398374,0.052314814814814814,984,2160
4DoF_V22_3_3x3_grid_4Nm_curriculum1_extended_active_passive_selector,active_full,command_pair,L0.400_H0.020,109,0.11077235772357724,0.050462962962962966,984,2160
4DoF_V22_3_3x3_grid_4Nm_curriculum1_extended_active_passive_selector,active_full,command_pair,L0.400_H0.000,107,0.10873983739837398,0.04953703703703704,984,2160
4DoF_V22_3_3x3_grid_4Nm_curriculum1_extended_active_passive_selector,active_full,command_pair,L0.350_H0.020,105,0.10670731707317073,0.04861111111111111,984,2160
4DoF_V22_3_3x3_grid_4Nm_curriculum1_extended_active_passive_selector,active_full,command_pair,L0.400_H0.010,103,0.10467479674796748,0.047685185185185185,984,2160
4DoF_V22_3_3x3_grid_4Nm_curriculum1_extended_active_passive_selector,active_full,command_pair,L0.300_H0.010,102,0.10365853658536585,0.04722222222222222,984,2160
4DoF_V22_3_3x3_grid_4Nm_curriculum1_extended_active_passive_selector,active_full,valid_for_cmt,False,510,0.5182926829268293,0.2361111111111111,984,2160
4DoF_V22_3_3x3_grid_4Nm_curriculum1_extended_active_passive_selector,active_full,valid_for_cmt,True,474,0.4817073170731707,0.21944444444444444,984,2160
4DoF_V22_3_3x3_grid_4Nm_curriculum1_extended_active_passive_selector,active_full,terminal_reason,success,978,0.9939024390243902,0.4527777777777778,984,2160
4DoF_V22_3_3x3_grid_4Nm_curriculum1_extended_active_passive_selector,active_full,terminal_reason,success+touchdown_event,6,0.006097560975609756,0.002777777777777778,984,2160
4DoF_V22_3_3x3_grid_4Nm_curriculum1_extended_active_passive_selector,active_full,passive_selected_from,none,984,1.0,0.45555555555555555,984,2160
4DoF_V22_3_3x3_grid_4Nm_curriculum1_extended_active_passive_selector,passive_oracle_envelope,reset_phase,touchdown,914,0.9241658240647118,0.42314814814814816,989,2160
4DoF_V22_3_3x3_grid_4Nm_curriculum1_extended_active_passive_selector,passive_oracle_envelope,reset_phase,mid_cross,72,0.07280080889787664,0.03333333333333333,989,2160
4DoF_V22_3_3x3_grid_4Nm_curriculum1_extended_active_passive_selector,passive_oracle_envelope,reset_phase,pre_cross,3,0.003033367037411527,0.001388888888888889,989,2160
4DoF_V22_3_3x3_grid_4Nm_curriculum1_extended_active_passive_selector,passive_oracle_envelope,walk_direction,backward,615,0.621840242669363,0.2847222222222222,989,2160
4DoF_V22_3_3x3_grid_4Nm_curriculum1_extended_active_passive_selector,passive_oracle_envelope,walk_direction,forward,374,0.378159757330637,0.17314814814814813,989,2160
4DoF_V22_3_3x3_grid_4Nm_curriculum1_extended_active_passive_selector,passive_oracle_envelope,commanded_step_length_m,0.300,338,0.3417593528816987,0.15648148148148147,989,2160
4DoF_V22_3_3x3_grid_4Nm_curriculum1_extended_active_passive_selector,passive_oracle_envelope,commanded_step_length_m,0.350,330,0.33367037411526795,0.1527777777777778,989,2160
4DoF_V22_3_3x3_grid_4Nm_curriculum1_extended_active_passive_selector,passive_oracle_envelope,commanded_step_length_m,0.400,321,0.32457027300303337,0.1486111111111111,989,2160
4DoF_V22_3_3x3_grid_4Nm_curriculum1_extended_active_passive_selector,passive_oracle_envelope,commanded_step_height_m,0.000,337,0.34074823053589487,0.15601851851851853,989,2160
4DoF_V22_3_3x3_grid_4Nm_curriculum1_extended_active_passive_selector,passive_oracle_envelope,commanded_step_height_m,0.020,334,0.33771486349848334,0.15462962962962962,989,2160
4DoF_V22_3_3x3_grid_4Nm_curriculum1_extended_active_passive_selector,passive_oracle_envelope,commanded_step_height_m,0.010,318,0.32153690596562184,0.14722222222222223,989,2160
4DoF_V22_3_3x3_grid_4Nm_curriculum1_extended_active_passive_selector,passive_oracle_envelope,command_pair,L0.300_H0.000,117,0.11830131445904954,0.05416666666666667,989,2160
4DoF_V22_3_3x3_grid_4Nm_curriculum1_extended_active_passive_selector,passive_oracle_envelope,command_pair,L0.300_H0.020,116,0.1172901921132457,0.053703703703703705,989,2160
4DoF_V22_3_3x3_grid_4Nm_curriculum1_extended_active_passive_selector,passive_oracle_envelope,command_pair,L0.350_H0.000,111,0.1122345803842265,0.05138888888888889,989,2160
4DoF_V22_3_3x3_grid_4Nm_curriculum1_extended_active_passive_selector,passive_oracle_envelope,command_pair,L0.350_H0.010,110,0.11122345803842265,0.05092592592592592,989,2160
4DoF_V22_3_3x3_grid_4Nm_curriculum1_extended_active_passive_selector,passive_oracle_envelope,command_pair,L0.350_H0.020,109,0.1102123356926188,0.050462962962962966,989,2160
4DoF_V22_3_3x3_grid_4Nm_curriculum1_extended_active_passive_selector,passive_oracle_envelope,command_pair,L0.400_H0.000,109,0.1102123356926188,0.050462962962962966,989,2160
4DoF_V22_3_3x3_grid_4Nm_curriculum1_extended_active_passive_selector,passive_oracle_envelope,command_pair,L0.400_H0.020,109,0.1102123356926188,0.050462962962962966,989,2160
4DoF_V22_3_3x3_grid_4Nm_curriculum1_extended_active_passive_selector,passive_oracle_envelope,command_pair,L0.300_H0.010,105,0.10616784630940344,0.04861111111111111,989,2160
4DoF_V22_3_3x3_grid_4Nm_curriculum1_extended_active_passive_selector,passive_oracle_envelope,command_pair,L0.400_H0.010,103,0.10414560161779575,0.047685185185185185,989,2160
4DoF_V22_3_3x3_grid_4Nm_curriculum1_extended_active_passive_selector,passive_oracle_envelope,valid_for_cmt,True,508,0.5136501516683518,0.2351851851851852,989,2160
4DoF_V22_3_3x3_grid_4Nm_curriculum1_extended_active_passive_selector,passive_oracle_envelope,valid_for_cmt,False,481,0.4863498483316481,0.22268518518518518,989,2160
4DoF_V22_3_3x3_grid_4Nm_curriculum1_extended_active_passive_selector,passive_oracle_envelope,terminal_reason,success,987,0.9979777553083923,0.45694444444444443,989,2160
4DoF_V22_3_3x3_grid_4Nm_curriculum1_extended_active_passive_selector,passive_oracle_envelope,terminal_reason,success+touchdown_event,2,0.0020222446916076846,0.000925925925925926,989,2160
4DoF_V22_3_3x3_grid_4Nm_curriculum1_extended_active_passive_selector,passive_oracle_envelope,passive_selected_from,negative,502,0.5075834175935288,0.2324074074074074,989,2160
4DoF_V22_3_3x3_grid_4Nm_curriculum1_extended_active_passive_selector,passive_oracle_envelope,passive_selected_from,positive,487,0.4924165824064712,0.22546296296296298,989,2160
4DoF_V22_3_3x3_grid_4Nm_curriculum1_extended_active_passive_selector,passive_sign_selector,reset_phase,touchdown,889,0.9221991701244814,0.4115740740740741,964,2160
4DoF_V22_3_3x3_grid_4Nm_curriculum1_extended_active_passive_selector,passive_sign_selector,reset_phase,mid_cross,72,0.07468879668049792,0.03333333333333333,964,2160
4DoF_V22_3_3x3_grid_4Nm_curriculum1_extended_active_passive_selector,passive_sign_selector,reset_phase,pre_cross,3,0.0031120331950207467,0.001388888888888889,964,2160
4DoF_V22_3_3x3_grid_4Nm_curriculum1_extended_active_passive_selector,passive_sign_selector,walk_direction,backward,606,0.6286307053941909,0.28055555555555556,964,2160
4DoF_V22_3_3x3_grid_4Nm_curriculum1_extended_active_passive_selector,passive_sign_selector,walk_direction,forward,358,0.37136929460580914,0.16574074074074074,964,2160
4DoF_V22_3_3x3_grid_4Nm_curriculum1_extended_active_passive_selector,passive_sign_selector,commanded_step_length_m,0.300,329,0.3412863070539419,0.15231481481481482,964,2160
4DoF_V22_3_3x3_grid_4Nm_curriculum1_extended_active_passive_selector,passive_sign_selector,commanded_step_length_m,0.350,322,0.33402489626556015,0.14907407407407408,964,2160
4DoF_V22_3_3x3_grid_4Nm_curriculum1_extended_active_passive_selector,passive_sign_selector,commanded_step_length_m,0.400,313,0.32468879668049794,0.1449074074074074,964,2160
4DoF_V22_3_3x3_grid_4Nm_curriculum1_extended_active_passive_selector,passive_sign_selector,commanded_step_height_m,0.000,330,0.34232365145228216,0.1527777777777778,964,2160
4DoF_V22_3_3x3_grid_4Nm_curriculum1_extended_active_passive_selector,passive_sign_selector,commanded_step_height_m,0.020,324,0.3360995850622407,0.15,964,2160
4DoF_V22_3_3x3_grid_4Nm_curriculum1_extended_active_passive_selector,passive_sign_selector,commanded_step_height_m,0.010,310,0.3215767634854772,0.14351851851851852,964,2160
4DoF_V22_3_3x3_grid_4Nm_curriculum1_extended_active_passive_selector,passive_sign_selector,command_pair,L0.300_H0.000,114,0.11825726141078838,0.05277777777777778,964,2160
4DoF_V22_3_3x3_grid_4Nm_curriculum1_extended_active_passive_selector,passive_sign_selector,command_pair,L0.300_H0.020,114,0.11825726141078838,0.05277777777777778,964,2160
4DoF_V22_3_3x3_grid_4Nm_curriculum1_extended_active_passive_selector,passive_sign_selector,command_pair,L0.350_H0.000,110,0.11410788381742738,0.05092592592592592,964,2160
4DoF_V22_3_3x3_grid_4Nm_curriculum1_extended_active_passive_selector,passive_sign_selector,command_pair,L0.350_H0.010,108,0.11203319502074689,0.05,964,2160
4DoF_V22_3_3x3_grid_4Nm_curriculum1_extended_active_passive_selector,passive_sign_selector,command_pair,L0.400_H0.000,106,0.10995850622406639,0.049074074074074076,964,2160
4DoF_V22_3_3x3_grid_4Nm_curriculum1_extended_active_passive_selector,passive_sign_selector,command_pair,L0.400_H0.020,106,0.10995850622406639,0.049074074074074076,964,2160
4DoF_V22_3_3x3_grid_4Nm_curriculum1_extended_active_passive_selector,passive_sign_selector,command_pair,L0.350_H0.020,104,0.1078838174273859,0.04814814814814815,964,2160
4DoF_V22_3_3x3_grid_4Nm_curriculum1_extended_active_passive_selector,passive_sign_selector,command_pair,L0.300_H0.010,101,0.10477178423236515,0.04675925925925926,964,2160
4DoF_V22_3_3x3_grid_4Nm_curriculum1_extended_active_passive_selector,passive_sign_selector,command_pair,L0.400_H0.010,101,0.10477178423236515,0.04675925925925926,964,2160
4DoF_V22_3_3x3_grid_4Nm_curriculum1_extended_active_passive_selector,passive_sign_selector,valid_for_cmt,False,484,0.5020746887966805,0.22407407407407406,964,2160
4DoF_V22_3_3x3_grid_4Nm_curriculum1_extended_active_passive_selector,passive_sign_selector,valid_for_cmt,True,480,0.4979253112033195,0.2222222222222222,964,2160
4DoF_V22_3_3x3_grid_4Nm_curriculum1_extended_active_passive_selector,passive_sign_selector,terminal_reason,success,961,0.9968879668049793,0.4449074074074074,964,2160
4DoF_V22_3_3x3_grid_4Nm_curriculum1_extended_active_passive_selector,passive_sign_selector,terminal_reason,success+touchdown_event,3,0.0031120331950207467,0.001388888888888889,964,2160
4DoF_V22_3_3x3_grid_4Nm_curriculum1_extended_active_passive_selector,passive_sign_selector,passive_selected_from,selector_negative_p1.000,34,0.035269709543568464,0.01574074074074074,964,2160
4DoF_V22_3_3x3_grid_4Nm_curriculum1_extended_active_passive_selector,passive_sign_selector,passive_selected_from,selector_negative_p0.999,20,0.02074688796680498,0.009259259259259259,964,2160
4DoF_V22_3_3x3_grid_4Nm_curriculum1_extended_active_passive_selector,passive_sign_selector,passive_selected_from,selector_positive_p0.987,10,0.01037344398340249,0.004629629629629629,964,2160
4DoF_V22_3_3x3_grid_4Nm_curriculum1_extended_active_passive_selector,passive_sign_selector,passive_selected_from,selector_negative_p0.995,9,0.00933609958506224,0.004166666666666667,964,2160
4DoF_V22_3_3x3_grid_4Nm_curriculum1_extended_active_passive_selector,passive_sign_selector,passive_selected_from,selector_negative_p0.993,7,0.007261410788381743,0.0032407407407407406,964,2160
4DoF_V22_3_3x3_grid_4Nm_curriculum1_extended_active_passive_selector,passive_sign_selector,passive_selected_from,selector_positive_p0.961,7,0.007261410788381743,0.0032407407407407406,964,2160
4DoF_V22_3_3x3_grid_4Nm_curriculum1_extended_active_passive_selector,passive_sign_selector,passive_selected_from,selector_negative_p0.967,6,0.006224066390041493,0.002777777777777778,964,2160
4DoF_V22_3_3x3_grid_4Nm_curriculum1_extended_active_passive_selector,passive_sign_selector,passive_selected_from,selector_negative_p0.984,6,0.006224066390041493,0.002777777777777778,964,2160
4DoF_V22_3_3x3_grid_4Nm_curriculum1_extended_active_passive_selector,passive_sign_selector,passive_selected_from,selector_negative_p0.990,6,0.006224066390041493,0.002777777777777778,964,2160
4DoF_V22_3_3x3_grid_4Nm_curriculum1_extended_active_passive_selector,passive_sign_selector,passive_selected_from,selector_negative_p0.958,5,0.005186721991701245,0.0023148148148148147,964,2160
4DoF_V22_3_3x3_grid_4Nm_curriculum1_extended_active_passive_selector,passive_sign_selector,passive_selected_from,selector_negative_p0.982,5,0.005186721991701245,0.0023148148148148147,964,2160
4DoF_V22_3_3x3_grid_4Nm_curriculum1_extended_active_passive_selector,passive_sign_selector,passive_selected_from,selector_negative_p0.983,5,0.005186721991701245,0.0023148148148148147,964,2160
4DoF_V22_3_3x3_grid_4Nm_curriculum1_extended_active_passive_selector,passive_sign_selector,passive_selected_from,selector_negative_p0.998,5,0.005186721991701245,0.0023148148148148147,964,2160
4DoF_V22_3_3x3_grid_4Nm_curriculum1_extended_active_passive_selector,passive_sign_selector,passive_selected_from,selector_positive_p0.894,5,0.005186721991701245,0.0023148148148148147,964,2160
4DoF_V22_3_3x3_grid_4Nm_curriculum1_extended_active_passive_selector,passive_sign_selector,passive_selected_from,selector_positive_p0.932,5,0.005186721991701245,0.0023148148148148147,964,2160
4DoF_V22_3_3x3_grid_4Nm_curriculum1_extended_active_passive_selector,passive_sign_selector,passive_selected_from,selector_positive_p0.975,5,0.005186721991701245,0.0023148148148148147,964,2160
4DoF_V22_3_3x3_grid_4Nm_curriculum1_extended_active_passive_selector,passive_sign_selector,passive_selected_from,selector_negative_p0.647,4,0.004149377593360996,0.001851851851851852,964,2160
4DoF_V22_3_3x3_grid_4Nm_curriculum1_extended_active_passive_selector,passive_sign_selector,passive_selected_from,selector_negative_p0.735,4,0.004149377593360996,0.001851851851851852,964,2160
4DoF_V22_3_3x3_grid_4Nm_curriculum1_extended_active_passive_selector,passive_sign_selector,passive_selected_from,selector_negative_p0.736,4,0.004149377593360996,0.001851851851851852,964,2160
4DoF_V22_3_3x3_grid_4Nm_curriculum1_extended_active_passive_selector,passive_sign_selector,passive_selected_from,selector_negative_p0.828,4,0.004149377593360996,0.001851851851851852,964,2160
4DoF_V22_3_3x3_grid_4Nm_curriculum1_extended_active_passive_selector,passive_sign_selector,passive_selected_from,selector_negative_p0.945,4,0.004149377593360996,0.001851851851851852,964,2160
4DoF_V22_3_3x3_grid_4Nm_curriculum1_extended_active_passive_selector,passive_sign_selector,passive_selected_from,selector_negative_p0.952,4,0.004149377593360996,0.001851851851851852,964,2160
4DoF_V22_3_3x3_grid_4Nm_curriculum1_extended_active_passive_selector,passive_sign_selector,passive_selected_from,selector_negative_p0.959,4,0.004149377593360996,0.001851851851851852,964,2160
4DoF_V22_3_3x3_grid_4Nm_curriculum1_extended_active_passive_selector,passive_sign_selector,passive_selected_from,selector_negative_p0.971,4,0.004149377593360996,0.001851851851851852,964,2160
4DoF_V22_3_3x3_grid_4Nm_curriculum1_extended_active_passive_selector,passive_sign_selector,passive_selected_from,selector_negative_p0.988,4,0.004149377593360996,0.001851851851851852,964,2160
4DoF_V22_3_3x3_grid_4Nm_curriculum1_extended_active_passive_selector,passive_sign_selector,passive_selected_from,selector_negative_p0.989,4,0.004149377593360996,0.001851851851851852,964,2160
4DoF_V22_3_3x3_grid_4Nm_curriculum1_extended_active_passive_selector,passive_sign_selector,passive_selected_from,selector_negative_p0.992,4,0.004149377593360996,0.001851851851851852,964,2160
4DoF_V22_3_3x3_grid_4Nm_curriculum1_extended_active_passive_selector,passive_sign_selector,passive_selected_from,selector_negative_p0.994,4,0.004149377593360996,0.001851851851851852,964,2160
4DoF_V22_3_3x3_grid_4Nm_curriculum1_extended_active_passive_selector,passive_sign_selector,passive_selected_from,selector_negative_p0.996,4,0.004149377593360996,0.001851851851851852,964,2160
4DoF_V22_3_3x3_grid_4Nm_curriculum1_extended_active_passive_selector,passive_sign_selector,passive_selected_from,selector_positive_p0.796,4,0.004149377593360996,0.001851851851851852,964,2160
4DoF_V22_3_3x3_grid_4Nm_curriculum1_extended_active_passive_selector,passive_sign_selector,passive_selected_from,selector_positive_p0.885,4,0.004149377593360996,0.001851851851851852,964,2160
4DoF_V22_3_3x3_grid_4Nm_curriculum1_extended_active_passive_selector,passive_sign_selector,passive_selected_from,selector_positive_p0.948,4,0.004149377593360996,0.001851851851851852,964,2160
4DoF_V22_3_3x3_grid_4Nm_curriculum1_extended_active_passive_selector,passive_sign_selector,passive_selected_from,selector_positive_p0.967,4,0.004149377593360996,0.001851851851851852,964,2160
4DoF_V22_3_3x3_grid_4Nm_curriculum1_extended_active_passive_selector,passive_sign_selector,passive_selected_from,selector_positive_p0.983,4,0.004149377593360996,0.001851851851851852,964,2160
4DoF_V22_3_3x3_grid_4Nm_curriculum1_extended_active_passive_selector,passive_sign_selector,passive_selected_from,selector_positive_p0.990,4,0.004149377593360996,0.001851851851851852,964,2160
4DoF_V22_3_3x3_grid_4Nm_curriculum1_extended_active_passive_selector,passive_sign_selector,passive_selected_from,selector_positive_p0.995,4,0.004149377593360996,0.001851851851851852,964,2160
4DoF_V22_3_3x3_grid_4Nm_curriculum1_extended_active_passive_selector,passive_sign_selector,passive_selected_from,selector_positive_p0.997,4,0.004149377593360996,0.001851851851851852,964,2160
4DoF_V22_3_3x3_grid_4Nm_curriculum1_extended_active_passive_selector,passive_sign_selector,passive_selected_from,selector_negative_p0.609,3,0.0031120331950207467,0.001388888888888889,964,2160
4DoF_V22_3_3x3_grid_4Nm_curriculum1_extended_active_passive_selector,passive_sign_selector,passive_selected_from,selector_negative_p0.613,3,0.0031120331950207467,0.001388888888888889,964,2160
4DoF_V22_3_3x3_grid_4Nm_curriculum1_extended_active_passive_selector,passive_sign_selector,passive_selected_from,selector_negative_p0.690,3,0.0031120331950207467,0.001388888888888889,964,2160
4DoF_V22_3_3x3_grid_4Nm_curriculum1_extended_active_passive_selector,passive_sign_selector,passive_selected_from,selector_negative_p0.699,3,0.0031120331950207467,0.001388888888888889,964,2160
4DoF_V22_3_3x3_grid_4Nm_curriculum1_extended_active_passive_selector,passive_sign_selector,passive_selected_from,selector_negative_p0.713,3,0.0031120331950207467,0.001388888888888889,964,2160
4DoF_V22_3_3x3_grid_4Nm_curriculum1_extended_active_passive_selector,passive_sign_selector,passive_selected_from,selector_negative_p0.775,3,0.0031120331950207467,0.001388888888888889,964,2160
4DoF_V22_3_3x3_grid_4Nm_curriculum1_extended_active_passive_selector,passive_sign_selector,passive_selected_from,selector_negative_p0.787,3,0.0031120331950207467,0.001388888888888889,964,2160
4DoF_V22_3_3x3_grid_4Nm_curriculum1_extended_active_passive_selector,passive_sign_selector,passive_selected_from,selector_negative_p0.854,3,0.0031120331950207467,0.001388888888888889,964,2160
4DoF_V22_3_3x3_grid_4Nm_curriculum1_extended_active_passive_selector,passive_sign_selector,passive_selected_from,selector_negative_p0.889,3,0.0031120331950207467,0.001388888888888889,964,2160
4DoF_V22_3_3x3_grid_4Nm_curriculum1_extended_active_passive_selector,passive_sign_selector,passive_selected_from,selector_negative_p0.895,3,0.0031120331950207467,0.001388888888888889,964,2160
4DoF_V22_3_3x3_grid_4Nm_curriculum1_extended_active_passive_selector,passive_sign_selector,passive_selected_from,selector_negative_p0.904,3,0.0031120331950207467,0.001388888888888889,964,2160
4DoF_V22_3_3x3_grid_4Nm_curriculum1_extended_active_passive_selector,passive_sign_selector,passive_selected_from,selector_negative_p0.937,3,0.0031120331950207467,0.001388888888888889,964,2160
4DoF_V22_3_3x3_grid_4Nm_curriculum1_extended_active_passive_selector,passive_sign_selector,passive_selected_from,selector_negative_p0.942,3,0.0031120331950207467,0.001388888888888889,964,2160
4DoF_V22_3_3x3_grid_4Nm_curriculum1_extended_active_passive_selector,passive_sign_selector,passive_selected_from,selector_negative_p0.951,3,0.0031120331950207467,0.001388888888888889,964,2160
4DoF_V22_3_3x3_grid_4Nm_curriculum1_extended_active_passive_selector,passive_sign_selector,passive_selected_from,selector_negative_p0.972,3,0.0031120331950207467,0.001388888888888889,964,2160
4DoF_V22_3_3x3_grid_4Nm_curriculum1_extended_active_passive_selector,passive_sign_selector,passive_selected_from,selector_negative_p0.977,3,0.0031120331950207467,0.001388888888888889,964,2160
4DoF_V22_3_3x3_grid_4Nm_curriculum1_extended_active_passive_selector,passive_sign_selector,passive_selected_from,selector_negative_p0.980,3,0.0031120331950207467,0.001388888888888889,964,2160
4DoF_V22_3_3x3_grid_4Nm_curriculum1_extended_active_passive_selector,passive_sign_selector,passive_selected_from,selector_negative_p0.981,3,0.0031120331950207467,0.001388888888888889,964,2160
4DoF_V22_3_3x3_grid_4Nm_curriculum1_extended_active_passive_selector,passive_sign_selector,passive_selected_from,selector_negative_p0.986,3,0.0031120331950207467,0.001388888888888889,964,2160
4DoF_V22_3_3x3_grid_4Nm_curriculum1_extended_active_passive_selector,passive_sign_selector,passive_selected_from,selector_negative_p0.987,3,0.0031120331950207467,0.001388888888888889,964,2160
4DoF_V22_3_3x3_grid_4Nm_curriculum1_extended_active_passive_selector,passive_sign_selector,passive_selected_from,selector_negative_p0.997,3,0.0031120331950207467,0.001388888888888889,964,2160
4DoF_V22_3_3x3_grid_4Nm_curriculum1_extended_active_passive_selector,passive_sign_selector,passive_selected_from,selector_positive_p0.582,3,0.0031120331950207467,0.001388888888888889,964,2160
4DoF_V22_3_3x3_grid_4Nm_curriculum1_extended_active_passive_selector,passive_sign_selector,passive_selected_from,selector_positive_p0.648,3,0.0031120331950207467,0.001388888888888889,964,2160
4DoF_V22_3_3x3_grid_4Nm_curriculum1_extended_active_passive_selector,passive_sign_selector,passive_selected_from,selector_positive_p0.731,3,0.0031120331950207467,0.001388888888888889,964,2160
4DoF_V22_3_3x3_grid_4Nm_curriculum1_extended_active_passive_selector,passive_sign_selector,passive_selected_from,selector_positive_p0.839,3,0.0031120331950207467,0.001388888888888889,964,2160
4DoF_V22_3_3x3_grid_4Nm_curriculum1_extended_active_passive_selector,passive_sign_selector,passive_selected_from,selector_positive_p0.859,3,0.0031120331950207467,0.001388888888888889,964,2160
4DoF_V22_3_3x3_grid_4Nm_curriculum1_extended_active_passive_selector,passive_sign_selector,passive_selected_from,selector_positive_p0.862,3,0.0031120331950207467,0.001388888888888889,964,2160
4DoF_V22_3_3x3_grid_4Nm_curriculum1_extended_active_passive_selector,passive_sign_selector,passive_selected_from,selector_positive_p0.866,3,0.0031120331950207467,0.001388888888888889,964,2160
4DoF_V22_3_3x3_grid_4Nm_curriculum1_extended_active_passive_selector,passive_sign_selector,passive_selected_from,selector_positive_p0.881,3,0.0031120331950207467,0.001388888888888889,964,2160
4DoF_V22_3_3x3_grid_4Nm_curriculum1_extended_active_passive_selector,passive_sign_selector,passive_selected_from,selector_positive_p0.906,3,0.0031120331950207467,0.001388888888888889,964,2160
4DoF_V22_3_3x3_grid_4Nm_curriculum1_extended_active_passive_selector,passive_sign_selector,passive_selected_from,selector_positive_p0.907,3,0.0031120331950207467,0.001388888888888889,964,2160
4DoF_V22_3_3x3_grid_4Nm_curriculum1_extended_active_passive_selector,passive_sign_selector,passive_selected_from,selector_positive_p0.911,3,0.0031120331950207467,0.001388888888888889,964,2160
4DoF_V22_3_3x3_grid_4Nm_curriculum1_extended_active_passive_selector,passive_sign_selector,passive_selected_from,selector_positive_p0.915,3,0.0031120331950207467,0.001388888888888889,964,2160
4DoF_V22_3_3x3_grid_4Nm_curriculum1_extended_active_passive_selector,passive_sign_selector,passive_selected_from,selector_positive_p0.926,3,0.0031120331950207467,0.001388888888888889,964,2160
4DoF_V22_3_3x3_grid_4Nm_curriculum1_extended_active_passive_selector,passive_sign_selector,passive_selected_from,selector_positive_p0.937,3,0.0031120331950207467,0.001388888888888889,964,2160
4DoF_V22_3_3x3_grid_4Nm_curriculum1_extended_active_passive_selector,passive_sign_selector,passive_selected_from,selector_positive_p0.949,3,0.0031120331950207467,0.001388888888888889,964,2160
4DoF_V22_3_3x3_grid_4Nm_curriculum1_extended_active_passive_selector,passive_sign_selector,passive_selected_from,selector_positive_p0.951,3,0.0031120331950207467,0.001388888888888889,964,2160
4DoF_V22_3_3x3_grid_4Nm_curriculum1_extended_active_passive_selector,passive_sign_selector,passive_selected_from,selector_positive_p0.955,3,0.0031120331950207467,0.001388888888888889,964,2160
4DoF_V22_3_3x3_grid_4Nm_curriculum1_extended_active_passive_selector,passive_sign_selector,passive_selected_from,selector_positive_p0.957,3,0.0031120331950207467,0.001388888888888889,964,2160
4DoF_V22_3_3x3_grid_4Nm_curriculum1_extended_active_passive_selector,passive_sign_selector,passive_selected_from,selector_positive_p0.974,3,0.0031120331950207467,0.001388888888888889,964,2160
4DoF_V22_3_3x3_grid_4Nm_curriculum1_extended_active_passive_selector,passive_sign_selector,passive_selected_from,selector_positive_p0.976,3,0.0031120331950207467,0.001388888888888889,964,2160
4DoF_V22_3_3x3_grid_4Nm_curriculum1_extended_active_passive_selector,passive_sign_selector,passive_selected_from,selector_positive_p0.981,3,0.0031120331950207467,0.001388888888888889,964,2160
4DoF_V22_3_3x3_grid_4Nm_curriculum1_extended_active_passive_selector,passive_sign_selector,passive_selected_from,selector_positive_p0.989,3,0.0031120331950207467,0.001388888888888889,964,2160
4DoF_V22_3_3x3_grid_4Nm_curriculum1_extended_active_passive_selector,passive_sign_selector,passive_selected_from,selector_positive_p0.996,3,0.0031120331950207467,0.001388888888888889,964,2160
4DoF_V22_3_3x3_grid_4Nm_curriculum1_extended_active_passive_selector,passive_sign_selector,passive_selected_from,selector_positive_p0.998,3,0.0031120331950207467,0.001388888888888889,964,2160
4DoF_V22_3_3x3_grid_4Nm_curriculum1_extended_active_passive_selector,passive_sign_selector,passive_selected_from,selector_negative_p0.512,2,0.002074688796680498,0.000925925925925926,964,2160
4DoF_V22_3_3x3_grid_4Nm_curriculum1_extended_active_passive_selector,passive_sign_selector,passive_selected_from,selector_negative_p0.539,2,0.002074688796680498,0.000925925925925926,964,2160
4DoF_V22_3_3x3_grid_4Nm_curriculum1_extended_active_passive_selector,passive_sign_selector,passive_selected_from,selector_negative_p0.542,2,0.002074688796680498,0.000925925925925926,964,2160
4DoF_V22_3_3x3_grid_4Nm_curriculum1_extended_active_passive_selector,passive_sign_selector,passive_selected_from,selector_negative_p0.545,2,0.002074688796680498,0.000925925925925926,964,2160
4DoF_V22_3_3x3_grid_4Nm_curriculum1_extended_active_passive_selector,passive_sign_selector,passive_selected_from,selector_negative_p0.578,2,0.002074688796680498,0.000925925925925926,964,2160
4DoF_V22_3_3x3_grid_4Nm_curriculum1_extended_active_passive_selector,passive_sign_selector,passive_selected_from,selector_negative_p0.579,2,0.002074688796680498,0.000925925925925926,964,2160
4DoF_V22_3_3x3_grid_4Nm_curriculum1_extended_active_passive_selector,passive_sign_selector,passive_selected_from,selector_negative_p0.606,2,0.002074688796680498,0.000925925925925926,964,2160
4DoF_V22_3_3x3_grid_4Nm_curriculum1_extended_active_passive_selector,passive_sign_selector,passive_selected_from,selector_negative_p0.607,2,0.002074688796680498,0.000925925925925926,964,2160
4DoF_V22_3_3x3_grid_4Nm_curriculum1_extended_active_passive_selector,passive_sign_selector,passive_selected_from,selector_negative_p0.614,2,0.002074688796680498,0.000925925925925926,964,2160
4DoF_V22_3_3x3_grid_4Nm_curriculum1_extended_active_passive_selector,passive_sign_selector,passive_selected_from,selector_negative_p0.628,2,0.002074688796680498,0.000925925925925926,964,2160
4DoF_V22_3_3x3_grid_4Nm_curriculum1_extended_active_passive_selector,passive_sign_selector,passive_selected_from,selector_negative_p0.630,2,0.002074688796680498,0.000925925925925926,964,2160
4DoF_V22_3_3x3_grid_4Nm_curriculum1_extended_active_passive_selector,passive_sign_selector,passive_selected_from,selector_negative_p0.633,2,0.002074688796680498,0.000925925925925926,964,2160
4DoF_V22_3_3x3_grid_4Nm_curriculum1_extended_active_passive_selector,passive_sign_selector,passive_selected_from,selector_negative_p0.634,2,0.002074688796680498,0.000925925925925926,964,2160
4DoF_V22_3_3x3_grid_4Nm_curriculum1_extended_active_passive_selector,passive_sign_selector,passive_selected_from,selector_negative_p0.661,2,0.002074688796680498,0.000925925925925926,964,2160
4DoF_V22_3_3x3_grid_4Nm_curriculum1_extended_active_passive_selector,passive_sign_selector,passive_selected_from,selector_negative_p0.667,2,0.002074688796680498,0.000925925925925926,964,2160
4DoF_V22_3_3x3_grid_4Nm_curriculum1_extended_active_passive_selector,passive_sign_selector,passive_selected_from,selector_negative_p0.672,2,0.002074688796680498,0.000925925925925926,964,2160
4DoF_V22_3_3x3_grid_4Nm_curriculum1_extended_active_passive_selector,passive_sign_selector,passive_selected_from,selector_negative_p0.691,2,0.002074688796680498,0.000925925925925926,964,2160
4DoF_V22_3_3x3_grid_4Nm_curriculum1_extended_active_passive_selector,passive_sign_selector,passive_selected_from,selector_negative_p0.697,2,0.002074688796680498,0.000925925925925926,964,2160
4DoF_V22_3_3x3_grid_4Nm_curriculum1_extended_active_passive_selector,passive_sign_selector,passive_selected_from,selector_negative_p0.703,2,0.002074688796680498,0.000925925925925926,964,2160
4DoF_V22_3_3x3_grid_4Nm_curriculum1_extended_active_passive_selector,passive_sign_selector,passive_selected_from,selector_negative_p0.717,2,0.002074688796680498,0.000925925925925926,964,2160
4DoF_V22_3_3x3_grid_4Nm_curriculum1_extended_active_passive_selector,passive_sign_selector,passive_selected_from,selector_negative_p0.732,2,0.002074688796680498,0.000925925925925926,964,2160
4DoF_V22_3_3x3_grid_4Nm_curriculum1_extended_active_passive_selector,passive_sign_selector,passive_selected_from,selector_negative_p0.734,2,0.002074688796680498,0.000925925925925926,964,2160
4DoF_V22_3_3x3_grid_4Nm_curriculum1_extended_active_passive_selector,passive_sign_selector,passive_selected_from,selector_negative_p0.737,2,0.002074688796680498,0.000925925925925926,964,2160
4DoF_V22_3_3x3_grid_4Nm_curriculum1_extended_active_passive_selector,passive_sign_selector,passive_selected_from,selector_negative_p0.747,2,0.002074688796680498,0.000925925925925926,964,2160
4DoF_V22_3_3x3_grid_4Nm_curriculum1_extended_active_passive_selector,passive_sign_selector,passive_selected_from,selector_negative_p0.764,2,0.002074688796680498,0.000925925925925926,964,2160
4DoF_V22_3_3x3_grid_4Nm_curriculum1_extended_active_passive_selector,passive_sign_selector,passive_selected_from,selector_negative_p0.772,2,0.002074688796680498,0.000925925925925926,964,2160
4DoF_V22_3_3x3_grid_4Nm_curriculum1_extended_active_passive_selector,passive_sign_selector,passive_selected_from,selector_negative_p0.779,2,0.002074688796680498,0.000925925925925926,964,2160
4DoF_V22_3_3x3_grid_4Nm_curriculum1_extended_active_passive_selector,passive_sign_selector,passive_selected_from,selector_negative_p0.781,2,0.002074688796680498,0.000925925925925926,964,2160
4DoF_V22_3_3x3_grid_4Nm_curriculum1_extended_active_passive_selector,passive_sign_selector,passive_selected_from,selector_negative_p0.782,2,0.002074688796680498,0.000925925925925926,964,2160
4DoF_V22_3_3x3_grid_4Nm_curriculum1_extended_active_passive_selector,passive_sign_selector,passive_selected_from,selector_negative_p0.796,2,0.002074688796680498,0.000925925925925926,964,2160
4DoF_V22_3_3x3_grid_4Nm_curriculum1_extended_active_passive_selector,passive_sign_selector,passive_selected_from,selector_negative_p0.802,2,0.002074688796680498,0.000925925925925926,964,2160
4DoF_V22_3_3x3_grid_4Nm_curriculum1_extended_active_passive_selector,passive_sign_selector,passive_selected_from,selector_negative_p0.803,2,0.002074688796680498,0.000925925925925926,964,2160
4DoF_V22_3_3x3_grid_4Nm_curriculum1_extended_active_passive_selector,passive_sign_selector,passive_selected_from,selector_negative_p0.806,2,0.002074688796680498,0.000925925925925926,964,2160
4DoF_V22_3_3x3_grid_4Nm_curriculum1_extended_active_passive_selector,passive_sign_selector,passive_selected_from,selector_negative_p0.808,2,0.002074688796680498,0.000925925925925926,964,2160
4DoF_V22_3_3x3_grid_4Nm_curriculum1_extended_active_passive_selector,passive_sign_selector,passive_selected_from,selector_negative_p0.816,2,0.002074688796680498,0.000925925925925926,964,2160
4DoF_V22_3_3x3_grid_4Nm_curriculum1_extended_active_passive_selector,passive_sign_selector,passive_selected_from,selector_negative_p0.822,2,0.002074688796680498,0.000925925925925926,964,2160
4DoF_V22_3_3x3_grid_4Nm_curriculum1_extended_active_passive_selector,passive_sign_selector,passive_selected_from,selector_negative_p0.823,2,0.002074688796680498,0.000925925925925926,964,2160
4DoF_V22_3_3x3_grid_4Nm_curriculum1_extended_active_passive_selector,passive_sign_selector,passive_selected_from,selector_negative_p0.832,2,0.002074688796680498,0.000925925925925926,964,2160
4DoF_V22_3_3x3_grid_4Nm_curriculum1_extended_active_passive_selector,passive_sign_selector,passive_selected_from,selector_negative_p0.834,2,0.002074688796680498,0.000925925925925926,964,2160
4DoF_V22_3_3x3_grid_4Nm_curriculum1_extended_active_passive_selector,passive_sign_selector,passive_selected_from,selector_negative_p0.842,2,0.002074688796680498,0.000925925925925926,964,2160
4DoF_V22_3_3x3_grid_4Nm_curriculum1_extended_active_passive_selector,passive_sign_selector,passive_selected_from,selector_negative_p0.843,2,0.002074688796680498,0.000925925925925926,964,2160
4DoF_V22_3_3x3_grid_4Nm_curriculum1_extended_active_passive_selector,passive_sign_selector,passive_selected_from,selector_negative_p0.858,2,0.002074688796680498,0.000925925925925926,964,2160
4DoF_V22_3_3x3_grid_4Nm_curriculum1_extended_active_passive_selector,passive_sign_selector,passive_selected_from,selector_negative_p0.861,2,0.002074688796680498,0.000925925925925926,964,2160
4DoF_V22_3_3x3_grid_4Nm_curriculum1_extended_active_passive_selector,passive_sign_selector,passive_selected_from,selector_negative_p0.862,2,0.002074688796680498,0.000925925925925926,964,2160
4DoF_V22_3_3x3_grid_4Nm_curriculum1_extended_active_passive_selector,passive_sign_selector,passive_selected_from,selector_negative_p0.872,2,0.002074688796680498,0.000925925925925926,964,2160
4DoF_V22_3_3x3_grid_4Nm_curriculum1_extended_active_passive_selector,passive_sign_selector,passive_selected_from,selector_negative_p0.875,2,0.002074688796680498,0.000925925925925926,964,2160
4DoF_V22_3_3x3_grid_4Nm_curriculum1_extended_active_passive_selector,passive_sign_selector,passive_selected_from,selector_negative_p0.877,2,0.002074688796680498,0.000925925925925926,964,2160
4DoF_V22_3_3x3_grid_4Nm_curriculum1_extended_active_passive_selector,passive_sign_selector,passive_selected_from,selector_negative_p0.882,2,0.002074688796680498,0.000925925925925926,964,2160
4DoF_V22_3_3x3_grid_4Nm_curriculum1_extended_active_passive_selector,passive_sign_selector,passive_selected_from,selector_negative_p0.884,2,0.002074688796680498,0.000925925925925926,964,2160
4DoF_V22_3_3x3_grid_4Nm_curriculum1_extended_active_passive_selector,passive_sign_selector,passive_selected_from,selector_negative_p0.891,2,0.002074688796680498,0.000925925925925926,964,2160
4DoF_V22_3_3x3_grid_4Nm_curriculum1_extended_active_passive_selector,passive_sign_selector,passive_selected_from,selector_negative_p0.898,2,0.002074688796680498,0.000925925925925926,964,2160
4DoF_V22_3_3x3_grid_4Nm_curriculum1_extended_active_passive_selector,passive_sign_selector,passive_selected_from,selector_negative_p0.908,2,0.002074688796680498,0.000925925925925926,964,2160
4DoF_V22_3_3x3_grid_4Nm_curriculum1_extended_active_passive_selector,passive_sign_selector,passive_selected_from,selector_negative_p0.911,2,0.002074688796680498,0.000925925925925926,964,2160
4DoF_V22_3_3x3_grid_4Nm_curriculum1_extended_active_passive_selector,passive_sign_selector,passive_selected_from,selector_negative_p0.912,2,0.002074688796680498,0.000925925925925926,964,2160
4DoF_V22_3_3x3_grid_4Nm_curriculum1_extended_active_passive_selector,passive_sign_selector,passive_selected_from,selector_negative_p0.920,2,0.002074688796680498,0.000925925925925926,964,2160
4DoF_V22_3_3x3_grid_4Nm_curriculum1_extended_active_passive_selector,passive_sign_selector,passive_selected_from,selector_negative_p0.921,2,0.002074688796680498,0.000925925925925926,964,2160
4DoF_V22_3_3x3_grid_4Nm_curriculum1_extended_active_passive_selector,passive_sign_selector,passive_selected_from,selector_negative_p0.926,2,0.002074688796680498,0.000925925925925926,964,2160
4DoF_V22_3_3x3_grid_4Nm_curriculum1_extended_active_passive_selector,passive_sign_selector,passive_selected_from,selector_negative_p0.934,2,0.002074688796680498,0.000925925925925926,964,2160
4DoF_V22_3_3x3_grid_4Nm_curriculum1_extended_active_passive_selector,passive_sign_selector,passive_selected_from,selector_negative_p0.935,2,0.002074688796680498,0.000925925925925926,964,2160
4DoF_V22_3_3x3_grid_4Nm_curriculum1_extended_active_passive_selector,passive_sign_selector,passive_selected_from,selector_negative_p0.939,2,0.002074688796680498,0.000925925925925926,964,2160
4DoF_V22_3_3x3_grid_4Nm_curriculum1_extended_active_passive_selector,passive_sign_selector,passive_selected_from,selector_negative_p0.946,2,0.002074688796680498,0.000925925925925926,964,2160
4DoF_V22_3_3x3_grid_4Nm_curriculum1_extended_active_passive_selector,passive_sign_selector,passive_selected_from,selector_negative_p0.947,2,0.002074688796680498,0.000925925925925926,964,2160
4DoF_V22_3_3x3_grid_4Nm_curriculum1_extended_active_passive_selector,passive_sign_selector,passive_selected_from,selector_negative_p0.954,2,0.002074688796680498,0.000925925925925926,964,2160
4DoF_V22_3_3x3_grid_4Nm_curriculum1_extended_active_passive_selector,passive_sign_selector,passive_selected_from,selector_negative_p0.955,2,0.002074688796680498,0.000925925925925926,964,2160
4DoF_V22_3_3x3_grid_4Nm_curriculum1_extended_active_passive_selector,passive_sign_selector,passive_selected_from,selector_negative_p0.960,2,0.002074688796680498,0.000925925925925926,964,2160
4DoF_V22_3_3x3_grid_4Nm_curriculum1_extended_active_passive_selector,passive_sign_selector,passive_selected_from,selector_negative_p0.961,2,0.002074688796680498,0.000925925925925926,964,2160
4DoF_V22_3_3x3_grid_4Nm_curriculum1_extended_active_passive_selector,passive_sign_selector,passive_selected_from,selector_negative_p0.962,2,0.002074688796680498,0.000925925925925926,964,2160
4DoF_V22_3_3x3_grid_4Nm_curriculum1_extended_active_passive_selector,passive_sign_selector,passive_selected_from,selector_negative_p0.963,2,0.002074688796680498,0.000925925925925926,964,2160
4DoF_V22_3_3x3_grid_4Nm_curriculum1_extended_active_passive_selector,passive_sign_selector,passive_selected_from,selector_negative_p0.964,2,0.002074688796680498,0.000925925925925926,964,2160
4DoF_V22_3_3x3_grid_4Nm_curriculum1_extended_active_passive_selector,passive_sign_selector,passive_selected_from,selector_negative_p0.965,2,0.002074688796680498,0.000925925925925926,964,2160
4DoF_V22_3_3x3_grid_4Nm_curriculum1_extended_active_passive_selector,passive_sign_selector,passive_selected_from,selector_negative_p0.969,2,0.002074688796680498,0.000925925925925926,964,2160
4DoF_V22_3_3x3_grid_4Nm_curriculum1_extended_active_passive_selector,passive_sign_selector,passive_selected_from,selector_negative_p0.973,2,0.002074688796680498,0.000925925925925926,964,2160
4DoF_V22_3_3x3_grid_4Nm_curriculum1_extended_active_passive_selector,passive_sign_selector,passive_selected_from,selector_negative_p0.975,2,0.002074688796680498,0.000925925925925926,964,2160
4DoF_V22_3_3x3_grid_4Nm_curriculum1_extended_active_passive_selector,passive_sign_selector,passive_selected_from,selector_negative_p0.978,2,0.002074688796680498,0.000925925925925926,964,2160
4DoF_V22_3_3x3_grid_4Nm_curriculum1_extended_active_passive_selector,passive_sign_selector,passive_selected_from,selector_negative_p0.991,2,0.002074688796680498,0.000925925925925926,964,2160
4DoF_V22_3_3x3_grid_4Nm_curriculum1_extended_active_passive_selector,passive_sign_selector,passive_selected_from,selector_positive_p0.504,2,0.002074688796680498,0.000925925925925926,964,2160
4DoF_V22_3_3x3_grid_4Nm_curriculum1_extended_active_passive_selector,passive_sign_selector,passive_selected_from,selector_positive_p0.511,2,0.002074688796680498,0.000925925925925926,964,2160
4DoF_V22_3_3x3_grid_4Nm_curriculum1_extended_active_passive_selector,passive_sign_selector,passive_selected_from,selector_positive_p0.519,2,0.002074688796680498,0.000925925925925926,964,2160
4DoF_V22_3_3x3_grid_4Nm_curriculum1_extended_active_passive_selector,passive_sign_selector,passive_selected_from,selector_positive_p0.535,2,0.002074688796680498,0.000925925925925926,964,2160
4DoF_V22_3_3x3_grid_4Nm_curriculum1_extended_active_passive_selector,passive_sign_selector,passive_selected_from,selector_positive_p0.544,2,0.002074688796680498,0.000925925925925926,964,2160
4DoF_V22_3_3x3_grid_4Nm_curriculum1_extended_active_passive_selector,passive_sign_selector,passive_selected_from,selector_positive_p0.549,2,0.002074688796680498,0.000925925925925926,964,2160
4DoF_V22_3_3x3_grid_4Nm_curriculum1_extended_active_passive_selector,passive_sign_selector,passive_selected_from,selector_positive_p0.578,2,0.002074688796680498,0.000925925925925926,964,2160
4DoF_V22_3_3x3_grid_4Nm_curriculum1_extended_active_passive_selector,passive_sign_selector,passive_selected_from,selector_positive_p0.586,2,0.002074688796680498,0.000925925925925926,964,2160
4DoF_V22_3_3x3_grid_4Nm_curriculum1_extended_active_passive_selector,passive_sign_selector,passive_selected_from,selector_positive_p0.592,2,0.002074688796680498,0.000925925925925926,964,2160
4DoF_V22_3_3x3_grid_4Nm_curriculum1_extended_active_passive_selector,passive_sign_selector,passive_selected_from,selector_positive_p0.608,2,0.002074688796680498,0.000925925925925926,964,2160
4DoF_V22_3_3x3_grid_4Nm_curriculum1_extended_active_passive_selector,passive_sign_selector,passive_selected_from,selector_positive_p0.613,2,0.002074688796680498,0.000925925925925926,964,2160
4DoF_V22_3_3x3_grid_4Nm_curriculum1_extended_active_passive_selector,passive_sign_selector,passive_selected_from,selector_positive_p0.617,2,0.002074688796680498,0.000925925925925926,964,2160
4DoF_V22_3_3x3_grid_4Nm_curriculum1_extended_active_passive_selector,passive_sign_selector,passive_selected_from,selector_positive_p0.624,2,0.002074688796680498,0.000925925925925926,964,2160
4DoF_V22_3_3x3_grid_4Nm_curriculum1_extended_active_passive_selector,passive_sign_selector,passive_selected_from,selector_positive_p0.625,2,0.002074688796680498,0.000925925925925926,964,2160
4DoF_V22_3_3x3_grid_4Nm_curriculum1_extended_active_passive_selector,passive_sign_selector,passive_selected_from,selector_positive_p0.630,2,0.002074688796680498,0.000925925925925926,964,2160
4DoF_V22_3_3x3_grid_4Nm_curriculum1_extended_active_passive_selector,passive_sign_selector,passive_selected_from,selector_positive_p0.664,2,0.002074688796680498,0.000925925925925926,964,2160
4DoF_V22_3_3x3_grid_4Nm_curriculum1_extended_active_passive_selector,passive_sign_selector,passive_selected_from,selector_positive_p0.696,2,0.002074688796680498,0.000925925925925926,964,2160
4DoF_V22_3_3x3_grid_4Nm_curriculum1_extended_active_passive_selector,passive_sign_selector,passive_selected_from,selector_positive_p0.715,2,0.002074688796680498,0.000925925925925926,964,2160
4DoF_V22_3_3x3_grid_4Nm_curriculum1_extended_active_passive_selector,passive_sign_selector,passive_selected_from,selector_positive_p0.723,2,0.002074688796680498,0.000925925925925926,964,2160
4DoF_V22_3_3x3_grid_4Nm_curriculum1_extended_active_passive_selector,passive_sign_selector,passive_selected_from,selector_positive_p0.725,2,0.002074688796680498,0.000925925925925926,964,2160
4DoF_V22_3_3x3_grid_4Nm_curriculum1_extended_active_passive_selector,passive_sign_selector,passive_selected_from,selector_positive_p0.735,2,0.002074688796680498,0.000925925925925926,964,2160
4DoF_V22_3_3x3_grid_4Nm_curriculum1_extended_active_passive_selector,passive_sign_selector,passive_selected_from,selector_positive_p0.744,2,0.002074688796680498,0.000925925925925926,964,2160
4DoF_V22_3_3x3_grid_4Nm_curriculum1_extended_active_passive_selector,passive_sign_selector,passive_selected_from,selector_positive_p0.754,2,0.002074688796680498,0.000925925925925926,964,2160
4DoF_V22_3_3x3_grid_4Nm_curriculum1_extended_active_passive_selector,passive_sign_selector,passive_selected_from,selector_positive_p0.757,2,0.002074688796680498,0.000925925925925926,964,2160
4DoF_V22_3_3x3_grid_4Nm_curriculum1_extended_active_passive_selector,passive_sign_selector,passive_selected_from,selector_positive_p0.772,2,0.002074688796680498,0.000925925925925926,964,2160
4DoF_V22_3_3x3_grid_4Nm_curriculum1_extended_active_passive_selector,passive_sign_selector,passive_selected_from,selector_positive_p0.775,2,0.002074688796680498,0.000925925925925926,964,2160
4DoF_V22_3_3x3_grid_4Nm_curriculum1_extended_active_passive_selector,passive_sign_selector,passive_selected_from,selector_positive_p0.777,2,0.002074688796680498,0.000925925925925926,964,2160
4DoF_V22_3_3x3_grid_4Nm_curriculum1_extended_active_passive_selector,passive_sign_selector,passive_selected_from,selector_positive_p0.788,2,0.002074688796680498,0.000925925925925926,964,2160
4DoF_V22_3_3x3_grid_4Nm_curriculum1_extended_active_passive_selector,passive_sign_selector,passive_selected_from,selector_positive_p0.798,2,0.002074688796680498,0.000925925925925926,964,2160
4DoF_V22_3_3x3_grid_4Nm_curriculum1_extended_active_passive_selector,passive_sign_selector,passive_selected_from,selector_positive_p0.801,2,0.002074688796680498,0.000925925925925926,964,2160
4DoF_V22_3_3x3_grid_4Nm_curriculum1_extended_active_passive_selector,passive_sign_selector,passive_selected_from,selector_positive_p0.826,2,0.002074688796680498,0.000925925925925926,964,2160
4DoF_V22_3_3x3_grid_4Nm_curriculum1_extended_active_passive_selector,passive_sign_selector,passive_selected_from,selector_positive_p0.827,2,0.002074688796680498,0.000925925925925926,964,2160
4DoF_V22_3_3x3_grid_4Nm_curriculum1_extended_active_passive_selector,passive_sign_selector,passive_selected_from,selector_positive_p0.829,2,0.002074688796680498,0.000925925925925926,964,2160
4DoF_V22_3_3x3_grid_4Nm_curriculum1_extended_active_passive_selector,passive_sign_selector,passive_selected_from,selector_positive_p0.831,2,0.002074688796680498,0.000925925925925926,964,2160
4DoF_V22_3_3x3_grid_4Nm_curriculum1_extended_active_passive_selector,passive_sign_selector,passive_selected_from,selector_positive_p0.845,2,0.002074688796680498,0.000925925925925926,964,2160
4DoF_V22_3_3x3_grid_4Nm_curriculum1_extended_active_passive_selector,passive_sign_selector,passive_selected_from,selector_positive_p0.851,2,0.002074688796680498,0.000925925925925926,964,2160
4DoF_V22_3_3x3_grid_4Nm_curriculum1_extended_active_passive_selector,passive_sign_selector,passive_selected_from,selector_positive_p0.855,2,0.002074688796680498,0.000925925925925926,964,2160
4DoF_V22_3_3x3_grid_4Nm_curriculum1_extended_active_passive_selector,passive_sign_selector,passive_selected_from,selector_positive_p0.857,2,0.002074688796680498,0.000925925925925926,964,2160
4DoF_V22_3_3x3_grid_4Nm_curriculum1_extended_active_passive_selector,passive_sign_selector,passive_selected_from,selector_positive_p0.860,2,0.002074688796680498,0.000925925925925926,964,2160
4DoF_V22_3_3x3_grid_4Nm_curriculum1_extended_active_passive_selector,passive_sign_selector,passive_selected_from,selector_positive_p0.864,2,0.002074688796680498,0.000925925925925926,964,2160
4DoF_V22_3_3x3_grid_4Nm_curriculum1_extended_active_passive_selector,passive_sign_selector,passive_selected_from,selector_positive_p0.867,2,0.002074688796680498,0.000925925925925926,964,2160
4DoF_V22_3_3x3_grid_4Nm_curriculum1_extended_active_passive_selector,passive_sign_selector,passive_selected_from,selector_positive_p0.883,2,0.002074688796680498,0.000925925925925926,964,2160
4DoF_V22_3_3x3_grid_4Nm_curriculum1_extended_active_passive_selector,passive_sign_selector,passive_selected_from,selector_positive_p0.887,2,0.002074688796680498,0.000925925925925926,964,2160
4DoF_V22_3_3x3_grid_4Nm_curriculum1_extended_active_passive_selector,passive_sign_selector,passive_selected_from,selector_positive_p0.890,2,0.002074688796680498,0.000925925925925926,964,2160
4DoF_V22_3_3x3_grid_4Nm_curriculum1_extended_active_passive_selector,passive_sign_selector,passive_selected_from,selector_positive_p0.892,2,0.002074688796680498,0.000925925925925926,964,2160
4DoF_V22_3_3x3_grid_4Nm_curriculum1_extended_active_passive_selector,passive_sign_selector,passive_selected_from,selector_positive_p0.893,2,0.002074688796680498,0.000925925925925926,964,2160
4DoF_V22_3_3x3_grid_4Nm_curriculum1_extended_active_passive_selector,passive_sign_selector,passive_selected_from,selector_positive_p0.898,2,0.002074688796680498,0.000925925925925926,964,2160
4DoF_V22_3_3x3_grid_4Nm_curriculum1_extended_active_passive_selector,passive_sign_selector,passive_selected_from,selector_positive_p0.914,2,0.002074688796680498,0.000925925925925926,964,2160
4DoF_V22_3_3x3_grid_4Nm_curriculum1_extended_active_passive_selector,passive_sign_selector,passive_selected_from,selector_positive_p0.917,2,0.002074688796680498,0.000925925925925926,964,2160
4DoF_V22_3_3x3_grid_4Nm_curriculum1_extended_active_passive_selector,passive_sign_selector,passive_selected_from,selector_positive_p0.920,2,0.002074688796680498,0.000925925925925926,964,2160
4DoF_V22_3_3x3_grid_4Nm_curriculum1_extended_active_passive_selector,passive_sign_selector,passive_selected_from,selector_positive_p0.928,2,0.002074688796680498,0.000925925925925926,964,2160
4DoF_V22_3_3x3_grid_4Nm_curriculum1_extended_active_passive_selector,passive_sign_selector,passive_selected_from,selector_positive_p0.933,2,0.002074688796680498,0.000925925925925926,964,2160
4DoF_V22_3_3x3_grid_4Nm_curriculum1_extended_active_passive_selector,passive_sign_selector,passive_selected_from,selector_positive_p0.942,2,0.002074688796680498,0.000925925925925926,964,2160
4DoF_V22_3_3x3_grid_4Nm_curriculum1_extended_active_passive_selector,passive_sign_selector,passive_selected_from,selector_positive_p0.945,2,0.002074688796680498,0.000925925925925926,964,2160
4DoF_V22_3_3x3_grid_4Nm_curriculum1_extended_active_passive_selector,passive_sign_selector,passive_selected_from,selector_positive_p0.946,2,0.002074688796680498,0.000925925925925926,964,2160
4DoF_V22_3_3x3_grid_4Nm_curriculum1_extended_active_passive_selector,passive_sign_selector,passive_selected_from,selector_positive_p0.952,2,0.002074688796680498,0.000925925925925926,964,2160
4DoF_V22_3_3x3_grid_4Nm_curriculum1_extended_active_passive_selector,passive_sign_selector,passive_selected_from,selector_positive_p0.954,2,0.002074688796680498,0.000925925925925926,964,2160
4DoF_V22_3_3x3_grid_4Nm_curriculum1_extended_active_passive_selector,passive_sign_selector,passive_selected_from,selector_positive_p0.956,2,0.002074688796680498,0.000925925925925926,964,2160
4DoF_V22_3_3x3_grid_4Nm_curriculum1_extended_active_passive_selector,passive_sign_selector,passive_selected_from,selector_positive_p0.960,2,0.002074688796680498,0.000925925925925926,964,2160
4DoF_V22_3_3x3_grid_4Nm_curriculum1_extended_active_passive_selector,passive_sign_selector,passive_selected_from,selector_positive_p0.964,2,0.002074688796680498,0.000925925925925926,964,2160
4DoF_V22_3_3x3_grid_4Nm_curriculum1_extended_active_passive_selector,passive_sign_selector,passive_selected_from,selector_positive_p0.965,2,0.002074688796680498,0.000925925925925926,964,2160
4DoF_V22_3_3x3_grid_4Nm_curriculum1_extended_active_passive_selector,passive_sign_selector,passive_selected_from,selector_positive_p0.966,2,0.002074688796680498,0.000925925925925926,964,2160
4DoF_V22_3_3x3_grid_4Nm_curriculum1_extended_active_passive_selector,passive_sign_selector,passive_selected_from,selector_positive_p0.968,2,0.002074688796680498,0.000925925925925926,964,2160
4DoF_V22_3_3x3_grid_4Nm_curriculum1_extended_active_passive_selector,passive_sign_selector,passive_selected_from,selector_positive_p0.970,2,0.002074688796680498,0.000925925925925926,964,2160
4DoF_V22_3_3x3_grid_4Nm_curriculum1_extended_active_passive_selector,passive_sign_selector,passive_selected_from,selector_positive_p0.978,2,0.002074688796680498,0.000925925925925926,964,2160
4DoF_V22_3_3x3_grid_4Nm_curriculum1_extended_active_passive_selector,passive_sign_selector,passive_selected_from,selector_positive_p0.985,2,0.002074688796680498,0.000925925925925926,964,2160
4DoF_V22_3_3x3_grid_4Nm_curriculum1_extended_active_passive_selector,passive_sign_selector,passive_selected_from,selector_positive_p0.988,2,0.002074688796680498,0.000925925925925926,964,2160
4DoF_V22_3_3x3_grid_4Nm_curriculum1_extended_active_passive_selector,passive_sign_selector,passive_selected_from,selector_positive_p0.991,2,0.002074688796680498,0.000925925925925926,964,2160
4DoF_V22_3_3x3_grid_4Nm_curriculum1_extended_active_passive_selector,passive_sign_selector,passive_selected_from,selector_positive_p0.994,2,0.002074688796680498,0.000925925925925926,964,2160
4DoF_V22_3_3x3_grid_4Nm_curriculum1_extended_active_passive_selector,passive_sign_selector,passive_selected_from,selector_positive_p0.999,2,0.002074688796680498,0.000925925925925926,964,2160
4DoF_V22_3_3x3_grid_4Nm_curriculum1_extended_active_passive_selector,passive_sign_selector,passive_selected_from,selector_negative_p0.501,1,0.001037344398340249,0.000462962962962963,964,2160
4DoF_V22_3_3x3_grid_4Nm_curriculum1_extended_active_passive_selector,passive_sign_selector,passive_selected_from,selector_negative_p0.511,1,0.001037344398340249,0.000462962962962963,964,2160
4DoF_V22_3_3x3_grid_4Nm_curriculum1_extended_active_passive_selector,passive_sign_selector,passive_selected_from,selector_negative_p0.513,1,0.001037344398340249,0.000462962962962963,964,2160
4DoF_V22_3_3x3_grid_4Nm_curriculum1_extended_active_passive_selector,passive_sign_selector,passive_selected_from,selector_negative_p0.517,1,0.001037344398340249,0.000462962962962963,964,2160
4DoF_V22_3_3x3_grid_4Nm_curriculum1_extended_active_passive_selector,passive_sign_selector,passive_selected_from,selector_negative_p0.518,1,0.001037344398340249,0.000462962962962963,964,2160
4DoF_V22_3_3x3_grid_4Nm_curriculum1_extended_active_passive_selector,passive_sign_selector,passive_selected_from,selector_negative_p0.520,1,0.001037344398340249,0.000462962962962963,964,2160
4DoF_V22_3_3x3_grid_4Nm_curriculum1_extended_active_passive_selector,passive_sign_selector,passive_selected_from,selector_negative_p0.526,1,0.001037344398340249,0.000462962962962963,964,2160
4DoF_V22_3_3x3_grid_4Nm_curriculum1_extended_active_passive_selector,passive_sign_selector,passive_selected_from,selector_negative_p0.528,1,0.001037344398340249,0.000462962962962963,964,2160
4DoF_V22_3_3x3_grid_4Nm_curriculum1_extended_active_passive_selector,passive_sign_selector,passive_selected_from,selector_negative_p0.529,1,0.001037344398340249,0.000462962962962963,964,2160
4DoF_V22_3_3x3_grid_4Nm_curriculum1_extended_active_passive_selector,passive_sign_selector,passive_selected_from,selector_negative_p0.532,1,0.001037344398340249,0.000462962962962963,964,2160
4DoF_V22_3_3x3_grid_4Nm_curriculum1_extended_active_passive_selector,passive_sign_selector,passive_selected_from,selector_negative_p0.534,1,0.001037344398340249,0.000462962962962963,964,2160
4DoF_V22_3_3x3_grid_4Nm_curriculum1_extended_active_passive_selector,passive_sign_selector,passive_selected_from,selector_negative_p0.538,1,0.001037344398340249,0.000462962962962963,964,2160
4DoF_V22_3_3x3_grid_4Nm_curriculum1_extended_active_passive_selector,passive_sign_selector,passive_selected_from,selector_negative_p0.546,1,0.001037344398340249,0.000462962962962963,964,2160
4DoF_V22_3_3x3_grid_4Nm_curriculum1_extended_active_passive_selector,passive_sign_selector,passive_selected_from,selector_negative_p0.555,1,0.001037344398340249,0.000462962962962963,964,2160
4DoF_V22_3_3x3_grid_4Nm_curriculum1_extended_active_passive_selector,passive_sign_selector,passive_selected_from,selector_negative_p0.571,1,0.001037344398340249,0.000462962962962963,964,2160
4DoF_V22_3_3x3_grid_4Nm_curriculum1_extended_active_passive_selector,passive_sign_selector,passive_selected_from,selector_negative_p0.572,1,0.001037344398340249,0.000462962962962963,964,2160
4DoF_V22_3_3x3_grid_4Nm_curriculum1_extended_active_passive_selector,passive_sign_selector,passive_selected_from,selector_negative_p0.573,1,0.001037344398340249,0.000462962962962963,964,2160
4DoF_V22_3_3x3_grid_4Nm_curriculum1_extended_active_passive_selector,passive_sign_selector,passive_selected_from,selector_negative_p0.574,1,0.001037344398340249,0.000462962962962963,964,2160
4DoF_V22_3_3x3_grid_4Nm_curriculum1_extended_active_passive_selector,passive_sign_selector,passive_selected_from,selector_negative_p0.581,1,0.001037344398340249,0.000462962962962963,964,2160
4DoF_V22_3_3x3_grid_4Nm_curriculum1_extended_active_passive_selector,passive_sign_selector,passive_selected_from,selector_negative_p0.585,1,0.001037344398340249,0.000462962962962963,964,2160
4DoF_V22_3_3x3_grid_4Nm_curriculum1_extended_active_passive_selector,passive_sign_selector,passive_selected_from,selector_negative_p0.586,1,0.001037344398340249,0.000462962962962963,964,2160
4DoF_V22_3_3x3_grid_4Nm_curriculum1_extended_active_passive_selector,passive_sign_selector,passive_selected_from,selector_negative_p0.587,1,0.001037344398340249,0.000462962962962963,964,2160
4DoF_V22_3_3x3_grid_4Nm_curriculum1_extended_active_passive_selector,passive_sign_selector,passive_selected_from,selector_negative_p0.591,1,0.001037344398340249,0.000462962962962963,964,2160
4DoF_V22_3_3x3_grid_4Nm_curriculum1_extended_active_passive_selector,passive_sign_selector,passive_selected_from,selector_negative_p0.592,1,0.001037344398340249,0.000462962962962963,964,2160
4DoF_V22_3_3x3_grid_4Nm_curriculum1_extended_active_passive_selector,passive_sign_selector,passive_selected_from,selector_negative_p0.593,1,0.001037344398340249,0.000462962962962963,964,2160
4DoF_V22_3_3x3_grid_4Nm_curriculum1_extended_active_passive_selector,passive_sign_selector,passive_selected_from,selector_negative_p0.596,1,0.001037344398340249,0.000462962962962963,964,2160
4DoF_V22_3_3x3_grid_4Nm_curriculum1_extended_active_passive_selector,passive_sign_selector,passive_selected_from,selector_negative_p0.597,1,0.001037344398340249,0.000462962962962963,964,2160
4DoF_V22_3_3x3_grid_4Nm_curriculum1_extended_active_passive_selector,passive_sign_selector,passive_selected_from,selector_negative_p0.601,1,0.001037344398340249,0.000462962962962963,964,2160
4DoF_V22_3_3x3_grid_4Nm_curriculum1_extended_active_passive_selector,passive_sign_selector,passive_selected_from,selector_negative_p0.604,1,0.001037344398340249,0.000462962962962963,964,2160
4DoF_V22_3_3x3_grid_4Nm_curriculum1_extended_active_passive_selector,passive_sign_selector,passive_selected_from,selector_negative_p0.608,1,0.001037344398340249,0.000462962962962963,964,2160
4DoF_V22_3_3x3_grid_4Nm_curriculum1_extended_active_passive_selector,passive_sign_selector,passive_selected_from,selector_negative_p0.612,1,0.001037344398340249,0.000462962962962963,964,2160
4DoF_V22_3_3x3_grid_4Nm_curriculum1_extended_active_passive_selector,passive_sign_selector,passive_selected_from,selector_negative_p0.615,1,0.001037344398340249,0.000462962962962963,964,2160
4DoF_V22_3_3x3_grid_4Nm_curriculum1_extended_active_passive_selector,passive_sign_selector,passive_selected_from,selector_negative_p0.616,1,0.001037344398340249,0.000462962962962963,964,2160
4DoF_V22_3_3x3_grid_4Nm_curriculum1_extended_active_passive_selector,passive_sign_selector,passive_selected_from,selector_negative_p0.619,1,0.001037344398340249,0.000462962962962963,964,2160
4DoF_V22_3_3x3_grid_4Nm_curriculum1_extended_active_passive_selector,passive_sign_selector,passive_selected_from,selector_negative_p0.620,1,0.001037344398340249,0.000462962962962963,964,2160
4DoF_V22_3_3x3_grid_4Nm_curriculum1_extended_active_passive_selector,passive_sign_selector,passive_selected_from,selector_negative_p0.622,1,0.001037344398340249,0.000462962962962963,964,2160
4DoF_V22_3_3x3_grid_4Nm_curriculum1_extended_active_passive_selector,passive_sign_selector,passive_selected_from,selector_negative_p0.627,1,0.001037344398340249,0.000462962962962963,964,2160
4DoF_V22_3_3x3_grid_4Nm_curriculum1_extended_active_passive_selector,passive_sign_selector,passive_selected_from,selector_negative_p0.632,1,0.001037344398340249,0.000462962962962963,964,2160
4DoF_V22_3_3x3_grid_4Nm_curriculum1_extended_active_passive_selector,passive_sign_selector,passive_selected_from,selector_negative_p0.636,1,0.001037344398340249,0.000462962962962963,964,2160
4DoF_V22_3_3x3_grid_4Nm_curriculum1_extended_active_passive_selector,passive_sign_selector,passive_selected_from,selector_negative_p0.638,1,0.001037344398340249,0.000462962962962963,964,2160
4DoF_V22_3_3x3_grid_4Nm_curriculum1_extended_active_passive_selector,passive_sign_selector,passive_selected_from,selector_negative_p0.640,1,0.001037344398340249,0.000462962962962963,964,2160
4DoF_V22_3_3x3_grid_4Nm_curriculum1_extended_active_passive_selector,passive_sign_selector,passive_selected_from,selector_negative_p0.648,1,0.001037344398340249,0.000462962962962963,964,2160
4DoF_V22_3_3x3_grid_4Nm_curriculum1_extended_active_passive_selector,passive_sign_selector,passive_selected_from,selector_negative_p0.649,1,0.001037344398340249,0.000462962962962963,964,2160
4DoF_V22_3_3x3_grid_4Nm_curriculum1_extended_active_passive_selector,passive_sign_selector,passive_selected_from,selector_negative_p0.651,1,0.001037344398340249,0.000462962962962963,964,2160
4DoF_V22_3_3x3_grid_4Nm_curriculum1_extended_active_passive_selector,passive_sign_selector,passive_selected_from,selector_negative_p0.658,1,0.001037344398340249,0.000462962962962963,964,2160
4DoF_V22_3_3x3_grid_4Nm_curriculum1_extended_active_passive_selector,passive_sign_selector,passive_selected_from,selector_negative_p0.662,1,0.001037344398340249,0.000462962962962963,964,2160
4DoF_V22_3_3x3_grid_4Nm_curriculum1_extended_active_passive_selector,passive_sign_selector,passive_selected_from,selector_negative_p0.663,1,0.001037344398340249,0.000462962962962963,964,2160
4DoF_V22_3_3x3_grid_4Nm_curriculum1_extended_active_passive_selector,passive_sign_selector,passive_selected_from,selector_negative_p0.664,1,0.001037344398340249,0.000462962962962963,964,2160
4DoF_V22_3_3x3_grid_4Nm_curriculum1_extended_active_passive_selector,passive_sign_selector,passive_selected_from,selector_negative_p0.665,1,0.001037344398340249,0.000462962962962963,964,2160
4DoF_V22_3_3x3_grid_4Nm_curriculum1_extended_active_passive_selector,passive_sign_selector,passive_selected_from,selector_negative_p0.670,1,0.001037344398340249,0.000462962962962963,964,2160
4DoF_V22_3_3x3_grid_4Nm_curriculum1_extended_active_passive_selector,passive_sign_selector,passive_selected_from,selector_negative_p0.671,1,0.001037344398340249,0.000462962962962963,964,2160
4DoF_V22_3_3x3_grid_4Nm_curriculum1_extended_active_passive_selector,passive_sign_selector,passive_selected_from,selector_negative_p0.675,1,0.001037344398340249,0.000462962962962963,964,2160
4DoF_V22_3_3x3_grid_4Nm_curriculum1_extended_active_passive_selector,passive_sign_selector,passive_selected_from,selector_negative_p0.677,1,0.001037344398340249,0.000462962962962963,964,2160
4DoF_V22_3_3x3_grid_4Nm_curriculum1_extended_active_passive_selector,passive_sign_selector,passive_selected_from,selector_negative_p0.678,1,0.001037344398340249,0.000462962962962963,964,2160
4DoF_V22_3_3x3_grid_4Nm_curriculum1_extended_active_passive_selector,passive_sign_selector,passive_selected_from,selector_negative_p0.679,1,0.001037344398340249,0.000462962962962963,964,2160
4DoF_V22_3_3x3_grid_4Nm_curriculum1_extended_active_passive_selector,passive_sign_selector,passive_selected_from,selector_negative_p0.680,1,0.001037344398340249,0.000462962962962963,964,2160
4DoF_V22_3_3x3_grid_4Nm_curriculum1_extended_active_passive_selector,passive_sign_selector,passive_selected_from,selector_negative_p0.681,1,0.001037344398340249,0.000462962962962963,964,2160
4DoF_V22_3_3x3_grid_4Nm_curriculum1_extended_active_passive_selector,passive_sign_selector,passive_selected_from,selector_negative_p0.683,1,0.001037344398340249,0.000462962962962963,964,2160
4DoF_V22_3_3x3_grid_4Nm_curriculum1_extended_active_passive_selector,passive_sign_selector,passive_selected_from,selector_negative_p0.684,1,0.001037344398340249,0.000462962962962963,964,2160
4DoF_V22_3_3x3_grid_4Nm_curriculum1_extended_active_passive_selector,passive_sign_selector,passive_selected_from,selector_negative_p0.687,1,0.001037344398340249,0.000462962962962963,964,2160
4DoF_V22_3_3x3_grid_4Nm_curriculum1_extended_active_passive_selector,passive_sign_selector,passive_selected_from,selector_negative_p0.693,1,0.001037344398340249,0.000462962962962963,964,2160
4DoF_V22_3_3x3_grid_4Nm_curriculum1_extended_active_passive_selector,passive_sign_selector,passive_selected_from,selector_negative_p0.694,1,0.001037344398340249,0.000462962962962963,964,2160
4DoF_V22_3_3x3_grid_4Nm_curriculum1_extended_active_passive_selector,passive_sign_selector,passive_selected_from,selector_negative_p0.698,1,0.001037344398340249,0.000462962962962963,964,2160
4DoF_V22_3_3x3_grid_4Nm_curriculum1_extended_active_passive_selector,passive_sign_selector,passive_selected_from,selector_negative_p0.701,1,0.001037344398340249,0.000462962962962963,964,2160
4DoF_V22_3_3x3_grid_4Nm_curriculum1_extended_active_passive_selector,passive_sign_selector,passive_selected_from,selector_negative_p0.705,1,0.001037344398340249,0.000462962962962963,964,2160
4DoF_V22_3_3x3_grid_4Nm_curriculum1_extended_active_passive_selector,passive_sign_selector,passive_selected_from,selector_negative_p0.709,1,0.001037344398340249,0.000462962962962963,964,2160
4DoF_V22_3_3x3_grid_4Nm_curriculum1_extended_active_passive_selector,passive_sign_selector,passive_selected_from,selector_negative_p0.719,1,0.001037344398340249,0.000462962962962963,964,2160
4DoF_V22_3_3x3_grid_4Nm_curriculum1_extended_active_passive_selector,passive_sign_selector,passive_selected_from,selector_negative_p0.722,1,0.001037344398340249,0.000462962962962963,964,2160
4DoF_V22_3_3x3_grid_4Nm_curriculum1_extended_active_passive_selector,passive_sign_selector,passive_selected_from,selector_negative_p0.726,1,0.001037344398340249,0.000462962962962963,964,2160
4DoF_V22_3_3x3_grid_4Nm_curriculum1_extended_active_passive_selector,passive_sign_selector,passive_selected_from,selector_negative_p0.730,1,0.001037344398340249,0.000462962962962963,964,2160
4DoF_V22_3_3x3_grid_4Nm_curriculum1_extended_active_passive_selector,passive_sign_selector,passive_selected_from,selector_negative_p0.733,1,0.001037344398340249,0.000462962962962963,964,2160
4DoF_V22_3_3x3_grid_4Nm_curriculum1_extended_active_passive_selector,passive_sign_selector,passive_selected_from,selector_negative_p0.739,1,0.001037344398340249,0.000462962962962963,964,2160
4DoF_V22_3_3x3_grid_4Nm_curriculum1_extended_active_passive_selector,passive_sign_selector,passive_selected_from,selector_negative_p0.742,1,0.001037344398340249,0.000462962962962963,964,2160
4DoF_V22_3_3x3_grid_4Nm_curriculum1_extended_active_passive_selector,passive_sign_selector,passive_selected_from,selector_negative_p0.745,1,0.001037344398340249,0.000462962962962963,964,2160
4DoF_V22_3_3x3_grid_4Nm_curriculum1_extended_active_passive_selector,passive_sign_selector,passive_selected_from,selector_negative_p0.749,1,0.001037344398340249,0.000462962962962963,964,2160
4DoF_V22_3_3x3_grid_4Nm_curriculum1_extended_active_passive_selector,passive_sign_selector,passive_selected_from,selector_negative_p0.752,1,0.001037344398340249,0.000462962962962963,964,2160
4DoF_V22_3_3x3_grid_4Nm_curriculum1_extended_active_passive_selector,passive_sign_selector,passive_selected_from,selector_negative_p0.753,1,0.001037344398340249,0.000462962962962963,964,2160
4DoF_V22_3_3x3_grid_4Nm_curriculum1_extended_active_passive_selector,passive_sign_selector,passive_selected_from,selector_negative_p0.754,1,0.001037344398340249,0.000462962962962963,964,2160
4DoF_V22_3_3x3_grid_4Nm_curriculum1_extended_active_passive_selector,passive_sign_selector,passive_selected_from,selector_negative_p0.756,1,0.001037344398340249,0.000462962962962963,964,2160
4DoF_V22_3_3x3_grid_4Nm_curriculum1_extended_active_passive_selector,passive_sign_selector,passive_selected_from,selector_negative_p0.762,1,0.001037344398340249,0.000462962962962963,964,2160
4DoF_V22_3_3x3_grid_4Nm_curriculum1_extended_active_passive_selector,passive_sign_selector,passive_selected_from,selector_negative_p0.763,1,0.001037344398340249,0.000462962962962963,964,2160
4DoF_V22_3_3x3_grid_4Nm_curriculum1_extended_active_passive_selector,passive_sign_selector,passive_selected_from,selector_negative_p0.765,1,0.001037344398340249,0.000462962962962963,964,2160
4DoF_V22_3_3x3_grid_4Nm_curriculum1_extended_active_passive_selector,passive_sign_selector,passive_selected_from,selector_negative_p0.769,1,0.001037344398340249,0.000462962962962963,964,2160
4DoF_V22_3_3x3_grid_4Nm_curriculum1_extended_active_passive_selector,passive_sign_selector,passive_selected_from,selector_negative_p0.776,1,0.001037344398340249,0.000462962962962963,964,2160
4DoF_V22_3_3x3_grid_4Nm_curriculum1_extended_active_passive_selector,passive_sign_selector,passive_selected_from,selector_negative_p0.777,1,0.001037344398340249,0.000462962962962963,964,2160
4DoF_V22_3_3x3_grid_4Nm_curriculum1_extended_active_passive_selector,passive_sign_selector,passive_selected_from,selector_negative_p0.785,1,0.001037344398340249,0.000462962962962963,964,2160
4DoF_V22_3_3x3_grid_4Nm_curriculum1_extended_active_passive_selector,passive_sign_selector,passive_selected_from,selector_negative_p0.793,1,0.001037344398340249,0.000462962962962963,964,2160
4DoF_V22_3_3x3_grid_4Nm_curriculum1_extended_active_passive_selector,passive_sign_selector,passive_selected_from,selector_negative_p0.797,1,0.001037344398340249,0.000462962962962963,964,2160
4DoF_V22_3_3x3_grid_4Nm_curriculum1_extended_active_passive_selector,passive_sign_selector,passive_selected_from,selector_negative_p0.800,1,0.001037344398340249,0.000462962962962963,964,2160
4DoF_V22_3_3x3_grid_4Nm_curriculum1_extended_active_passive_selector,passive_sign_selector,passive_selected_from,selector_negative_p0.801,1,0.001037344398340249,0.000462962962962963,964,2160
4DoF_V22_3_3x3_grid_4Nm_curriculum1_extended_active_passive_selector,passive_sign_selector,passive_selected_from,selector_negative_p0.807,1,0.001037344398340249,0.000462962962962963,964,2160
4DoF_V22_3_3x3_grid_4Nm_curriculum1_extended_active_passive_selector,passive_sign_selector,passive_selected_from,selector_negative_p0.809,1,0.001037344398340249,0.000462962962962963,964,2160
4DoF_V22_3_3x3_grid_4Nm_curriculum1_extended_active_passive_selector,passive_sign_selector,passive_selected_from,selector_negative_p0.811,1,0.001037344398340249,0.000462962962962963,964,2160
4DoF_V22_3_3x3_grid_4Nm_curriculum1_extended_active_passive_selector,passive_sign_selector,passive_selected_from,selector_negative_p0.813,1,0.001037344398340249,0.000462962962962963,964,2160
4DoF_V22_3_3x3_grid_4Nm_curriculum1_extended_active_passive_selector,passive_sign_selector,passive_selected_from,selector_negative_p0.814,1,0.001037344398340249,0.000462962962962963,964,2160
4DoF_V22_3_3x3_grid_4Nm_curriculum1_extended_active_passive_selector,passive_sign_selector,passive_selected_from,selector_negative_p0.818,1,0.001037344398340249,0.000462962962962963,964,2160
4DoF_V22_3_3x3_grid_4Nm_curriculum1_extended_active_passive_selector,passive_sign_selector,passive_selected_from,selector_negative_p0.819,1,0.001037344398340249,0.000462962962962963,964,2160
4DoF_V22_3_3x3_grid_4Nm_curriculum1_extended_active_passive_selector,passive_sign_selector,passive_selected_from,selector_negative_p0.820,1,0.001037344398340249,0.000462962962962963,964,2160
4DoF_V22_3_3x3_grid_4Nm_curriculum1_extended_active_passive_selector,passive_sign_selector,passive_selected_from,selector_negative_p0.821,1,0.001037344398340249,0.000462962962962963,964,2160
4DoF_V22_3_3x3_grid_4Nm_curriculum1_extended_active_passive_selector,passive_sign_selector,passive_selected_from,selector_negative_p0.825,1,0.001037344398340249,0.000462962962962963,964,2160
4DoF_V22_3_3x3_grid_4Nm_curriculum1_extended_active_passive_selector,passive_sign_selector,passive_selected_from,selector_negative_p0.826,1,0.001037344398340249,0.000462962962962963,964,2160
4DoF_V22_3_3x3_grid_4Nm_curriculum1_extended_active_passive_selector,passive_sign_selector,passive_selected_from,selector_negative_p0.827,1,0.001037344398340249,0.000462962962962963,964,2160
4DoF_V22_3_3x3_grid_4Nm_curriculum1_extended_active_passive_selector,passive_sign_selector,passive_selected_from,selector_negative_p0.833,1,0.001037344398340249,0.000462962962962963,964,2160
4DoF_V22_3_3x3_grid_4Nm_curriculum1_extended_active_passive_selector,passive_sign_selector,passive_selected_from,selector_negative_p0.836,1,0.001037344398340249,0.000462962962962963,964,2160
4DoF_V22_3_3x3_grid_4Nm_curriculum1_extended_active_passive_selector,passive_sign_selector,passive_selected_from,selector_negative_p0.837,1,0.001037344398340249,0.000462962962962963,964,2160
4DoF_V22_3_3x3_grid_4Nm_curriculum1_extended_active_passive_selector,passive_sign_selector,passive_selected_from,selector_negative_p0.841,1,0.001037344398340249,0.000462962962962963,964,2160
4DoF_V22_3_3x3_grid_4Nm_curriculum1_extended_active_passive_selector,passive_sign_selector,passive_selected_from,selector_negative_p0.844,1,0.001037344398340249,0.000462962962962963,964,2160
4DoF_V22_3_3x3_grid_4Nm_curriculum1_extended_active_passive_selector,passive_sign_selector,passive_selected_from,selector_negative_p0.845,1,0.001037344398340249,0.000462962962962963,964,2160
4DoF_V22_3_3x3_grid_4Nm_curriculum1_extended_active_passive_selector,passive_sign_selector,passive_selected_from,selector_negative_p0.847,1,0.001037344398340249,0.000462962962962963,964,2160
4DoF_V22_3_3x3_grid_4Nm_curriculum1_extended_active_passive_selector,passive_sign_selector,passive_selected_from,selector_negative_p0.849,1,0.001037344398340249,0.000462962962962963,964,2160
4DoF_V22_3_3x3_grid_4Nm_curriculum1_extended_active_passive_selector,passive_sign_selector,passive_selected_from,selector_negative_p0.851,1,0.001037344398340249,0.000462962962962963,964,2160
4DoF_V22_3_3x3_grid_4Nm_curriculum1_extended_active_passive_selector,passive_sign_selector,passive_selected_from,selector_negative_p0.852,1,0.001037344398340249,0.000462962962962963,964,2160
4DoF_V22_3_3x3_grid_4Nm_curriculum1_extended_active_passive_selector,passive_sign_selector,passive_selected_from,selector_negative_p0.855,1,0.001037344398340249,0.000462962962962963,964,2160
4DoF_V22_3_3x3_grid_4Nm_curriculum1_extended_active_passive_selector,passive_sign_selector,passive_selected_from,selector_negative_p0.859,1,0.001037344398340249,0.000462962962962963,964,2160
4DoF_V22_3_3x3_grid_4Nm_curriculum1_extended_active_passive_selector,passive_sign_selector,passive_selected_from,selector_negative_p0.860,1,0.001037344398340249,0.000462962962962963,964,2160
4DoF_V22_3_3x3_grid_4Nm_curriculum1_extended_active_passive_selector,passive_sign_selector,passive_selected_from,selector_negative_p0.863,1,0.001037344398340249,0.000462962962962963,964,2160
4DoF_V22_3_3x3_grid_4Nm_curriculum1_extended_active_passive_selector,passive_sign_selector,passive_selected_from,selector_negative_p0.864,1,0.001037344398340249,0.000462962962962963,964,2160
4DoF_V22_3_3x3_grid_4Nm_curriculum1_extended_active_passive_selector,passive_sign_selector,passive_selected_from,selector_negative_p0.865,1,0.001037344398340249,0.000462962962962963,964,2160
4DoF_V22_3_3x3_grid_4Nm_curriculum1_extended_active_passive_selector,passive_sign_selector,passive_selected_from,selector_negative_p0.866,1,0.001037344398340249,0.000462962962962963,964,2160
4DoF_V22_3_3x3_grid_4Nm_curriculum1_extended_active_passive_selector,passive_sign_selector,passive_selected_from,selector_negative_p0.867,1,0.001037344398340249,0.000462962962962963,964,2160
4DoF_V22_3_3x3_grid_4Nm_curriculum1_extended_active_passive_selector,passive_sign_selector,passive_selected_from,selector_negative_p0.868,1,0.001037344398340249,0.000462962962962963,964,2160
4DoF_V22_3_3x3_grid_4Nm_curriculum1_extended_active_passive_selector,passive_sign_selector,passive_selected_from,selector_negative_p0.870,1,0.001037344398340249,0.000462962962962963,964,2160
4DoF_V22_3_3x3_grid_4Nm_curriculum1_extended_active_passive_selector,passive_sign_selector,passive_selected_from,selector_negative_p0.873,1,0.001037344398340249,0.000462962962962963,964,2160
4DoF_V22_3_3x3_grid_4Nm_curriculum1_extended_active_passive_selector,passive_sign_selector,passive_selected_from,selector_negative_p0.874,1,0.001037344398340249,0.000462962962962963,964,2160
4DoF_V22_3_3x3_grid_4Nm_curriculum1_extended_active_passive_selector,passive_sign_selector,passive_selected_from,selector_negative_p0.876,1,0.001037344398340249,0.000462962962962963,964,2160
4DoF_V22_3_3x3_grid_4Nm_curriculum1_extended_active_passive_selector,passive_sign_selector,passive_selected_from,selector_negative_p0.878,1,0.001037344398340249,0.000462962962962963,964,2160
4DoF_V22_3_3x3_grid_4Nm_curriculum1_extended_active_passive_selector,passive_sign_selector,passive_selected_from,selector_negative_p0.883,1,0.001037344398340249,0.000462962962962963,964,2160
4DoF_V22_3_3x3_grid_4Nm_curriculum1_extended_active_passive_selector,passive_sign_selector,passive_selected_from,selector_negative_p0.887,1,0.001037344398340249,0.000462962962962963,964,2160
4DoF_V22_3_3x3_grid_4Nm_curriculum1_extended_active_passive_selector,passive_sign_selector,passive_selected_from,selector_negative_p0.888,1,0.001037344398340249,0.000462962962962963,964,2160
4DoF_V22_3_3x3_grid_4Nm_curriculum1_extended_active_passive_selector,passive_sign_selector,passive_selected_from,selector_negative_p0.892,1,0.001037344398340249,0.000462962962962963,964,2160
4DoF_V22_3_3x3_grid_4Nm_curriculum1_extended_active_passive_selector,passive_sign_selector,passive_selected_from,selector_negative_p0.893,1,0.001037344398340249,0.000462962962962963,964,2160
4DoF_V22_3_3x3_grid_4Nm_curriculum1_extended_active_passive_selector,passive_sign_selector,passive_selected_from,selector_negative_p0.894,1,0.001037344398340249,0.000462962962962963,964,2160
4DoF_V22_3_3x3_grid_4Nm_curriculum1_extended_active_passive_selector,passive_sign_selector,passive_selected_from,selector_negative_p0.896,1,0.001037344398340249,0.000462962962962963,964,2160
4DoF_V22_3_3x3_grid_4Nm_curriculum1_extended_active_passive_selector,passive_sign_selector,passive_selected_from,selector_negative_p0.899,1,0.001037344398340249,0.000462962962962963,964,2160
4DoF_V22_3_3x3_grid_4Nm_curriculum1_extended_active_passive_selector,passive_sign_selector,passive_selected_from,selector_negative_p0.901,1,0.001037344398340249,0.000462962962962963,964,2160
4DoF_V22_3_3x3_grid_4Nm_curriculum1_extended_active_passive_selector,passive_sign_selector,passive_selected_from,selector_negative_p0.903,1,0.001037344398340249,0.000462962962962963,964,2160
4DoF_V22_3_3x3_grid_4Nm_curriculum1_extended_active_passive_selector,passive_sign_selector,passive_selected_from,selector_negative_p0.906,1,0.001037344398340249,0.000462962962962963,964,2160
4DoF_V22_3_3x3_grid_4Nm_curriculum1_extended_active_passive_selector,passive_sign_selector,passive_selected_from,selector_negative_p0.907,1,0.001037344398340249,0.000462962962962963,964,2160
4DoF_V22_3_3x3_grid_4Nm_curriculum1_extended_active_passive_selector,passive_sign_selector,passive_selected_from,selector_negative_p0.910,1,0.001037344398340249,0.000462962962962963,964,2160
4DoF_V22_3_3x3_grid_4Nm_curriculum1_extended_active_passive_selector,passive_sign_selector,passive_selected_from,selector_negative_p0.913,1,0.001037344398340249,0.000462962962962963,964,2160
4DoF_V22_3_3x3_grid_4Nm_curriculum1_extended_active_passive_selector,passive_sign_selector,passive_selected_from,selector_negative_p0.914,1,0.001037344398340249,0.000462962962962963,964,2160
4DoF_V22_3_3x3_grid_4Nm_curriculum1_extended_active_passive_selector,passive_sign_selector,passive_selected_from,selector_negative_p0.916,1,0.001037344398340249,0.000462962962962963,964,2160
4DoF_V22_3_3x3_grid_4Nm_curriculum1_extended_active_passive_selector,passive_sign_selector,passive_selected_from,selector_negative_p0.918,1,0.001037344398340249,0.000462962962962963,964,2160
4DoF_V22_3_3x3_grid_4Nm_curriculum1_extended_active_passive_selector,passive_sign_selector,passive_selected_from,selector_negative_p0.919,1,0.001037344398340249,0.000462962962962963,964,2160
4DoF_V22_3_3x3_grid_4Nm_curriculum1_extended_active_passive_selector,passive_sign_selector,passive_selected_from,selector_negative_p0.922,1,0.001037344398340249,0.000462962962962963,964,2160
4DoF_V22_3_3x3_grid_4Nm_curriculum1_extended_active_passive_selector,passive_sign_selector,passive_selected_from,selector_negative_p0.923,1,0.001037344398340249,0.000462962962962963,964,2160
4DoF_V22_3_3x3_grid_4Nm_curriculum1_extended_active_passive_selector,passive_sign_selector,passive_selected_from,selector_negative_p0.924,1,0.001037344398340249,0.000462962962962963,964,2160
4DoF_V22_3_3x3_grid_4Nm_curriculum1_extended_active_passive_selector,passive_sign_selector,passive_selected_from,selector_negative_p0.927,1,0.001037344398340249,0.000462962962962963,964,2160
4DoF_V22_3_3x3_grid_4Nm_curriculum1_extended_active_passive_selector,passive_sign_selector,passive_selected_from,selector_negative_p0.928,1,0.001037344398340249,0.000462962962962963,964,2160
4DoF_V22_3_3x3_grid_4Nm_curriculum1_extended_active_passive_selector,passive_sign_selector,passive_selected_from,selector_negative_p0.929,1,0.001037344398340249,0.000462962962962963,964,2160
4DoF_V22_3_3x3_grid_4Nm_curriculum1_extended_active_passive_selector,passive_sign_selector,passive_selected_from,selector_negative_p0.930,1,0.001037344398340249,0.000462962962962963,964,2160
4DoF_V22_3_3x3_grid_4Nm_curriculum1_extended_active_passive_selector,passive_sign_selector,passive_selected_from,selector_negative_p0.931,1,0.001037344398340249,0.000462962962962963,964,2160
4DoF_V22_3_3x3_grid_4Nm_curriculum1_extended_active_passive_selector,passive_sign_selector,passive_selected_from,selector_negative_p0.932,1,0.001037344398340249,0.000462962962962963,964,2160
4DoF_V22_3_3x3_grid_4Nm_curriculum1_extended_active_passive_selector,passive_sign_selector,passive_selected_from,selector_negative_p0.936,1,0.001037344398340249,0.000462962962962963,964,2160
4DoF_V22_3_3x3_grid_4Nm_curriculum1_extended_active_passive_selector,passive_sign_selector,passive_selected_from,selector_negative_p0.943,1,0.001037344398340249,0.000462962962962963,964,2160
4DoF_V22_3_3x3_grid_4Nm_curriculum1_extended_active_passive_selector,passive_sign_selector,passive_selected_from,selector_negative_p0.950,1,0.001037344398340249,0.000462962962962963,964,2160
4DoF_V22_3_3x3_grid_4Nm_curriculum1_extended_active_passive_selector,passive_sign_selector,passive_selected_from,selector_negative_p0.953,1,0.001037344398340249,0.000462962962962963,964,2160
4DoF_V22_3_3x3_grid_4Nm_curriculum1_extended_active_passive_selector,passive_sign_selector,passive_selected_from,selector_negative_p0.966,1,0.001037344398340249,0.000462962962962963,964,2160
4DoF_V22_3_3x3_grid_4Nm_curriculum1_extended_active_passive_selector,passive_sign_selector,passive_selected_from,selector_negative_p0.970,1,0.001037344398340249,0.000462962962962963,964,2160
4DoF_V22_3_3x3_grid_4Nm_curriculum1_extended_active_passive_selector,passive_sign_selector,passive_selected_from,selector_negative_p0.974,1,0.001037344398340249,0.000462962962962963,964,2160
4DoF_V22_3_3x3_grid_4Nm_curriculum1_extended_active_passive_selector,passive_sign_selector,passive_selected_from,selector_negative_p0.976,1,0.001037344398340249,0.000462962962962963,964,2160
4DoF_V22_3_3x3_grid_4Nm_curriculum1_extended_active_passive_selector,passive_sign_selector,passive_selected_from,selector_negative_p0.979,1,0.001037344398340249,0.000462962962962963,964,2160
4DoF_V22_3_3x3_grid_4Nm_curriculum1_extended_active_passive_selector,passive_sign_selector,passive_selected_from,selector_negative_p0.985,1,0.001037344398340249,0.000462962962962963,964,2160
4DoF_V22_3_3x3_grid_4Nm_curriculum1_extended_active_passive_selector,passive_sign_selector,passive_selected_from,selector_positive_p0.500,1,0.001037344398340249,0.000462962962962963,964,2160
4DoF_V22_3_3x3_grid_4Nm_curriculum1_extended_active_passive_selector,passive_sign_selector,passive_selected_from,selector_positive_p0.501,1,0.001037344398340249,0.000462962962962963,964,2160
4DoF_V22_3_3x3_grid_4Nm_curriculum1_extended_active_passive_selector,passive_sign_selector,passive_selected_from,selector_positive_p0.503,1,0.001037344398340249,0.000462962962962963,964,2160
4DoF_V22_3_3x3_grid_4Nm_curriculum1_extended_active_passive_selector,passive_sign_selector,passive_selected_from,selector_positive_p0.505,1,0.001037344398340249,0.000462962962962963,964,2160
4DoF_V22_3_3x3_grid_4Nm_curriculum1_extended_active_passive_selector,passive_sign_selector,passive_selected_from,selector_positive_p0.506,1,0.001037344398340249,0.000462962962962963,964,2160
4DoF_V22_3_3x3_grid_4Nm_curriculum1_extended_active_passive_selector,passive_sign_selector,passive_selected_from,selector_positive_p0.509,1,0.001037344398340249,0.000462962962962963,964,2160
4DoF_V22_3_3x3_grid_4Nm_curriculum1_extended_active_passive_selector,passive_sign_selector,passive_selected_from,selector_positive_p0.513,1,0.001037344398340249,0.000462962962962963,964,2160
4DoF_V22_3_3x3_grid_4Nm_curriculum1_extended_active_passive_selector,passive_sign_selector,passive_selected_from,selector_positive_p0.520,1,0.001037344398340249,0.000462962962962963,964,2160
4DoF_V22_3_3x3_grid_4Nm_curriculum1_extended_active_passive_selector,passive_sign_selector,passive_selected_from,selector_positive_p0.532,1,0.001037344398340249,0.000462962962962963,964,2160
4DoF_V22_3_3x3_grid_4Nm_curriculum1_extended_active_passive_selector,passive_sign_selector,passive_selected_from,selector_positive_p0.539,1,0.001037344398340249,0.000462962962962963,964,2160
4DoF_V22_3_3x3_grid_4Nm_curriculum1_extended_active_passive_selector,passive_sign_selector,passive_selected_from,selector_positive_p0.542,1,0.001037344398340249,0.000462962962962963,964,2160
4DoF_V22_3_3x3_grid_4Nm_curriculum1_extended_active_passive_selector,passive_sign_selector,passive_selected_from,selector_positive_p0.543,1,0.001037344398340249,0.000462962962962963,964,2160
4DoF_V22_3_3x3_grid_4Nm_curriculum1_extended_active_passive_selector,passive_sign_selector,passive_selected_from,selector_positive_p0.545,1,0.001037344398340249,0.000462962962962963,964,2160
4DoF_V22_3_3x3_grid_4Nm_curriculum1_extended_active_passive_selector,passive_sign_selector,passive_selected_from,selector_positive_p0.550,1,0.001037344398340249,0.000462962962962963,964,2160
4DoF_V22_3_3x3_grid_4Nm_curriculum1_extended_active_passive_selector,passive_sign_selector,passive_selected_from,selector_positive_p0.552,1,0.001037344398340249,0.000462962962962963,964,2160
4DoF_V22_3_3x3_grid_4Nm_curriculum1_extended_active_passive_selector,passive_sign_selector,passive_selected_from,selector_positive_p0.557,1,0.001037344398340249,0.000462962962962963,964,2160
4DoF_V22_3_3x3_grid_4Nm_curriculum1_extended_active_passive_selector,passive_sign_selector,passive_selected_from,selector_positive_p0.558,1,0.001037344398340249,0.000462962962962963,964,2160
4DoF_V22_3_3x3_grid_4Nm_curriculum1_extended_active_passive_selector,passive_sign_selector,passive_selected_from,selector_positive_p0.566,1,0.001037344398340249,0.000462962962962963,964,2160
4DoF_V22_3_3x3_grid_4Nm_curriculum1_extended_active_passive_selector,passive_sign_selector,passive_selected_from,selector_positive_p0.568,1,0.001037344398340249,0.000462962962962963,964,2160
4DoF_V22_3_3x3_grid_4Nm_curriculum1_extended_active_passive_selector,passive_sign_selector,passive_selected_from,selector_positive_p0.569,1,0.001037344398340249,0.000462962962962963,964,2160
4DoF_V22_3_3x3_grid_4Nm_curriculum1_extended_active_passive_selector,passive_sign_selector,passive_selected_from,selector_positive_p0.570,1,0.001037344398340249,0.000462962962962963,964,2160
4DoF_V22_3_3x3_grid_4Nm_curriculum1_extended_active_passive_selector,passive_sign_selector,passive_selected_from,selector_positive_p0.571,1,0.001037344398340249,0.000462962962962963,964,2160
4DoF_V22_3_3x3_grid_4Nm_curriculum1_extended_active_passive_selector,passive_sign_selector,passive_selected_from,selector_positive_p0.572,1,0.001037344398340249,0.000462962962962963,964,2160
4DoF_V22_3_3x3_grid_4Nm_curriculum1_extended_active_passive_selector,passive_sign_selector,passive_selected_from,selector_positive_p0.573,1,0.001037344398340249,0.000462962962962963,964,2160
4DoF_V22_3_3x3_grid_4Nm_curriculum1_extended_active_passive_selector,passive_sign_selector,passive_selected_from,selector_positive_p0.576,1,0.001037344398340249,0.000462962962962963,964,2160
4DoF_V22_3_3x3_grid_4Nm_curriculum1_extended_active_passive_selector,passive_sign_selector,passive_selected_from,selector_positive_p0.580,1,0.001037344398340249,0.000462962962962963,964,2160
4DoF_V22_3_3x3_grid_4Nm_curriculum1_extended_active_passive_selector,passive_sign_selector,passive_selected_from,selector_positive_p0.581,1,0.001037344398340249,0.000462962962962963,964,2160
4DoF_V22_3_3x3_grid_4Nm_curriculum1_extended_active_passive_selector,passive_sign_selector,passive_selected_from,selector_positive_p0.583,1,0.001037344398340249,0.000462962962962963,964,2160
4DoF_V22_3_3x3_grid_4Nm_curriculum1_extended_active_passive_selector,passive_sign_selector,passive_selected_from,selector_positive_p0.584,1,0.001037344398340249,0.000462962962962963,964,2160
4DoF_V22_3_3x3_grid_4Nm_curriculum1_extended_active_passive_selector,passive_sign_selector,passive_selected_from,selector_positive_p0.588,1,0.001037344398340249,0.000462962962962963,964,2160
4DoF_V22_3_3x3_grid_4Nm_curriculum1_extended_active_passive_selector,passive_sign_selector,passive_selected_from,selector_positive_p0.589,1,0.001037344398340249,0.000462962962962963,964,2160
4DoF_V22_3_3x3_grid_4Nm_curriculum1_extended_active_passive_selector,passive_sign_selector,passive_selected_from,selector_positive_p0.594,1,0.001037344398340249,0.000462962962962963,964,2160
4DoF_V22_3_3x3_grid_4Nm_curriculum1_extended_active_passive_selector,passive_sign_selector,passive_selected_from,selector_positive_p0.597,1,0.001037344398340249,0.000462962962962963,964,2160
4DoF_V22_3_3x3_grid_4Nm_curriculum1_extended_active_passive_selector,passive_sign_selector,passive_selected_from,selector_positive_p0.600,1,0.001037344398340249,0.000462962962962963,964,2160
4DoF_V22_3_3x3_grid_4Nm_curriculum1_extended_active_passive_selector,passive_sign_selector,passive_selected_from,selector_positive_p0.602,1,0.001037344398340249,0.000462962962962963,964,2160
4DoF_V22_3_3x3_grid_4Nm_curriculum1_extended_active_passive_selector,passive_sign_selector,passive_selected_from,selector_positive_p0.606,1,0.001037344398340249,0.000462962962962963,964,2160
4DoF_V22_3_3x3_grid_4Nm_curriculum1_extended_active_passive_selector,passive_sign_selector,passive_selected_from,selector_positive_p0.607,1,0.001037344398340249,0.000462962962962963,964,2160
4DoF_V22_3_3x3_grid_4Nm_curriculum1_extended_active_passive_selector,passive_sign_selector,passive_selected_from,selector_positive_p0.611,1,0.001037344398340249,0.000462962962962963,964,2160
4DoF_V22_3_3x3_grid_4Nm_curriculum1_extended_active_passive_selector,passive_sign_selector,passive_selected_from,selector_positive_p0.612,1,0.001037344398340249,0.000462962962962963,964,2160
4DoF_V22_3_3x3_grid_4Nm_curriculum1_extended_active_passive_selector,passive_sign_selector,passive_selected_from,selector_positive_p0.618,1,0.001037344398340249,0.000462962962962963,964,2160
4DoF_V22_3_3x3_grid_4Nm_curriculum1_extended_active_passive_selector,passive_sign_selector,passive_selected_from,selector_positive_p0.622,1,0.001037344398340249,0.000462962962962963,964,2160
4DoF_V22_3_3x3_grid_4Nm_curriculum1_extended_active_passive_selector,passive_sign_selector,passive_selected_from,selector_positive_p0.628,1,0.001037344398340249,0.000462962962962963,964,2160
4DoF_V22_3_3x3_grid_4Nm_curriculum1_extended_active_passive_selector,passive_sign_selector,passive_selected_from,selector_positive_p0.639,1,0.001037344398340249,0.000462962962962963,964,2160
4DoF_V22_3_3x3_grid_4Nm_curriculum1_extended_active_passive_selector,passive_sign_selector,passive_selected_from,selector_positive_p0.646,1,0.001037344398340249,0.000462962962962963,964,2160
4DoF_V22_3_3x3_grid_4Nm_curriculum1_extended_active_passive_selector,passive_sign_selector,passive_selected_from,selector_positive_p0.649,1,0.001037344398340249,0.000462962962962963,964,2160
4DoF_V22_3_3x3_grid_4Nm_curriculum1_extended_active_passive_selector,passive_sign_selector,passive_selected_from,selector_positive_p0.651,1,0.001037344398340249,0.000462962962962963,964,2160
4DoF_V22_3_3x3_grid_4Nm_curriculum1_extended_active_passive_selector,passive_sign_selector,passive_selected_from,selector_positive_p0.656,1,0.001037344398340249,0.000462962962962963,964,2160
4DoF_V22_3_3x3_grid_4Nm_curriculum1_extended_active_passive_selector,passive_sign_selector,passive_selected_from,selector_positive_p0.657,1,0.001037344398340249,0.000462962962962963,964,2160
4DoF_V22_3_3x3_grid_4Nm_curriculum1_extended_active_passive_selector,passive_sign_selector,passive_selected_from,selector_positive_p0.658,1,0.001037344398340249,0.000462962962962963,964,2160
4DoF_V22_3_3x3_grid_4Nm_curriculum1_extended_active_passive_selector,passive_sign_selector,passive_selected_from,selector_positive_p0.661,1,0.001037344398340249,0.000462962962962963,964,2160
4DoF_V22_3_3x3_grid_4Nm_curriculum1_extended_active_passive_selector,passive_sign_selector,passive_selected_from,selector_positive_p0.669,1,0.001037344398340249,0.000462962962962963,964,2160
4DoF_V22_3_3x3_grid_4Nm_curriculum1_extended_active_passive_selector,passive_sign_selector,passive_selected_from,selector_positive_p0.672,1,0.001037344398340249,0.000462962962962963,964,2160
4DoF_V22_3_3x3_grid_4Nm_curriculum1_extended_active_passive_selector,passive_sign_selector,passive_selected_from,selector_positive_p0.673,1,0.001037344398340249,0.000462962962962963,964,2160
4DoF_V22_3_3x3_grid_4Nm_curriculum1_extended_active_passive_selector,passive_sign_selector,passive_selected_from,selector_positive_p0.674,1,0.001037344398340249,0.000462962962962963,964,2160
4DoF_V22_3_3x3_grid_4Nm_curriculum1_extended_active_passive_selector,passive_sign_selector,passive_selected_from,selector_positive_p0.676,1,0.001037344398340249,0.000462962962962963,964,2160
4DoF_V22_3_3x3_grid_4Nm_curriculum1_extended_active_passive_selector,passive_sign_selector,passive_selected_from,selector_positive_p0.680,1,0.001037344398340249,0.000462962962962963,964,2160
4DoF_V22_3_3x3_grid_4Nm_curriculum1_extended_active_passive_selector,passive_sign_selector,passive_selected_from,selector_positive_p0.690,1,0.001037344398340249,0.000462962962962963,964,2160
4DoF_V22_3_3x3_grid_4Nm_curriculum1_extended_active_passive_selector,passive_sign_selector,passive_selected_from,selector_positive_p0.691,1,0.001037344398340249,0.000462962962962963,964,2160
4DoF_V22_3_3x3_grid_4Nm_curriculum1_extended_active_passive_selector,passive_sign_selector,passive_selected_from,selector_positive_p0.693,1,0.001037344398340249,0.000462962962962963,964,2160
4DoF_V22_3_3x3_grid_4Nm_curriculum1_extended_active_passive_selector,passive_sign_selector,passive_selected_from,selector_positive_p0.694,1,0.001037344398340249,0.000462962962962963,964,2160
4DoF_V22_3_3x3_grid_4Nm_curriculum1_extended_active_passive_selector,passive_sign_selector,passive_selected_from,selector_positive_p0.699,1,0.001037344398340249,0.000462962962962963,964,2160
4DoF_V22_3_3x3_grid_4Nm_curriculum1_extended_active_passive_selector,passive_sign_selector,passive_selected_from,selector_positive_p0.709,1,0.001037344398340249,0.000462962962962963,964,2160
4DoF_V22_3_3x3_grid_4Nm_curriculum1_extended_active_passive_selector,passive_sign_selector,passive_selected_from,selector_positive_p0.712,1,0.001037344398340249,0.000462962962962963,964,2160
4DoF_V22_3_3x3_grid_4Nm_curriculum1_extended_active_passive_selector,passive_sign_selector,passive_selected_from,selector_positive_p0.713,1,0.001037344398340249,0.000462962962962963,964,2160
4DoF_V22_3_3x3_grid_4Nm_curriculum1_extended_active_passive_selector,passive_sign_selector,passive_selected_from,selector_positive_p0.714,1,0.001037344398340249,0.000462962962962963,964,2160
4DoF_V22_3_3x3_grid_4Nm_curriculum1_extended_active_passive_selector,passive_sign_selector,passive_selected_from,selector_positive_p0.716,1,0.001037344398340249,0.000462962962962963,964,2160
4DoF_V22_3_3x3_grid_4Nm_curriculum1_extended_active_passive_selector,passive_sign_selector,passive_selected_from,selector_positive_p0.719,1,0.001037344398340249,0.000462962962962963,964,2160
4DoF_V22_3_3x3_grid_4Nm_curriculum1_extended_active_passive_selector,passive_sign_selector,passive_selected_from,selector_positive_p0.720,1,0.001037344398340249,0.000462962962962963,964,2160
4DoF_V22_3_3x3_grid_4Nm_curriculum1_extended_active_passive_selector,passive_sign_selector,passive_selected_from,selector_positive_p0.721,1,0.001037344398340249,0.000462962962962963,964,2160
4DoF_V22_3_3x3_grid_4Nm_curriculum1_extended_active_passive_selector,passive_sign_selector,passive_selected_from,selector_positive_p0.722,1,0.001037344398340249,0.000462962962962963,964,2160
4DoF_V22_3_3x3_grid_4Nm_curriculum1_extended_active_passive_selector,passive_sign_selector,passive_selected_from,selector_positive_p0.728,1,0.001037344398340249,0.000462962962962963,964,2160
4DoF_V22_3_3x3_grid_4Nm_curriculum1_extended_active_passive_selector,passive_sign_selector,passive_selected_from,selector_positive_p0.737,1,0.001037344398340249,0.000462962962962963,964,2160
4DoF_V22_3_3x3_grid_4Nm_curriculum1_extended_active_passive_selector,passive_sign_selector,passive_selected_from,selector_positive_p0.740,1,0.001037344398340249,0.000462962962962963,964,2160
4DoF_V22_3_3x3_grid_4Nm_curriculum1_extended_active_passive_selector,passive_sign_selector,passive_selected_from,selector_positive_p0.742,1,0.001037344398340249,0.000462962962962963,964,2160
4DoF_V22_3_3x3_grid_4Nm_curriculum1_extended_active_passive_selector,passive_sign_selector,passive_selected_from,selector_positive_p0.746,1,0.001037344398340249,0.000462962962962963,964,2160
4DoF_V22_3_3x3_grid_4Nm_curriculum1_extended_active_passive_selector,passive_sign_selector,passive_selected_from,selector_positive_p0.750,1,0.001037344398340249,0.000462962962962963,964,2160
4DoF_V22_3_3x3_grid_4Nm_curriculum1_extended_active_passive_selector,passive_sign_selector,passive_selected_from,selector_positive_p0.753,1,0.001037344398340249,0.000462962962962963,964,2160
4DoF_V22_3_3x3_grid_4Nm_curriculum1_extended_active_passive_selector,passive_sign_selector,passive_selected_from,selector_positive_p0.759,1,0.001037344398340249,0.000462962962962963,964,2160
4DoF_V22_3_3x3_grid_4Nm_curriculum1_extended_active_passive_selector,passive_sign_selector,passive_selected_from,selector_positive_p0.762,1,0.001037344398340249,0.000462962962962963,964,2160
4DoF_V22_3_3x3_grid_4Nm_curriculum1_extended_active_passive_selector,passive_sign_selector,passive_selected_from,selector_positive_p0.763,1,0.001037344398340249,0.000462962962962963,964,2160
4DoF_V22_3_3x3_grid_4Nm_curriculum1_extended_active_passive_selector,passive_sign_selector,passive_selected_from,selector_positive_p0.766,1,0.001037344398340249,0.000462962962962963,964,2160
4DoF_V22_3_3x3_grid_4Nm_curriculum1_extended_active_passive_selector,passive_sign_selector,passive_selected_from,selector_positive_p0.767,1,0.001037344398340249,0.000462962962962963,964,2160
4DoF_V22_3_3x3_grid_4Nm_curriculum1_extended_active_passive_selector,passive_sign_selector,passive_selected_from,selector_positive_p0.768,1,0.001037344398340249,0.000462962962962963,964,2160
4DoF_V22_3_3x3_grid_4Nm_curriculum1_extended_active_passive_selector,passive_sign_selector,passive_selected_from,selector_positive_p0.769,1,0.001037344398340249,0.000462962962962963,964,2160
4DoF_V22_3_3x3_grid_4Nm_curriculum1_extended_active_passive_selector,passive_sign_selector,passive_selected_from,selector_positive_p0.770,1,0.001037344398340249,0.000462962962962963,964,2160
4DoF_V22_3_3x3_grid_4Nm_curriculum1_extended_active_passive_selector,passive_sign_selector,passive_selected_from,selector_positive_p0.771,1,0.001037344398340249,0.000462962962962963,964,2160
4DoF_V22_3_3x3_grid_4Nm_curriculum1_extended_active_passive_selector,passive_sign_selector,passive_selected_from,selector_positive_p0.779,1,0.001037344398340249,0.000462962962962963,964,2160
4DoF_V22_3_3x3_grid_4Nm_curriculum1_extended_active_passive_selector,passive_sign_selector,passive_selected_from,selector_positive_p0.780,1,0.001037344398340249,0.000462962962962963,964,2160
4DoF_V22_3_3x3_grid_4Nm_curriculum1_extended_active_passive_selector,passive_sign_selector,passive_selected_from,selector_positive_p0.781,1,0.001037344398340249,0.000462962962962963,964,2160
4DoF_V22_3_3x3_grid_4Nm_curriculum1_extended_active_passive_selector,passive_sign_selector,passive_selected_from,selector_positive_p0.787,1,0.001037344398340249,0.000462962962962963,964,2160
4DoF_V22_3_3x3_grid_4Nm_curriculum1_extended_active_passive_selector,passive_sign_selector,passive_selected_from,selector_positive_p0.790,1,0.001037344398340249,0.000462962962962963,964,2160
4DoF_V22_3_3x3_grid_4Nm_curriculum1_extended_active_passive_selector,passive_sign_selector,passive_selected_from,selector_positive_p0.791,1,0.001037344398340249,0.000462962962962963,964,2160
4DoF_V22_3_3x3_grid_4Nm_curriculum1_extended_active_passive_selector,passive_sign_selector,passive_selected_from,selector_positive_p0.792,1,0.001037344398340249,0.000462962962962963,964,2160
4DoF_V22_3_3x3_grid_4Nm_curriculum1_extended_active_passive_selector,passive_sign_selector,passive_selected_from,selector_positive_p0.795,1,0.001037344398340249,0.000462962962962963,964,2160
4DoF_V22_3_3x3_grid_4Nm_curriculum1_extended_active_passive_selector,passive_sign_selector,passive_selected_from,selector_positive_p0.797,1,0.001037344398340249,0.000462962962962963,964,2160
4DoF_V22_3_3x3_grid_4Nm_curriculum1_extended_active_passive_selector,passive_sign_selector,passive_selected_from,selector_positive_p0.799,1,0.001037344398340249,0.000462962962962963,964,2160
4DoF_V22_3_3x3_grid_4Nm_curriculum1_extended_active_passive_selector,passive_sign_selector,passive_selected_from,selector_positive_p0.800,1,0.001037344398340249,0.000462962962962963,964,2160
4DoF_V22_3_3x3_grid_4Nm_curriculum1_extended_active_passive_selector,passive_sign_selector,passive_selected_from,selector_positive_p0.803,1,0.001037344398340249,0.000462962962962963,964,2160
4DoF_V22_3_3x3_grid_4Nm_curriculum1_extended_active_passive_selector,passive_sign_selector,passive_selected_from,selector_positive_p0.805,1,0.001037344398340249,0.000462962962962963,964,2160
4DoF_V22_3_3x3_grid_4Nm_curriculum1_extended_active_passive_selector,passive_sign_selector,passive_selected_from,selector_positive_p0.808,1,0.001037344398340249,0.000462962962962963,964,2160
4DoF_V22_3_3x3_grid_4Nm_curriculum1_extended_active_passive_selector,passive_sign_selector,passive_selected_from,selector_positive_p0.811,1,0.001037344398340249,0.000462962962962963,964,2160
4DoF_V22_3_3x3_grid_4Nm_curriculum1_extended_active_passive_selector,passive_sign_selector,passive_selected_from,selector_positive_p0.814,1,0.001037344398340249,0.000462962962962963,964,2160
4DoF_V22_3_3x3_grid_4Nm_curriculum1_extended_active_passive_selector,passive_sign_selector,passive_selected_from,selector_positive_p0.821,1,0.001037344398340249,0.000462962962962963,964,2160
4DoF_V22_3_3x3_grid_4Nm_curriculum1_extended_active_passive_selector,passive_sign_selector,passive_selected_from,selector_positive_p0.823,1,0.001037344398340249,0.000462962962962963,964,2160
4DoF_V22_3_3x3_grid_4Nm_curriculum1_extended_active_passive_selector,passive_sign_selector,passive_selected_from,selector_positive_p0.832,1,0.001037344398340249,0.000462962962962963,964,2160
4DoF_V22_3_3x3_grid_4Nm_curriculum1_extended_active_passive_selector,passive_sign_selector,passive_selected_from,selector_positive_p0.835,1,0.001037344398340249,0.000462962962962963,964,2160
4DoF_V22_3_3x3_grid_4Nm_curriculum1_extended_active_passive_selector,passive_sign_selector,passive_selected_from,selector_positive_p0.837,1,0.001037344398340249,0.000462962962962963,964,2160
4DoF_V22_3_3x3_grid_4Nm_curriculum1_extended_active_passive_selector,passive_sign_selector,passive_selected_from,selector_positive_p0.840,1,0.001037344398340249,0.000462962962962963,964,2160
4DoF_V22_3_3x3_grid_4Nm_curriculum1_extended_active_passive_selector,passive_sign_selector,passive_selected_from,selector_positive_p0.844,1,0.001037344398340249,0.000462962962962963,964,2160
4DoF_V22_3_3x3_grid_4Nm_curriculum1_extended_active_passive_selector,passive_sign_selector,passive_selected_from,selector_positive_p0.846,1,0.001037344398340249,0.000462962962962963,964,2160
4DoF_V22_3_3x3_grid_4Nm_curriculum1_extended_active_passive_selector,passive_sign_selector,passive_selected_from,selector_positive_p0.852,1,0.001037344398340249,0.000462962962962963,964,2160
4DoF_V22_3_3x3_grid_4Nm_curriculum1_extended_active_passive_selector,passive_sign_selector,passive_selected_from,selector_positive_p0.858,1,0.001037344398340249,0.000462962962962963,964,2160
4DoF_V22_3_3x3_grid_4Nm_curriculum1_extended_active_passive_selector,passive_sign_selector,passive_selected_from,selector_positive_p0.865,1,0.001037344398340249,0.000462962962962963,964,2160
4DoF_V22_3_3x3_grid_4Nm_curriculum1_extended_active_passive_selector,passive_sign_selector,passive_selected_from,selector_positive_p0.871,1,0.001037344398340249,0.000462962962962963,964,2160
4DoF_V22_3_3x3_grid_4Nm_curriculum1_extended_active_passive_selector,passive_sign_selector,passive_selected_from,selector_positive_p0.873,1,0.001037344398340249,0.000462962962962963,964,2160
4DoF_V22_3_3x3_grid_4Nm_curriculum1_extended_active_passive_selector,passive_sign_selector,passive_selected_from,selector_positive_p0.874,1,0.001037344398340249,0.000462962962962963,964,2160
4DoF_V22_3_3x3_grid_4Nm_curriculum1_extended_active_passive_selector,passive_sign_selector,passive_selected_from,selector_positive_p0.875,1,0.001037344398340249,0.000462962962962963,964,2160
4DoF_V22_3_3x3_grid_4Nm_curriculum1_extended_active_passive_selector,passive_sign_selector,passive_selected_from,selector_positive_p0.876,1,0.001037344398340249,0.000462962962962963,964,2160
4DoF_V22_3_3x3_grid_4Nm_curriculum1_extended_active_passive_selector,passive_sign_selector,passive_selected_from,selector_positive_p0.879,1,0.001037344398340249,0.000462962962962963,964,2160
4DoF_V22_3_3x3_grid_4Nm_curriculum1_extended_active_passive_selector,passive_sign_selector,passive_selected_from,selector_positive_p0.884,1,0.001037344398340249,0.000462962962962963,964,2160
4DoF_V22_3_3x3_grid_4Nm_curriculum1_extended_active_passive_selector,passive_sign_selector,passive_selected_from,selector_positive_p0.888,1,0.001037344398340249,0.000462962962962963,964,2160
4DoF_V22_3_3x3_grid_4Nm_curriculum1_extended_active_passive_selector,passive_sign_selector,passive_selected_from,selector_positive_p0.889,1,0.001037344398340249,0.000462962962962963,964,2160
4DoF_V22_3_3x3_grid_4Nm_curriculum1_extended_active_passive_selector,passive_sign_selector,passive_selected_from,selector_positive_p0.896,1,0.001037344398340249,0.000462962962962963,964,2160
4DoF_V22_3_3x3_grid_4Nm_curriculum1_extended_active_passive_selector,passive_sign_selector,passive_selected_from,selector_positive_p0.900,1,0.001037344398340249,0.000462962962962963,964,2160
4DoF_V22_3_3x3_grid_4Nm_curriculum1_extended_active_passive_selector,passive_sign_selector,passive_selected_from,selector_positive_p0.904,1,0.001037344398340249,0.000462962962962963,964,2160
4DoF_V22_3_3x3_grid_4Nm_curriculum1_extended_active_passive_selector,passive_sign_selector,passive_selected_from,selector_positive_p0.910,1,0.001037344398340249,0.000462962962962963,964,2160
4DoF_V22_3_3x3_grid_4Nm_curriculum1_extended_active_passive_selector,passive_sign_selector,passive_selected_from,selector_positive_p0.912,1,0.001037344398340249,0.000462962962962963,964,2160
4DoF_V22_3_3x3_grid_4Nm_curriculum1_extended_active_passive_selector,passive_sign_selector,passive_selected_from,selector_positive_p0.913,1,0.001037344398340249,0.000462962962962963,964,2160
4DoF_V22_3_3x3_grid_4Nm_curriculum1_extended_active_passive_selector,passive_sign_selector,passive_selected_from,selector_positive_p0.916,1,0.001037344398340249,0.000462962962962963,964,2160
4DoF_V22_3_3x3_grid_4Nm_curriculum1_extended_active_passive_selector,passive_sign_selector,passive_selected_from,selector_positive_p0.921,1,0.001037344398340249,0.000462962962962963,964,2160
4DoF_V22_3_3x3_grid_4Nm_curriculum1_extended_active_passive_selector,passive_sign_selector,passive_selected_from,selector_positive_p0.923,1,0.001037344398340249,0.000462962962962963,964,2160
4DoF_V22_3_3x3_grid_4Nm_curriculum1_extended_active_passive_selector,passive_sign_selector,passive_selected_from,selector_positive_p0.924,1,0.001037344398340249,0.000462962962962963,964,2160
4DoF_V22_3_3x3_grid_4Nm_curriculum1_extended_active_passive_selector,passive_sign_selector,passive_selected_from,selector_positive_p0.925,1,0.001037344398340249,0.000462962962962963,964,2160
4DoF_V22_3_3x3_grid_4Nm_curriculum1_extended_active_passive_selector,passive_sign_selector,passive_selected_from,selector_positive_p0.927,1,0.001037344398340249,0.000462962962962963,964,2160
4DoF_V22_3_3x3_grid_4Nm_curriculum1_extended_active_passive_selector,passive_sign_selector,passive_selected_from,selector_positive_p0.929,1,0.001037344398340249,0.000462962962962963,964,2160
4DoF_V22_3_3x3_grid_4Nm_curriculum1_extended_active_passive_selector,passive_sign_selector,passive_selected_from,selector_positive_p0.930,1,0.001037344398340249,0.000462962962962963,964,2160
4DoF_V22_3_3x3_grid_4Nm_curriculum1_extended_active_passive_selector,passive_sign_selector,passive_selected_from,selector_positive_p0.931,1,0.001037344398340249,0.000462962962962963,964,2160
4DoF_V22_3_3x3_grid_4Nm_curriculum1_extended_active_passive_selector,passive_sign_selector,passive_selected_from,selector_positive_p0.935,1,0.001037344398340249,0.000462962962962963,964,2160
4DoF_V22_3_3x3_grid_4Nm_curriculum1_extended_active_passive_selector,passive_sign_selector,passive_selected_from,selector_positive_p0.936,1,0.001037344398340249,0.000462962962962963,964,2160
4DoF_V22_3_3x3_grid_4Nm_curriculum1_extended_active_passive_selector,passive_sign_selector,passive_selected_from,selector_positive_p0.938,1,0.001037344398340249,0.000462962962962963,964,2160
4DoF_V22_3_3x3_grid_4Nm_curriculum1_extended_active_passive_selector,passive_sign_selector,passive_selected_from,selector_positive_p0.939,1,0.001037344398340249,0.000462962962962963,964,2160
4DoF_V22_3_3x3_grid_4Nm_curriculum1_extended_active_passive_selector,passive_sign_selector,passive_selected_from,selector_positive_p0.940,1,0.001037344398340249,0.000462962962962963,964,2160
4DoF_V22_3_3x3_grid_4Nm_curriculum1_extended_active_passive_selector,passive_sign_selector,passive_selected_from,selector_positive_p0.941,1,0.001037344398340249,0.000462962962962963,964,2160
4DoF_V22_3_3x3_grid_4Nm_curriculum1_extended_active_passive_selector,passive_sign_selector,passive_selected_from,selector_positive_p0.950,1,0.001037344398340249,0.000462962962962963,964,2160
4DoF_V22_3_3x3_grid_4Nm_curriculum1_extended_active_passive_selector,passive_sign_selector,passive_selected_from,selector_positive_p0.953,1,0.001037344398340249,0.000462962962962963,964,2160
4DoF_V22_3_3x3_grid_4Nm_curriculum1_extended_active_passive_selector,passive_sign_selector,passive_selected_from,selector_positive_p0.959,1,0.001037344398340249,0.000462962962962963,964,2160
4DoF_V22_3_3x3_grid_4Nm_curriculum1_extended_active_passive_selector,passive_sign_selector,passive_selected_from,selector_positive_p0.969,1,0.001037344398340249,0.000462962962962963,964,2160
4DoF_V22_3_3x3_grid_4Nm_curriculum1_extended_active_passive_selector,passive_sign_selector,passive_selected_from,selector_positive_p0.971,1,0.001037344398340249,0.000462962962962963,964,2160
4DoF_V22_3_3x3_grid_4Nm_curriculum1_extended_active_passive_selector,passive_sign_selector,passive_selected_from,selector_positive_p0.979,1,0.001037344398340249,0.000462962962962963,964,2160
4DoF_V22_3_3x3_grid_4Nm_curriculum1_extended_active_passive_selector,passive_sign_selector,passive_selected_from,selector_positive_p0.980,1,0.001037344398340249,0.000462962962962963,964,2160
4DoF_V22_3_3x3_grid_4Nm_curriculum1_extended_active_passive_selector,passive_sign_selector,passive_selected_from,selector_positive_p0.992,1,0.001037344398340249,0.000462962962962963,964,2160
4DoF_V22_3_3x3_grid_4Nm_curriculum1_extended_active_passive_selector,passive_sign_selector,passive_selected_from,selector_positive_p0.993,1,0.001037344398340249,0.000462962962962963,964,2160
4DoF_V22_3_3x3_grid_4Nm_curriculum1_extended_active_passive_selector,per_step_sign,reset_phase,touchdown,906,0.9216683621566633,0.41944444444444445,983,2160
4DoF_V22_3_3x3_grid_4Nm_curriculum1_extended_active_passive_selector,per_step_sign,reset_phase,mid_cross,75,0.0762970498474059,0.034722222222222224,983,2160
4DoF_V22_3_3x3_grid_4Nm_curriculum1_extended_active_passive_selector,per_step_sign,reset_phase,pre_cross,2,0.002034587995930824,0.000925925925925926,983,2160
4DoF_V22_3_3x3_grid_4Nm_curriculum1_extended_active_passive_selector,per_step_sign,walk_direction,backward,622,0.6327568667344863,0.287962962962963,983,2160
4DoF_V22_3_3x3_grid_4Nm_curriculum1_extended_active_passive_selector,per_step_sign,walk_direction,forward,361,0.3672431332655137,0.16712962962962963,983,2160
4DoF_V22_3_3x3_grid_4Nm_curriculum1_extended_active_passive_selector,per_step_sign,commanded_step_length_m,0.350,337,0.34282807731434384,0.15601851851851853,983,2160
4DoF_V22_3_3x3_grid_4Nm_curriculum1_extended_active_passive_selector,per_step_sign,commanded_step_length_m,0.300,327,0.3326551373346897,0.15138888888888888,983,2160
4DoF_V22_3_3x3_grid_4Nm_curriculum1_extended_active_passive_selector,per_step_sign,commanded_step_length_m,0.400,319,0.32451678535096645,0.1476851851851852,983,2160
4DoF_V22_3_3x3_grid_4Nm_curriculum1_extended_active_passive_selector,per_step_sign,commanded_step_height_m,0.000,335,0.340793489318413,0.1550925925925926,983,2160
4DoF_V22_3_3x3_grid_4Nm_curriculum1_extended_active_passive_selector,per_step_sign,commanded_step_height_m,0.020,333,0.3387589013224822,0.15416666666666667,983,2160
4DoF_V22_3_3x3_grid_4Nm_curriculum1_extended_active_passive_selector,per_step_sign,commanded_step_height_m,0.010,315,0.32044760935910477,0.14583333333333334,983,2160
4DoF_V22_3_3x3_grid_4Nm_curriculum1_extended_active_passive_selector,per_step_sign,command_pair,L0.350_H0.000,117,0.1190233977619532,0.05416666666666667,983,2160
4DoF_V22_3_3x3_grid_4Nm_curriculum1_extended_active_passive_selector,per_step_sign,command_pair,L0.300_H0.020,114,0.11597151576805696,0.05277777777777778,983,2160
4DoF_V22_3_3x3_grid_4Nm_curriculum1_extended_active_passive_selector,per_step_sign,command_pair,L0.350_H0.020,111,0.11291963377416073,0.05138888888888889,983,2160
4DoF_V22_3_3x3_grid_4Nm_curriculum1_extended_active_passive_selector,per_step_sign,command_pair,L0.300_H0.000,110,0.11190233977619532,0.05092592592592592,983,2160
4DoF_V22_3_3x3_grid_4Nm_curriculum1_extended_active_passive_selector,per_step_sign,command_pair,L0.350_H0.010,109,0.11088504577822991,0.050462962962962966,983,2160
4DoF_V22_3_3x3_grid_4Nm_curriculum1_extended_active_passive_selector,per_step_sign,command_pair,L0.400_H0.000,108,0.10986775178026449,0.05,983,2160
4DoF_V22_3_3x3_grid_4Nm_curriculum1_extended_active_passive_selector,per_step_sign,command_pair,L0.400_H0.020,108,0.10986775178026449,0.05,983,2160
4DoF_V22_3_3x3_grid_4Nm_curriculum1_extended_active_passive_selector,per_step_sign,command_pair,L0.300_H0.010,103,0.10478128179043744,0.047685185185185185,983,2160
4DoF_V22_3_3x3_grid_4Nm_curriculum1_extended_active_passive_selector,per_step_sign,command_pair,L0.400_H0.010,103,0.10478128179043744,0.047685185185185185,983,2160
4DoF_V22_3_3x3_grid_4Nm_curriculum1_extended_active_passive_selector,per_step_sign,valid_for_cmt,False,510,0.5188199389623601,0.2361111111111111,983,2160
4DoF_V22_3_3x3_grid_4Nm_curriculum1_extended_active_passive_selector,per_step_sign,valid_for_cmt,True,473,0.4811800610376399,0.21898148148148147,983,2160
4DoF_V22_3_3x3_grid_4Nm_curriculum1_extended_active_passive_selector,per_step_sign,terminal_reason,success,979,0.9959308240081384,0.4532407407407407,983,2160
4DoF_V22_3_3x3_grid_4Nm_curriculum1_extended_active_passive_selector,per_step_sign,terminal_reason,success+touchdown_event,4,0.004069175991861648,0.001851851851851852,983,2160
4DoF_V22_3_3x3_grid_4Nm_curriculum1_extended_active_passive_selector,per_step_sign,passive_selected_from,none,983,1.0,0.4550925925925926,983,2160
