seed,episode_index,reset_phase,route,p_positive,p_negative,p_active,success,valid_for_cmt,cmt
20260702,1,touchdown,active,0.5993443131446838,0.2565619945526123,0.14409372210502625,True,True,4.286839787453547
20260702,2,mid_cross,active,0.12466910481452942,9.296645657741465e-06,0.875321626663208,False,False,nan
20260702,3,mid_cross,active,0.00014476405340246856,9.973635251014912e-09,0.9998551607131958,False,False,nan
20260702,4,touchdown,active,0.7942958474159241,0.19752046465873718,0.008183684200048447,True,True,0.42378948443217745
20260702,5,pre_cross,active,4.064792449298693e-07,1.224053969295369e-09,0.9999996423721313,False,False,nan
20260702,6,touchdown,active,0.6904944777488708,0.3064211308956146,0.0030843825079500675,True,True,0.2124375488730722
20260702,7,mid_cross,positive,0.807651162147522,0.006583713926374912,0.1857651323080063,True,True,0.4544770168389121
20260702,8,mid_cross,active,7.874152743170271e-07,1.5017940224737458e-09,0.9999991655349731,False,False,nan
20260702,9,touchdown,positive,0.8817445039749146,0.10314599424600601,0.015109439380466938,True,True,0.10569598742443166
20260702,10,touchdown,active,1.17216195576475e-05,0.020157473161816597,0.979830801486969,False,False,nan
20260702,11,mid_cross,active,0.0005668526864610612,1.0047620691011616e-07,0.9994329810142517,False,False,nan
20260702,12,touchdown,active,0.3760743737220764,0.01776275970041752,0.6061628460884094,False,False,nan
20260702,13,touchdown,active,2.3639514790119165e-09,0.00010008613753598183,0.9998998641967773,False,False,nan
20260702,14,touchdown,active,0.3482709228992462,0.08884567022323608,0.5628833770751953,False,False,nan
20260702,15,touchdown,positive,0.8593400716781616,0.13758346438407898,0.0030764201655983925,True,False,nan
20260702,16,touchdown,positive,0.8607932925224304,0.09643537551164627,0.042771294713020325,True,True,0.056802394579858785
20260702,17,mid_cross,active,7.755610909043753e-07,3.848523277838467e-08,0.9999991655349731,False,False,nan
20260702,18,touchdown,active,0.7810132503509521,0.20286321640014648,0.01612349972128868,True,True,0.13819023632526603
20260702,19,mid_cross,active,0.15727220475673676,0.00015782193804625422,0.8425699472427368,False,False,nan
20260702,20,touchdown,active,0.6746554374694824,0.3087722957134247,0.016572240740060806,True,True,0.03300176716382268
20260702,21,touchdown,active,0.0009104346972890198,0.21784628927707672,0.7812433242797852,False,False,nan
20260702,22,mid_cross,positive,0.8504183888435364,0.005698847118765116,0.14388270676136017,False,False,nan
20260702,23,mid_cross,active,6.90072681663878e-07,1.2393005732747042e-08,0.9999992847442627,False,False,nan
20260702,24,mid_cross,active,3.910660666406329e-07,3.488310440502573e-08,0.9999995231628418,False,False,nan
20260702,25,mid_cross,active,3.2755617667135084e-06,9.050116211994919e-09,0.9999966621398926,False,False,nan
20260702,26,pre_cross,active,8.933251933740394e-07,1.1855251003112244e-08,0.9999990463256836,False,False,nan
20260702,27,mid_cross,active,0.001162276603281498,0.000172741842106916,0.9986649751663208,False,False,nan
20260702,28,mid_cross,active,5.427656651590951e-05,1.6498130150921497e-07,0.9999455213546753,False,False,nan
20260702,29,pre_cross,active,5.443031477625482e-05,2.28168790528116e-08,0.9999455213546753,False,False,nan
20260702,30,mid_cross,active,3.8364163401638507e-07,1.7658509250395582e-06,0.9999978542327881,False,False,nan
20260702,31,touchdown,negative,0.0034400608856230974,0.6247642636299133,0.3717956840991974,True,True,2.801675598193403
20260702,32,mid_cross,positive,0.5146711468696594,0.002523950766772032,0.4828048050403595,True,True,0.7319856109845008
20260702,33,mid_cross,active,0.00021665474923793226,1.2832768625514746e-08,0.9997833371162415,False,False,nan
20260702,34,touchdown,positive,0.8897568583488464,0.10758093744516373,0.00266216485761106,True,True,0.019961232905092198
20260702,35,mid_cross,active,0.16334746778011322,0.020315581932663918,0.8163369297981262,False,False,nan
20260702,36,pre_cross,active,5.157806413080834e-07,7.507379717885954e-10,0.9999995231628418,False,False,nan
20260702,37,touchdown,negative,0.014192071743309498,0.5918054580688477,0.3940024673938751,False,False,nan
20260702,38,touchdown,active,6.518574537039967e-06,0.0024318420328199863,0.9975616931915283,False,False,nan
20260702,39,touchdown,active,0.11388815939426422,0.06776050478219986,0.8183513879776001,False,False,nan
20260702,40,pre_cross,active,9.747064905241132e-05,6.245039485541781e-10,0.9999024868011475,False,False,nan
20260702,41,mid_cross,active,8.032042387640104e-05,1.640521441004239e-05,0.9999033212661743,False,False,nan
20260702,42,mid_cross,active,8.871633326634765e-06,5.2608267964160405e-08,0.9999910593032837,False,False,nan
20260702,43,mid_cross,active,0.4526180922985077,0.002381298691034317,0.5450005531311035,False,False,nan
20260702,44,touchdown,active,0.030778614804148674,0.05603526905179024,0.9131861329078674,False,False,nan
20260702,45,mid_cross,positive,0.9448750019073486,0.004795928951352835,0.050329092890024185,True,True,0.47560732346415846
20260702,46,touchdown,active,5.096047971164808e-06,0.0002734755980782211,0.9997214674949646,False,False,nan
20260702,47,touchdown,positive,0.8574966192245483,0.1387028992176056,0.0038004794623702765,True,True,0.0130071485011802
20260702,48,touchdown,negative,0.002267122268676758,0.9813008308410645,0.01643207296729088,True,False,nan
20260702,49,mid_cross,active,6.9234943111951e-07,1.1615263247222174e-05,0.9999877214431763,False,False,nan
20260702,50,mid_cross,active,7.549411407126172e-07,1.0871996636296899e-09,0.9999992847442627,False,False,nan
20260702,51,touchdown,active,0.8174875974655151,0.15740662813186646,0.02510584145784378,False,False,nan
20260702,52,touchdown,positive,0.9392440915107727,0.06072821095585823,2.76057435257826e-05,True,False,nan
20260702,53,touchdown,active,8.261716288870957e-08,0.00016454119759146124,0.9998353719711304,False,False,nan
20260702,54,touchdown,active,0.059604983776807785,0.22774603962898254,0.7126489877700806,False,False,nan
20260702,55,touchdown,negative,0.4441142976284027,0.5440669655799866,0.01181881595402956,True,False,nan
20260702,56,mid_cross,active,1.3360415323404595e-05,1.398987450329514e-07,0.9999865293502808,False,False,nan
20260702,57,touchdown,active,7.288781489478424e-07,0.001493073534220457,0.9985061287879944,False,False,nan
20260702,58,pre_cross,active,4.5921478886157274e-05,5.35416631919361e-07,0.9999535083770752,False,False,nan
20260702,59,mid_cross,active,6.043542749578634e-11,4.6344855064717194e-08,1.0,False,False,nan
20260702,60,mid_cross,active,0.00018113639089278877,1.7011709587677615e-06,0.9998171925544739,False,False,nan
20260702,61,touchdown,active,4.65478005935438e-05,0.002171009313315153,0.9977824091911316,False,False,nan
20260702,62,touchdown,negative,0.0126626743003726,0.6197738647460938,0.36756351590156555,True,False,nan
20260702,63,mid_cross,active,4.26742445824857e-07,3.719204055840919e-09,0.9999995231628418,False,False,nan
20260702,64,touchdown,active,0.26534223556518555,0.2825163006782532,0.45214149355888367,True,False,nan
20260702,65,touchdown,negative,0.2294820249080658,0.7587854862213135,0.01173243299126625,True,False,nan
20260702,66,touchdown,active,0.0002044085704255849,0.0023546451702713966,0.9974409341812134,False,False,nan
20260702,67,mid_cross,positive,0.901322066783905,0.0009438677807338536,0.09773404151201248,False,False,nan
20260702,68,touchdown,negative,0.08380844444036484,0.7638250589370728,0.152366504073143,True,False,nan
20260702,69,touchdown,active,0.361519455909729,0.0819658488035202,0.5565146207809448,False,False,nan
20260702,70,touchdown,active,1.3344784832725054e-08,8.518029972037766e-06,0.9999914169311523,False,False,nan
20260702,71,pre_cross,active,6.712736649205908e-06,4.090935590284062e-09,0.9999933242797852,False,False,nan
20260702,72,touchdown,negative,0.0800163671374321,0.9036527276039124,0.016330905258655548,True,False,nan
20260702,73,mid_cross,active,4.5129216336148303e-11,5.755396714768324e-10,1.0,False,False,nan
20260702,74,touchdown,active,0.5625856518745422,0.41254082322120667,0.024873526766896248,True,True,1.1063754347357655
20260702,75,mid_cross,active,4.805371645488776e-06,3.7139209485559377e-09,0.999995231628418,False,False,nan
20260702,76,touchdown,positive,0.9623059630393982,0.031955160200595856,0.005738868843764067,True,True,0.11591036022383056
20260702,77,touchdown,positive,0.8927666544914246,0.10189425945281982,0.0053390986286103725,True,True,0.05242610033844759
20260702,78,mid_cross,active,0.44867268204689026,0.004417686723172665,0.5469096302986145,False,False,nan
20260702,79,mid_cross,active,4.208181394460553e-07,1.8320221784051682e-08,0.9999995231628418,False,False,nan
20260702,80,mid_cross,positive,0.7079964876174927,5.505295848706737e-05,0.29194843769073486,False,False,nan
20260702,81,touchdown,negative,0.33574429154396057,0.6606616377830505,0.003594108624383807,True,False,nan
20260702,82,touchdown,positive,0.8769034147262573,0.12156682461500168,0.001529717817902565,True,False,nan
20260702,83,mid_cross,active,1.5584852008032613e-05,7.445518690474273e-07,0.9999836683273315,False,False,nan
20260702,84,mid_cross,active,0.11834084242582321,7.99413555796491e-06,0.8816512227058411,False,False,nan
20260702,85,mid_cross,active,1.4045956220343214e-07,5.6345386134637465e-09,0.9999998807907104,False,False,nan
20260702,86,mid_cross,active,4.971545877197059e-07,1.0774508751865142e-07,0.9999994039535522,False,False,nan
20260702,87,mid_cross,active,9.874104867080291e-10,1.3214234684255644e-07,0.9999998807907104,False,False,nan
20260702,88,touchdown,positive,0.8734613060951233,0.12494774162769318,0.001590970205143094,True,True,0.008954000878686029
20260702,89,touchdown,active,0.0874030590057373,0.018876507878303528,0.8937203884124756,False,False,nan
20260702,90,touchdown,active,0.7432556748390198,0.2566715478897095,7.270379137480631e-05,True,False,nan
20260702,91,mid_cross,active,5.800752660434227e-07,1.0857491572480171e-09,0.9999994039535522,False,False,nan
20260702,92,mid_cross,active,9.934789204635308e-07,6.365686999743048e-08,0.999998927116394,False,False,nan
20260702,93,touchdown,positive,0.914467990398407,0.08036305010318756,0.005168976727873087,True,False,nan
20260702,94,touchdown,active,0.00027385802241042256,0.004124076571315527,0.995602011680603,False,False,nan
20260702,95,touchdown,positive,0.9159663915634155,0.08126664161682129,0.0027668848633766174,True,True,0.029598079864064673
20260702,96,mid_cross,active,3.141208182455557e-08,0.0017605979228392243,0.9982393980026245,False,False,nan
20260702,97,touchdown,active,0.8157786130905151,0.17609648406505585,0.008124942891299725,True,True,0.12465671347445967
20260702,98,touchdown,negative,0.1611814796924591,0.7256640195846558,0.11315450817346573,True,False,nan
20260702,99,touchdown,active,0.38626018166542053,0.05966224521398544,0.5540775656700134,False,False,nan
20260702,100,touchdown,positive,0.8919164538383484,0.10422757267951965,0.0038559497334063053,True,True,0.023624402211377626
20260702,101,touchdown,active,7.137704187698546e-07,0.00047819025348871946,0.9995211362838745,False,False,nan
20260702,102,touchdown,positive,0.8756712079048157,0.12116026133298874,0.0031684550922363997,True,False,nan
20260702,103,pre_cross,active,0.0001980878587346524,9.184781788462715e-07,0.999800980091095,False,False,nan
20260702,104,touchdown,positive,0.8832791447639465,0.11166573315858841,0.005055128131061792,True,True,0.028119111931938296
20260702,105,mid_cross,active,5.428624263004167e-06,6.279724118485319e-08,0.9999945163726807,False,False,nan
20260702,106,mid_cross,active,3.9883339923107997e-05,2.2003584376761864e-07,0.9999599456787109,False,False,nan
20260702,107,mid_cross,active,2.269595142934122e-06,2.7894100362857444e-09,0.9999977350234985,False,False,nan
20260702,108,pre_cross,active,8.799478905530123e-07,4.3359291157507585e-10,0.9999991655349731,False,False,nan
20260702,109,touchdown,positive,0.9794405698776245,0.01961108297109604,0.0009483547764830291,True,True,0.5288448539480802
20260702,110,mid_cross,active,1.2481431440392043e-05,1.7017875997282772e-09,0.9999874830245972,False,False,nan
20260702,111,mid_cross,active,0.051555123180150986,0.00018162300693802536,0.9482632875442505,False,False,nan
20260702,112,pre_cross,positive,0.6324575543403625,0.0010536545887589455,0.36648881435394287,False,False,nan
20260702,113,pre_cross,positive,0.5993050336837769,0.00139835465233773,0.3992966115474701,False,False,nan
20260702,114,mid_cross,active,2.170165862480644e-05,2.0114334802201483e-06,0.9999762773513794,False,False,nan
20260702,115,mid_cross,positive,0.9526689052581787,0.011011900380253792,0.03631916269659996,True,True,1.2037742692022981
20260702,116,touchdown,active,0.5373902320861816,0.462403267621994,0.00020653058891184628,True,False,nan
20260702,117,pre_cross,active,5.845914074598113e-06,1.3805054877025214e-09,0.999994158744812,False,False,nan
20260702,118,mid_cross,active,0.0009216690086759627,5.66751486985595e-06,0.9990726709365845,False,False,nan
20260702,119,mid_cross,active,1.125224343923037e-06,2.5424904848136975e-08,0.9999988079071045,False,False,nan
20260702,120,touchdown,active,0.009063645265996456,0.06719403713941574,0.9237422943115234,False,False,nan
20260702,121,touchdown,active,0.844060480594635,0.154531329870224,0.0014081754488870502,True,True,2.565210460954793
20260702,122,mid_cross,active,2.9605413676137005e-09,3.500636225339804e-08,1.0,False,False,nan
20260702,123,touchdown,active,0.7548581957817078,0.23887193202972412,0.006269851699471474,True,True,0.2482523116059364
20260702,124,touchdown,positive,0.9471816420555115,0.05254632979631424,0.0002719683398026973,True,False,nan
20260702,125,mid_cross,active,4.425912266015075e-06,6.216923509327899e-08,0.9999954700469971,False,False,nan
20260702,126,mid_cross,active,1.599371898919344e-06,2.9044622351648286e-07,0.9999980926513672,False,False,nan
20260702,127,touchdown,positive,0.9597053527832031,0.039781998842954636,0.0005126945325173438,True,True,0.021185442551719693
20260702,128,touchdown,active,0.8082106113433838,0.18976399302482605,0.002025411231443286,True,False,nan
20260702,129,touchdown,positive,0.9081388115882874,0.08782060444355011,0.004040574189275503,True,True,0.03165465382194089
20260702,130,touchdown,negative,0.2994004487991333,0.6935606598854065,0.007038869895040989,True,True,0.5426126852157975
20260702,131,mid_cross,active,7.779870543345169e-07,1.4596238884223567e-07,0.9999990463256836,False,False,nan
20260702,132,touchdown,negative,0.004437183029949665,0.7715071439743042,0.22405564785003662,True,False,nan
20260702,133,touchdown,active,2.0150571799604222e-05,0.0008588513592258096,0.9991210103034973,False,False,nan
20260702,134,mid_cross,active,2.393183603999205e-05,1.034830347634852e-06,0.9999750852584839,False,False,nan
20260702,135,pre_cross,active,0.04887136444449425,6.218631460797042e-05,0.9510664939880371,False,False,nan
20260702,136,mid_cross,active,0.002355351811274886,0.0002112891525030136,0.9974333643913269,False,False,nan
20260702,137,touchdown,active,0.0007485977257601917,0.013773140497505665,0.9854782819747925,False,False,nan
20260702,138,touchdown,positive,0.8732100129127502,0.10120625793933868,0.025583742186427116,True,True,0.024178013129601793
20260702,139,touchdown,active,3.003802476087003e-06,0.0007425724761560559,0.9992544054985046,False,False,nan
20260702,140,mid_cross,active,1.0755869794820683e-07,6.829557808174513e-09,0.9999998807907104,False,False,nan
20260702,141,mid_cross,active,4.395355607256235e-12,2.5896468303088227e-10,1.0,False,False,nan
20260702,142,mid_cross,active,2.1636424207827076e-08,1.244591008031648e-08,1.0,False,False,nan
20260702,143,pre_cross,active,0.08935154229402542,0.00037765526212751865,0.9102708101272583,False,False,nan
20260702,144,touchdown,active,0.81614089012146,0.08409436792135239,0.09976468235254288,True,False,nan
20260702,145,touchdown,positive,0.8909950852394104,0.09321919083595276,0.015785720199346542,True,True,0.026993631351066978
20260702,146,touchdown,active,0.502903163433075,0.46978163719177246,0.027315154671669006,True,False,nan
20260702,147,mid_cross,active,4.0703006937148345e-11,2.3714838448540831e-07,0.9999997615814209,False,False,nan
20260702,148,touchdown,active,0.003274360205978155,0.04842553660273552,0.9483001232147217,False,False,nan
20260702,149,touchdown,positive,0.9174920916557312,0.07535171508789062,0.007156169041991234,True,True,0.02976549613517318
20260702,150,touchdown,active,0.5409724116325378,0.12373387813568115,0.3352937400341034,False,False,nan
20260702,151,mid_cross,active,9.246411991625791e-07,2.8799300366699754e-07,0.9999988079071045,False,False,nan
20260702,152,pre_cross,active,6.184894232319493e-07,3.948430915556855e-09,0.9999994039535522,False,False,nan
20260702,153,mid_cross,active,0.16988305747509003,0.0008393325260840356,0.8292775750160217,False,False,nan
20260702,154,mid_cross,positive,0.5922524333000183,0.016984188929200172,0.39076346158981323,False,False,nan
20260702,155,touchdown,active,4.3959989852737635e-05,0.014137002639472485,0.9858189821243286,False,False,nan
20260702,156,mid_cross,active,3.97534022340551e-05,8.323770117613094e-09,0.99996018409729,False,False,nan
20260702,157,pre_cross,active,1.5844020708755124e-06,4.069507841819586e-09,0.9999984502792358,False,False,nan
20260702,158,touchdown,negative,0.046722568571567535,0.7776616215705872,0.1756158173084259,True,False,nan
20260702,159,touchdown,active,0.0009343575802631676,0.018734296783804893,0.9803313612937927,False,False,nan
20260702,160,touchdown,active,0.3943313658237457,0.5047669410705566,0.10090164840221405,True,False,nan
20260702,161,touchdown,positive,0.9235994815826416,0.07559692859649658,0.0008036796352826059,True,True,0.022724645627305175
20260702,162,mid_cross,active,1.9299161227448458e-11,7.894531695029627e-10,1.0,False,False,nan
20260702,163,touchdown,positive,0.9095085263252258,0.053979020565748215,0.03651249036192894,True,True,0.03059061464329249
20260702,164,mid_cross,active,2.3987922759260982e-08,1.260364146382642e-09,1.0,False,False,nan
20260702,165,pre_cross,active,4.777375124831451e-06,5.55840207194791e-10,0.999995231628418,False,False,nan
20260702,166,touchdown,active,0.5288851261138916,0.3208058476448059,0.15030896663665771,True,False,nan
20260702,167,mid_cross,active,9.583042137606412e-10,3.061327191744567e-08,1.0,False,False,nan
20260702,168,touchdown,active,0.7910996675491333,0.1982286274433136,0.010671745985746384,True,True,0.9540441790874362
20260702,169,pre_cross,active,7.761457709420938e-06,1.5780345918869898e-08,0.9999922513961792,False,False,nan
20260702,170,touchdown,positive,0.9692649245262146,0.030386338010430336,0.00034869846422225237,True,False,nan
20260702,171,touchdown,active,4.797798737854464e-06,0.0012701534433290362,0.9987249970436096,False,False,nan
20260702,172,touchdown,active,0.778677225112915,0.20610827207565308,0.015214509330689907,True,False,nan
20260702,173,mid_cross,active,7.172122423071414e-06,5.200427821705489e-08,0.9999927282333374,False,False,nan
20260702,174,touchdown,active,0.5101341009140015,0.21617281436920166,0.27369317412376404,False,False,nan
20260702,175,touchdown,active,0.002353635150939226,0.21153751015663147,0.7861089110374451,False,False,nan
20260702,176,touchdown,positive,0.9733009338378906,0.02357008494436741,0.0031289614271372557,True,True,0.03306840453784245
20260702,177,pre_cross,active,0.010919613763689995,8.958283433457837e-05,0.9889907836914062,False,False,nan
20260702,178,mid_cross,active,1.2994208573730015e-12,1.347057743128488e-10,1.0,False,False,nan
20260702,179,touchdown,active,0.008602363988757133,0.0943446010351181,0.897053062915802,False,False,nan
20260702,180,mid_cross,active,0.21909749507904053,0.0005178404389880598,0.7803846001625061,False,False,nan
20260702,181,touchdown,positive,0.9445376396179199,0.05430316925048828,0.0011592189548537135,True,True,0.05775299119378801
20260702,182,pre_cross,active,2.5671388357295655e-06,3.1212143980496876e-09,0.9999973773956299,False,False,nan
20260702,183,mid_cross,active,0.0002046349400188774,8.18730222817976e-06,0.9997871518135071,False,False,nan
20260702,184,touchdown,negative,0.045548755675554276,0.9118378162384033,0.04261342063546181,True,False,nan
20260702,185,touchdown,positive,0.9747666716575623,0.024986684322357178,0.00024664265220053494,True,True,0.07618005960936798
20260702,186,touchdown,negative,0.0042999498546123505,0.8686895370483398,0.1270104944705963,True,False,nan
20260702,187,touchdown,negative,0.06092182919383049,0.8564210534095764,0.08265706896781921,True,True,3.068929224449787
20260702,188,touchdown,negative,0.015503883361816406,0.8557617664337158,0.12873433530330658,True,False,nan
20260702,189,mid_cross,active,3.833332812064327e-06,1.8696358239367328e-08,0.9999961853027344,False,False,nan
20260702,190,mid_cross,active,2.262955376863829e-06,6.601078439416597e-08,0.999997615814209,False,False,nan
20260702,191,pre_cross,active,1.7008893337333575e-05,7.593278894546529e-08,0.9999829530715942,False,False,nan
20260702,192,mid_cross,active,5.357875124900602e-05,5.408111860560894e-07,0.999945878982544,False,False,nan
20260702,193,mid_cross,active,9.71956453099665e-08,1.6108266720493702e-07,0.9999997615814209,False,False,nan
20260702,194,mid_cross,active,1.6069687802655608e-08,2.6325273072558275e-09,1.0,False,False,nan
20260702,195,mid_cross,active,5.645303644996602e-06,3.516061042319052e-07,0.9999940395355225,False,False,nan
20260702,196,mid_cross,active,1.1496736988192424e-05,7.537921078437648e-07,0.9999877214431763,False,False,nan
20260702,197,pre_cross,active,0.0006059742881916463,8.53580743864768e-08,0.9993939399719238,False,False,nan
20260702,198,mid_cross,active,1.3427603335003369e-05,6.8034801188332494e-06,0.9999797344207764,False,False,nan
20260702,199,pre_cross,active,1.7374071603626362e-06,5.30410604326903e-09,0.9999982118606567,False,False,nan
20260702,200,touchdown,active,3.827286946034292e-06,0.13168635964393616,0.8683097958564758,False,False,nan
20260702,201,touchdown,negative,0.4043012857437134,0.5890395641326904,0.006659172009676695,True,False,nan
20260702,202,pre_cross,active,4.7157405788311735e-05,1.4697474171043723e-07,0.9999526739120483,False,False,nan
20260702,203,mid_cross,active,1.0058532780021778e-06,2.9221052244565726e-08,0.999998927116394,False,False,nan
20260702,204,touchdown,active,0.06274271011352539,0.14217056334018707,0.795086681842804,False,False,nan
20260702,205,touchdown,active,0.08519114553928375,0.32540932297706604,0.589399516582489,True,False,nan
20260702,206,touchdown,active,9.044297257787548e-06,0.00207113241776824,0.9979198575019836,False,False,nan
20260702,207,touchdown,active,0.7667867541313171,0.22269432246685028,0.010518932715058327,True,False,nan
20260702,208,touchdown,active,0.6374403238296509,0.352710485458374,0.00984920747578144,True,False,nan
20260702,209,touchdown,active,0.8472884297370911,0.10093741118907928,0.051774170249700546,True,False,nan
20260702,210,mid_cross,active,0.07938600331544876,0.0009820600971579552,0.9196319580078125,False,False,nan
20260702,211,touchdown,active,0.8478670120239258,0.14447113871574402,0.007661889307200909,True,True,1.3760529984382124
20260702,212,mid_cross,active,1.7923137818343093e-07,1.5100138739398972e-07,0.9999996423721313,False,False,nan
20260702,213,touchdown,active,0.0036619401071220636,0.024265678599476814,0.9720723032951355,False,False,nan
20260702,214,mid_cross,active,2.996195325977169e-05,1.0980576803376607e-07,0.9999699592590332,False,False,nan
20260702,215,touchdown,positive,0.922308623790741,0.07018417119979858,0.00750728091225028,True,True,0.2538045835762017
20260702,216,pre_cross,active,4.5249655045154213e-07,5.920545997906146e-11,0.9999995231628418,False,False,nan
20260702,217,touchdown,active,2.123084641425521e-08,0.00014705576177220792,0.9998528957366943,False,False,nan
20260702,218,mid_cross,active,2.2054427972761914e-06,2.313195857084338e-08,0.9999977350234985,False,False,nan
20260702,219,touchdown,active,0.157037153840065,0.31220391392707825,0.5307589173316956,True,False,nan
20260702,220,mid_cross,active,2.678117141385883e-07,9.391137467673616e-08,0.9999996423721313,False,False,nan
20260702,221,touchdown,positive,0.9693236351013184,0.03012043982744217,0.0005559672135859728,True,False,nan
20260702,222,touchdown,active,0.0003382116265129298,0.01329172495752573,0.9863700866699219,False,False,nan
20260702,223,pre_cross,active,5.967607421553112e-07,4.8685615539056926e-09,0.9999994039535522,False,False,nan
20260702,224,mid_cross,active,4.001408232534587e-11,2.7066972663192246e-08,1.0,False,False,nan
20260702,225,mid_cross,active,1.3194056514009844e-08,1.7071348779040818e-08,1.0,False,False,nan
20260702,226,touchdown,active,7.339956482610432e-07,0.0001854325528256595,0.9998138546943665,False,False,nan
20260702,227,touchdown,active,0.65928053855896,0.18349169194698334,0.15722770988941193,False,False,nan
20260702,228,mid_cross,active,0.46617716550827026,0.000619116413872689,0.5332037806510925,True,True,0.802910742579921
20260702,229,mid_cross,active,1.6083553191492683e-06,3.493933320442011e-08,0.9999983310699463,False,False,nan
20260702,230,touchdown,active,0.724094569683075,0.16710565984249115,0.1087997555732727,True,True,0.009965893480873246
20260702,231,touchdown,negative,0.01326765213161707,0.6048736572265625,0.3818586766719818,False,False,nan
20260702,232,mid_cross,active,9.877330739982426e-07,2.520204986922181e-07,0.9999988079071045,False,False,nan
20260702,233,mid_cross,active,0.3269807994365692,0.06065996363759041,0.6123591661453247,False,False,nan
20260702,234,touchdown,positive,0.9623396396636963,0.037649497389793396,1.0871325685002375e-05,True,False,nan
20260702,235,touchdown,positive,0.9620489478111267,0.03597292676568031,0.001978065585717559,True,True,0.02397292187229142
20260702,236,pre_cross,active,1.4252300388761796e-05,3.173927509703134e-10,0.9999856948852539,False,False,nan
20260702,237,mid_cross,active,8.476411039737286e-07,2.853909677469346e-07,0.9999988079071045,False,False,nan
20260702,238,touchdown,negative,0.11131999641656876,0.6693161129951477,0.21936388313770294,True,True,0.85537261967563
20260702,239,pre_cross,active,1.0641601875249762e-06,2.1310772591043303e-10,0.999998927116394,False,False,nan
20260702,240,mid_cross,active,0.00016884486831258982,5.4667445681388926e-08,0.9998310804367065,False,False,nan
20260702,241,touchdown,negative,0.2736055254936218,0.7200351357460022,0.006359304301440716,True,True,1.5551001843320886
20260702,242,touchdown,negative,0.393871545791626,0.5842618346214294,0.021866586059331894,True,False,nan
20260702,243,mid_cross,active,4.278604137653019e-06,1.0877421630084427e-07,0.9999955892562866,False,False,nan
20260702,244,mid_cross,active,1.7954518080620652e-11,2.6610553760519906e-09,1.0,False,False,nan
20260702,245,mid_cross,active,1.8725035261013545e-05,7.705767188781465e-07,0.9999804496765137,False,False,nan
20260702,246,touchdown,active,0.8292982578277588,0.16867077350616455,0.002031003823503852,True,True,0.051331970970318795
20260702,247,pre_cross,active,0.13639120757579803,0.00026370552950538695,0.8633450865745544,False,False,nan
20260702,248,touchdown,negative,0.10478108376264572,0.8879075646400452,0.00731134507805109,True,False,nan
20260702,249,touchdown,active,0.002231994876638055,0.054265446960926056,0.9435026049613953,False,False,nan
20260702,250,mid_cross,active,1.0433170245960355e-05,3.2796319828776177e-06,0.9999862909317017,False,False,nan
20260702,251,mid_cross,active,5.2712287867962004e-08,2.6464837432627064e-08,0.9999998807907104,False,False,nan
20260702,252,mid_cross,active,1.4543052202498075e-06,2.73291664854014e-08,0.9999985694885254,False,False,nan
20260702,253,mid_cross,active,0.4242878556251526,0.008848987519741058,0.5668631196022034,False,False,nan
20260702,254,touchdown,negative,0.0023702022153884172,0.9388615489006042,0.058768242597579956,True,True,2.4472831639941486
20260702,255,pre_cross,active,2.9212924346211366e-07,1.6263077995404274e-08,0.9999996423721313,False,False,nan
20260702,256,mid_cross,active,6.008322543493705e-06,9.853187066255487e-07,0.9999929666519165,False,False,nan
20260702,257,touchdown,positive,0.9761113524436951,0.02067692205309868,0.0032116384245455265,True,False,nan
20260702,258,mid_cross,active,6.0503766441399875e-09,1.0749221068806492e-08,1.0,False,False,nan
20260702,259,mid_cross,active,3.628793479037995e-07,4.239324624677465e-08,0.9999996423721313,False,False,nan
20260702,260,mid_cross,active,5.670451087846917e-13,2.0788246124503473e-10,1.0,False,False,nan
20260702,261,pre_cross,active,1.7905696267916937e-06,7.972248972087925e-10,0.9999982118606567,False,False,nan
20260702,262,mid_cross,active,4.3016298150178045e-05,7.797476428095251e-06,0.9999492168426514,False,False,nan
20260702,263,pre_cross,active,0.0013649256434291601,0.00010031888086814433,0.9985347986221313,False,False,nan
20260702,264,mid_cross,active,6.828292498539668e-06,7.809076123521663e-07,0.9999923706054688,False,False,nan
20260702,265,mid_cross,active,3.888410446961643e-06,3.537525117280893e-08,0.9999960660934448,False,False,nan
20260702,266,touchdown,positive,0.984050452709198,0.013386333361268044,0.0025631848257035017,True,True,0.0063033267966585045
20260702,267,touchdown,negative,0.16387519240379333,0.8272858262062073,0.008839007467031479,True,False,nan
20260702,268,touchdown,active,0.00015251779404934496,0.055465538054704666,0.9443819522857666,False,False,nan
20260702,269,touchdown,negative,0.0004581145476549864,0.8274776935577393,0.17206420004367828,False,False,nan
20260702,270,touchdown,negative,0.056407928466796875,0.6957847476005554,0.2478073239326477,True,False,nan
20260702,271,mid_cross,active,0.000915624899789691,0.00016021599003579468,0.9989240765571594,False,False,nan
20260702,272,mid_cross,active,4.0042431237452547e-07,4.36476099707761e-08,0.9999995231628418,False,False,nan
20260702,273,pre_cross,active,2.840365368683706e-06,1.7520247475033557e-09,0.9999971389770508,False,False,nan
20260702,274,touchdown,positive,0.8724139928817749,0.12741556763648987,0.00017038814257830381,True,True,0.2046028226273112
20260702,275,mid_cross,active,9.078527909878176e-06,8.149056611728156e-07,0.9999901056289673,False,False,nan
20260702,276,pre_cross,active,1.7928284705703845e-06,3.453995978119906e-09,0.9999982118606567,False,False,nan
20260702,277,touchdown,positive,0.944246232509613,0.055294912308454514,0.0004588066949509084,True,False,nan
20260702,278,mid_cross,active,1.9439373772911495e-06,8.086748692903711e-08,0.9999979734420776,False,False,nan
20260702,279,mid_cross,active,3.255144065406057e-08,1.0636012071074674e-08,1.0,False,False,nan
20260702,280,mid_cross,active,2.7249125178485656e-10,1.0111353532238354e-08,1.0,False,False,nan
20260702,281,mid_cross,active,1.396616156057462e-09,1.1521957832272278e-09,1.0,False,False,nan
20260702,282,pre_cross,active,2.000622089326498e-06,8.06098121586274e-09,0.9999979734420776,False,False,nan
20260702,283,touchdown,positive,0.9785459041595459,0.021391840651631355,6.229514110600576e-05,True,False,nan
20260702,284,mid_cross,active,0.003030345542356372,0.002927759662270546,0.9940418601036072,False,False,nan
20260702,285,touchdown,active,0.0010858307359740138,0.04211965948343277,0.9567945003509521,False,False,nan
20260702,286,mid_cross,active,0.014310730621218681,0.003115250263363123,0.9825740456581116,False,False,nan
20260702,287,pre_cross,active,0.11324730515480042,1.9869676179951057e-05,0.886732816696167,False,False,nan
20260702,288,touchdown,positive,0.9686812162399292,0.02899567037820816,0.0023231126833707094,True,False,nan
20260702,289,mid_cross,active,0.00011318235192447901,1.4188606655807234e-05,0.9998725652694702,False,False,nan
20260702,290,mid_cross,active,0.0124624352902174,0.0007130696321837604,0.9868244528770447,False,False,nan
20260702,291,mid_cross,active,0.025293584913015366,0.0007892802823334932,0.9739171266555786,False,False,nan
20260702,292,touchdown,positive,0.9498176574707031,0.050076816231012344,0.00010550534352660179,True,False,nan
20260702,293,pre_cross,active,9.192944162350614e-06,1.3448806157612125e-07,0.999990701675415,False,False,nan
20260702,294,touchdown,active,0.00014417553029488772,0.10568699985742569,0.8941687941551208,False,False,nan
20260702,295,touchdown,active,0.07441267371177673,0.02517285943031311,0.9004144668579102,False,False,nan
20260702,296,mid_cross,active,2.984775804293349e-08,1.517752146185103e-08,1.0,False,False,nan
20260702,297,touchdown,positive,0.9592154026031494,0.03736221417784691,0.0034223704133182764,True,True,0.006140604334382043
20260702,298,touchdown,positive,0.9836058616638184,0.016181880608201027,0.00021226522221695632,True,True,0.014290629099129069
20260702,299,touchdown,active,0.21713408827781677,0.24552351236343384,0.537342369556427,False,False,nan
20260702,300,touchdown,positive,0.9823718667030334,0.01591726951301098,0.0017107878811657429,True,True,0.06478246579268905
20260702,301,mid_cross,active,4.048205173856623e-11,3.5274037024635163e-09,1.0,False,False,nan
20260702,302,mid_cross,active,2.7537168989510974e-06,9.23950764786241e-08,0.9999971389770508,False,False,nan
20260702,303,touchdown,active,0.6293579339981079,0.3677457571029663,0.0028963773511350155,True,True,1.562849153163369
20260702,304,pre_cross,active,8.818515766506607e-07,4.1506356684983814e-10,0.9999991655349731,False,False,nan
20260702,305,pre_cross,active,8.120503594000184e-07,2.9135243551081658e-08,0.9999991655349731,False,False,nan
20260702,306,mid_cross,active,4.100385453398303e-08,1.2206538713144255e-07,0.9999998807907104,False,False,nan
20260702,307,mid_cross,active,0.0017644790932536125,6.130938709247857e-05,0.9981741905212402,False,False,nan
20260702,308,mid_cross,active,1.8813470887835138e-06,2.802051142225537e-07,0.9999978542327881,False,False,nan
20260702,309,touchdown,positive,0.8758821487426758,0.11728373914957047,0.006834126077592373,True,True,0.08445136483493085
20260702,310,mid_cross,active,3.949128597469098e-07,1.277526617826652e-08,0.9999996423721313,False,False,nan
20260702,311,mid_cross,positive,0.5820075273513794,0.014990786090493202,0.40300166606903076,False,False,nan
20260702,312,mid_cross,active,1.5575383258692455e-06,2.5668313696769474e-07,0.9999982118606567,False,False,nan
20260702,313,mid_cross,active,0.0002649896778166294,1.993559635593556e-05,0.9997150301933289,False,False,nan
20260702,314,touchdown,positive,0.8968824744224548,0.10145244747400284,0.0016651072073727846,True,True,0.030917374458442615
20260702,315,touchdown,active,0.4254784882068634,0.24568960070610046,0.32883191108703613,True,False,nan
20260702,316,touchdown,positive,0.9238754510879517,0.07499004900455475,0.0011345435632392764,True,True,0.041099785059116836
20260702,317,mid_cross,positive,0.5220943093299866,0.044632941484451294,0.4332727789878845,False,False,nan
20260702,318,mid_cross,active,1.1234874364163261e-08,5.642688538642915e-10,1.0,False,False,nan
20260702,319,touchdown,active,0.8241631388664246,0.17508994042873383,0.0007468396215699613,True,True,0.3021928406361289
20260702,320,touchdown,active,8.195020200219005e-05,0.005111318547278643,0.994806706905365,False,False,nan
20260702,321,touchdown,active,0.5822699069976807,0.4096941649913788,0.008035952225327492,True,False,nan
20260702,322,touchdown,active,1.7075419236789457e-05,0.012207664549350739,0.9877752065658569,False,False,nan
20260702,323,pre_cross,active,0.0004407973028719425,1.1622585134318797e-06,0.9995580315589905,False,False,nan
20260702,324,mid_cross,active,8.736922154639615e-07,5.419125415073722e-08,0.9999990463256836,False,False,nan
20260702,325,mid_cross,active,0.0169074684381485,0.0007297372212633491,0.9823628067970276,False,False,nan
20260702,326,touchdown,negative,0.055564891546964645,0.5844234824180603,0.36001157760620117,True,False,nan
20260702,327,mid_cross,active,1.6195815305194983e-12,2.901587997650168e-11,1.0,False,False,nan
20260702,328,touchdown,positive,0.9805280566215515,0.019059354439377785,0.0004126102721784264,True,False,nan
20260702,329,mid_cross,active,0.0016627867007628083,4.123212784179486e-05,0.9982959628105164,False,False,nan
20260702,330,mid_cross,active,8.316032449329214e-07,1.1982311320934969e-07,0.9999990463256836,False,False,nan
20260702,331,mid_cross,active,3.783848612215479e-08,2.0735559047579954e-08,1.0,False,False,nan
20260702,332,pre_cross,active,0.012574836611747742,0.0001300731091760099,0.9872950911521912,False,False,nan
20260702,333,touchdown,active,0.6584877371788025,0.33816978335380554,0.0033425460569560528,True,False,nan
20260702,334,touchdown,active,0.8311026096343994,0.13907930254936218,0.029818100854754448,False,False,nan
20260702,335,mid_cross,active,0.001150136231444776,2.7535092158359475e-05,0.9988222718238831,False,False,nan
20260702,336,mid_cross,active,6.8530416683643125e-06,2.0132202394052e-07,0.9999929666519165,False,False,nan
20260702,337,mid_cross,active,0.09675177931785583,0.0020589129999279976,0.9011893272399902,True,True,1.340060010570011
20260702,338,touchdown,negative,0.06724473834037781,0.8954958915710449,0.03725939616560936,False,False,nan
20260702,339,touchdown,positive,0.9766347408294678,0.023172354325652122,0.00019286682072561234,True,False,nan
20260702,340,mid_cross,positive,0.687648594379425,0.009332770481705666,0.3030186891555786,False,False,nan
20260702,341,mid_cross,active,0.09490516036748886,0.000796338717918843,0.9042985439300537,True,True,1.0031747409127043
20260702,342,touchdown,positive,0.9625105857849121,0.03093365766108036,0.006555759347975254,True,True,0.009985223150243494
20260702,343,touchdown,active,3.7581510241579963e-06,0.00039254649891518056,0.9996036887168884,False,False,nan
20260702,344,touchdown,positive,0.8616047501564026,0.09452950209379196,0.04386569559574127,False,False,nan
20260702,345,touchdown,active,0.7921910881996155,0.18383106589317322,0.023977799341082573,True,False,nan
20260702,346,mid_cross,positive,0.8558408617973328,0.0056748418137431145,0.13848426938056946,False,False,nan
20260702,347,touchdown,positive,0.8993601202964783,0.09646636992692947,0.0041735474951565266,True,True,0.00150813248260442
20260702,348,touchdown,active,0.005066918674856424,0.044069115072488785,0.9508640170097351,False,False,nan
20260702,349,touchdown,positive,0.9653092622756958,0.034114062786102295,0.0005766428075730801,True,True,0.0126835095472466
20260702,350,touchdown,positive,0.9560463428497314,0.03909256309270859,0.004861038643866777,True,True,0.05787471954754798
20260702,351,mid_cross,active,1.4801585166424047e-06,1.0924437354731253e-08,0.9999984502792358,False,False,nan
20260702,352,touchdown,positive,0.9508061408996582,0.04860261455178261,0.0005911737098358572,True,True,0.016988727608179967
20260702,353,touchdown,active,0.001551082474179566,0.07863737642765045,0.9198116064071655,False,False,nan
20260702,354,touchdown,active,0.035059135407209396,0.19124585390090942,0.7736949324607849,False,False,nan
20260702,355,touchdown,positive,0.9137911200523376,0.06863224506378174,0.017576707527041435,True,True,0.005864703355170301
20260702,356,touchdown,negative,0.048800498247146606,0.9455220103263855,0.005677485838532448,True,False,nan
20260702,357,touchdown,active,1.1050746451246596e-07,6.287960422923788e-05,0.9999370574951172,False,False,nan
20260702,358,mid_cross,active,1.0819661139249703e-10,1.2676069971462312e-08,1.0,False,False,nan
20260702,359,pre_cross,active,2.4487670089001767e-05,2.4380327090511855e-08,0.9999754428863525,False,False,nan
20260702,360,touchdown,active,0.00010937814658973366,0.004643469117581844,0.9952471852302551,False,False,nan
20260702,361,mid_cross,active,9.717960836042039e-08,0.12288399785757065,0.8771158456802368,False,False,nan
20260702,362,touchdown,active,0.7806397676467896,0.20933225750923157,0.010027958080172539,False,False,nan
20260702,363,mid_cross,negative,0.015501709654927254,0.9792100787162781,0.005288157612085342,True,True,0.6435327942250353
20260702,364,pre_cross,active,3.048020820115016e-13,2.8783094876416726e-06,0.9999971389770508,False,False,nan
20260702,365,touchdown,negative,0.19013936817646027,0.8081094622612,0.0017511460464447737,True,False,nan
20260702,366,touchdown,active,0.6426572203636169,0.34911245107650757,0.008230386301875114,True,True,1.7447229378282834
20260702,367,mid_cross,active,0.0006004323367960751,0.2366732358932495,0.7627263069152832,False,False,nan
20260702,368,touchdown,positive,0.8770139813423157,0.11856752634048462,0.00441849697381258,True,True,0.005546856157529955
20260702,369,mid_cross,negative,3.2425355129817035e-06,0.8020185828208923,0.19797824323177338,True,True,1.4352995380681801
20260702,370,touchdown,negative,0.27388444542884827,0.6159386038780212,0.11017698794603348,False,False,nan
20260702,371,mid_cross,negative,0.0002297551545780152,0.8917368650436401,0.10803339630365372,True,False,nan
20260702,372,mid_cross,negative,0.0002412002650089562,0.5096156597137451,0.49014320969581604,False,False,nan
20260702,373,touchdown,negative,0.09966662526130676,0.8954831957817078,0.004850141238421202,True,False,nan
20260702,374,touchdown,active,0.46911555528640747,0.5041829347610474,0.026701509952545166,True,True,1.3335922490085774
20260702,375,touchdown,negative,0.3130508065223694,0.6813395619392395,0.00560960965231061,True,False,nan
20260702,376,mid_cross,active,4.9489191411566935e-08,3.161714630550705e-05,0.9999682903289795,False,False,nan
20260702,377,touchdown,negative,0.0821518674492836,0.9141793251037598,0.0036688430700451136,True,False,nan
20260702,378,touchdown,negative,0.24335843324661255,0.736899733543396,0.019741816446185112,True,False,nan
20260702,379,touchdown,active,0.4287826716899872,0.4385330379009247,0.1326843500137329,False,False,nan
20260702,380,mid_cross,negative,0.006538867950439453,0.992557168006897,0.0009040304576046765,True,False,nan
20260702,381,touchdown,negative,0.1964990645647049,0.7795785069465637,0.023922432214021683,True,False,nan
20260702,382,touchdown,negative,0.19771984219551086,0.7374608516693115,0.06481929868459702,True,False,nan
20260702,383,touchdown,active,0.4938487112522125,0.46081650257110596,0.04533485323190689,True,True,4.458275715201125
20260702,384,mid_cross,active,3.17522176374041e-06,0.4059937596321106,0.5940030217170715,False,False,nan
20260702,385,touchdown,active,0.7929728627204895,0.20431724190711975,0.002709844382479787,True,True,1.043344200665101
20260702,386,touchdown,positive,0.8816434144973755,0.11776065081357956,0.0005958961555734277,True,True,0.009324024083748586
20260702,387,touchdown,negative,0.15325123071670532,0.8441271185874939,0.0026216907426714897,True,False,nan
20260702,388,touchdown,active,0.7901507616043091,0.20872974395751953,0.001119530526921153,True,True,1.9915205387246022
20260702,389,mid_cross,active,2.3501213945564814e-05,6.401330756489187e-05,0.9999125003814697,False,False,nan
20260702,390,touchdown,negative,0.19983406364917755,0.7580968737602234,0.04206903278827667,True,False,nan
20260702,391,touchdown,active,0.005180487874895334,0.08476278185844421,0.9100567102432251,False,False,nan
20260702,392,touchdown,active,0.5671187043190002,0.3821141719818115,0.050767119973897934,True,True,0.5856123072512276
20260702,393,mid_cross,active,1.0093544915434904e-05,0.00012056286504957825,0.9998693466186523,False,False,nan
20260702,394,pre_cross,active,7.443301530685176e-11,0.0002730741980485618,0.9997269511222839,False,False,nan
20260702,395,touchdown,negative,0.1735299676656723,0.8255087733268738,0.0009612104040570557,True,False,nan
20260702,396,mid_cross,negative,9.37803451961372e-06,0.9811506867408752,0.018839968368411064,True,False,nan
20260702,397,touchdown,negative,0.32560500502586365,0.6727575659751892,0.0016374260885640979,True,False,nan
20260702,398,touchdown,negative,0.058708906173706055,0.9397192597389221,0.0015718539943918586,True,False,nan
20260702,399,touchdown,negative,0.1727302223443985,0.8258092999458313,0.0014604937750846148,True,False,nan
20260702,400,touchdown,negative,0.11469151824712753,0.8841810822486877,0.0011273565469309688,True,True,0.010424785954881218
20260702,401,mid_cross,active,0.00015733635518699884,0.02582056261599064,0.9740221500396729,False,False,nan
20260702,402,touchdown,active,0.7283898591995239,0.27080991864204407,0.0008002326358109713,True,True,0.0916008531992337
20260702,403,touchdown,negative,0.2297467589378357,0.7697612047195435,0.0004920503124594688,True,False,nan
20260702,404,pre_cross,active,4.826727906248607e-11,3.2846037356648594e-05,0.999967098236084,False,False,nan
20260702,405,touchdown,negative,0.18526990711688995,0.813583254814148,0.0011468898737803102,True,False,nan
20260702,406,mid_cross,active,8.122486190587086e-12,4.602286571753211e-05,0.9999539852142334,False,False,nan
20260702,407,mid_cross,active,2.4088685677270405e-06,9.265739208785817e-05,0.9999048709869385,False,False,nan
20260702,408,touchdown,negative,0.30209898948669434,0.6139910221099854,0.0839100107550621,False,False,nan
20260702,409,mid_cross,active,9.197726136278561e-09,0.0227018091827631,0.9772982001304626,False,False,nan
20260702,410,pre_cross,active,7.463709012812958e-13,1.1665892088785768e-05,0.999988317489624,False,False,nan
20260702,411,pre_cross,active,6.2750711744830046e-12,0.0010492255678400397,0.998950719833374,False,False,nan
20260702,412,touchdown,negative,0.09950698912143707,0.8973634243011475,0.003129644086584449,True,False,nan
20260702,413,mid_cross,active,5.538686731476616e-10,0.00020868123101536185,0.9997913241386414,False,False,nan
20260702,414,mid_cross,negative,0.00032183268922381103,0.9832882285118103,0.016389839351177216,True,True,1.3789142231996852
20260702,415,touchdown,active,0.8150389790534973,0.17947645485401154,0.0054844641126692295,True,True,0.2992009561737252
20260702,416,pre_cross,active,7.330776068646683e-13,6.024577032803791e-06,0.9999939203262329,False,False,nan
20260702,417,touchdown,active,0.012948357500135899,0.002882588654756546,0.9841690063476562,False,False,nan
20260702,418,mid_cross,active,9.780483978261145e-09,0.029980791732668877,0.9700192213058472,False,False,nan
20260702,419,touchdown,active,0.7069928646087646,0.26564913988113403,0.02735796384513378,True,True,0.09543707237023227
20260702,420,mid_cross,active,6.726298124704044e-06,0.003107666503638029,0.9968855977058411,False,False,nan
20260702,421,touchdown,active,0.05838274955749512,0.15839827060699463,0.783219039440155,False,False,nan
20260702,422,touchdown,active,0.7353260517120361,0.26152655482292175,0.0031473159324377775,True,False,nan
20260702,423,mid_cross,active,7.869311957620084e-05,0.4095396399497986,0.5903816819190979,False,False,nan
20260702,424,touchdown,active,0.012863204814493656,0.030398694798350334,0.9567381143569946,False,False,nan
20260702,425,mid_cross,active,3.551970451098896e-07,3.639954229583964e-05,0.9999632835388184,False,False,nan
20260702,426,mid_cross,active,6.484265901995911e-11,0.00040485450881533325,0.9995951056480408,False,False,nan
20260702,427,mid_cross,active,1.2186134046299202e-10,4.2800416849786416e-05,0.9999572038650513,False,False,nan
20260702,428,touchdown,negative,0.2804892957210541,0.7181861996650696,0.0013245820300653577,True,False,nan
20260702,429,pre_cross,active,5.897064385201531e-14,2.4622011551400647e-05,0.999975323677063,False,False,nan
20260702,430,mid_cross,active,4.778709694619465e-07,1.1593044291657861e-05,0.9999879598617554,False,False,nan
20260702,431,mid_cross,negative,6.367806236085016e-06,0.9973663687705994,0.0026272290851920843,True,False,nan
20260702,432,mid_cross,negative,9.62354097282514e-05,0.6816204190254211,0.3182833790779114,False,False,nan
20260702,433,mid_cross,active,1.6452269164801692e-06,0.1675843894481659,0.832413911819458,False,False,nan
20260702,434,touchdown,active,0.5044289827346802,0.49251610040664673,0.0030548949725925922,True,True,2.482310548499788
20260702,435,touchdown,active,0.097995825111866,0.4118839502334595,0.4901202619075775,False,False,nan
20260702,436,mid_cross,active,1.3498132034328592e-07,0.19369225203990936,0.8063075542449951,False,False,nan
20260702,437,touchdown,active,0.023792395368218422,0.24275271594524384,0.7334548830986023,True,False,nan
20260702,438,touchdown,active,0.5203067660331726,0.23481929302215576,0.2448740154504776,False,False,nan
20260702,439,touchdown,active,0.7336724400520325,0.26146602630615234,0.004861623048782349,True,True,0.05991272781746298
20260702,440,touchdown,negative,0.10229194164276123,0.8974893689155579,0.00021863872825633734,True,False,nan
20260702,441,touchdown,negative,0.15294791758060455,0.8468761444091797,0.00017597585974726826,True,False,nan
20260702,442,mid_cross,active,2.5888255095196655e-08,6.836631655460224e-05,0.9999315738677979,False,False,nan
20260702,443,mid_cross,negative,0.02740083448588848,0.9693469405174255,0.003252285299822688,True,True,1.0673835497335211
20260702,444,touchdown,active,0.03228878974914551,0.4809548854827881,0.48675641417503357,True,False,nan
20260702,445,touchdown,negative,0.1725289672613144,0.8259407877922058,0.0015302536776289344,True,False,nan
20260702,446,touchdown,active,0.0029290723614394665,0.0014687610091641545,0.9956021308898926,False,False,nan
20260702,447,touchdown,positive,0.9189828634262085,0.0784282386302948,0.002588926814496517,True,True,0.015645931367739424
20260702,448,touchdown,active,0.552788257598877,0.44508200883865356,0.0021297114435583353,True,True,0.019628750163428115
20260702,449,pre_cross,active,8.328143508151697e-09,0.00020689991652034223,0.9997931122779846,False,False,nan
20260702,450,touchdown,active,0.7817049622535706,0.185494527220726,0.032800570130348206,False,False,nan
20260702,451,touchdown,negative,0.38604119420051575,0.5814261436462402,0.03253268077969551,True,False,nan
20260702,452,touchdown,negative,0.0598977655172348,0.8294150829315186,0.11068713665008545,False,False,nan
20260702,453,mid_cross,negative,0.007435682229697704,0.9605224132537842,0.03204183280467987,True,True,0.6986588062122132
20260702,454,touchdown,negative,0.1575440764427185,0.8412220478057861,0.00123384571634233,True,False,nan
20260702,455,touchdown,positive,0.9356886744499207,0.06397117674350739,0.00034016536665149033,True,True,0.02304679481554179
20260702,456,mid_cross,negative,0.014405076391994953,0.9838734269142151,0.0017215153202414513,True,False,nan
20260702,457,touchdown,negative,0.36506861448287964,0.6310325264930725,0.0038989062886685133,True,False,nan
20260702,458,touchdown,negative,0.44636499881744385,0.5527564287185669,0.0008785760146565735,True,False,nan
20260702,459,touchdown,active,0.131558358669281,0.2764880657196045,0.5919535160064697,True,False,nan
20260702,460,mid_cross,active,5.883707103748748e-07,1.2300912203500047e-05,0.9999871253967285,False,False,nan
20260702,461,touchdown,negative,0.4153023958206177,0.5834250450134277,0.001272570458240807,True,True,0.11194930655784895
20260702,462,touchdown,negative,0.05368339642882347,0.9461210370063782,0.00019559243810363114,True,False,nan
20260702,463,mid_cross,active,4.278436804838748e-08,0.00014916653162799776,0.9998507499694824,False,False,nan
20260702,464,touchdown,active,0.6936867237091064,0.30553191900253296,0.0007813037955202162,True,True,0.7873775831302093
20260702,465,touchdown,active,0.5412997603416443,0.4576164186000824,0.0010838607558980584,True,True,0.04535850246288231
20260702,466,mid_cross,active,2.5931678919732803e-06,4.8276775487465784e-05,0.9999490976333618,False,False,nan
20260702,467,mid_cross,negative,1.7051686995728232e-07,0.9750229716300964,0.024976955726742744,True,True,19.38205977838349
20260702,468,touchdown,negative,0.19335538148880005,0.797938346862793,0.0087062306702137,False,False,nan
20260702,469,touchdown,negative,0.2894337475299835,0.7036768794059753,0.006889338605105877,True,False,nan
20260702,470,mid_cross,active,5.820350779117689e-08,0.04624934867024422,0.9537505507469177,False,False,nan
20260702,471,touchdown,active,0.8107317090034485,0.16419106721878052,0.0250772126019001,False,False,nan
20260702,472,mid_cross,active,1.2043317454413227e-08,0.44725412130355835,0.5527459383010864,True,True,4.279897236867325
20260702,473,mid_cross,active,1.888522893622735e-09,0.020960120484232903,0.9790399074554443,False,False,nan
20260702,474,touchdown,active,0.7200526595115662,0.2794561982154846,0.0004910572897642851,True,True,0.7832125448788888
20260702,475,touchdown,active,0.4801662862300873,0.5192629098892212,0.0005708564422093332,True,True,0.18752252843605952
20260702,476,touchdown,active,0.7884472012519836,0.19695833325386047,0.01459449715912342,True,False,nan
20260702,477,touchdown,active,0.5969504117965698,0.402195543050766,0.0008540002745576203,True,True,0.25604676539917504
20260702,478,touchdown,negative,0.3874043822288513,0.6108588576316833,0.0017367212567478418,True,False,nan
20260702,479,touchdown,negative,0.2485520988702774,0.7428634166717529,0.008584580384194851,True,False,nan
20260702,480,touchdown,positive,0.8698219656944275,0.0995795726776123,0.030598407611250877,True,True,0.02578543334694244
20260702,481,touchdown,positive,0.8863167762756348,0.111076220870018,0.002606989350169897,True,True,0.03946593612198244
20260702,482,mid_cross,active,2.5111372536912313e-08,0.01812356524169445,0.9818763732910156,False,False,nan
20260702,483,touchdown,active,0.15913499891757965,0.2981735169887543,0.5426914691925049,True,False,nan
20260702,484,touchdown,negative,0.16816656291484833,0.8269047737121582,0.004928742069751024,True,False,nan
20260702,485,mid_cross,active,5.998751930746948e-07,0.07006994634866714,0.9299294352531433,False,False,nan
20260702,486,touchdown,positive,0.8921816945075989,0.10618443042039871,0.0016338392160832882,True,True,0.052337052424900284
20260702,487,touchdown,active,0.5830748677253723,0.3508221507072449,0.06610298901796341,True,True,0.38376034913129375
20260702,488,touchdown,negative,0.15949490666389465,0.8246628046035767,0.015842262655496597,True,False,nan
20260702,489,mid_cross,active,1.1628799967411396e-07,0.038707613945007324,0.9612922072410583,False,False,nan
20260702,490,mid_cross,active,2.5237420686607948e-06,3.292429755674675e-05,0.9999645948410034,False,False,nan
20260702,491,touchdown,active,0.5038758516311646,0.49160948395729065,0.00451467651873827,True,False,nan
20260702,492,mid_cross,active,8.231151871207487e-12,3.524676867527887e-05,0.999964714050293,False,False,nan
20260702,493,mid_cross,negative,0.0055955578573048115,0.9724563956260681,0.0219480749219656,True,True,20.778990472281357
20260702,494,touchdown,active,0.5296374559402466,0.46951770782470703,0.0008448771550320089,True,False,nan
20260702,495,touchdown,active,0.09303983300924301,0.32212886214256287,0.5848313570022583,True,False,nan
20260702,496,pre_cross,active,7.84010877052932e-12,1.9709565094672143e-05,0.9999803304672241,False,False,nan
20260702,497,mid_cross,active,2.002034307224676e-06,1.6309279089909978e-05,0.9999816417694092,False,False,nan
20260702,498,mid_cross,negative,1.0196964694841881e-07,0.9921764731407166,0.007823438383638859,True,True,1.9219027617550988
20260702,499,touchdown,active,0.453597754240036,0.4944192171096802,0.051983028650283813,True,False,nan
20260702,500,pre_cross,active,2.90130637884637e-14,1.0861381127824643e-07,0.9999998807907104,False,False,nan
20260702,501,touchdown,active,0.5562306046485901,0.2801228165626526,0.16364650428295135,True,True,0.1928760043589463
20260702,502,touchdown,negative,0.19827373325824738,0.7317547798156738,0.0699714943766594,True,False,nan
20260702,503,pre_cross,active,7.912028372964244e-14,4.269659541478177e-07,0.9999995231628418,False,False,nan
20260702,504,touchdown,active,0.7496890425682068,0.24289202690124512,0.007418927736580372,True,True,0.28591305699174524
20260702,505,mid_cross,negative,0.00048329707351513207,0.9953445792198181,0.004172119777649641,True,False,nan
20260702,506,pre_cross,active,9.945059494082553e-17,1.892127841074398e-07,0.9999997615814209,False,False,nan
20260702,507,mid_cross,active,1.2291920370444132e-07,0.011236486956477165,0.9887633323669434,False,False,nan
20260702,508,touchdown,active,0.12056303024291992,0.06146962195634842,0.8179673552513123,False,False,nan
20260702,509,mid_cross,active,4.722921165267735e-09,0.0022985339164733887,0.9977014660835266,True,False,nan
20260702,510,touchdown,negative,0.0944792851805687,0.9051467776298523,0.00037385261384770274,True,False,nan
20260702,511,touchdown,negative,0.3976832628250122,0.599265992641449,0.003050795756280422,True,False,nan
20260702,512,mid_cross,active,1.130833771451577e-15,1.1677613542815379e-07,0.9999998807907104,False,False,nan
20260702,513,mid_cross,active,3.3826399459258027e-09,0.00032739227754063904,0.9996726512908936,False,False,nan
20260702,514,mid_cross,active,1.5298651234729732e-10,5.869976303074509e-05,0.999941349029541,False,False,nan
20260702,515,touchdown,active,0.8135671019554138,0.13332748413085938,0.05310545116662979,True,False,nan
20260702,516,touchdown,active,0.14467918872833252,0.17588242888450623,0.6794383525848389,True,False,nan
20260702,517,touchdown,active,0.7588793635368347,0.22131088376045227,0.01980968564748764,True,True,0.08603010801025936
20260702,518,pre_cross,active,3.4517949176817326e-17,9.651119015074983e-09,1.0,False,False,nan
20260702,519,mid_cross,active,4.1573990472443256e-08,0.0017061495454981923,0.9982938170433044,False,False,nan
20260702,520,touchdown,negative,0.45424148440361023,0.5434252619743347,0.002333298558369279,True,True,0.025322708305660916
20260702,521,touchdown,positive,0.8617239594459534,0.12160930782556534,0.016666656360030174,True,False,nan
20260702,522,touchdown,active,0.5632982850074768,0.43632882833480835,0.0003728751034941524,True,False,nan
20260702,523,touchdown,active,0.4382999539375305,0.5124353170394897,0.04926477372646332,True,False,nan
20260702,524,mid_cross,negative,0.0003082409966737032,0.9909029603004456,0.008788827806711197,True,True,0.375435680708322
20260702,525,touchdown,negative,0.09482472389936447,0.8825281858444214,0.02264704741537571,True,False,nan
20260702,526,touchdown,positive,0.9080413579940796,0.08028066158294678,0.011677926406264305,True,True,0.8878482894204418
20260702,527,touchdown,active,0.0398002564907074,0.0015238441992551088,0.9586759209632874,False,False,nan
20260702,528,touchdown,active,0.4933587312698364,0.4808192253112793,0.025822095572948456,True,False,nan
20260702,529,mid_cross,active,1.508405716776906e-06,6.406418378901435e-06,0.9999921321868896,False,False,nan
20260702,530,touchdown,active,0.5319388508796692,0.4590078890323639,0.009053206071257591,True,True,0.8711018129869403
20260702,531,touchdown,negative,0.3016279339790344,0.6946466565132141,0.0037253624759614468,True,True,0.2761499059678237
20260702,532,pre_cross,active,4.744487765037881e-15,5.293718459142838e-07,0.9999995231628418,False,False,nan
20260702,533,mid_cross,active,6.212628501922612e-12,2.797285014821682e-05,0.9999719858169556,False,False,nan
20260702,534,touchdown,negative,0.25429436564445496,0.7364494800567627,0.009256171062588692,True,True,0.04246827622434388
20260702,535,touchdown,negative,0.27933672070503235,0.719048798084259,0.0016144433757290244,True,False,nan
20260702,536,touchdown,active,0.7302955985069275,0.26606276631355286,0.0036416829098016024,True,True,0.35722828202288054
20260702,537,touchdown,active,0.416461318731308,0.5258756279945374,0.057663097977638245,True,True,0.4847242567489431
20260702,538,mid_cross,negative,1.369386950500484e-07,0.6964815258979797,0.3035183250904083,True,True,1.251325274049888
20260702,539,touchdown,active,0.15945909917354584,0.4456287920475006,0.39491212368011475,True,False,nan
20260702,540,touchdown,active,0.781032383441925,0.21492601931095123,0.004041564650833607,True,True,0.14695246926599823
20260702,541,touchdown,negative,0.2923569977283478,0.7048354148864746,0.0028075077570974827,True,False,nan
20260702,542,touchdown,active,0.7774593234062195,0.21261310577392578,0.009927547536790371,True,True,0.806775095733858
20260702,543,touchdown,active,0.012005369178950787,0.02851170487701893,0.9594829678535461,False,False,nan
20260702,544,touchdown,negative,0.09579942375421524,0.9027466177940369,0.001453925622627139,True,False,nan
20260702,545,touchdown,active,0.6956290006637573,0.3017492890357971,0.002621798310428858,True,True,0.03960283310220562
20260702,546,touchdown,active,0.6781966686248779,0.3194475471973419,0.002355739939957857,True,True,0.11967103582421858
20260702,547,mid_cross,active,4.635919594875304e-06,0.021605856716632843,0.9783895015716553,False,False,nan
20260702,548,pre_cross,active,3.115558280656662e-15,1.3833393950335449e-06,0.9999985694885254,False,False,nan
20260702,549,touchdown,positive,0.9565335512161255,0.028044257313013077,0.015422172844409943,True,True,0.17937603377346767
20260702,550,mid_cross,active,5.723099327781256e-09,0.005177678074687719,0.9948222637176514,False,False,nan
20260702,551,pre_cross,active,7.267209837374944e-12,1.6094883903861046e-05,0.9999839067459106,False,False,nan
20260702,552,mid_cross,active,3.642462900188548e-07,1.868937943072524e-05,0.9999809265136719,False,False,nan
20260702,553,mid_cross,active,0.003554719500243664,0.09430466592311859,0.9021406173706055,True,True,3.8661340289756194
20260702,554,pre_cross,active,2.022399088474902e-11,6.0967095123487525e-06,0.9999939203262329,False,False,nan
20260702,555,touchdown,negative,0.3010948896408081,0.6762205362319946,0.02268451638519764,False,False,nan
20260702,556,touchdown,active,0.7080050706863403,0.27372440695762634,0.01827056333422661,True,False,nan
20260702,557,mid_cross,active,1.5837840692256577e-05,0.03574629873037338,0.9642378687858582,False,False,nan
20260702,558,touchdown,negative,0.2262730896472931,0.7725153565406799,0.0012115264544263482,True,True,0.4730618882697062
20260702,559,touchdown,negative,0.12291800230741501,0.8641042113304138,0.012977715581655502,True,False,nan
20260702,560,touchdown,negative,0.39542028307914734,0.5988326072692871,0.005747139919549227,True,False,nan
20260702,561,touchdown,positive,0.8865647912025452,0.11049271374940872,0.002942476188763976,True,True,0.19792758950606276
20260702,562,touchdown,negative,0.3935510814189911,0.6051711440086365,0.0012778080999851227,True,False,nan
20260702,563,touchdown,active,0.7644141912460327,0.23204615712165833,0.003539690049365163,True,True,0.08339552177785305
20260702,564,touchdown,active,0.033145736902952194,0.017424562945961952,0.9494296908378601,False,False,nan
20260702,565,pre_cross,active,3.8584607296144425e-17,3.947576843188472e-08,1.0,False,False,nan
20260702,566,touchdown,negative,0.19067488610744476,0.8088870644569397,0.00043804189772345126,True,False,nan
20260702,567,mid_cross,active,9.089130230677256e-07,0.49889856576919556,0.5011005997657776,True,True,2.066354193635844
20260702,568,touchdown,negative,0.2182053029537201,0.7805479168891907,0.0012467987835407257,True,False,nan
20260702,569,touchdown,active,0.7853783965110779,0.21322935819625854,0.0013921794015914202,True,True,0.1297522126898778
20260702,570,touchdown,active,0.45128512382507324,0.010569194331765175,0.5381457209587097,False,False,nan
20260702,571,touchdown,active,0.6902481913566589,0.3058318495750427,0.003919993061572313,True,True,0.038463755416614426
20260702,572,touchdown,active,0.49383482336997986,0.5034255385398865,0.0027396793011575937,True,False,nan
20260702,573,touchdown,negative,0.13564765453338623,0.8610288500785828,0.003323434153571725,True,False,nan
20260702,574,touchdown,negative,0.21853627264499664,0.774477481842041,0.0069862655363976955,True,True,0.04206222159503661
20260702,575,touchdown,negative,0.14582446217536926,0.8534905910491943,0.0006849184865131974,True,False,nan
20260702,576,touchdown,negative,0.12990805506706238,0.8686227798461914,0.001469173701480031,True,False,nan
20260702,577,mid_cross,active,2.6315406742583036e-08,0.00023801304632797837,0.9997619986534119,False,False,nan
20260702,578,touchdown,positive,0.8954933881759644,0.08655260503292084,0.017953896895051003,True,True,0.08070722915024645
20260702,579,touchdown,negative,0.18204030394554138,0.7848225235939026,0.03313719853758812,False,False,nan
20260702,580,touchdown,negative,0.1393185704946518,0.8579834699630737,0.0026980028487741947,True,False,nan
20260702,581,touchdown,positive,0.9638389945030212,0.033156998455524445,0.0030040419660508633,True,True,1.24136586724272
20260702,582,mid_cross,active,5.2538584895955864e-06,8.373972377739847e-06,0.9999864101409912,False,False,nan
20260702,583,touchdown,negative,0.454181969165802,0.5411771535873413,0.004640916362404823,True,True,0.13212918206134996
20260702,584,touchdown,negative,0.12832263112068176,0.8672912120819092,0.00438617542386055,True,True,0.04220667567734492
20260702,585,touchdown,active,0.4972960650920868,0.4747871160507202,0.02791680581867695,True,True,0.9177740888891855
20260702,586,mid_cross,active,1.7717384892534938e-08,0.0001076075277524069,0.9998923540115356,False,False,nan
20260702,587,pre_cross,active,1.6528959639864238e-15,2.498113644833211e-07,0.9999997615814209,False,False,nan
20260702,588,touchdown,negative,0.24666523933410645,0.635884702205658,0.11745008826255798,True,False,nan
20260702,589,mid_cross,active,1.8109730381965505e-09,0.0008307223906740546,0.9991693496704102,False,False,nan
20260702,590,touchdown,negative,0.448341965675354,0.5500205159187317,0.00163752818480134,True,False,nan
20260702,591,touchdown,negative,0.08312597870826721,0.9165485501289368,0.0003255252668168396,True,False,nan
20260702,592,pre_cross,active,1.27700635303837e-14,2.1140301953437302e-07,0.9999997615814209,False,False,nan
20260702,593,mid_cross,active,4.273563902756905e-08,7.387941150227562e-05,0.9999260902404785,False,False,nan
20260702,594,touchdown,active,0.8281870484352112,0.17058852314949036,0.001224444480612874,True,True,0.05699854143803708
20260702,595,touchdown,active,0.020045192912220955,0.2168911099433899,0.7630636692047119,False,False,nan
20260702,596,touchdown,active,0.4790578782558441,0.41360482573509216,0.10733731836080551,True,False,nan
20260702,597,touchdown,active,0.6968348622322083,0.29953983426094055,0.003625326557084918,True,True,0.06125189754727529
20260702,598,pre_cross,active,3.6802927372292515e-10,0.00099347741343081,0.9990065693855286,False,False,nan
20260702,599,mid_cross,negative,0.0002216606808360666,0.980478823184967,0.0192995797842741,True,False,nan
20260702,600,touchdown,active,0.3670346140861511,0.41248732805252075,0.2204780876636505,False,False,nan
20260702,601,touchdown,negative,0.29858696460723877,0.6878997683525085,0.01351326983422041,True,True,0.7665309411003269
20260702,602,mid_cross,active,1.1834921931352937e-11,1.0449274668644648e-05,0.9999895095825195,False,False,nan
20260702,603,mid_cross,active,2.2107723651743072e-08,7.657492096768692e-05,0.9999233484268188,False,False,nan
20260702,604,mid_cross,active,8.804860594964492e-13,1.592383682691434e-06,0.9999984502792358,False,False,nan
20260702,605,mid_cross,active,2.3138246874054857e-08,0.00013473992294166237,0.9998651742935181,False,False,nan
20260702,606,touchdown,active,0.010673180222511292,0.011210349388420582,0.978116512298584,False,False,nan
20260702,607,touchdown,active,0.5528648495674133,0.4173927307128906,0.029742391780018806,True,False,nan
20260702,608,pre_cross,active,8.57687986456049e-16,1.530695037388341e-08,1.0,False,False,nan
20260702,609,touchdown,negative,0.1723499596118927,0.8214995861053467,0.00615049758926034,True,True,0.04277941228884464
20260702,610,touchdown,negative,0.23187634348869324,0.7612901329994202,0.00683352816849947,True,True,0.7042874785485906
20260702,611,touchdown,negative,0.13615116477012634,0.6772445440292358,0.1866043210029602,True,False,nan
20260702,612,touchdown,negative,0.17655882239341736,0.701511800289154,0.1219293549656868,True,False,nan
20260702,613,mid_cross,active,9.397311054315516e-12,0.0001899297203635797,0.9998100399971008,False,False,nan
20260702,614,mid_cross,active,8.018893993266829e-09,0.0003385441086720675,0.9996614456176758,False,False,nan
20260702,615,pre_cross,active,8.579465432631984e-15,5.124637141307176e-07,0.9999995231628418,False,False,nan
20260702,616,pre_cross,active,7.713375302855646e-16,9.939376468537375e-07,0.9999990463256836,False,False,nan
20260702,617,pre_cross,active,6.450258660528618e-10,1.4188413842930458e-05,0.9999858140945435,False,False,nan
20260702,618,pre_cross,active,2.0243797957397724e-12,2.2260825062403455e-05,0.999977707862854,False,False,nan
20260702,619,touchdown,active,0.5196093916893005,0.3992204964160919,0.08117005974054337,True,False,nan
20260702,620,touchdown,negative,0.18234139680862427,0.8093839883804321,0.008274511434137821,True,True,0.1868855975234278
20260702,621,mid_cross,negative,6.585134997294517e-07,0.6574650406837463,0.3425343930721283,False,False,nan
20260702,622,pre_cross,active,7.387258665024488e-13,1.1546729183464777e-05,0.9999884366989136,False,False,nan
20260702,623,touchdown,negative,0.37055081129074097,0.6229048371315002,0.0065443613566458225,True,False,nan
20260702,624,mid_cross,active,1.8869547702138334e-08,0.004839906003326178,0.9951600432395935,False,False,nan
20260702,625,touchdown,negative,0.2207416594028473,0.778111457824707,0.0011468461016193032,True,False,nan
20260702,626,touchdown,negative,0.4197348654270172,0.578565239906311,0.001699820626527071,True,True,0.028093024128603893
20260702,627,mid_cross,active,4.258450280758552e-05,0.31069764494895935,0.6892597675323486,False,False,nan
20260702,628,touchdown,negative,0.13261368870735168,0.863440990447998,0.003945343196392059,True,False,nan
20260702,629,touchdown,active,0.4603710174560547,0.3182680010795593,0.2213609367609024,True,False,nan
20260702,630,touchdown,active,0.5644401907920837,0.32479462027549744,0.11076515167951584,True,True,0.9786449898096763
20260702,631,touchdown,active,0.5201752185821533,0.08492236584424973,0.39490243792533875,True,False,nan
20260702,632,touchdown,negative,0.12307945638895035,0.8759738206863403,0.0009466594783589244,True,False,nan
20260702,633,touchdown,negative,0.2804659605026245,0.7162585258483887,0.003275542985647917,True,True,0.15292310488209498
20260702,634,touchdown,negative,0.04111601039767265,0.9572163820266724,0.0016675937222316861,True,True,0.5298006445715117
20260702,635,mid_cross,active,1.2794577619601455e-09,0.0008006937569007277,0.9991993308067322,False,False,nan
20260702,636,pre_cross,active,3.825646011493321e-16,3.8048730743867054e-07,0.9999996423721313,False,False,nan
20260702,637,pre_cross,active,2.6483728404746998e-11,9.003622108139098e-05,0.9999099969863892,False,False,nan
20260702,638,touchdown,negative,0.24475544691085815,0.7508413791656494,0.00440308777615428,True,True,0.4076492819708489
20260702,639,pre_cross,active,3.617242289848669e-16,7.204172902675055e-07,0.9999992847442627,False,False,nan
20260702,640,mid_cross,active,2.4389787064982293e-12,1.989102383959107e-05,0.999980092048645,False,False,nan
20260702,641,mid_cross,active,8.912232063451597e-10,0.005123022012412548,0.9948770403862,False,False,nan
20260702,642,touchdown,negative,0.07027806341648102,0.9278061389923096,0.001915808767080307,True,False,nan
20260702,643,touchdown,negative,0.2615167200565338,0.7363185286521912,0.002164834178984165,True,False,nan
20260702,644,touchdown,negative,0.3024846911430359,0.6920738220214844,0.0054414900951087475,True,True,0.0662674644707007
20260702,645,touchdown,negative,0.2695167362689972,0.6810359954833984,0.04944717511534691,True,False,nan
20260702,646,touchdown,negative,0.3921394348144531,0.5609734654426575,0.04688703641295433,True,True,0.5743395849559746
20260702,647,touchdown,negative,0.19716832041740417,0.8012497425079346,0.0015819540712982416,True,False,nan
20260702,648,touchdown,negative,0.1218971237540245,0.8686155080795288,0.009487414732575417,True,True,0.026893429735806277
20260702,649,pre_cross,active,4.871190256716673e-14,9.51556194195291e-06,0.9999904632568359,False,False,nan
20260702,650,mid_cross,active,8.802263664620114e-07,1.4541330529027618e-05,0.999984622001648,False,False,nan
20260702,651,touchdown,negative,0.25623619556427,0.7229571342468262,0.020806703716516495,True,False,nan
20260702,652,mid_cross,active,9.32228144505387e-13,7.90036119724391e-06,0.9999921321868896,False,False,nan
20260702,653,touchdown,active,0.5486825108528137,0.444752961397171,0.006564537063241005,True,True,0.3811603367150873
20260702,654,mid_cross,negative,0.011519589461386204,0.732644259929657,0.25583615899086,True,True,0.8219453712463584
20260702,655,pre_cross,active,1.6382502614025845e-16,2.657410504980362e-07,0.9999997615814209,False,False,nan
20260702,656,mid_cross,active,4.196773204512283e-07,8.252544648712501e-05,0.9999170303344727,False,False,nan
20260702,657,touchdown,negative,0.10231887549161911,0.8829919695854187,0.014689147472381592,True,True,0.3925897326837568
20260702,658,touchdown,active,0.09030378609895706,0.1484007090330124,0.76129549741745,False,False,nan
20260702,659,touchdown,negative,0.2066679149866104,0.7903889417648315,0.0029431218281388283,True,False,nan
20260702,660,mid_cross,active,3.1697535263219834e-08,3.4275351936230436e-05,0.9999656677246094,False,False,nan
20260702,661,touchdown,active,0.821690022945404,0.16857652366161346,0.009733482263982296,True,True,0.33924781947581917
20260702,662,touchdown,negative,0.4106872081756592,0.5631250143051147,0.026187796145677567,True,False,nan
20260702,663,mid_cross,active,1.3287727597344201e-05,0.26495441794395447,0.7350322604179382,False,False,nan
20260702,664,touchdown,negative,0.44201144576072693,0.5531443953514099,0.004844228271394968,True,True,0.2580422284729595
20260702,665,mid_cross,active,6.7090186348650604e-06,0.0035423182416707277,0.9964510202407837,False,False,nan
20260702,666,mid_cross,active,2.9231236112536862e-05,5.0325925258221105e-05,0.9999204874038696,False,False,nan
20260702,667,touchdown,active,0.4800248146057129,0.0012028957717120647,0.5187723636627197,False,False,nan
20260702,668,mid_cross,active,6.891684112275698e-09,0.44157901406288147,0.5584208965301514,True,True,6.4655387649831475
20260702,669,pre_cross,active,3.688405762912239e-16,5.138496206313903e-08,1.0,False,False,nan
20260702,670,mid_cross,active,2.3429899798088627e-08,0.35523560643196106,0.6447643637657166,True,True,1.6960662735136767
20260702,671,touchdown,negative,0.24977056682109833,0.6944994926452637,0.055729929357767105,True,True,0.4535542887253348
20260702,672,pre_cross,active,3.944188309290553e-10,0.11873047053813934,0.8812695145606995,False,False,nan
20260702,673,mid_cross,active,3.707938276420464e-07,0.014395233243703842,0.9856044054031372,False,False,nan
20260702,674,touchdown,negative,0.15465274453163147,0.8412850499153137,0.004062169697135687,True,True,0.14089843366343646
20260702,675,touchdown,active,0.6559776067733765,0.3342795968055725,0.009742837399244308,True,True,0.02487758606528396
20260702,676,mid_cross,active,1.04030775105457e-07,0.0024498177226632833,0.9975500702857971,False,False,nan
20260702,677,touchdown,active,0.760470986366272,0.23014965653419495,0.009379411116242409,True,False,nan
20260702,678,mid_cross,active,2.4398482366405627e-12,6.193934677867219e-05,0.9999380111694336,False,False,nan
20260702,679,touchdown,negative,0.3148036003112793,0.6470182538032532,0.03817806392908096,True,False,nan
20260702,680,touchdown,negative,0.15691880881786346,0.8395082950592041,0.0035729033406823874,True,True,0.13896634162362081
20260702,681,touchdown,positive,0.9260805249214172,0.06668081879615784,0.007238668855279684,True,False,nan
20260702,682,touchdown,negative,0.06693558394908905,0.9315186738967896,0.0015457277186214924,True,True,0.04037377384102491
20260702,683,pre_cross,active,5.824713107671631e-12,2.062086423393339e-05,0.9999793767929077,False,False,nan
20260702,684,touchdown,negative,0.17182637751102448,0.8262591361999512,0.0019145100377500057,True,False,nan
20260702,685,mid_cross,active,5.930352653393811e-09,0.0037296235095709562,0.9962702989578247,False,False,nan
20260702,686,mid_cross,active,1.0550907063588966e-06,0.10543999075889587,0.8945589661598206,True,True,1.2988635665966966
20260702,687,touchdown,active,0.08387762308120728,0.12679444253444672,0.7893279194831848,False,False,nan
20260702,688,pre_cross,active,1.4130852792147014e-13,4.996623374609044e-06,0.9999949932098389,False,False,nan
20260702,689,mid_cross,negative,6.078068690840155e-05,0.9915899634361267,0.00834929570555687,True,False,nan
20260702,690,pre_cross,active,3.489964753457686e-18,1.9434313713873053e-08,1.0,False,False,nan
20260702,691,pre_cross,active,3.0182176117002224e-17,2.6711057898864965e-07,0.9999997615814209,False,False,nan
20260702,692,touchdown,active,0.523666262626648,0.4719245433807373,0.004409186076372862,True,False,nan
20260702,693,mid_cross,active,2.23162111012698e-08,0.002887395676225424,0.997112512588501,False,False,nan
20260702,694,touchdown,negative,0.060336992144584656,0.9349403977394104,0.004722596146166325,False,False,nan
20260702,695,touchdown,negative,0.21105089783668518,0.7775933742523193,0.011355760507285595,True,False,nan
20260702,696,touchdown,negative,0.3483758270740509,0.649466872215271,0.0021573470439761877,True,False,nan
20260702,697,pre_cross,active,1.6090664029494277e-16,5.445302875273228e-08,1.0,False,False,nan
20260702,698,touchdown,positive,0.9727539420127869,0.021191410720348358,0.006054545287042856,True,False,nan
20260702,699,touchdown,negative,0.07998292148113251,0.9175992608070374,0.0024178249295800924,True,False,nan
20260702,700,pre_cross,active,1.3920269017336784e-12,2.8391596060828306e-05,0.9999716281890869,False,False,nan
20260702,701,touchdown,active,0.6263214945793152,0.37180188298225403,0.0018765843706205487,True,True,0.07293630679187459
20260702,702,mid_cross,active,1.2715779540428684e-09,0.051485419273376465,0.9485145807266235,False,False,nan
20260702,703,mid_cross,active,6.904134011165297e-07,2.8155354812042788e-05,0.9999711513519287,False,False,nan
20260702,704,touchdown,negative,0.13010725378990173,0.8660861253738403,0.0038065616972744465,True,True,1.4888609188223603
20260702,705,mid_cross,active,1.1815409806104071e-07,0.00035874752211384475,0.9996411800384521,False,False,nan
20260702,706,touchdown,negative,0.10673314332962036,0.891544759273529,0.0017220394220203161,True,True,0.30798932252735406
20260702,707,pre_cross,active,1.6147332968885313e-14,4.623652216650953e-07,0.9999995231628418,False,False,nan
20260702,708,touchdown,active,0.028567496687173843,0.027765708044171333,0.9436668157577515,False,False,nan
20260702,709,touchdown,negative,0.27462467551231384,0.7099429368972778,0.015432361513376236,True,False,nan
20260702,710,mid_cross,active,1.4107700251064781e-11,7.800808816682547e-05,0.9999220371246338,False,False,nan
20260702,711,pre_cross,active,2.0997727211494177e-13,3.520595782902092e-05,0.9999648332595825,False,False,nan
20260702,712,mid_cross,active,1.4163710204684321e-08,0.00072886748239398,0.9992710947990417,False,False,nan
20260702,713,pre_cross,active,3.764310979354098e-15,4.94017342589359e-07,0.9999995231628418,False,False,nan
20260702,714,mid_cross,active,5.2524446800816804e-05,0.012790394946932793,0.9871570467948914,False,False,nan
20260702,715,mid_cross,negative,3.668136969281477e-06,0.8334538340568542,0.1665424257516861,True,True,3.8369697117235995
20260702,716,touchdown,negative,0.12796299159526825,0.8665511012077332,0.005485916510224342,True,True,0.157973003079464
20260702,717,mid_cross,active,1.3342732951490688e-12,5.840569883730495e-06,0.999994158744812,False,False,nan
20260702,718,touchdown,negative,0.35447144508361816,0.6424883604049683,0.003040206851437688,True,False,nan
20260702,719,touchdown,positive,0.8897818326950073,0.10237576067447662,0.00784241035580635,True,False,nan
20260702,720,touchdown,negative,0.09373658150434494,0.9049526453018188,0.0013107395498082042,True,False,nan
20260719,721,pre_cross,positive,0.47724467515945435,0.0004050532297696918,0.5223501920700073,False,False,nan
20260719,722,pre_cross,active,5.933807187830098e-07,2.233641716031798e-09,0.9999994039535522,False,False,nan
20260719,723,touchdown,active,8.554835403629113e-06,0.008688895963132381,0.991302490234375,False,False,nan
20260719,724,touchdown,active,3.806077074841596e-06,9.076059359358624e-05,0.9999054670333862,False,False,nan
20260719,725,mid_cross,active,1.8554928828962147e-05,2.7325316409587685e-07,0.999981164932251,False,False,nan
20260719,726,touchdown,active,0.0098222391679883,0.0833660289645195,0.9068117141723633,False,False,nan
20260719,727,touchdown,positive,0.880645215511322,0.1129007488489151,0.00645404402166605,True,True,0.0325171896377397
20260719,728,touchdown,positive,0.8534919619560242,0.12420506030321121,0.02230299450457096,True,True,0.039463630926265675
20260719,729,pre_cross,active,1.0435463082103524e-05,3.1385721799281896e-10,0.9999895095825195,False,False,nan
20260719,730,touchdown,negative,0.3453384339809418,0.6535499095916748,0.0011116748210042715,True,False,nan
20260719,731,mid_cross,active,0.0011164729949086905,3.346363519085571e-05,0.9988501071929932,False,False,nan
20260719,732,touchdown,active,3.3761223221517866e-06,0.04521936923265457,0.9547772407531738,False,False,nan
20260719,733,touchdown,positive,0.9278102517127991,0.06865118443965912,0.003538551041856408,True,True,0.05979796405145924
20260719,734,mid_cross,active,1.197115739870469e-10,4.407993414723421e-11,1.0,False,False,nan
20260719,735,mid_cross,active,0.18145713210105896,3.2503488910151646e-05,0.8185103535652161,False,False,nan
20260719,736,touchdown,positive,0.9602857828140259,0.03944872319698334,0.0002654606360010803,True,False,nan
20260719,737,touchdown,active,2.777121039798658e-07,0.00011252287367824465,0.999887228012085,False,False,nan
20260719,738,mid_cross,active,6.927550202817656e-06,1.033729290611518e-06,0.9999920129776001,False,False,nan
20260719,739,touchdown,positive,0.8772310614585876,0.10991819202899933,0.012850720435380936,True,False,nan
20260719,740,mid_cross,active,4.800537745097699e-10,2.111499526336047e-07,0.9999997615814209,False,False,nan
20260719,741,mid_cross,active,1.6971096528095586e-08,2.290445877406455e-08,1.0,False,False,nan
20260719,742,mid_cross,active,9.028954082168639e-05,5.4147640184964985e-06,0.9999042749404907,False,False,nan
20260719,743,touchdown,positive,0.9582176208496094,0.04098501801490784,0.0007972997846081853,True,True,0.04268325620903603
20260719,744,touchdown,active,0.8077239394187927,0.1890684962272644,0.0032075794879347086,True,False,nan
20260719,745,mid_cross,active,6.134891737019643e-05,3.652672830867232e-08,0.9999386072158813,False,False,nan
20260719,746,mid_cross,active,1.0452992682985496e-05,3.0850504373347576e-09,0.9999895095825195,False,False,nan
20260719,747,pre_cross,active,0.34453558921813965,0.0005852117901667953,0.6548791527748108,True,True,0.7784505022743498
20260719,748,mid_cross,active,5.3252350445953667e-11,1.4050359098405352e-08,1.0,False,False,nan
20260719,749,touchdown,active,0.008309699594974518,0.05801348760724068,0.9336767792701721,False,False,nan
20260719,750,touchdown,positive,0.958543598651886,0.04121603071689606,0.0002404259575996548,True,True,0.16811497747574797
20260719,751,mid_cross,active,0.0038033209275454283,1.626683229005721e-06,0.9961950778961182,False,False,nan
20260719,752,touchdown,positive,0.9393750429153442,0.05655156448483467,0.004073357209563255,True,False,nan
20260719,753,touchdown,active,0.804379403591156,0.18511337041854858,0.010507299564778805,True,False,nan
20260719,754,touchdown,positive,0.9631244540214539,0.02562941424548626,0.011246103793382645,True,True,0.045318562468708384
20260719,755,mid_cross,active,1.6203982511342474e-07,3.783579227700784e-09,0.9999998807907104,False,False,nan
20260719,756,touchdown,active,0.6153334975242615,0.35950469970703125,0.025161849334836006,True,False,nan
20260719,757,touchdown,active,0.09523025155067444,0.17702075839042664,0.7277489900588989,False,False,nan
20260719,758,touchdown,active,0.7966309785842896,0.2029334008693695,0.0004355839337222278,True,False,nan
20260719,759,mid_cross,active,2.495530225132825e-06,1.444271049422241e-07,0.9999973773956299,False,False,nan
20260719,760,touchdown,active,0.27824968099594116,0.47309190034866333,0.24865849316120148,False,False,nan
20260719,761,touchdown,active,0.004256818909198046,0.05449783056974411,0.9412453174591064,False,False,nan
20260719,762,touchdown,active,0.0015567661030218005,0.14189718663692474,0.8565461039543152,False,False,nan
20260719,763,touchdown,negative,0.10582573711872101,0.7413261532783508,0.15284815430641174,True,False,nan
20260719,764,touchdown,active,0.3993581533432007,0.4743953049182892,0.12624649703502655,False,False,nan
20260719,765,mid_cross,positive,0.5911389589309692,0.013668427243828773,0.39519259333610535,False,False,nan
20260719,766,mid_cross,positive,0.920644998550415,0.0007520834915339947,0.07860291749238968,False,False,nan
20260719,767,touchdown,positive,0.9535272121429443,0.0407673679292202,0.0057054138742387295,True,True,0.11674941895147588
20260719,768,mid_cross,active,6.45328483983576e-08,9.317741023195936e-11,0.9999998807907104,False,False,nan
20260719,769,pre_cross,active,4.837557980863494e-07,2.5764357661217652e-11,0.9999995231628418,False,False,nan
20260719,770,touchdown,active,0.054940659552812576,0.02850905805826187,0.9165502786636353,False,False,nan
20260719,771,mid_cross,active,7.834206371626351e-06,2.45587500558031e-07,0.9999918937683105,False,False,nan
20260719,772,mid_cross,active,2.2428512238548137e-05,6.469271625064721e-07,0.9999768733978271,False,False,nan
20260719,773,mid_cross,active,0.02072112075984478,0.0001515905896667391,0.9791272282600403,False,False,nan
20260719,774,touchdown,positive,0.9886137247085571,0.009963038377463818,0.0014231535606086254,True,True,0.21114126946814563
20260719,775,touchdown,active,0.8265615105628967,0.15048456192016602,0.022953905165195465,True,False,nan
20260719,776,mid_cross,active,8.068528245530615e-07,2.669953702572059e-10,0.9999991655349731,False,False,nan
20260719,777,mid_cross,active,0.0005822516395710409,4.043242370244116e-06,0.9994137287139893,False,False,nan
20260719,778,touchdown,active,3.2297604775521904e-05,0.0001827581290854141,0.9997850060462952,False,False,nan
20260719,779,pre_cross,active,0.02944122813642025,2.1942278181086294e-05,0.9705368280410767,False,False,nan
20260719,780,pre_cross,active,3.900655883626314e-06,1.0569546626815196e-10,0.9999960660934448,False,False,nan
20260719,781,touchdown,positive,0.9393078684806824,0.05878012627363205,0.0019120887154713273,True,True,0.06491066192500228
20260719,782,touchdown,positive,0.8887624740600586,0.10699274390935898,0.004244774114340544,True,True,0.022768041985915245
20260719,783,touchdown,active,0.00010385194764239714,0.04784078896045685,0.9520553350448608,False,False,nan
20260719,784,mid_cross,active,1.1644461665127892e-05,4.800698150120297e-08,0.999988317489624,False,False,nan
20260719,785,touchdown,active,0.816713809967041,0.182806134223938,0.00048007405712269247,True,False,nan
20260719,786,touchdown,active,0.5485662221908569,0.4391288459300995,0.012304963544011116,True,False,nan
20260719,787,mid_cross,active,3.704552682393114e-06,7.395949097599441e-08,0.9999961853027344,False,False,nan
20260719,788,touchdown,positive,0.9520036578178406,0.012575175613164902,0.035421114414930344,True,True,0.0783967948838385
20260719,789,touchdown,active,0.5852106213569641,0.404324471950531,0.010464945808053017,True,False,nan
20260719,790,mid_cross,positive,0.6250369548797607,5.074666114524007e-05,0.374912291765213,True,True,0.46345471270440464
20260719,791,mid_cross,active,1.9356407392479014e-06,2.9882434304795424e-09,0.9999980926513672,False,False,nan
20260719,792,touchdown,positive,0.852283775806427,0.13564956188201904,0.012066639959812164,False,False,nan
20260719,793,mid_cross,active,2.607924943706652e-12,5.046615347836791e-10,1.0,False,False,nan
20260719,794,mid_cross,active,2.2989024728303775e-07,1.4279450955001494e-09,0.9999997615814209,False,False,nan
20260719,795,touchdown,positive,0.9257251024246216,0.06803466379642487,0.0062402235344052315,True,True,0.21111156911151738
20260719,796,touchdown,active,0.814678430557251,0.18485654890537262,0.0004650085174944252,True,True,0.8200403001148632
20260719,797,touchdown,active,0.7996308207511902,0.19773901998996735,0.002630123868584633,True,True,0.012612982024527831
20260719,798,touchdown,negative,0.010725235566496849,0.7627372145652771,0.22653760015964508,True,False,nan
20260719,799,touchdown,active,0.7639361023902893,0.23167845606803894,0.004385523032397032,True,True,0.1575006721030742
20260719,800,touchdown,active,0.007746003568172455,0.32921767234802246,0.6630362868309021,True,False,nan
20260719,801,touchdown,active,0.7490317225456238,0.21046240627765656,0.040505874902009964,True,False,nan
20260719,802,mid_cross,active,1.675784164212324e-11,9.136049250457745e-09,1.0,False,False,nan
20260719,803,mid_cross,active,8.269572526753421e-12,9.718579718764886e-09,1.0,False,False,nan
20260719,804,touchdown,positive,0.9076418280601501,0.0921783447265625,0.00017979895346798003,True,False,nan
20260719,805,mid_cross,active,0.000361652608262375,4.439085898866324e-07,0.9996378421783447,False,False,nan
20260719,806,pre_cross,active,1.749910211401584e-06,8.952215080348935e-10,0.9999982118606567,False,False,nan
20260719,807,mid_cross,active,0.001139498082920909,1.3836598554917146e-05,0.9988466501235962,False,False,nan
20260719,808,touchdown,negative,0.045027267187833786,0.8802377581596375,0.07473494857549667,False,False,nan
20260719,809,pre_cross,active,0.004102565348148346,3.1765475796419196e-06,0.9958943128585815,False,False,nan
20260719,810,touchdown,active,0.5683994293212891,0.40705054998397827,0.024550024420022964,True,True,0.018508933258106187
20260719,811,touchdown,active,0.1544601321220398,0.31452247500419617,0.5310174226760864,True,False,nan
20260719,812,touchdown,positive,0.9562763571739197,0.022231800481677055,0.02149183489382267,True,False,nan
20260719,813,mid_cross,active,6.253885203477694e-06,6.741653351127752e-07,0.999993085861206,False,False,nan
20260719,814,touchdown,active,0.8445441722869873,0.15142688155174255,0.004029011819511652,True,True,0.03465928224027802
20260719,815,touchdown,active,0.0005006897263228893,0.015007991343736649,0.9844912886619568,False,False,nan
20260719,816,mid_cross,active,4.603896002208785e-07,3.1815208245689064e-08,0.9999995231628418,False,False,nan
20260719,817,touchdown,negative,0.44081050157546997,0.5508587956428528,0.008330699056386948,True,False,nan
20260719,818,touchdown,positive,0.9222750663757324,0.07353600114583969,0.004189011640846729,False,False,nan
20260719,819,touchdown,active,0.013932593166828156,0.010502349585294724,0.9755650758743286,False,False,nan
20260719,820,mid_cross,active,7.876817145584247e-13,9.67062263601548e-11,1.0,False,False,nan
20260719,821,pre_cross,active,0.00041970048914663494,3.393573422272311e-08,0.9995803236961365,False,False,nan
20260719,822,touchdown,active,0.15649056434631348,0.25845783948898315,0.5850515961647034,True,False,nan
20260719,823,touchdown,active,0.49367910623550415,0.390765517950058,0.11555533856153488,True,False,nan
20260719,824,touchdown,active,1.781056653271662e-06,0.00437128683552146,0.9956269264221191,False,False,nan
20260719,825,touchdown,active,0.7644755244255066,0.19253307580947876,0.04299142584204674,True,True,3.4746001030259044
20260719,826,mid_cross,active,9.55706273089163e-05,5.785194190366383e-08,0.9999043941497803,False,False,nan
20260719,827,mid_cross,active,2.310710669917171e-06,2.5168009187837015e-07,0.9999974966049194,False,False,nan
20260719,828,mid_cross,active,5.610243078990607e-06,7.643114585675903e-09,0.9999943971633911,False,False,nan
20260719,829,mid_cross,active,0.0001474189484724775,1.6587635798259726e-07,0.9998524188995361,False,False,nan
20260719,830,touchdown,active,0.09452956169843674,0.059989865869283676,0.8454805612564087,False,False,nan
20260719,831,mid_cross,active,2.2409043594961986e-05,3.258841161368764e-06,0.9999743700027466,False,False,nan
20260719,832,mid_cross,active,7.563813414890319e-05,7.036931037873728e-08,0.9999243021011353,False,False,nan
20260719,833,mid_cross,positive,0.9588804244995117,0.0074632251635193825,0.03365633636713028,True,True,0.578874635359267
20260719,834,touchdown,active,0.06678790599107742,0.04338730126619339,0.8898248076438904,False,False,nan
20260719,835,touchdown,positive,0.9097915291786194,0.08728402107954025,0.0029245521873235703,True,True,0.021614690190659
20260719,836,mid_cross,active,8.023504960874561e-06,5.632068678096402e-07,0.9999914169311523,False,False,nan
20260719,837,touchdown,active,0.8028368949890137,0.08557818830013275,0.11158493906259537,True,False,nan
20260719,838,touchdown,active,0.8008345365524292,0.19794273376464844,0.0012226946419104934,True,True,0.44159174072597873
20260719,839,touchdown,active,0.7518509030342102,0.175922691822052,0.072226382791996,True,True,3.2127386161101588
20260719,840,touchdown,active,0.8484460115432739,0.14839224517345428,0.0031617151107639074,True,True,0.01022521348509476
20260719,841,touchdown,positive,0.8758413791656494,0.09719239920377731,0.026966338977217674,True,True,0.08478823031195776
20260719,842,touchdown,active,1.8621649644501304e-07,0.00025145610561594367,0.9997484087944031,False,False,nan
20260719,843,mid_cross,active,1.0769125391787981e-12,3.629419265127609e-10,1.0,False,False,nan
20260719,844,touchdown,active,5.81516360398382e-07,0.00024050992215052247,0.9997588992118835,False,False,nan
20260719,845,touchdown,active,0.7945787906646729,0.19360901415348053,0.011812211945652962,True,True,7.006183032116778
20260719,846,touchdown,active,0.7293620705604553,0.26652398705482483,0.0041139451786875725,True,False,nan
20260719,847,touchdown,negative,0.33199381828308105,0.6499758362770081,0.018030399456620216,False,False,nan
20260719,848,mid_cross,active,8.24400267447345e-05,5.26117037225049e-06,0.9999122619628906,False,False,nan
20260719,849,touchdown,active,1.4675189063950711e-08,5.917184898862615e-05,0.9999407529830933,False,False,nan
20260719,850,pre_cross,active,0.18369895219802856,0.00014742804341949522,0.8161535859107971,True,True,1.6359884042384767
20260719,851,touchdown,positive,0.9167513847351074,0.0823725089430809,0.0008761866483837366,True,True,0.012666098902764319
20260719,852,touchdown,positive,0.8970394730567932,0.09948813915252686,0.003472444135695696,True,True,0.01532415667090354
20260719,853,pre_cross,active,2.3869633878348395e-05,7.21253954338863e-08,0.9999760389328003,False,False,nan
20260719,854,mid_cross,active,3.081267863080939e-08,5.672517566779334e-09,1.0,False,False,nan
20260719,855,touchdown,positive,0.8588407635688782,0.08215537667274475,0.059003833681344986,False,False,nan
20260719,856,pre_cross,active,6.807673713637996e-08,1.3694567702060567e-09,0.9999998807907104,False,False,nan
20260719,857,touchdown,positive,0.932490885257721,0.042809706181287766,0.02469940111041069,False,False,nan
20260719,858,touchdown,positive,0.9446156024932861,0.0531856007874012,0.0021987142972648144,True,True,0.010684989995491872
20260719,859,touchdown,active,2.511563650386961e-07,5.212788164499216e-05,0.9999476671218872,False,False,nan
20260719,860,touchdown,positive,0.9636690616607666,0.03618060424923897,0.00015036649710964411,True,False,nan
20260719,861,touchdown,active,0.7235724329948425,0.2668865919113159,0.009541009552776814,True,True,0.301281951533693
20260719,862,pre_cross,active,1.949472192563917e-07,2.2118650022662223e-08,0.9999997615814209,False,False,nan
20260719,863,touchdown,active,0.29691657423973083,0.17687663435935974,0.5262067317962646,False,False,nan
20260719,864,mid_cross,active,7.976707820489537e-06,3.91239808550381e-07,0.9999916553497314,False,False,nan
20260719,865,mid_cross,active,7.824020940461196e-06,1.4650919410996721e-06,0.999990701675415,False,False,nan
20260719,866,touchdown,positive,0.871620237827301,0.09651848673820496,0.03186133876442909,True,True,0.05157132602188861
20260719,867,mid_cross,active,0.00010811445827130228,1.1732579423551215e-06,0.9998906850814819,False,False,nan
20260719,868,mid_cross,active,3.827428825264878e-12,6.164260213381567e-10,1.0,False,False,nan
20260719,869,mid_cross,active,1.1869198957015215e-08,3.863159570016705e-09,1.0,False,False,nan
20260719,870,touchdown,positive,0.9589733481407166,0.039263248443603516,0.0017633701208978891,True,True,0.02919755281646214
20260719,871,touchdown,positive,0.9608524441719055,0.03788578510284424,0.0012618578039109707,True,True,0.12757285962673146
20260719,872,touchdown,positive,0.9498390555381775,0.04816656559705734,0.0019943732768297195,True,True,0.010938206544545151
20260719,873,touchdown,negative,0.21698832511901855,0.7684451937675476,0.01456651370972395,True,False,nan
20260719,874,pre_cross,active,4.0098001363730873e-07,3.105126572533479e-11,0.9999996423721313,False,False,nan
20260719,875,touchdown,positive,0.9066876769065857,0.0849079117178917,0.00840440858155489,True,True,0.037400265555693375
20260719,876,touchdown,positive,0.950482189655304,0.040761034935712814,0.008756769821047783,True,True,0.0336550689250097
20260719,877,touchdown,active,0.6321806907653809,0.19090454280376434,0.1769147515296936,False,False,nan
20260719,878,mid_cross,active,5.483604400069453e-05,3.242030516048544e-06,0.9999419450759888,False,False,nan
20260719,879,touchdown,positive,0.958497166633606,0.041338443756103516,0.00016445788787677884,True,True,0.029470207103694458
20260719,880,mid_cross,active,2.5885321520036086e-05,1.468517130120972e-08,0.9999741315841675,False,False,nan
20260719,881,mid_cross,active,0.0009969433303922415,1.1072463166783564e-05,0.9989920258522034,False,False,nan
20260719,882,touchdown,active,0.6761806607246399,0.17896635830402374,0.14485295116901398,False,False,nan
20260719,883,touchdown,active,0.00019176847126800567,0.0040247393772006035,0.9957835674285889,False,False,nan
20260719,884,touchdown,active,4.823722701985389e-05,0.028031257912516594,0.9719204902648926,False,False,nan
20260719,885,pre_cross,active,1.3513515114027541e-05,3.2591215131105855e-06,0.9999831914901733,False,False,nan
20260719,886,touchdown,positive,0.9607210755348206,0.039025966078042984,0.0002529606281314045,True,False,nan
20260719,887,touchdown,active,0.7502752542495728,0.17886905372142792,0.07085569202899933,True,False,nan
20260719,888,pre_cross,active,0.2150610238313675,1.9873134078807198e-05,0.7849191427230835,False,False,nan
20260719,889,touchdown,active,0.004957862664014101,0.1345285028219223,0.8605136275291443,False,False,nan
20260719,890,mid_cross,positive,0.7993990778923035,0.006808588281273842,0.19379223883152008,False,False,nan
20260719,891,mid_cross,positive,0.8269121050834656,0.012808465398848057,0.16027949750423431,True,True,0.6534303555806297
20260719,892,touchdown,positive,0.9694899916648865,0.021987533196806908,0.008522508665919304,True,True,0.15522363291391925
20260719,893,touchdown,positive,0.9139851927757263,0.0804494097828865,0.0055654882453382015,True,False,nan
20260719,894,touchdown,positive,0.900381326675415,0.09694834798574448,0.0026704026386141777,True,True,0.16196567644983023
20260719,895,mid_cross,active,8.073046160461672e-07,1.6301640926030814e-08,0.9999991655349731,False,False,nan
20260719,896,pre_cross,active,2.8707609089906327e-05,7.287328429583795e-08,0.9999712705612183,False,False,nan
20260719,897,pre_cross,active,2.1422024474304635e-06,2.8214910230417445e-07,0.999997615814209,False,False,nan
20260719,898,mid_cross,active,3.850482988010384e-10,1.101013058502076e-09,1.0,False,False,nan
20260719,899,touchdown,positive,0.9647433161735535,0.03355436772108078,0.0017023469554260373,True,True,0.011838270709156622
20260719,900,mid_cross,active,7.929110097393277e-07,1.5838765854425674e-09,0.9999991655349731,False,False,nan
20260719,901,touchdown,active,0.454624742269516,0.5343311429023743,0.01104406826198101,True,True,0.9120312140060531
20260719,902,touchdown,active,0.6869224309921265,0.2470766007900238,0.06600096821784973,True,True,0.3761736729917255
20260719,903,touchdown,active,0.00011238834849791601,0.010453062132000923,0.989434540271759,False,False,nan
20260719,904,touchdown,negative,0.007190827280282974,0.7659372091293335,0.22687187790870667,False,False,nan
20260719,905,touchdown,active,0.28606781363487244,0.16111108660697937,0.5528210401535034,True,True,0.5718093802771734
20260719,906,mid_cross,active,1.0608563506819824e-11,3.1861466243121583e-10,1.0,False,False,nan
20260719,907,mid_cross,active,1.2265262739674654e-05,8.279561711788119e-07,0.9999868869781494,False,False,nan
20260719,908,mid_cross,active,6.927775302756345e-06,1.2591155496011197e-07,0.9999929666519165,False,False,nan
20260719,909,pre_cross,active,1.5352671880464186e-06,1.5617105830756373e-08,0.9999984502792358,False,False,nan
20260719,910,mid_cross,active,4.547528988041449e-06,6.321851628854347e-07,0.9999948740005493,False,False,nan
20260719,911,touchdown,active,0.00020444979600142688,0.01842849887907505,0.9813670516014099,False,False,nan
20260719,912,pre_cross,active,7.396228625111689e-07,4.417894672315015e-08,0.9999991655349731,False,False,nan
20260719,913,mid_cross,active,0.0004413213755469769,3.6502242437563837e-05,0.9995222091674805,False,False,nan
20260719,914,pre_cross,active,0.0003029509971383959,5.335329547051515e-07,0.9996964931488037,False,False,nan
20260719,915,touchdown,active,2.0868252249783836e-05,0.008652984164655209,0.9913261532783508,False,False,nan
20260719,916,mid_cross,active,1.6039562069636304e-06,1.276161043506363e-08,0.9999983310699463,False,False,nan
20260719,917,touchdown,negative,0.00036087192711420357,0.9147626757621765,0.08487652242183685,True,False,nan
20260719,918,pre_cross,active,7.849741450627334e-06,3.2574647423899705e-09,0.9999921321868896,False,False,nan
20260719,919,pre_cross,active,4.3762929635704495e-06,1.1369473895683768e-07,0.9999954700469971,False,False,nan
20260719,920,mid_cross,active,1.0573272390956845e-07,1.5161605304570003e-08,0.9999998807907104,False,False,nan
20260719,921,mid_cross,active,1.85252318374296e-07,2.0811350864846645e-08,0.9999997615814209,False,False,nan
20260719,922,mid_cross,active,4.363678751673206e-09,2.687052891303665e-08,1.0,False,False,nan
20260719,923,touchdown,active,0.6866468787193298,0.12320312857627869,0.19015003740787506,False,False,nan
20260719,924,mid_cross,active,6.503501595034322e-07,1.1950349687595008e-07,0.9999992847442627,False,False,nan
20260719,925,touchdown,active,0.18896935880184174,0.046727005392313004,0.7643036842346191,False,False,nan
20260719,926,touchdown,positive,0.94536292552948,0.05322529375553131,0.0014117327518761158,True,True,0.06337943731683973
20260719,927,touchdown,active,0.30723118782043457,0.09654442965984344,0.5962244272232056,False,False,nan
20260719,928,pre_cross,active,7.065592399158049e-06,9.94055682213002e-09,0.9999929666519165,False,False,nan
20260719,929,mid_cross,active,4.402521938118298e-07,6.257692142241922e-09,0.9999995231628418,False,False,nan
20260719,930,mid_cross,active,3.852878478483035e-07,4.929419983312755e-09,0.9999996423721313,False,False,nan
20260719,931,mid_cross,active,3.1298070801710764e-09,1.5599767033691592e-09,1.0,False,False,nan
20260719,932,touchdown,positive,0.9673830270767212,0.032335080206394196,0.00028186605777591467,True,False,nan
20260719,933,mid_cross,positive,0.6790637969970703,0.007497621700167656,0.31343862414360046,False,False,nan
20260719,934,pre_cross,active,0.07255394011735916,1.6837375369505025e-05,0.92742919921875,False,False,nan
20260719,935,touchdown,active,0.832841694355011,0.11026232689619064,0.05689600110054016,True,True,3.1640349385149804
20260719,936,pre_cross,active,0.003720876295119524,9.001746548165102e-07,0.9962782263755798,False,False,nan
20260719,937,mid_cross,active,1.3362860045162961e-05,2.6911928330264345e-07,0.9999864101409912,False,False,nan
20260719,938,pre_cross,active,3.020172471224214e-06,4.85778750558552e-10,0.9999970197677612,False,False,nan
20260719,939,touchdown,positive,0.9857305288314819,0.014092937111854553,0.0001765771594364196,True,False,nan
20260719,940,touchdown,active,0.49144718050956726,0.452153742313385,0.056399088352918625,True,False,nan
20260719,941,touchdown,active,0.7106246948242188,0.249643012881279,0.03973236680030823,True,True,0.22830228958594737
20260719,942,touchdown,positive,0.9674196243286133,0.0318840891122818,0.0006961728213354945,True,True,0.019105065600602177
20260719,943,mid_cross,active,1.3276147114993364e-07,4.238873145823163e-07,0.9999994039535522,False,False,nan
20260719,944,mid_cross,active,0.0018300057854503393,5.310613050824031e-05,0.9981169700622559,False,False,nan
20260719,945,mid_cross,active,9.766530274646357e-05,8.105753863674181e-07,0.999901533126831,False,False,nan
20260719,946,mid_cross,active,3.270626621088013e-06,2.376741647935887e-08,0.9999966621398926,False,False,nan
20260719,947,mid_cross,active,2.1176602160721814e-07,2.678179811255177e-08,0.9999997615814209,False,False,nan
20260719,948,touchdown,positive,0.860573410987854,0.13787662982940674,0.0015498639550060034,True,False,nan
20260719,949,touchdown,active,0.02490600198507309,0.097621850669384,0.8774721026420593,False,False,nan
20260719,950,mid_cross,active,1.6935518543093053e-09,9.675742873582749e-09,1.0,False,False,nan
20260719,951,touchdown,positive,0.9210975170135498,0.07401328533887863,0.004889211151748896,True,True,0.011165783837995444
20260719,952,touchdown,active,0.7584170699119568,0.1776277720928192,0.06395509839057922,True,True,0.018822528770090104
20260719,953,pre_cross,active,9.795701316761551e-07,1.1771514873970546e-09,0.9999990463256836,False,False,nan
20260719,954,mid_cross,active,2.5505534722469747e-05,3.368729650787827e-08,0.9999744892120361,False,False,nan
20260719,955,pre_cross,active,0.01476842537522316,2.6953470296575688e-05,0.9852046966552734,False,False,nan
20260719,956,mid_cross,active,0.018670810386538506,2.4554758510930697e-06,0.9813267588615417,False,False,nan
20260719,957,mid_cross,active,2.8174202526543013e-08,2.291577771984521e-08,1.0,False,False,nan
20260719,958,touchdown,positive,0.8664821982383728,0.11288487911224365,0.020632892847061157,True,True,0.15236151606389153
20260719,959,mid_cross,active,6.218943440217117e-07,5.192572416490293e-08,0.9999992847442627,False,False,nan
20260719,960,touchdown,active,0.5590215921401978,0.4232471287250519,0.017731163650751114,True,False,nan
20260719,961,pre_cross,active,3.0776033099755296e-07,2.3975095242434463e-09,0.9999996423721313,False,False,nan
20260719,962,touchdown,positive,0.8856219053268433,0.09842579811811447,0.015952272340655327,True,True,0.023219990825190853
20260719,963,touchdown,negative,0.033562734723091125,0.8861796855926514,0.0802576020359993,True,False,nan
20260719,964,touchdown,positive,0.9824648499488831,0.016755161806941032,0.0007800423773005605,True,True,0.023658645252087673
20260719,965,mid_cross,active,0.028880897909402847,0.001961561618372798,0.9691575169563293,False,False,nan
20260719,966,mid_cross,active,1.2609031657326297e-12,1.0409910433661906e-10,1.0,False,False,nan
20260719,967,touchdown,positive,0.9457611441612244,0.05038660019636154,0.003852275898680091,True,True,0.17869873740360945
20260719,968,touchdown,positive,0.981270968914032,0.01634073443710804,0.0023882980458438396,True,True,0.022411212556513557
20260719,969,touchdown,active,0.0016162676038220525,0.02091274783015251,0.9774709939956665,False,False,nan
20260719,970,touchdown,negative,0.05781640112400055,0.5770947933197021,0.36508888006210327,True,False,nan
20260719,971,mid_cross,active,0.2010604739189148,0.007921697571873665,0.7910178303718567,False,False,nan
20260719,972,touchdown,negative,0.08483285456895828,0.790111780166626,0.1250554472208023,True,False,nan
20260719,973,touchdown,positive,0.9149820804595947,0.08444461226463318,0.000573278812225908,True,False,nan
20260719,974,mid_cross,active,0.001520987949334085,5.986856194795109e-05,0.9984191656112671,False,False,nan
20260719,975,touchdown,negative,0.0036069401539862156,0.6943700313568115,0.3020230233669281,False,False,nan
20260719,976,touchdown,active,0.8160776495933533,0.0966247022151947,0.08729759603738785,True,False,nan
20260719,977,touchdown,positive,0.9764845967292786,0.019215980544686317,0.004299458581954241,True,True,0.03562661124646513
20260719,978,touchdown,negative,0.00011344763333909214,0.7504204511642456,0.24946607649326324,False,False,nan
20260719,979,mid_cross,active,4.346145839051463e-12,4.436287337483691e-09,1.0,False,False,nan
20260719,980,touchdown,positive,0.9399266242980957,0.05876023322343826,0.0013131520245224237,True,True,0.028492468178736897
20260719,981,mid_cross,active,9.057753231900278e-06,2.041364268734469e-06,0.9999889135360718,False,False,nan
20260719,982,touchdown,positive,0.9387571215629578,0.04497591406106949,0.01626691035926342,True,True,0.04824882726922166
20260719,983,touchdown,negative,0.08401941508054733,0.8778844475746155,0.038096148520708084,True,False,nan
20260719,984,mid_cross,positive,0.7576485276222229,0.019769998267292976,0.22258153557777405,False,False,nan
20260719,985,touchdown,negative,0.18198835849761963,0.7545783519744873,0.06343328952789307,True,True,7.563821007716438
20260719,986,mid_cross,active,0.0002699789765756577,4.0107323684424045e-07,0.999729573726654,False,False,nan
20260719,987,mid_cross,active,7.514371986871993e-07,1.3814647559229343e-07,0.9999991655349731,False,False,nan
20260719,988,mid_cross,active,6.239031957733232e-09,1.136570304538509e-08,1.0,False,False,nan
20260719,989,pre_cross,active,3.0762025744479615e-06,7.870951890254219e-09,0.9999969005584717,False,False,nan
20260719,990,pre_cross,active,1.139558094109816e-06,5.91195703503189e-10,0.9999988079071045,False,False,nan
20260719,991,mid_cross,active,8.541635907022282e-06,1.023176309900009e-06,0.9999904632568359,False,False,nan
20260719,992,touchdown,positive,0.9093454480171204,0.0635518804192543,0.027102652937173843,True,True,0.016507512571796338
20260719,993,mid_cross,active,3.674990589619398e-10,2.0859858285149357e-10,1.0,False,False,nan
20260719,994,touchdown,positive,0.974363386631012,0.02405281364917755,0.0015839016996324062,True,True,0.037133673835741295
20260719,995,touchdown,active,0.5939156413078308,0.2359929233789444,0.17009150981903076,False,False,nan
20260719,996,touchdown,active,0.8265088796615601,0.1606079339981079,0.012883183546364307,True,False,nan
20260719,997,touchdown,negative,0.08462479710578918,0.556871235370636,0.35850396752357483,False,False,nan
20260719,998,mid_cross,active,8.75171565439814e-07,3.0486972946164315e-08,0.9999990463256836,False,False,nan
20260719,999,mid_cross,active,9.768548192568005e-10,2.6221227966694016e-10,1.0,False,False,nan
20260719,1000,touchdown,active,5.326261816662736e-05,0.0011791600845754147,0.998767614364624,False,False,nan
20260719,1001,mid_cross,active,1.4368301890499424e-06,4.70684184961101e-08,0.9999985694885254,False,False,nan
20260719,1002,mid_cross,active,0.057302091270685196,0.0012019730638712645,0.9414958953857422,False,False,nan
20260719,1003,touchdown,active,0.6190893650054932,0.3794957101345062,0.0014150217175483704,False,False,nan
20260719,1004,touchdown,negative,0.016982465982437134,0.7995039224624634,0.1835135668516159,False,False,nan
20260719,1005,touchdown,active,0.5052587389945984,0.4823220372200012,0.012419283390045166,True,True,0.525322469174192
20260719,1006,mid_cross,active,0.0013691632775589824,0.00011033688497263938,0.99852055311203,False,False,nan
20260719,1007,mid_cross,active,9.841867772142354e-12,2.019610922943116e-09,1.0,False,False,nan
20260719,1008,pre_cross,active,7.42421491395362e-07,3.863906694601127e-10,0.9999992847442627,False,False,nan
20260719,1009,mid_cross,active,5.6260233805005555e-08,4.426767929999187e-07,0.9999995231628418,False,False,nan
20260719,1010,touchdown,positive,0.9204605221748352,0.0667022317647934,0.012837269343435764,True,True,0.021975269377466376
20260719,1011,touchdown,active,0.5960207581520081,0.12647902965545654,0.2775001525878906,True,True,1.6296685061655087
20260719,1012,touchdown,active,0.09007184207439423,0.12590071558952332,0.7840274572372437,False,False,nan
20260719,1013,mid_cross,active,3.290253403065435e-07,2.3195976694978526e-08,0.9999996423721313,False,False,nan
20260719,1014,touchdown,positive,0.9270493388175964,0.07166405022144318,0.0012865790631622076,True,True,0.04963557270206878
20260719,1015,mid_cross,active,0.24911236763000488,0.017771800979971886,0.7331158518791199,False,False,nan
20260719,1016,mid_cross,active,6.90074728026957e-07,3.938382064916368e-09,0.9999992847442627,False,False,nan
20260719,1017,mid_cross,active,6.943026619410375e-06,1.6687394577274972e-07,0.999992847442627,False,False,nan
20260719,1018,touchdown,positive,0.9662644863128662,0.033136654645204544,0.000598819344304502,True,False,nan
20260719,1019,mid_cross,active,3.0417388052761396e-10,3.256836189624579e-10,1.0,False,False,nan
20260719,1020,mid_cross,active,1.1047364978367114e-06,2.552101534547546e-07,0.9999986886978149,False,False,nan
20260719,1021,mid_cross,active,0.00019508057448547333,8.89585953700589e-06,0.9997960925102234,False,False,nan
20260719,1022,touchdown,positive,0.9642253518104553,0.03560071438550949,0.00017390666471328586,True,False,nan
20260719,1023,touchdown,positive,0.990872323513031,0.007472523488104343,0.001655144733376801,True,True,0.06604621372885007
20260719,1024,touchdown,active,0.0002768895647022873,0.08433637768030167,0.9153867959976196,False,False,nan
20260719,1025,touchdown,active,0.1917007565498352,0.12892784178256989,0.6793714165687561,False,False,nan
20260719,1026,touchdown,active,0.00046547266538254917,0.19399751722812653,0.8055370450019836,False,False,nan
20260719,1027,touchdown,active,0.0028105746023356915,0.4427504539489746,0.5544390082359314,False,False,nan
20260719,1028,touchdown,active,0.7062364816665649,0.16785500943660736,0.1259084939956665,True,True,4.010058586672577
20260719,1029,touchdown,active,0.09183907508850098,0.026381613686680794,0.8817793130874634,False,False,nan
20260719,1030,touchdown,positive,0.9764242172241211,0.021029815077781677,0.0025459476746618748,True,True,0.03567545923317107
20260719,1031,mid_cross,active,1.7653347583745926e-07,4.904673289729544e-08,0.9999997615814209,False,False,nan
20260719,1032,touchdown,positive,0.9751615524291992,0.020181048661470413,0.004657364450395107,True,True,0.01805651218837598
20260719,1033,touchdown,positive,0.9718214273452759,0.027194220572710037,0.000984381651505828,True,True,0.0244762406014001
20260719,1034,mid_cross,active,0.00011566521425265819,2.4404296709690243e-05,0.9998599290847778,False,False,nan
20260719,1035,touchdown,positive,0.9814520478248596,0.015822213143110275,0.002725704340264201,True,True,0.034278149704772
20260719,1036,pre_cross,active,9.80529080152337e-07,4.530219810394698e-10,0.9999990463256836,False,False,nan
20260719,1037,mid_cross,active,0.01762903854250908,0.00030255745514295995,0.9820683598518372,False,False,nan
20260719,1038,mid_cross,active,1.917283270813641e-06,4.907828099476319e-08,0.9999980926513672,False,False,nan
20260719,1039,pre_cross,active,7.472221477655694e-05,9.926394568537944e-07,0.9999243021011353,False,False,nan
20260719,1040,touchdown,negative,0.032060407102108,0.9651983380317688,0.0027412925846874714,True,False,nan
20260719,1041,pre_cross,active,0.015628615394234657,7.713783270446584e-05,0.9842942357063293,False,False,nan
20260719,1042,mid_cross,active,2.2748015453544213e-06,3.148668952235312e-07,0.9999973773956299,False,False,nan
20260719,1043,mid_cross,active,0.008821229450404644,0.00016224689898081124,0.9910165071487427,False,False,nan
20260719,1044,touchdown,positive,0.9478011727333069,0.050434235483407974,0.0017646506894379854,True,True,0.01516692542887377
20260719,1045,touchdown,positive,0.967969536781311,0.031436219811439514,0.0005942897405475378,True,False,nan
20260719,1046,touchdown,positive,0.9426897764205933,0.050788793712854385,0.006521425675600767,True,True,0.03823210391193437
20260719,1047,touchdown,negative,0.0007083435775712132,0.9790359139442444,0.020255709066987038,True,False,nan
20260719,1048,mid_cross,active,0.030052244663238525,0.004601346794515848,0.9653463959693909,False,False,nan
20260719,1049,touchdown,active,0.0004184754507150501,0.007832617498934269,0.9917489290237427,False,False,nan
20260719,1050,touchdown,active,0.0005972061771899462,0.012265338562428951,0.9871374368667603,False,False,nan
20260719,1051,mid_cross,active,1.3972290844321833e-06,2.0425534597023898e-09,0.9999985694885254,False,False,nan
20260719,1052,touchdown,active,0.5020626187324524,0.4868423342704773,0.011095101945102215,True,True,1.0013503971290334
20260719,1053,touchdown,active,0.00017307233065366745,0.3577175438404083,0.6421093940734863,True,False,nan
20260719,1054,mid_cross,active,2.795051841530949e-06,3.5597335568127164e-07,0.9999969005584717,False,False,nan
20260719,1055,touchdown,positive,0.9838780164718628,0.01608634553849697,3.5634206142276525e-05,True,True,0.19638180119080234
20260719,1056,mid_cross,active,2.32103411690332e-05,2.451326508889906e-06,0.9999743700027466,False,False,nan
20260719,1057,touchdown,positive,0.985886812210083,0.014090044423937798,2.312083961442113e-05,True,False,nan
20260719,1058,touchdown,negative,0.18404068052768707,0.6146320104598999,0.201327383518219,True,False,nan
20260719,1059,touchdown,positive,0.9530344009399414,0.045874569565057755,0.001090983278118074,True,True,0.011822646782734751
20260719,1060,touchdown,active,0.03148697689175606,0.5239763259887695,0.4445367455482483,False,False,nan
20260719,1061,mid_cross,active,6.559386633853137e-07,6.301912769401952e-09,0.9999992847442627,False,False,nan
20260719,1062,touchdown,positive,0.9102790951728821,0.0883653312921524,0.0013555450132116675,True,True,0.0067731105939097275
20260719,1063,pre_cross,active,0.0143899479880929,8.138771590893157e-06,0.9856019616127014,False,False,nan
20260719,1064,touchdown,active,1.4552158518199576e-06,0.0007393950363621116,0.9992591738700867,False,False,nan
20260719,1065,pre_cross,active,4.455579983186908e-05,1.6005415659492428e-07,0.9999552965164185,False,False,nan
20260719,1066,touchdown,positive,0.9175834059715271,0.08230268210172653,0.00011388285201974213,True,False,nan
20260719,1067,mid_cross,active,9.289466333939345e-07,2.3963982798136385e-08,0.9999990463256836,False,False,nan
20260719,1068,touchdown,negative,0.08041605353355408,0.8579452037811279,0.06163880601525307,True,False,nan
20260719,1069,touchdown,active,4.00360568164615e-06,0.0005290886620059609,0.9994669556617737,False,False,nan
20260719,1070,touchdown,positive,0.9312103390693665,0.06715801358222961,0.00163176073692739,True,True,0.03498539473511477
20260719,1071,touchdown,positive,0.9719977378845215,0.027255551889538765,0.0007466721581295133,True,True,0.16441580567348513
20260719,1072,mid_cross,active,2.1595578800770454e-06,1.5179246304342087e-07,0.9999977350234985,False,False,nan
20260719,1073,touchdown,active,0.3164886236190796,0.41595661640167236,0.26755475997924805,True,True,0.37753954127418066
20260719,1074,mid_cross,active,0.00024074938846752048,1.8153003793486278e-06,0.9997574687004089,False,False,nan
20260719,1075,mid_cross,active,0.00010730105714173988,7.5688162723963615e-06,0.999885082244873,False,False,nan
20260719,1076,mid_cross,active,0.4717216193675995,0.01703195460140705,0.5112464427947998,False,False,nan
20260719,1077,mid_cross,positive,0.873753547668457,0.007632534485310316,0.11861396580934525,True,True,0.30584993019008444
20260719,1078,mid_cross,active,1.0075948921439704e-05,4.449701762609948e-08,0.9999898672103882,False,False,nan
20260719,1079,touchdown,positive,0.9617518186569214,0.03248053416609764,0.005767641123384237,True,True,0.019254603437906855
20260719,1080,mid_cross,active,3.6058711572195534e-09,4.0933585410130036e-09,1.0,False,False,nan
20260719,1081,pre_cross,active,3.112869987817457e-12,1.5489944416913204e-05,0.9999845027923584,False,False,nan
20260719,1082,touchdown,active,0.502477765083313,0.2617672085762024,0.235755056142807,False,False,nan
20260719,1083,touchdown,negative,0.19437605142593384,0.7860504984855652,0.019573425874114037,True,False,nan
20260719,1084,touchdown,negative,0.391458123922348,0.581044614315033,0.027497246861457825,True,False,nan
20260719,1085,touchdown,negative,0.24189631640911102,0.7568338513374329,0.0012698506470769644,True,False,nan
20260719,1086,pre_cross,active,9.867539944863335e-12,5.950469494564459e-05,0.9999405145645142,False,False,nan
20260719,1087,pre_cross,active,1.2218789348372727e-12,0.00018850353080779314,0.9998114705085754,False,False,nan
20260719,1088,pre_cross,active,6.2436302025595854e-15,2.014645588133135e-07,0.9999997615814209,False,False,nan
20260719,1089,touchdown,active,0.7748467326164246,0.22391527891159058,0.0012379741529002786,True,True,1.6336708680150116
20260719,1090,touchdown,negative,0.14667415618896484,0.853034496307373,0.00029135000659152865,True,False,nan
20260719,1091,mid_cross,active,1.5893020872681518e-06,6.814795597165357e-06,0.9999916553497314,False,False,nan
20260719,1092,mid_cross,active,5.0874360740848015e-14,8.036458893911913e-06,0.9999920129776001,False,False,nan
20260719,1093,touchdown,negative,0.23825566470623016,0.7590282559394836,0.0027160660829395056,True,False,nan
20260719,1094,mid_cross,active,7.580803895734789e-08,0.38586077094078064,0.614139199256897,False,False,nan
20260719,1095,touchdown,negative,0.29362866282463074,0.7058167457580566,0.0005546081811189651,True,False,nan
20260719,1096,touchdown,active,0.6651531457901001,0.3253939151763916,0.009452947415411472,True,True,0.06077549397564924
20260719,1097,touchdown,negative,0.047763243317604065,0.8280432224273682,0.12419353425502777,False,False,nan
20260719,1098,touchdown,positive,0.8570616245269775,0.1408781260251999,0.0020602145232260227,True,True,0.09755425029086778
20260719,1099,touchdown,negative,0.13913032412528992,0.8601669669151306,0.0007026884704828262,True,False,nan
20260719,1100,touchdown,negative,0.33951112627983093,0.6560227870941162,0.004466043319553137,True,False,nan
20260719,1101,pre_cross,active,2.2465223820480103e-15,5.011752435279959e-08,1.0,False,False,nan
20260719,1102,touchdown,negative,0.0679117813706398,0.9307102560997009,0.0013780128210783005,True,False,nan
20260719,1103,touchdown,negative,0.14433738589286804,0.8535523414611816,0.002110282890498638,True,False,nan
20260719,1104,touchdown,negative,0.1017170250415802,0.8953661918640137,0.0029167947359383106,True,False,nan
20260719,1105,mid_cross,active,0.2452389895915985,0.37353581190109253,0.38122519850730896,False,False,nan
20260719,1106,touchdown,negative,0.3348444700241089,0.6606792211532593,0.004476308822631836,True,False,nan
20260719,1107,mid_cross,active,1.7790522832683564e-08,0.03128727898001671,0.9687126874923706,False,False,nan
20260719,1108,touchdown,negative,0.31019577383995056,0.6538341045379639,0.03597014769911766,True,False,nan
20260719,1109,touchdown,negative,0.1354149430990219,0.864287793636322,0.00029720092425122857,True,False,nan
20260719,1110,touchdown,active,0.3506088852882385,0.5227076411247253,0.1266835331916809,False,False,nan
20260719,1111,pre_cross,active,2.9063504600472696e-15,7.030916293615519e-08,0.9999998807907104,False,False,nan
20260719,1112,mid_cross,active,6.998437811489566e-07,4.718108357337769e-06,0.9999946355819702,False,False,nan
20260719,1113,mid_cross,active,3.4310017049676844e-09,0.00044420987251214683,0.999555766582489,False,False,nan
20260719,1114,touchdown,negative,0.1871975213289261,0.7773997783660889,0.03540271893143654,True,True,0.6011765304818504
20260719,1115,mid_cross,active,1.8227202733256398e-11,1.3793957805319224e-05,0.9999861717224121,False,False,nan
20260719,1116,mid_cross,active,2.2035160154865174e-12,9.325120117864572e-06,0.999990701675415,False,False,nan
20260719,1117,touchdown,negative,0.08292785286903381,0.9162630438804626,0.00080915039870888,True,False,nan
20260719,1118,touchdown,active,0.5652259588241577,0.4311240315437317,0.0036500655114650726,True,True,0.3716727484667727
20260719,1119,mid_cross,active,3.6189711227763155e-09,0.03928053379058838,0.9607194066047668,False,False,nan
20260719,1120,touchdown,active,0.548022449016571,0.4266948401927948,0.025282735005021095,True,True,1.7935237830904527
20260719,1121,touchdown,negative,0.199936643242836,0.796669065952301,0.003394370200112462,True,False,nan
20260719,1122,pre_cross,active,6.378902804192108e-14,5.023762696509948e-06,0.9999949932098389,False,False,nan
20260719,1123,touchdown,negative,0.06366396695375443,0.9345319271087646,0.0018040976719930768,True,False,nan
20260719,1124,mid_cross,active,4.357907368301994e-09,5.50367622054182e-05,0.9999449253082275,False,False,nan
20260719,1125,touchdown,active,0.005145586095750332,0.005168139934539795,0.9896863102912903,False,False,nan
20260719,1126,touchdown,active,0.05894087627530098,0.014360207132995129,0.9266988635063171,False,False,nan
20260719,1127,touchdown,active,0.13868895173072815,0.012511045671999454,0.848800003528595,False,False,nan
20260719,1128,mid_cross,active,3.135675186172193e-08,0.04160572215914726,0.9583942294120789,False,False,nan
20260719,1129,mid_cross,active,1.0756258234323468e-05,0.061211470514535904,0.93877774477005,False,False,nan
20260719,1130,touchdown,negative,0.3786529302597046,0.6187759637832642,0.002571030054241419,True,True,0.7468385109195148
20260719,1131,mid_cross,active,1.5318410078180023e-05,0.007078478112816811,0.9929062128067017,False,False,nan
20260719,1132,touchdown,negative,0.2003541886806488,0.763705849647522,0.03593987226486206,True,False,nan
20260719,1133,touchdown,negative,0.15316259860992432,0.846019983291626,0.0008174424874596298,True,False,nan
20260719,1134,touchdown,active,0.026754826307296753,0.006715086754411459,0.9665300250053406,False,False,nan
20260719,1135,touchdown,active,0.7434347867965698,0.25047263503074646,0.006092543248087168,True,False,nan
20260719,1136,mid_cross,active,6.0373683830050595e-09,0.014337603934109211,0.9856624007225037,False,False,nan
20260719,1137,touchdown,active,0.8088698983192444,0.157748281955719,0.033381808549165726,False,False,nan
20260719,1138,touchdown,negative,0.30327633023262024,0.6922736763954163,0.004450000356882811,True,True,0.053930254142299044
20260719,1139,mid_cross,negative,2.7071989734395174e-06,0.9870499968528748,0.012947320938110352,True,True,0.6611840201063799
20260719,1140,pre_cross,active,7.901714560985297e-15,1.6864664758031722e-06,0.9999983310699463,False,False,nan
20260719,1141,touchdown,active,0.008025510236620903,0.0011693926062434912,0.9908051490783691,False,False,nan
20260719,1142,touchdown,negative,0.2206200659275055,0.7200321555137634,0.05934780091047287,True,False,nan
20260719,1143,touchdown,active,0.492450475692749,0.5040452480316162,0.0035042918752878904,True,True,0.027540498913931354
20260719,1144,touchdown,active,0.6317598819732666,0.36264485120773315,0.005595304537564516,True,True,0.11469660784598694
20260719,1145,touchdown,negative,0.2551979422569275,0.7325931787490845,0.01220888365060091,False,False,nan
20260719,1146,touchdown,negative,0.17498044669628143,0.8248415589332581,0.00017793296137824655,True,False,nan
20260719,1147,touchdown,negative,0.19425255060195923,0.7700794339179993,0.0356680303812027,True,False,nan
20260719,1148,pre_cross,active,6.375107552969439e-09,0.0004061975050717592,0.9995937943458557,False,False,nan
20260719,1149,pre_cross,active,1.6396973023802275e-06,0.006490571424365044,0.9935078620910645,False,False,nan
20260719,1150,touchdown,active,0.7541768550872803,0.025480950251221657,0.2203422486782074,False,False,nan
20260719,1151,pre_cross,active,3.170761179657755e-13,9.570586371410172e-06,0.9999904632568359,False,False,nan
20260719,1152,touchdown,negative,0.2535789906978607,0.746248722076416,0.00017233270045835525,True,False,nan
20260719,1153,mid_cross,active,3.6816263104810787e-07,0.24765455722808838,0.752345085144043,False,False,nan
20260719,1154,pre_cross,active,3.7502632555612403e-16,3.2111151426761353e-07,0.9999996423721313,False,False,nan
20260719,1155,touchdown,active,0.48680853843688965,0.511001706123352,0.002189717488363385,True,True,0.2724474471077429
20260719,1156,touchdown,negative,0.21432894468307495,0.7841349840164185,0.001536124967969954,True,False,nan
20260719,1157,touchdown,negative,0.28444361686706543,0.5494983196258545,0.16605807840824127,True,False,nan
20260719,1158,touchdown,negative,0.15441465377807617,0.8374302983283997,0.008155101910233498,True,False,nan
20260719,1159,pre_cross,active,1.71624070884795e-14,2.522439217500505e-06,0.9999974966049194,False,False,nan
20260719,1160,mid_cross,active,1.7609131646167953e-06,0.04513465613126755,0.9548635482788086,False,False,nan
20260719,1161,touchdown,negative,0.35069045424461365,0.647846519947052,0.001463007996790111,True,False,nan
20260719,1162,pre_cross,active,7.803645425165373e-14,3.5687448871613014e-06,0.9999964237213135,False,False,nan
20260719,1163,mid_cross,active,7.151723657727871e-11,0.00020079691603314131,0.9997991919517517,False,False,nan
20260719,1164,touchdown,positive,0.9279608130455017,0.07113999128341675,0.0008991908398456872,True,True,0.007550540413079681
20260719,1165,touchdown,active,0.4845373332500458,0.5134537220001221,0.0020089626777917147,True,True,3.4426297500767413
20260719,1166,touchdown,negative,0.07492698729038239,0.923723578453064,0.0013495138846337795,True,False,nan
20260719,1167,touchdown,active,0.22289405763149261,0.429010808467865,0.348095178604126,False,False,nan
20260719,1168,mid_cross,active,4.897000582815281e-10,0.0003764684370253235,0.9996235370635986,False,False,nan
20260719,1169,mid_cross,active,0.00010984428809024394,0.004272461403161287,0.9956177473068237,False,False,nan
20260719,1170,touchdown,active,0.7365346550941467,0.26207348704338074,0.001391920610330999,True,True,0.18487216237638418
20260719,1171,pre_cross,active,1.3843053092710278e-10,0.0003008038620464504,0.9996992349624634,False,False,nan
20260719,1172,mid_cross,active,2.1108039760520114e-09,2.9144104701117612e-05,0.9999707937240601,False,False,nan
20260719,1173,touchdown,active,0.2475111186504364,0.43356621265411377,0.31892260909080505,True,False,nan
20260719,1174,mid_cross,active,0.00014215470582712442,0.015304825268685818,0.9845529794692993,False,False,nan
20260719,1175,mid_cross,negative,0.013516549952328205,0.9720776081085205,0.014405859634280205,True,False,nan
20260719,1176,pre_cross,active,8.611350743592538e-09,0.003797919722273946,0.9962020516395569,False,False,nan
20260719,1177,mid_cross,active,0.004540266469120979,0.0002185284101869911,0.9952411651611328,False,False,nan
20260719,1178,touchdown,active,0.7731923460960388,0.20467984676361084,0.022127848118543625,True,True,0.16795484063707036
20260719,1179,mid_cross,active,9.320507388110855e-08,0.02787519432604313,0.9721246957778931,False,False,nan
20260719,1180,touchdown,active,0.7193780541419983,0.27788567543029785,0.0027362012770026922,True,True,0.5564314810304759
20260719,1181,touchdown,negative,0.17238977551460266,0.7892815470695496,0.038328640162944794,True,False,nan
20260719,1182,touchdown,negative,0.172319695353508,0.8267782330513,0.0009019883582368493,True,False,nan
20260719,1183,mid_cross,active,7.106758062036533e-07,0.0002504003932699561,0.9997488856315613,False,False,nan
20260719,1184,touchdown,active,0.5557617545127869,0.36399558186531067,0.08024266362190247,True,True,0.06560481808957329
20260719,1185,mid_cross,active,3.957992333880611e-08,0.017294250428676605,0.9827057123184204,False,False,nan
20260719,1186,touchdown,active,0.6250563263893127,0.36082446575164795,0.014119177125394344,True,True,0.06438361634514957
20260719,1187,touchdown,negative,0.06416701525449753,0.934748649597168,0.001084350049495697,True,False,nan
20260719,1188,mid_cross,active,2.2710877090048598e-07,0.0828053206205368,0.9171944260597229,False,False,nan
20260719,1189,touchdown,negative,0.12809836864471436,0.8715516328811646,0.000349952548276633,True,False,nan
20260719,1190,touchdown,negative,0.14798082411289215,0.8264472484588623,0.025571949779987335,True,False,nan
20260719,1191,touchdown,active,0.7748748660087585,0.21824271976947784,0.006882394663989544,True,True,0.016905404478466113
20260719,1192,touchdown,negative,0.4336768090724945,0.5428075194358826,0.023515604436397552,True,False,nan
20260719,1193,touchdown,negative,0.32678452134132385,0.669333279132843,0.003882232354953885,True,False,nan
20260719,1194,touchdown,negative,0.10787796974182129,0.8913232684135437,0.0007987525896169245,True,False,nan
20260719,1195,touchdown,active,0.6893864870071411,0.254077285528183,0.0565362386405468,True,False,nan
20260719,1196,touchdown,negative,0.30502212047576904,0.674607515335083,0.020370429381728172,True,False,nan
20260719,1197,touchdown,negative,0.2142297923564911,0.7830976843833923,0.0026724606286734343,True,False,nan
20260719,1198,touchdown,negative,0.05213668569922447,0.9474189281463623,0.00044447736581787467,True,False,nan
20260719,1199,pre_cross,active,5.319484002591635e-13,3.837235453829635e-06,0.9999961853027344,False,False,nan
20260719,1200,touchdown,negative,0.1189434826374054,0.8673694133758545,0.013687062077224255,True,True,0.04538334840435197
20260719,1201,touchdown,active,0.8011035323143005,0.192694291472435,0.006202145479619503,True,True,0.1272266936454836
20260719,1202,mid_cross,active,6.817244297963043e-07,0.1562986671924591,0.8437005877494812,False,False,nan
20260719,1203,touchdown,negative,0.40444764494895935,0.5909489393234253,0.0046034385450184345,True,True,0.018373116501690507
20260719,1204,mid_cross,active,3.5753862977910833e-12,2.860265794879524e-06,0.9999971389770508,False,False,nan
20260719,1205,pre_cross,active,6.512854627349976e-14,2.0419088286871556e-06,0.9999979734420776,False,False,nan
20260719,1206,touchdown,negative,0.176983043551445,0.8192856907844543,0.0037312244530767202,True,False,nan
20260719,1207,pre_cross,active,6.724646534062018e-11,6.451839726651087e-05,0.999935507774353,False,False,nan
20260719,1208,mid_cross,active,3.274417681442543e-10,0.0007595417555421591,0.999240517616272,False,False,nan
20260719,1209,touchdown,negative,0.44162920117378235,0.5581769347190857,0.00019388111832085997,True,False,nan
20260719,1210,pre_cross,active,2.328220082004062e-12,3.6328558508103015e-06,0.9999964237213135,False,False,nan
20260719,1211,touchdown,active,0.4771929383277893,0.37272319197654724,0.15008392930030823,True,False,nan
20260719,1212,touchdown,negative,0.10351014137268066,0.890708863735199,0.005781012121587992,True,True,0.025316560454628337
20260719,1213,touchdown,negative,0.4381619393825531,0.5596127510070801,0.0022252597846090794,True,True,0.05486207098708267
20260719,1214,mid_cross,active,3.0392866392503493e-06,0.08271966129541397,0.9172772765159607,False,False,nan
20260719,1215,mid_cross,active,4.58987265972155e-08,0.00042790465522557497,0.9995720982551575,False,False,nan
20260719,1216,touchdown,active,0.773647665977478,0.19764301180839539,0.0287092924118042,True,False,nan
20260719,1217,mid_cross,active,4.546249783425084e-14,1.1196464129170636e-06,0.999998927116394,False,False,nan
20260719,1218,touchdown,active,0.7488211393356323,0.2500517964363098,0.0011271117255091667,True,True,0.10506376987924651
20260719,1219,mid_cross,active,1.5276344633718963e-09,5.884295660507632e-06,0.999994158744812,False,False,nan
20260719,1220,pre_cross,active,9.30802218748793e-15,2.4870863057913084e-07,0.9999997615814209,False,False,nan
20260719,1221,touchdown,negative,0.24690145254135132,0.7177513837814331,0.035347241908311844,True,False,nan
20260719,1222,touchdown,active,0.7704494595527649,0.22360879182815552,0.005941830109804869,True,True,0.21815455152717242
20260719,1223,touchdown,active,0.08176363259553909,0.1233953908085823,0.794840931892395,False,False,nan
20260719,1224,touchdown,negative,0.23786471784114838,0.7605562806129456,0.0015790569595992565,True,True,0.4554310461111608
20260719,1225,touchdown,negative,0.4480355978012085,0.5505093336105347,0.0014550781343132257,True,False,nan
20260719,1226,touchdown,negative,0.1624874770641327,0.7901960015296936,0.047316450625658035,True,False,nan
20260719,1227,touchdown,active,0.6247370839118958,0.3694462180137634,0.005816709250211716,True,True,0.21719129227002368
20260719,1228,touchdown,negative,0.12705783545970917,0.8710824847221375,0.00185969821177423,True,False,nan
20260719,1229,mid_cross,active,6.497433560070931e-07,2.6872005491895834e-06,0.9999966621398926,False,False,nan
20260719,1230,mid_cross,active,7.020533416834951e-07,0.19731172919273376,0.8026875257492065,False,False,nan
20260719,1231,touchdown,negative,0.3391844928264618,0.6563428640365601,0.00447266036644578,True,False,nan
20260719,1232,touchdown,negative,0.21286755800247192,0.7156041860580444,0.07152821123600006,True,True,0.030915155294073828
20260719,1233,mid_cross,active,5.0848440041884047e-11,6.043826488166815e-06,0.9999939203262329,False,False,nan
20260719,1234,touchdown,positive,0.8769931793212891,0.11898360401391983,0.004023206885904074,True,True,0.048549202810161514
20260719,1235,touchdown,active,0.3314163088798523,0.4178081452846527,0.25077560544013977,True,False,nan
20260719,1236,touchdown,negative,0.3765568435192108,0.6166679859161377,0.006775162648409605,False,False,nan
20260719,1237,touchdown,active,0.583640992641449,0.38649335503578186,0.029865648597478867,True,False,nan
20260719,1238,touchdown,negative,0.3388229310512543,0.6597548127174377,0.0014222916215658188,True,True,0.3944769750623493
20260719,1239,touchdown,negative,0.21238110959529877,0.7521070837974548,0.035511843860149384,True,False,nan
20260719,1240,touchdown,negative,0.12460574507713318,0.8752028346061707,0.0001914335007313639,True,False,nan
20260719,1241,mid_cross,active,5.00715469087254e-10,0.012525981292128563,0.9874740839004517,False,False,nan
20260719,1242,touchdown,negative,0.2863380014896393,0.7133937478065491,0.0002682916820049286,True,False,nan
20260719,1243,pre_cross,active,1.44233585527674e-15,5.052544338468579e-07,0.9999995231628418,False,False,nan
20260719,1244,touchdown,negative,0.36674022674560547,0.5657987594604492,0.0674610361456871,True,False,nan
20260719,1245,touchdown,negative,0.12907323241233826,0.8703209161758423,0.000605940236710012,True,False,nan
20260719,1246,mid_cross,active,1.653534837942061e-07,0.07409937679767609,0.9259004592895508,False,False,nan
20260719,1247,touchdown,negative,0.13729228079319,0.8583747744560242,0.004332976881414652,True,False,nan
20260719,1248,pre_cross,active,2.6289914689670013e-11,0.00011079358228016645,0.9998891353607178,False,False,nan
20260719,1249,pre_cross,active,3.9253888632411957e-14,1.1111717412859434e-06,0.999998927116394,False,False,nan
20260719,1250,pre_cross,active,1.788787520884405e-11,0.00011374431051081046,0.9998862743377686,False,False,nan
20260719,1251,mid_cross,negative,0.0003250094596296549,0.9262818694114685,0.07339315116405487,True,True,2.0527044879977776
20260719,1252,pre_cross,active,1.6956990799100254e-15,1.1637435193279089e-07,0.9999998807907104,False,False,nan
20260719,1253,touchdown,positive,0.8797542452812195,0.11873312294483185,0.001512631424702704,True,True,0.2257292643503278
20260719,1254,touchdown,active,0.6232278347015381,0.3662436902523041,0.010528423823416233,True,True,0.07683524944370847
20260719,1255,mid_cross,active,0.0002687634259928018,0.18947961926460266,0.8102516531944275,False,False,nan
20260719,1256,mid_cross,active,1.64846365724447e-11,5.66510925636976e-06,0.9999942779541016,False,False,nan
20260719,1257,touchdown,negative,0.15461263060569763,0.8444518446922302,0.0009354688809253275,True,False,nan
20260719,1258,mid_cross,active,7.214146408073344e-14,2.670211642907816e-07,0.9999997615814209,False,False,nan
20260719,1259,touchdown,positive,0.9282414317131042,0.057520780712366104,0.014237730763852596,True,False,nan
20260719,1260,touchdown,positive,0.8646290898323059,0.13412393629550934,0.0012469420908018947,True,True,0.014061465586030207
20260719,1261,touchdown,negative,0.07032282650470734,0.9291521906852722,0.0005250643589533865,True,False,nan
20260719,1262,touchdown,negative,0.08461978286504745,0.9145194292068481,0.0008606748306192458,True,False,nan
20260719,1263,touchdown,active,0.726074755191803,0.25708305835723877,0.01684221625328064,True,True,0.6546279090193714
20260719,1264,touchdown,negative,0.30876097083091736,0.6887829899787903,0.0024560519959777594,True,False,nan
20260719,1265,touchdown,active,0.487993448972702,0.5103724598884583,0.0016340578440576792,True,True,0.520572893668538
20260719,1266,touchdown,positive,0.8865017294883728,0.1118546575307846,0.001643505645915866,True,True,0.01423961086355243
20260719,1267,mid_cross,active,5.633378350466955e-07,0.31232017278671265,0.6876792907714844,True,False,nan
20260719,1268,touchdown,negative,0.327196329832077,0.6707446575164795,0.002058985410258174,True,False,nan
20260719,1269,touchdown,negative,0.23907093703746796,0.760111391544342,0.0008177197305485606,True,False,nan
20260719,1270,mid_cross,active,2.057287395995644e-10,0.0046053798869252205,0.9953946471214294,False,False,nan
20260719,1271,touchdown,negative,0.4367375373840332,0.5514318346977234,0.011830655857920647,True,True,0.08768925429364666
20260719,1272,touchdown,negative,0.23395636677742004,0.7640860676765442,0.001957579981535673,True,False,nan
20260719,1273,touchdown,negative,0.3129572570323944,0.6736992597579956,0.013343533501029015,True,False,nan
20260719,1274,touchdown,negative,0.24825383722782135,0.7503535151481628,0.001392605947330594,True,False,nan
20260719,1275,touchdown,negative,0.2951347231864929,0.7030062675476074,0.00185900810174644,True,False,nan
20260719,1276,touchdown,negative,0.2746932804584503,0.721370279788971,0.003936441149562597,True,True,0.5070142190058224
20260719,1277,pre_cross,active,2.234111867063077e-16,6.535896091008908e-08,0.9999998807907104,False,False,nan
20260719,1278,mid_cross,active,1.2064353427376773e-07,3.22670784953516e-05,0.9999675750732422,False,False,nan
20260719,1279,mid_cross,active,1.911266878096285e-07,0.0006996613228693604,0.9993001222610474,False,False,nan
20260719,1280,touchdown,active,0.7767876386642456,0.22093941271305084,0.0022729611955583096,True,True,0.12719559117267468
20260719,1281,pre_cross,active,2.848595179725556e-14,1.7186408513225615e-05,0.9999828338623047,False,False,nan
20260719,1282,mid_cross,negative,0.03353795036673546,0.9657621383666992,0.0006998332100920379,True,True,6.839058975888432
20260719,1283,touchdown,active,0.5197750926017761,0.47952836751937866,0.0006965212523937225,True,False,nan
20260719,1284,mid_cross,negative,4.5460780029316084e-07,0.8651997447013855,0.13479983806610107,True,True,2.4206173191753897
20260719,1285,mid_cross,active,2.075890015440507e-10,0.00015373936912510544,0.9998462200164795,False,False,nan
20260719,1286,touchdown,active,0.8320851922035217,0.1595577597618103,0.008357043378055096,True,True,0.10653271479273002
20260719,1287,mid_cross,negative,0.0053088245913386345,0.770224928855896,0.22446627914905548,False,False,nan
20260719,1288,touchdown,negative,0.2688893675804138,0.725239098072052,0.0058715431950986385,True,True,0.3870995960221777
20260719,1289,mid_cross,active,2.417349209693498e-09,0.00029655761318281293,0.9997034668922424,False,False,nan
20260719,1290,touchdown,negative,0.13117891550064087,0.8687261343002319,9.493193647358567e-05,True,False,nan
20260719,1291,mid_cross,active,1.105988758354215e-05,0.048827752470970154,0.9511611461639404,False,False,nan
20260719,1292,pre_cross,active,2.2455916791862263e-13,7.147624273784459e-06,0.999992847442627,False,False,nan
20260719,1293,mid_cross,active,4.526311386143789e-06,0.11643675714731216,0.8835586905479431,True,True,6.327433985526022
20260719,1294,pre_cross,active,1.9926835789080277e-12,9.059897274710238e-05,0.9999094009399414,False,False,nan
20260719,1295,mid_cross,active,1.936442117767001e-10,0.0006490811938419938,0.9993509650230408,False,False,nan
20260719,1296,touchdown,active,0.7814833521842957,0.2143637090921402,0.004152901004999876,True,True,1.4609752046781144
20260719,1297,touchdown,active,0.5896749496459961,0.40670186281204224,0.0036231677513569593,True,True,0.22611547693817421
20260719,1298,mid_cross,active,2.781480439446567e-15,2.814982451582182e-07,0.9999997615814209,False,False,nan
20260719,1299,touchdown,positive,0.8539066314697266,0.1428077220916748,0.003285649698227644,True,True,0.03163518866635076
20260719,1300,touchdown,active,0.7837538719177246,0.20515872538089752,0.011087348684668541,True,True,0.31474981810400166
20260719,1301,mid_cross,active,4.069638492865124e-08,0.00993003137409687,0.9900699257850647,False,False,nan
20260719,1302,touchdown,negative,0.11650687456130981,0.8804838061332703,0.00300921150483191,True,False,nan
20260719,1303,mid_cross,active,2.389594633278591e-10,1.6315365428454243e-05,0.9999836683273315,False,False,nan
20260719,1304,pre_cross,active,2.978182411512813e-14,5.532168415811611e-06,0.9999945163726807,False,False,nan
20260719,1305,pre_cross,active,1.981981710642757e-15,6.76849509773092e-08,0.9999998807907104,False,False,nan
20260719,1306,touchdown,active,0.6896547675132751,0.24238699674606323,0.06795819848775864,True,True,1.8745957014339723
20260719,1307,mid_cross,active,8.90537048690021e-05,0.059793222695589066,0.9401176571846008,False,False,nan
20260719,1308,touchdown,negative,0.33760571479797363,0.6581535339355469,0.004240767564624548,True,False,nan
20260719,1309,touchdown,negative,0.11725642532110214,0.8823376297950745,0.0004059162747580558,True,False,nan
20260719,1310,mid_cross,active,9.666772530181333e-05,0.00019290752243250608,0.9997103810310364,False,False,nan
20260719,1311,touchdown,active,0.5977206826210022,0.401133269071579,0.0011460732202976942,True,True,0.10479513663526362
20260719,1312,mid_cross,active,1.5868687341935583e-07,0.40913599729537964,0.590863823890686,False,False,nan
20260719,1313,pre_cross,active,9.33946405049001e-15,1.9812183893463953e-07,0.9999997615814209,False,False,nan
20260719,1314,touchdown,active,0.755584716796875,0.12509524822235107,0.11932007223367691,True,True,0.009453410050603754
20260719,1315,touchdown,active,0.6840118169784546,0.1562136709690094,0.15977446734905243,True,False,nan
20260719,1316,touchdown,active,0.04204247519373894,0.2116810530424118,0.7462764978408813,False,False,nan
20260719,1317,mid_cross,active,8.629660541714657e-09,0.0001285391626879573,0.9998714923858643,False,False,nan
20260719,1318,mid_cross,negative,0.001145827816799283,0.919337272644043,0.07951691001653671,True,True,0.8948675022416175
20260719,1319,pre_cross,active,3.098907359919096e-16,2.5625858768307808e-08,1.0,False,False,nan
20260719,1320,touchdown,active,0.142904132604599,0.043501194566488266,0.8135946989059448,False,False,nan
20260719,1321,touchdown,negative,0.40180012583732605,0.5890180468559265,0.009181752800941467,True,True,1.708739407739988
20260719,1322,mid_cross,negative,1.8171056581195444e-05,0.7711774110794067,0.22880440950393677,True,False,nan
20260719,1323,touchdown,negative,0.2775035798549652,0.7121928334236145,0.01030359324067831,True,False,nan
20260719,1324,touchdown,negative,0.17470845580101013,0.8230932950973511,0.002198284724727273,True,False,nan
20260719,1325,mid_cross,active,5.411411407862943e-08,3.883055251208134e-05,0.9999611377716064,False,False,nan
20260719,1326,mid_cross,active,1.4273390247510065e-09,0.023242639377713203,0.9767573475837708,False,False,nan
20260719,1327,mid_cross,active,4.5886147659324195e-10,0.0002508550533093512,0.9997491240501404,False,False,nan
20260719,1328,touchdown,negative,0.12310677021741867,0.8745066523551941,0.0023865445982664824,True,False,nan
20260719,1329,mid_cross,active,1.5658772056781345e-08,0.047138962894678116,0.9528610110282898,False,False,nan
20260719,1330,pre_cross,active,1.948897857331766e-12,5.590351861428644e-07,0.9999994039535522,False,False,nan
20260719,1331,touchdown,negative,0.0869283452630043,0.9117652773857117,0.0013064064551144838,True,False,nan
20260719,1332,mid_cross,negative,1.9578028798150626e-07,0.6791027188301086,0.32089710235595703,False,False,nan
20260719,1333,touchdown,negative,0.4358796775341034,0.5571783781051636,0.006941881496459246,True,False,nan
20260719,1334,touchdown,negative,0.271374374628067,0.7139164805412292,0.014709082432091236,True,False,nan
20260719,1335,mid_cross,negative,0.004948885180056095,0.9476398825645447,0.04741119220852852,True,True,0.7315814139651635
20260719,1336,touchdown,negative,0.15864326059818268,0.8300400376319885,0.011316638439893723,True,True,0.043536397228468596
20260719,1337,mid_cross,active,1.0442619685635535e-10,0.0011365656973794103,0.9988634586334229,False,False,nan
20260719,1338,mid_cross,active,3.730196273393771e-12,0.00037020634044893086,0.9996297359466553,False,False,nan
20260719,1339,touchdown,negative,0.4304946959018707,0.5490208864212036,0.02048439532518387,True,False,nan
20260719,1340,touchdown,negative,0.3195739686489105,0.6179628968238831,0.06246308237314224,False,False,nan
20260719,1341,touchdown,negative,0.3723181188106537,0.6154958009719849,0.01218604389578104,True,False,nan
20260719,1342,mid_cross,negative,0.002066528657451272,0.9677745699882507,0.030158840119838715,True,True,1.207901565792571
20260719,1343,pre_cross,active,9.503192845746527e-17,5.10526128039146e-08,1.0,False,False,nan
20260719,1344,touchdown,active,0.0013418069574981928,0.0015554645797237754,0.997102677822113,False,False,nan
20260719,1345,touchdown,active,0.650901734828949,0.3440719246864319,0.005026376340538263,True,False,nan
20260719,1346,touchdown,negative,0.13024096190929413,0.8674367070198059,0.0023224293254315853,True,False,nan
20260719,1347,touchdown,negative,0.3049382269382477,0.6363283395767212,0.05873345583677292,True,True,0.13872239678047096
20260719,1348,mid_cross,negative,4.0282890267917537e-07,0.9159662127494812,0.08403339982032776,True,True,0.8840274868725572
20260719,1349,pre_cross,active,8.039359770724505e-17,1.2557772777199716e-07,0.9999998807907104,False,False,nan
20260719,1350,touchdown,negative,0.1491546779870987,0.8473728895187378,0.0034723684657365084,True,True,0.04655877964657275
20260719,1351,mid_cross,active,2.5698585481848113e-09,0.026601821184158325,0.9733981490135193,False,False,nan
20260719,1352,touchdown,negative,0.33048200607299805,0.6647589802742004,0.004759007599204779,True,True,0.13736866448827445
20260719,1353,pre_cross,active,1.933262442277081e-13,2.3165273432823597e-06,0.9999977350234985,False,False,nan
20260719,1354,touchdown,positive,0.9676928520202637,0.009217512793838978,0.023089615628123283,True,False,nan
20260719,1355,mid_cross,active,1.2738547196244898e-12,9.185687667923048e-05,0.9999080896377563,False,False,nan
20260719,1356,touchdown,active,0.6080691814422607,0.3764881193637848,0.015442674979567528,True,False,nan
20260719,1357,touchdown,negative,0.3484760522842407,0.647001326084137,0.004522575065493584,True,False,nan
20260719,1358,mid_cross,active,1.1657849796620212e-07,0.12797926366329193,0.8720206022262573,False,False,nan
20260719,1359,pre_cross,active,4.108841739070002e-12,5.301124110701494e-05,0.9999469518661499,False,False,nan
20260719,1360,pre_cross,active,2.1024723591479182e-15,4.967451445736515e-07,0.9999995231628418,False,False,nan
20260719,1361,pre_cross,active,1.0012476699239095e-16,5.504186262328403e-08,1.0,False,False,nan
20260719,1362,touchdown,active,0.3202832341194153,0.4285438656806946,0.2511729300022125,True,False,nan
20260719,1363,pre_cross,active,3.381654331557904e-11,5.1239519962109625e-05,0.9999487400054932,False,False,nan
20260719,1364,touchdown,active,0.5747734308242798,0.4239889681339264,0.0012376282829791307,True,False,nan
20260719,1365,touchdown,negative,0.16881196200847626,0.8302912712097168,0.0008967563626356423,True,True,0.19283953366629478
20260719,1366,pre_cross,active,2.4376640029438734e-12,0.00037017514114268124,0.9996298551559448,False,False,nan
20260719,1367,touchdown,negative,0.16832339763641357,0.7591925859451294,0.07248402386903763,True,True,0.4656262140594299
20260719,1368,mid_cross,active,6.869103685858136e-08,0.05227808281779289,0.9477218389511108,False,False,nan
20260719,1369,mid_cross,active,6.496473498041055e-11,7.27811420802027e-05,0.9999271631240845,False,False,nan
20260719,1370,pre_cross,active,8.832712931388851e-16,1.9610219226251502e-07,0.9999997615814209,False,False,nan
20260719,1371,pre_cross,active,5.660007561242427e-16,3.2099503641802585e-06,0.9999967813491821,False,False,nan
20260719,1372,touchdown,negative,0.12351896613836288,0.8753750324249268,0.0011059603421017528,True,False,nan
20260719,1373,mid_cross,active,1.3621971994837168e-08,0.019407112151384354,0.9805928468704224,False,False,nan
20260719,1374,mid_cross,active,1.8397736667452591e-09,4.829021418117918e-05,0.9999517202377319,False,False,nan
20260719,1375,mid_cross,active,4.332125952996417e-14,4.688110038841842e-06,0.9999953508377075,False,False,nan
20260719,1376,touchdown,active,0.6308919191360474,0.3645719289779663,0.004536140244454145,True,True,0.1284392856340326
20260719,1377,pre_cross,active,7.245665414601094e-16,3.7927759422018426e-06,0.9999961853027344,False,False,nan
20260719,1378,touchdown,negative,0.18604964017868042,0.8133111000061035,0.0006391865899786353,True,False,nan
20260719,1379,touchdown,active,0.551311194896698,0.4428197145462036,0.005869051907211542,True,True,0.4407989282804117
20260719,1380,touchdown,negative,0.45038673281669617,0.547831118106842,0.0017821049550548196,False,False,nan
20260719,1381,touchdown,negative,0.015728995203971863,0.9827557802200317,0.0015151692787185311,True,True,0.009452035820231072
20260719,1382,touchdown,negative,0.1893870085477829,0.8055508732795715,0.005062082316726446,True,True,0.015253458375576612
20260719,1383,touchdown,negative,0.18689510226249695,0.8067243695259094,0.006380573846399784,True,False,nan
20260719,1384,mid_cross,active,3.392324998685581e-08,0.00013336047413758934,0.9998666048049927,False,False,nan
20260719,1385,touchdown,negative,0.2278248518705368,0.7699503302574158,0.002224815310910344,True,True,0.14149954641716148
20260719,1386,touchdown,positive,0.8630693554878235,0.12690241634845734,0.010028229095041752,True,True,0.5286740798943399
20260719,1387,touchdown,active,0.43090784549713135,0.5278817415237427,0.04121050983667374,True,True,0.46484526159294465
20260719,1388,touchdown,negative,0.1107037365436554,0.866443395614624,0.02285277098417282,True,False,nan
20260719,1389,pre_cross,active,2.380276112323657e-18,2.159770673415551e-08,1.0,False,False,nan
20260719,1390,touchdown,negative,0.10955753177404404,0.8891564607620239,0.0012860886054113507,True,False,nan
20260719,1391,touchdown,active,0.6840141415596008,0.31383755803108215,0.002148306928575039,True,True,0.3478468467098828
20260719,1392,touchdown,positive,0.8537864089012146,0.14091838896274567,0.00529520632699132,True,False,nan
20260719,1393,touchdown,negative,0.09734709560871124,0.9004414677619934,0.0022114445455372334,True,False,nan
20260719,1394,touchdown,active,0.5786061882972717,0.22503216564655304,0.19636164605617523,True,False,nan
20260719,1395,pre_cross,active,2.1861160685958923e-16,4.040713577069255e-07,0.9999996423721313,False,False,nan
20260719,1396,mid_cross,active,4.20394917455269e-06,0.12086397409439087,0.8791317939758301,False,False,nan
20260719,1397,touchdown,negative,0.3822961151599884,0.6037023067474365,0.014001698233187199,True,False,nan
20260719,1398,touchdown,active,0.020837856456637383,0.16336689889431,0.8157952427864075,False,False,nan
20260719,1399,touchdown,negative,0.2379017025232315,0.7605407238006592,0.0015575975412502885,True,False,nan
20260719,1400,touchdown,negative,0.45366358757019043,0.5449973344802856,0.0013389919186010957,True,False,nan
20260719,1401,touchdown,negative,0.12811928987503052,0.6178869605064392,0.2539937198162079,False,False,nan
20260719,1402,pre_cross,active,3.780212254334003e-12,0.0002804713149089366,0.9997195601463318,False,False,nan
20260719,1403,touchdown,active,0.458645224571228,0.5058918595314026,0.035462845116853714,True,True,0.26870425123764263
20260719,1404,touchdown,negative,0.07529298216104507,0.924400806427002,0.00030623641214333475,True,True,0.822065739178945
20260719,1405,touchdown,negative,0.22259992361068726,0.7764817476272583,0.0009183211950585246,True,False,nan
20260719,1406,mid_cross,active,4.0458940020471346e-06,8.980862912721932e-05,0.9999061822891235,False,False,nan
20260719,1407,mid_cross,active,3.201217286044611e-12,6.751346518285573e-05,0.9999325275421143,False,False,nan
20260719,1408,touchdown,active,0.5780787467956543,0.39771488308906555,0.024206463247537613,True,True,8.085647586146738
20260719,1409,mid_cross,negative,5.265237268758938e-05,0.947273850440979,0.052673544734716415,True,True,2.8323522553824474
20260719,1410,mid_cross,active,1.2891836375012768e-14,6.361420901157544e-07,0.9999994039535522,False,False,nan
20260719,1411,mid_cross,active,5.791449893877143e-06,0.002672394271939993,0.9973217844963074,False,False,nan
20260719,1412,touchdown,negative,0.013968192972242832,0.9831048846244812,0.002926924964413047,True,True,0.05017281348890457
20260719,1413,touchdown,active,0.002218030160292983,0.0013693077489733696,0.9964126944541931,False,False,nan
20260719,1414,mid_cross,negative,0.0005603464669547975,0.5937915444374084,0.4056481122970581,True,True,3.290652241868802
20260719,1415,pre_cross,active,2.4987997782055515e-10,2.8391190426191315e-05,0.9999716281890869,False,False,nan
20260719,1416,touchdown,negative,0.3337770104408264,0.6621091961860657,0.004113768693059683,True,True,0.11226152050325898
20260719,1417,touchdown,negative,0.17574696242809296,0.8194727301597595,0.0047803474590182304,True,True,0.033138060947735276
20260719,1418,touchdown,negative,0.10481422394514084,0.8066294193267822,0.08855633437633514,True,False,nan
20260719,1419,touchdown,negative,0.07234156876802444,0.9256319403648376,0.002026449888944626,True,True,0.027464190680294653
20260719,1420,mid_cross,active,4.918266540698824e-07,0.0005587093764916062,0.9994407296180725,False,False,nan
20260719,1421,touchdown,negative,0.2664127051830292,0.7287971377372742,0.00479018222540617,True,True,0.053240290097808333
20260719,1422,touchdown,active,0.2921037971973419,0.3978661000728607,0.31003010272979736,False,False,nan
20260719,1423,touchdown,negative,0.2755745053291321,0.7237192392349243,0.0007062096265144646,True,True,0.047050691538974114
20260719,1424,mid_cross,active,0.0002281530760228634,0.21198199689388275,0.7877898216247559,False,False,nan
20260719,1425,touchdown,active,0.07999347150325775,0.1166134625673294,0.8033930659294128,False,False,nan
20260719,1426,touchdown,negative,0.21776741743087769,0.7780666351318359,0.0041659832932055,True,True,0.11522270632511844
20260719,1427,mid_cross,active,1.2435814156219749e-08,0.11848799884319305,0.8815119862556458,False,False,nan
20260719,1428,touchdown,negative,0.19507785141468048,0.8031325936317444,0.0017895845230668783,True,False,nan
20260719,1429,touchdown,negative,0.19415411353111267,0.8053208589553833,0.0005250292015261948,True,False,nan
20260719,1430,touchdown,negative,0.2955126464366913,0.6736751198768616,0.03081223927438259,True,True,0.03897471426803592
20260719,1431,touchdown,negative,0.09901111572980881,0.8958175778388977,0.005171310622245073,True,False,nan
20260719,1432,pre_cross,active,8.790758377306973e-13,2.2215112949197646e-06,0.9999977350234985,False,False,nan
20260719,1433,pre_cross,active,1.7316597808458845e-11,3.20925610139966e-05,0.9999679327011108,False,False,nan
20260719,1434,mid_cross,active,4.203295418392372e-07,0.3709549605846405,0.6290445923805237,True,True,4.39122024858919
20260719,1435,touchdown,negative,0.3370033800601959,0.6283530592918396,0.03464358672499657,True,False,nan
20260719,1436,touchdown,negative,0.2519409656524658,0.7470107674598694,0.0010482746874913573,True,False,nan
20260719,1437,mid_cross,active,9.620780616614866e-08,0.02068554423749447,0.979314386844635,False,False,nan
20260719,1438,touchdown,negative,0.1497066617012024,0.7961607575416565,0.054132577031850815,True,False,nan
20260719,1439,touchdown,negative,0.3383607864379883,0.6463547348976135,0.015284426510334015,True,True,0.03238775159818377
20260719,1440,pre_cross,active,5.79191134343713e-15,3.6177195852360455e-06,0.9999964237213135,False,False,nan
20260803,1441,mid_cross,active,0.0007736817933619022,2.730332016653847e-05,0.9991989731788635,False,False,nan
20260803,1442,pre_cross,active,0.0008235377026721835,1.6402323126385454e-06,0.9991747736930847,False,False,nan
20260803,1443,touchdown,positive,0.8624734282493591,0.09856493026018143,0.03896169364452362,True,True,0.034676521205400164
20260803,1444,touchdown,positive,0.97227942943573,0.027289334684610367,0.0004312653327360749,True,False,nan
20260803,1445,touchdown,positive,0.9813165664672852,0.01833435893058777,0.00034906109794974327,True,False,nan
20260803,1446,touchdown,positive,0.8500955104827881,0.06712797284126282,0.08277653157711029,True,True,0.08202945973123651
20260803,1447,mid_cross,active,7.408838428091258e-05,1.0071032896519228e-08,0.9999258518218994,False,False,nan
20260803,1448,touchdown,positive,0.8949849605560303,0.10087016969919205,0.0041449484415352345,True,True,0.06808574071017108
20260803,1449,mid_cross,active,0.12227241694927216,0.0016796427080407739,0.8760479688644409,False,False,nan
20260803,1450,mid_cross,active,0.22297285497188568,0.0026204618625342846,0.7744066119194031,False,False,nan
20260803,1451,mid_cross,active,1.2896155254793484e-09,5.718717166480758e-10,1.0,False,False,nan
20260803,1452,mid_cross,active,0.00010000457405112684,3.6690590121679634e-08,0.9998999834060669,False,False,nan
20260803,1453,mid_cross,active,3.3839633033494465e-06,2.1579482734068733e-07,0.9999964237213135,False,False,nan
20260803,1454,touchdown,positive,0.9890792965888977,0.010431323200464249,0.0004894730518572032,True,True,0.5540743193373413
20260803,1455,mid_cross,active,4.2035222524994253e-11,6.426931209446707e-10,1.0,False,False,nan
20260803,1456,touchdown,positive,0.8980444669723511,0.08887778967618942,0.013077751733362675,False,False,nan
20260803,1457,pre_cross,active,8.343355875695124e-05,1.3721617619921744e-08,0.9999165534973145,False,False,nan
20260803,1458,touchdown,active,1.1348538464517333e-06,0.001965212868526578,0.9980337023735046,False,False,nan
20260803,1459,mid_cross,active,0.19178107380867004,0.00013210179167799652,0.8080868124961853,False,False,nan
20260803,1460,pre_cross,active,5.670963673765073e-06,1.1218124207346136e-09,0.9999942779541016,False,False,nan
20260803,1461,mid_cross,active,3.5561356526159216e-08,5.877105380136527e-08,0.9999998807907104,False,False,nan
20260803,1462,mid_cross,active,1.8036239453067537e-06,1.4246973600862134e-09,0.9999982118606567,False,False,nan
20260803,1463,touchdown,active,1.8476948753232136e-05,0.0007439492619596422,0.9992375373840332,False,False,nan
20260803,1464,touchdown,positive,0.8758390545845032,0.11048437654972076,0.013676478527486324,True,True,0.05018125964781774
20260803,1465,mid_cross,active,0.0006421663565561175,2.5603269023122266e-05,0.9993322491645813,False,False,nan
20260803,1466,mid_cross,active,1.894086040010734e-06,8.529505635124224e-08,0.9999979734420776,False,False,nan
20260803,1467,touchdown,active,0.5670053362846375,0.1079714372754097,0.32502326369285583,True,False,nan
20260803,1468,pre_cross,active,5.395455104917346e-07,1.2774847846230841e-08,0.9999994039535522,False,False,nan
20260803,1469,touchdown,active,8.00850514792728e-08,8.544422598788515e-06,0.9999914169311523,False,False,nan
20260803,1470,mid_cross,active,7.538627708192358e-12,6.941009433880652e-10,1.0,False,False,nan
20260803,1471,mid_cross,active,7.06774198988569e-06,7.2766490610831625e-09,0.9999929666519165,False,False,nan
20260803,1472,touchdown,active,0.786931037902832,0.18524079024791718,0.027828136458992958,True,True,0.22313432460764945
20260803,1473,touchdown,active,0.8130630254745483,0.16870664060115814,0.018230296671390533,True,False,nan
20260803,1474,mid_cross,active,1.2609375232841558e-07,5.017442816779294e-08,0.9999998807907104,False,False,nan
20260803,1475,touchdown,positive,0.8760216236114502,0.12375955283641815,0.00021873225341551006,True,False,nan
20260803,1476,touchdown,active,0.0036081550642848015,0.05622480437159538,0.9401670098304749,False,False,nan
20260803,1477,pre_cross,active,1.9142018572892994e-05,5.151252580049004e-08,0.9999808073043823,False,False,nan
20260803,1478,touchdown,active,0.02432713657617569,0.06341616809368134,0.91225665807724,False,False,nan
20260803,1479,mid_cross,active,1.7010575240061776e-11,8.290000352850768e-10,1.0,False,False,nan
20260803,1480,touchdown,positive,0.9265371561050415,0.07088664174079895,0.0025761660654097795,True,True,0.1643284200138925
20260803,1481,mid_cross,active,1.1141199252051592e-07,4.3517783154811696e-08,0.9999998807907104,False,False,nan
20260803,1482,pre_cross,active,9.498665463070211e-07,1.7826276565990895e-10,0.9999990463256836,False,False,nan
20260803,1483,touchdown,positive,0.9739519357681274,0.020177336409687996,0.0058706714771687984,True,True,0.046876504663338536
20260803,1484,mid_cross,active,3.3033909858204424e-05,2.995779482262151e-07,0.9999666213989258,False,False,nan
20260803,1485,pre_cross,active,5.706089041268569e-07,3.992155495069483e-09,0.9999994039535522,False,False,nan
20260803,1486,pre_cross,active,0.003191776806488633,2.986848130603903e-06,0.9968051910400391,False,False,nan
20260803,1487,mid_cross,active,1.2355932312857476e-06,4.540376963291237e-09,0.9999988079071045,False,False,nan
20260803,1488,touchdown,active,0.03557588905096054,0.389460027217865,0.5749641060829163,True,False,nan
20260803,1489,mid_cross,positive,0.8351248502731323,0.0031226754654198885,0.16175247728824615,False,False,nan
20260803,1490,pre_cross,active,1.632929411243822e-06,2.002171761716909e-09,0.9999983310699463,False,False,nan
20260803,1491,touchdown,active,1.716943742735566e-08,5.376616172725335e-05,0.9999462366104126,False,False,nan
20260803,1492,touchdown,active,5.059289875930517e-09,0.00010906328679993749,0.999890923500061,False,False,nan
20260803,1493,mid_cross,active,6.031091857039428e-07,1.2361632606427975e-08,0.9999994039535522,False,False,nan
20260803,1494,mid_cross,positive,0.8900593519210815,0.004201730713248253,0.10573897510766983,True,True,0.5320953197662152
20260803,1495,touchdown,active,0.16822105646133423,0.08761974424123764,0.7441591620445251,False,False,nan
20260803,1496,touchdown,active,0.010490547865629196,0.4067736864089966,0.5827357172966003,True,False,nan
20260803,1497,mid_cross,active,3.292918506758724e-07,3.871968345947607e-08,0.9999996423721313,False,False,nan
20260803,1498,pre_cross,active,0.00017803393711801618,3.549696430127369e-07,0.9998216032981873,False,False,nan
20260803,1499,pre_cross,positive,0.6350991725921631,0.0028999997302889824,0.36200079321861267,False,False,nan
20260803,1500,mid_cross,active,1.300532630921225e-06,5.238717903921497e-08,0.9999986886978149,False,False,nan
20260803,1501,touchdown,positive,0.9400193691253662,0.057857487350702286,0.0021231151185929775,True,True,0.028777497018564937
20260803,1502,pre_cross,active,5.536762182600796e-05,8.517224148185676e-10,0.9999446868896484,False,False,nan
20260803,1503,touchdown,positive,0.9110185503959656,0.08770596981048584,0.0012754705967381597,True,True,0.08818015164411051
20260803,1504,touchdown,active,0.13109971582889557,0.32539138197898865,0.5435089468955994,True,True,0.503211384513804
20260803,1505,touchdown,active,0.0007447540992870927,0.015555648133158684,0.9836996793746948,False,False,nan
20260803,1506,mid_cross,active,1.05186063592555e-06,5.721758178367509e-09,0.999998927116394,False,False,nan
20260803,1507,mid_cross,active,0.10005836188793182,0.0009114931453950703,0.8990300893783569,False,False,nan
20260803,1508,mid_cross,active,0.000990474596619606,1.8800653833750403e-07,0.9990092515945435,False,False,nan
20260803,1509,touchdown,positive,0.9118338823318481,0.08646838366985321,0.0016977357445284724,True,True,0.013036881165507596
20260803,1510,mid_cross,active,0.0003656344779301435,0.0001304548786720261,0.9995038509368896,False,False,nan
20260803,1511,touchdown,positive,0.9440913796424866,0.054025109857320786,0.0018835694063454866,True,True,0.054127630718489785
20260803,1512,touchdown,negative,0.21757659316062927,0.6825594305992126,0.09986402839422226,True,True,0.41948375603242005
20260803,1513,mid_cross,active,1.1125581567128506e-09,2.0451068394322647e-08,1.0,False,False,nan
20260803,1514,touchdown,positive,0.8669835925102234,0.07469194382429123,0.05832451581954956,True,False,nan
20260803,1515,touchdown,negative,0.13327360153198242,0.7751199007034302,0.09160646051168442,True,False,nan
20260803,1516,mid_cross,active,0.3264738619327545,0.005558416713029146,0.6679677367210388,False,False,nan
20260803,1517,mid_cross,active,8.177857125701848e-06,4.040222822965234e-09,0.999991774559021,False,False,nan
20260803,1518,touchdown,active,0.05362491309642792,0.10848776996135712,0.8378873467445374,False,False,nan
20260803,1519,touchdown,active,9.068130748346448e-05,0.012513460591435432,0.9873958230018616,False,False,nan
20260803,1520,touchdown,active,0.8269861936569214,0.16767260432243347,0.0053411731496453285,True,True,1.0836032710722752
20260803,1521,mid_cross,active,4.533068249656935e-07,7.473747731800984e-10,0.9999995231628418,False,False,nan
20260803,1522,mid_cross,positive,0.7734628915786743,0.0017223152099177241,0.22481483221054077,True,True,0.5906500020738299
20260803,1523,mid_cross,active,4.542158876574831e-06,4.3739455577451736e-06,0.9999910593032837,False,False,nan
20260803,1524,mid_cross,active,0.11602135002613068,0.0006935824058018625,0.8832851052284241,False,False,nan
20260803,1525,touchdown,positive,0.9408506155014038,0.05836210772395134,0.0007871974958106875,True,True,0.05334830442353317
20260803,1526,mid_cross,active,5.699666871805675e-06,4.9483681152651116e-08,0.9999942779541016,False,False,nan
20260803,1527,mid_cross,active,1.9734796296688728e-05,4.2193446461169515e-06,0.9999760389328003,False,False,nan
20260803,1528,pre_cross,active,1.545586769680085e-08,1.806954863514676e-10,1.0,False,False,nan
20260803,1529,touchdown,positive,0.9361667037010193,0.061359427869319916,0.0024738628417253494,True,False,nan
20260803,1530,touchdown,negative,0.0024920704308897257,0.6779608130455017,0.3195471167564392,True,False,nan
20260803,1531,touchdown,negative,0.07759401202201843,0.7271690368652344,0.1952369511127472,True,False,nan
20260803,1532,mid_cross,active,8.841859084895987e-07,2.994659853428061e-09,0.9999991655349731,False,False,nan
20260803,1533,mid_cross,active,1.1317848702674382e-06,1.9907164983123948e-07,0.9999986886978149,False,False,nan
20260803,1534,mid_cross,active,1.2010259808903356e-07,2.2275503663848895e-09,0.9999998807907104,False,False,nan
20260803,1535,mid_cross,active,7.95713928775088e-12,2.413977628901165e-10,1.0,False,False,nan
20260803,1536,touchdown,active,0.7753546833992004,0.22458139061927795,6.393854710040614e-05,True,False,nan
20260803,1537,pre_cross,active,0.0011196171399205923,2.8802705855923705e-06,0.9988774657249451,False,False,nan
20260803,1538,touchdown,negative,0.07222236692905426,0.9235036969184875,0.004273934755474329,True,False,nan
20260803,1539,touchdown,active,0.020276982337236404,0.006611120421439409,0.9731119275093079,False,False,nan
20260803,1540,mid_cross,active,7.1824592851044144e-06,2.8653561301439368e-08,0.999992847442627,False,False,nan
20260803,1541,mid_cross,active,1.4988153452577535e-05,1.3803150977764744e-07,0.999984860420227,False,False,nan
20260803,1542,mid_cross,active,1.8192541801909101e-06,4.643129969394977e-08,0.9999980926513672,False,False,nan
20260803,1543,mid_cross,active,3.323651354136814e-09,3.5161883715773e-07,0.9999996423721313,False,False,nan
20260803,1544,pre_cross,active,2.472584810675471e-06,7.26072091339347e-10,0.9999974966049194,False,False,nan
20260803,1545,touchdown,positive,0.8829942941665649,0.0708046406507492,0.046201083809137344,True,False,nan
20260803,1546,pre_cross,positive,0.8471617698669434,0.001851470093242824,0.15098676085472107,True,True,0.49178968941099277
20260803,1547,mid_cross,active,9.722200047690421e-06,2.7094633878732566e-06,0.9999876022338867,False,False,nan
20260803,1548,pre_cross,active,3.0146537710606935e-07,4.814814658082867e-10,0.9999996423721313,False,False,nan
20260803,1549,touchdown,active,0.2870838940143585,0.1128711923956871,0.6000449061393738,False,False,nan
20260803,1550,touchdown,positive,0.9028486609458923,0.09377308934926987,0.0033781772945076227,True,True,0.01867203134504045
20260803,1551,touchdown,positive,0.8718653321266174,0.12726253271102905,0.0008721193298697472,True,True,0.057674375622350664
20260803,1552,mid_cross,active,9.210740245180205e-05,1.2144242646172643e-05,0.9998956918716431,False,False,nan
20260803,1553,pre_cross,active,1.2927706848131493e-05,2.6588412538330886e-07,0.9999867677688599,False,False,nan
20260803,1554,mid_cross,active,5.956497375336767e-07,1.1573606073511655e-08,0.9999994039535522,False,False,nan
20260803,1555,touchdown,positive,0.9849817752838135,0.014150101691484451,0.0008682465995661914,True,True,0.09978346086829101
20260803,1556,mid_cross,active,0.0004348543589003384,8.084395813057199e-05,0.9994843006134033,False,False,nan
20260803,1557,mid_cross,active,2.4316299459314905e-05,1.1580284535739338e-06,0.9999744892120361,False,False,nan
20260803,1558,mid_cross,active,3.71848091162974e-06,3.810464477282949e-08,0.9999961853027344,False,False,nan
20260803,1559,mid_cross,active,0.09869364649057388,3.211374178135884e-06,0.9013031721115112,False,False,nan
20260803,1560,mid_cross,active,1.7860943444247823e-06,1.0421921992076477e-08,0.9999982118606567,False,False,nan
20260803,1561,touchdown,positive,0.9400225281715393,0.05797601863741875,0.0020014368928968906,True,False,nan
20260803,1562,touchdown,negative,0.00037517095915973186,0.9766840934753418,0.022940758615732193,True,False,nan
20260803,1563,touchdown,active,0.6493917107582092,0.3357667326927185,0.014841573312878609,True,False,nan
20260803,1564,touchdown,negative,0.30167776346206665,0.6801504492759705,0.018171867355704308,True,True,1.1281785649470468
20260803,1565,touchdown,active,0.4386327266693115,0.4488929510116577,0.11247432976961136,False,False,nan
20260803,1566,mid_cross,active,7.395029388135299e-05,6.161528290249407e-06,0.9999198913574219,False,False,nan
20260803,1567,mid_cross,active,7.49225534946163e-08,3.171789497713462e-09,0.9999998807907104,False,False,nan
20260803,1568,mid_cross,active,0.013980725780129433,0.0003502171311993152,0.9856690168380737,False,False,nan
20260803,1569,mid_cross,active,1.075089184343625e-10,2.984024405350283e-08,1.0,False,False,nan
20260803,1570,mid_cross,active,0.31923264265060425,0.003436714643612504,0.677330732345581,False,False,nan
20260803,1571,touchdown,negative,0.006055199541151524,0.9903076887130737,0.003637160174548626,True,False,nan
20260803,1572,pre_cross,active,3.4223579859826714e-05,2.9392356282187393e-06,0.9999628067016602,False,False,nan
20260803,1573,touchdown,positive,0.9351143836975098,0.06378336995840073,0.0011022191029042006,True,True,0.013625971896000377
20260803,1574,mid_cross,active,7.98845212557353e-06,6.468477522503235e-07,0.9999914169311523,False,False,nan
20260803,1575,mid_cross,active,7.481287980226625e-07,1.9065204526214075e-08,0.9999992847442627,False,False,nan
20260803,1576,touchdown,active,0.0002583846217021346,0.012705542147159576,0.9870360493659973,False,False,nan
20260803,1577,pre_cross,active,3.988499486240471e-07,1.118211842565664e-10,0.9999996423721313,False,False,nan
20260803,1578,touchdown,active,8.902507886432431e-08,0.0002569116186350584,0.9997430443763733,False,False,nan
20260803,1579,touchdown,active,0.2740577161312103,0.13804292678833008,0.5878993272781372,False,False,nan
20260803,1580,mid_cross,active,6.018611202307511e-06,2.652719466311737e-08,0.9999939203262329,False,False,nan
20260803,1581,mid_cross,active,4.3131058191647753e-07,2.0373271070184273e-08,0.9999995231628418,False,False,nan
20260803,1582,touchdown,positive,0.941993236541748,0.05693195015192032,0.0010748141212388873,True,True,0.025275776263582322
20260803,1583,pre_cross,active,2.5895712951751193e-06,6.726018852987181e-09,0.9999973773956299,False,False,nan
20260803,1584,pre_cross,active,9.292824643125641e-07,6.107250261067065e-10,0.9999990463256836,False,False,nan
20260803,1585,touchdown,active,0.8394577503204346,0.1591995358467102,0.001342762028798461,True,False,nan
20260803,1586,mid_cross,active,3.824827672360698e-06,2.0524494104279256e-08,0.9999961853027344,False,False,nan
20260803,1587,mid_cross,active,0.040543343871831894,0.00044605130096897483,0.959010660648346,False,False,nan
20260803,1588,touchdown,negative,0.09541585296392441,0.7103315591812134,0.1942526400089264,True,False,nan
20260803,1589,mid_cross,active,3.211860075680306e-06,2.054017755881432e-07,0.999996542930603,False,False,nan
20260803,1590,mid_cross,active,1.7578267943463288e-05,1.8142619637728785e-06,0.9999805688858032,False,False,nan
20260803,1591,mid_cross,active,4.831904334423598e-07,1.847268578103467e-07,0.9999992847442627,False,False,nan
20260803,1592,pre_cross,active,3.346472112752963e-07,4.4942780164092255e-08,0.9999996423721313,False,False,nan
20260803,1593,touchdown,positive,0.9402627944946289,0.04887830838561058,0.010858919471502304,True,True,0.022857582100926366
20260803,1594,touchdown,active,3.68273576896172e-05,0.0001587583974469453,0.9998044371604919,False,False,nan
20260803,1595,mid_cross,active,9.175813033834856e-07,1.5420962995449372e-07,0.999998927116394,False,False,nan
20260803,1596,touchdown,active,0.0014364253729581833,0.020255522802472115,0.9783080220222473,False,False,nan
20260803,1597,touchdown,positive,0.9682940244674683,0.031139371916651726,0.000566658447496593,True,True,0.11949843677501298
20260803,1598,touchdown,active,0.5679735541343689,0.3949774205684662,0.03704898804426193,True,False,nan
20260803,1599,touchdown,positive,0.9470847249031067,0.04155241698026657,0.011362793855369091,True,True,0.04885721138571591
20260803,1600,mid_cross,active,5.5520155001431704e-05,1.678223782164423e-08,0.9999444484710693,False,False,nan
20260803,1601,mid_cross,active,0.005648444872349501,3.749523239093833e-05,0.9943140745162964,False,False,nan
20260803,1602,touchdown,positive,0.9370251297950745,0.06257385015487671,0.0004010649863630533,True,True,0.14651351502501225
20260803,1603,touchdown,active,0.6060738563537598,0.3671566843986511,0.026769477874040604,True,True,2.434001334785313
20260803,1604,pre_cross,active,6.667000889137853e-06,6.907508804943063e-07,0.9999926090240479,False,False,nan
20260803,1605,pre_cross,active,7.059919880703092e-05,1.085410206158599e-09,0.9999294281005859,False,False,nan
20260803,1606,touchdown,active,0.0018089715158566833,0.0338178314268589,0.9643731713294983,False,False,nan
20260803,1607,mid_cross,active,2.9491164241335355e-05,5.283918085297046e-07,0.9999699592590332,False,False,nan
20260803,1608,touchdown,active,0.2780435383319855,0.20624437928199768,0.5157121419906616,True,False,nan
20260803,1609,mid_cross,active,1.6191610484384e-05,4.2808103728475544e-08,0.9999837875366211,False,False,nan
20260803,1610,mid_cross,active,5.74608975512092e-06,1.0574539146546158e-06,0.9999932050704956,False,False,nan
20260803,1611,mid_cross,active,0.0002071575727313757,2.7368005248717964e-05,0.9997654557228088,False,False,nan
20260803,1612,touchdown,active,0.769694447517395,0.12242905795574188,0.10787652432918549,True,True,0.3764676492338564
20260803,1613,mid_cross,active,7.471824119420489e-06,2.591770908111357e-06,0.9999899864196777,False,False,nan
20260803,1614,mid_cross,active,2.2347334379446693e-05,4.700620593212079e-06,0.999972939491272,False,False,nan
20260803,1615,mid_cross,active,4.015769548004755e-07,6.913715111522833e-08,0.9999995231628418,False,False,nan
20260803,1616,mid_cross,positive,0.799462080001831,7.468865806004032e-05,0.20046314597129822,False,False,nan
20260803,1617,touchdown,positive,0.8882170915603638,0.07735095918178558,0.03443200886249542,True,True,0.007413770324268412
20260803,1618,touchdown,positive,0.9258521199226379,0.07198412716388702,0.0021637550089508295,True,True,0.0070470097087394585
20260803,1619,mid_cross,active,0.0007462674402631819,0.00014644526527263224,0.999107301235199,False,False,nan
20260803,1620,touchdown,negative,0.1366046518087387,0.8039066195487976,0.059488750994205475,True,False,nan
20260803,1621,mid_cross,active,4.41348291246868e-09,2.2342139249786896e-09,1.0,False,False,nan
20260803,1622,mid_cross,active,3.2288710372085916e-06,3.319358086173452e-07,0.9999964237213135,False,False,nan
20260803,1623,mid_cross,active,7.24092251402908e-06,3.241466117742675e-07,0.9999924898147583,False,False,nan
20260803,1624,mid_cross,active,0.007812396623194218,0.00020843766105826944,0.9919791221618652,False,False,nan
20260803,1625,mid_cross,active,2.485978939148481e-06,9.20945808502438e-08,0.9999973773956299,False,False,nan
20260803,1626,touchdown,negative,0.0031639779917895794,0.994523286819458,0.002312652301043272,True,False,nan
20260803,1627,mid_cross,active,1.3407039887169958e-06,1.3242479326436296e-06,0.9999973773956299,False,False,nan
20260803,1628,touchdown,positive,0.8638349771499634,0.13515499234199524,0.0010099941864609718,True,False,nan
20260803,1629,pre_cross,active,0.0030754643958061934,2.0545389816106763e-06,0.9969224333763123,False,False,nan
20260803,1630,touchdown,positive,0.9493345618247986,0.04621985927224159,0.004445577505975962,True,True,0.0322650270054493
20260803,1631,mid_cross,active,2.1784513592137955e-05,2.801717471356824e-07,0.9999779462814331,False,False,nan
20260803,1632,mid_cross,active,1.13461231521228e-08,3.952856264533011e-09,1.0,False,False,nan
20260803,1633,pre_cross,active,5.657738597619755e-07,7.179393080036789e-09,0.9999994039535522,False,False,nan
20260803,1634,mid_cross,active,0.20042240619659424,0.0031248454470187426,0.7964527010917664,False,False,nan
20260803,1635,mid_cross,active,7.0313987521331e-08,1.1983297909523571e-08,0.9999998807907104,False,False,nan
20260803,1636,mid_cross,active,3.2928113569141715e-08,1.0431844721381367e-08,1.0,False,False,nan
20260803,1637,mid_cross,positive,0.5408440828323364,0.002522326074540615,0.4566335678100586,False,False,nan
20260803,1638,touchdown,positive,0.9868366718292236,0.011505699716508389,0.0016576835187152028,True,True,0.08515273728381081
20260803,1639,touchdown,active,0.4403994083404541,0.2644948959350586,0.2951056957244873,False,False,nan
20260803,1640,touchdown,active,0.7295663356781006,0.15876147150993347,0.11167217791080475,False,False,nan
20260803,1641,mid_cross,active,5.1253955462016165e-06,4.4202445792507206e-07,0.9999943971633911,False,False,nan
20260803,1642,touchdown,active,0.008075598627328873,0.36147230863571167,0.6304520964622498,True,False,nan
20260803,1643,mid_cross,active,0.14353667199611664,0.001754216616973281,0.8547091484069824,False,False,nan
20260803,1644,touchdown,active,0.5770504474639893,0.16981491446495056,0.2531346082687378,True,True,0.8419645682105071
20260803,1645,touchdown,positive,0.9356737732887268,0.06327487528324127,0.0010513522429391742,True,True,0.1278088062749386
20260803,1646,touchdown,active,0.03812054917216301,0.14349883794784546,0.8183806538581848,False,False,nan
20260803,1647,pre_cross,active,0.005873496178537607,1.0883225513680372e-05,0.9941155910491943,False,False,nan
20260803,1648,mid_cross,active,0.33525350689888,3.593067231122404e-05,0.6647105813026428,False,False,nan
20260803,1649,pre_cross,active,4.0083205021801405e-07,2.662367826200551e-10,0.9999996423721313,False,False,nan
20260803,1650,touchdown,negative,0.04148818552494049,0.781954288482666,0.1765574961900711,True,False,nan
20260803,1651,mid_cross,active,3.3472901122877374e-05,3.836180894722929e-06,0.9999626874923706,False,False,nan
20260803,1652,touchdown,active,0.09992624819278717,0.3984522223472595,0.5016214847564697,False,False,nan
20260803,1653,mid_cross,positive,0.8582104444503784,0.0464334562420845,0.09535616636276245,False,False,nan
20260803,1654,pre_cross,active,2.6991526738129323e-06,6.842944433316234e-09,0.9999972581863403,False,False,nan
20260803,1655,mid_cross,active,1.4899421330483165e-05,3.8595953810727224e-07,0.9999847412109375,False,False,nan
20260803,1656,touchdown,active,0.5072841644287109,0.4452463686466217,0.04746939614415169,True,False,nan
20260803,1657,mid_cross,active,9.361990123579744e-06,1.8118893763130473e-07,0.9999904632568359,False,False,nan
20260803,1658,mid_cross,active,0.03081257827579975,0.0005066745798103511,0.9686807990074158,False,False,nan
20260803,1659,mid_cross,active,5.087251793156611e-06,2.8073887392565666e-07,0.9999946355819702,False,False,nan
20260803,1660,mid_cross,active,4.97012042615097e-05,2.934964413725538e-07,0.9999500513076782,False,False,nan
20260803,1661,pre_cross,active,8.167663736458053e-07,8.951357877151622e-09,0.9999991655349731,False,False,nan
20260803,1662,pre_cross,active,1.6256590242846869e-06,6.622912707143769e-08,0.9999983310699463,False,False,nan
20260803,1663,touchdown,active,0.7276478409767151,0.1785670816898346,0.09378508478403091,False,False,nan
20260803,1664,mid_cross,active,0.00010587462020339444,1.1897668628080282e-05,0.9998822212219238,False,False,nan
20260803,1665,pre_cross,active,9.942162932929932e-07,4.6055685487544906e-08,0.999998927116394,False,False,nan
20260803,1666,touchdown,positive,0.9403438568115234,0.05536859855055809,0.004287519492208958,True,True,0.060194992506744496
20260803,1667,mid_cross,active,0.0006293451879173517,3.181534702889621e-05,0.9993388056755066,False,False,nan
20260803,1668,mid_cross,active,6.752245429453296e-09,1.9572985454630043e-09,1.0,False,False,nan
20260803,1669,touchdown,active,0.08603481948375702,0.27904650568962097,0.6349186897277832,False,False,nan
20260803,1670,pre_cross,active,3.6455996905715438e-06,2.6557481547229145e-08,0.9999963045120239,False,False,nan
20260803,1671,touchdown,positive,0.8911234736442566,0.10766606032848358,0.001210495363920927,True,False,nan
20260803,1672,touchdown,active,0.7293503284454346,0.2633253037929535,0.007324447389692068,True,False,nan
20260803,1673,touchdown,positive,0.8637284636497498,0.11479362845420837,0.021477870643138885,True,True,0.00943569196516908
20260803,1674,touchdown,positive,0.9673521518707275,0.02597319893538952,0.006674646399915218,True,True,0.0580373037703805
20260803,1675,mid_cross,active,4.494394943321822e-06,5.468812105391407e-07,0.9999949932098389,False,False,nan
20260803,1676,touchdown,active,0.6482368111610413,0.28580236434936523,0.06596079468727112,True,False,nan
20260803,1677,touchdown,active,0.8437498211860657,0.15321776270866394,0.003032338572666049,True,True,0.1221955867012602
20260803,1678,mid_cross,active,3.0565888664568774e-06,1.9869942136097052e-08,0.9999969005584717,False,False,nan
20260803,1679,mid_cross,active,0.05206941068172455,0.0009552970877848566,0.9469752907752991,False,False,nan
20260803,1680,touchdown,negative,0.0767923891544342,0.9231799840927124,2.759370909188874e-05,True,False,nan
20260803,1681,touchdown,active,0.6509760022163391,0.23849579691886902,0.11052826792001724,False,False,nan
20260803,1682,touchdown,positive,0.9902628660202026,0.006817123852670193,0.00292001198977232,True,True,0.06331882325359721
20260803,1683,touchdown,active,8.501127013005316e-06,0.0037673874758183956,0.9962241649627686,False,False,nan
20260803,1684,touchdown,positive,0.9130722880363464,0.04742543026804924,0.0395023375749588,True,True,0.030840214203866796
20260803,1685,touchdown,positive,0.9701747298240662,0.029720501974225044,0.00010483278310857713,True,True,0.07896628022557653
20260803,1686,touchdown,active,0.7626104354858398,0.23006020486354828,0.007329375948756933,True,False,nan
20260803,1687,mid_cross,active,1.5121981050469913e-05,1.7470607645009295e-06,0.9999830722808838,False,False,nan
20260803,1688,touchdown,negative,0.022166861221194267,0.8753867745399475,0.10244644433259964,True,True,13.43329386776213
20260803,1689,pre_cross,active,3.0001168852322735e-05,4.834894298255676e-07,0.999969482421875,False,False,nan
20260803,1690,pre_cross,active,7.155298362704343e-07,4.3633988089375464e-10,0.9999992847442627,False,False,nan
20260803,1691,mid_cross,active,1.529274450129403e-11,2.5520696667058473e-08,1.0,False,False,nan
20260803,1692,mid_cross,active,2.318850420124363e-06,8.966082987171831e-07,0.9999967813491821,False,False,nan
20260803,1693,touchdown,negative,0.06744334101676941,0.8613489866256714,0.07120772451162338,True,False,nan
20260803,1694,touchdown,active,8.00505574716226e-07,0.00012818214599974453,0.999871015548706,False,False,nan
20260803,1695,touchdown,negative,0.004373929928988218,0.9294025301933289,0.06622350960969925,False,False,nan
20260803,1696,mid_cross,active,8.1010509411783e-10,1.0119402560349045e-07,0.9999998807907104,False,False,nan
20260803,1697,touchdown,positive,0.8868867754936218,0.08373700082302094,0.029376210644841194,True,True,0.0057059581535417285
20260803,1698,pre_cross,active,0.003077180590480566,5.561687885347055e-06,0.9969172477722168,False,False,nan
20260803,1699,touchdown,active,0.6164649724960327,0.37250131368637085,0.011033755727112293,True,False,nan
20260803,1700,touchdown,negative,0.002537603722885251,0.9455320239067078,0.05193035304546356,False,False,nan
20260803,1701,touchdown,negative,0.006958657409995794,0.9611440896987915,0.03189733996987343,True,False,nan
20260803,1702,touchdown,active,0.6379354596138,0.3470304310321808,0.01503411028534174,True,True,0.4708319923534496
20260803,1703,mid_cross,active,2.7027763138676164e-08,1.1331366778222218e-07,0.9999998807907104,False,False,nan
20260803,1704,touchdown,positive,0.9827704429626465,0.01637212000787258,0.0008574471576139331,True,True,0.051057908604880964
20260803,1705,touchdown,positive,0.907538890838623,0.08349377661943436,0.008967321366071701,True,True,0.012251989950038364
20260803,1706,pre_cross,active,0.000422200741013512,1.7968934116652235e-05,0.9995598196983337,False,False,nan
20260803,1707,mid_cross,active,0.4089008867740631,0.017475342378020287,0.5736237168312073,False,False,nan
20260803,1708,mid_cross,active,2.9164625630073715e-06,3.361358968945183e-09,0.9999971389770508,False,False,nan
20260803,1709,pre_cross,active,3.279075099271722e-05,1.4846239082544344e-06,0.9999656677246094,False,False,nan
20260803,1710,mid_cross,active,9.413393127033487e-05,2.129035237885546e-05,0.9998846054077148,False,False,nan
20260803,1711,mid_cross,active,1.2178956012576236e-06,1.6721722204238176e-05,0.9999821186065674,False,False,nan
20260803,1712,mid_cross,active,0.26497882604599,0.017608586698770523,0.7174125909805298,False,False,nan
20260803,1713,touchdown,active,0.7342913150787354,0.26410555839538574,0.0016031108098104596,True,False,nan
20260803,1714,touchdown,positive,0.9410126209259033,0.052883218973875046,0.006104155909270048,True,True,0.06424338252282423
20260803,1715,pre_cross,active,3.958055913244607e-06,7.291275494480942e-08,0.9999959468841553,False,False,nan
20260803,1716,mid_cross,active,0.00011598823766689748,1.0374549674452282e-05,0.9998736381530762,False,False,nan
20260803,1717,mid_cross,active,0.12233970314264297,0.003564579179510474,0.8740956783294678,True,True,1.3394146340059088
20260803,1718,touchdown,negative,0.0038873336743563414,0.9883599281311035,0.0077528031542897224,True,False,nan
20260803,1719,touchdown,active,0.6435086131095886,0.3262697756290436,0.03022165223956108,True,False,nan
20260803,1720,touchdown,negative,0.15467311441898346,0.8271982073783875,0.018128708004951477,True,False,nan
20260803,1721,pre_cross,active,0.01663307286798954,9.277545177610591e-05,0.9832741618156433,False,False,nan
20260803,1722,mid_cross,positive,0.8263399600982666,0.004191598389297724,0.16946850717067719,False,False,nan
20260803,1723,touchdown,negative,0.1216367781162262,0.8524411916732788,0.025922005996108055,True,False,nan
20260803,1724,mid_cross,active,4.577231605892851e-13,4.4491882400521376e-11,1.0,False,False,nan
20260803,1725,mid_cross,active,0.026304250583052635,0.0007580531528219581,0.9729377627372742,False,False,nan
20260803,1726,mid_cross,active,6.994222076173173e-06,5.955342317065515e-07,0.9999923706054688,False,False,nan
20260803,1727,mid_cross,active,7.586059496134112e-07,4.255509011841241e-08,0.9999991655349731,False,False,nan
20260803,1728,touchdown,positive,0.990125298500061,0.009520528838038445,0.00035423453664407134,True,True,0.07484003499842931
20260803,1729,touchdown,negative,0.013907643966376781,0.9288259744644165,0.057266365736722946,False,False,nan
20260803,1730,mid_cross,active,6.615723123104544e-06,8.67871733589709e-07,0.9999924898147583,False,False,nan
20260803,1731,touchdown,negative,0.37969282269477844,0.6183942556381226,0.0019129920983687043,True,False,nan
20260803,1732,touchdown,active,0.45232346653938293,0.48660409450531006,0.06107240170240402,True,False,nan
20260803,1733,touchdown,positive,0.9415215849876404,0.048293337225914,0.01018509641289711,True,True,0.030623565105881188
20260803,1734,mid_cross,active,2.732164538013504e-12,5.313387507754896e-10,1.0,False,False,nan
20260803,1735,touchdown,positive,0.9866791367530823,0.01201710570603609,0.0013036695308983326,False,False,nan
20260803,1736,mid_cross,active,0.22909489274024963,0.004997598007321358,0.7659075260162354,False,False,nan
20260803,1737,mid_cross,active,1.261271902891492e-11,7.103347909875879e-10,1.0,False,False,nan
20260803,1738,touchdown,positive,0.9629495739936829,0.03697586804628372,7.461775385309011e-05,True,False,nan
20260803,1739,touchdown,positive,0.9872971773147583,0.012292959727346897,0.00040976278251037,True,False,nan
20260803,1740,touchdown,active,0.7481290102005005,0.2295534759759903,0.022317545488476753,True,True,1.584033325512669
20260803,1741,touchdown,active,0.00020852673333138227,0.013316177763044834,0.9864752888679504,False,False,nan
20260803,1742,touchdown,active,0.11008718609809875,0.11439061164855957,0.7755221724510193,False,False,nan
20260803,1743,pre_cross,active,1.6915184460231103e-05,8.192333922352191e-08,0.9999829530715942,False,False,nan
20260803,1744,touchdown,negative,0.0026373332366347313,0.9645625948905945,0.032800134271383286,True,False,nan
20260803,1745,touchdown,active,2.330045845155837e-07,0.0036765565164387226,0.9963232278823853,False,False,nan
20260803,1746,pre_cross,active,0.04451971873641014,5.606501508736983e-05,0.9554241895675659,False,False,nan
20260803,1747,mid_cross,active,1.0375904366810573e-06,5.099971289723726e-08,0.999998927116394,False,False,nan
20260803,1748,mid_cross,active,2.313036651102607e-09,1.2243019931190702e-09,1.0,False,False,nan
20260803,1749,touchdown,positive,0.9179644584655762,0.08012501895427704,0.0019104982493445277,True,True,0.03214584125073138
20260803,1750,pre_cross,active,7.974553227541037e-06,5.762473733739171e-07,0.9999914169311523,False,False,nan
20260803,1751,touchdown,positive,0.8844103217124939,0.1098083034157753,0.005781344138085842,True,True,0.018841897479481638
20260803,1752,mid_cross,active,2.1808830297231907e-07,2.8440426902420768e-08,0.9999997615814209,False,False,nan
20260803,1753,touchdown,active,0.0001764059270499274,0.0006870335200801492,0.9991366267204285,False,False,nan
20260803,1754,touchdown,negative,0.23547989130020142,0.5782811045646667,0.18623892962932587,True,True,0.2998272041615625
20260803,1755,mid_cross,active,3.805985761573538e-05,2.692594534892123e-06,0.9999592304229736,False,False,nan
20260803,1756,touchdown,negative,0.23909026384353638,0.7426558136940002,0.018253913149237633,True,False,nan
20260803,1757,mid_cross,active,6.158258791799653e-09,2.882125649250611e-09,1.0,False,False,nan
20260803,1758,mid_cross,active,4.619581886800006e-06,7.070615311022266e-07,0.9999946355819702,False,False,nan
20260803,1759,mid_cross,active,0.0001468480913899839,3.0573348340112716e-05,0.9998225569725037,False,False,nan
20260803,1760,pre_cross,active,9.696324241303955e-07,4.751923854406925e-10,0.9999990463256836,False,False,nan
20260803,1761,mid_cross,active,3.002446291588967e-09,1.726252696343522e-09,1.0,False,False,nan
20260803,1762,mid_cross,active,2.9081054435664555e-06,9.296193184127333e-07,0.9999961853027344,False,False,nan
20260803,1763,mid_cross,active,0.00012636565952561796,7.0766946009825915e-06,0.9998664855957031,False,False,nan
20260803,1764,mid_cross,active,2.457694492363771e-08,1.3174300192986266e-06,0.9999986886978149,False,False,nan
20260803,1765,pre_cross,active,9.877577440420282e-07,3.9475764324059526e-10,0.9999990463256836,False,False,nan
20260803,1766,mid_cross,active,8.199996955227107e-05,1.0750168399908944e-07,0.9999178647994995,False,False,nan
20260803,1767,touchdown,positive,0.9776613116264343,0.01717858761548996,0.005160094704478979,False,False,nan
20260803,1768,touchdown,active,0.000475810666102916,0.011064454913139343,0.9884597063064575,False,False,nan
20260803,1769,touchdown,positive,0.9386059045791626,0.05215514078736305,0.00923901703208685,True,True,0.02088218531001441
20260803,1770,touchdown,active,0.7436516284942627,0.22584323585033417,0.030505133792757988,True,False,nan
20260803,1771,touchdown,active,5.3250554628903046e-05,0.007750160526484251,0.9921965599060059,False,False,nan
20260803,1772,touchdown,active,1.173862528958125e-05,0.0005592483794316649,0.999428927898407,False,False,nan
20260803,1773,mid_cross,active,1.0310208153896383e-06,2.2133241373012424e-07,0.9999986886978149,False,False,nan
20260803,1774,touchdown,positive,0.9929428100585938,0.005756326951086521,0.0013008120004087687,True,True,0.019651486743884554
20260803,1775,touchdown,positive,0.9784250259399414,0.016981329768896103,0.004593611694872379,True,True,0.06315728540635332
20260803,1776,touchdown,active,0.017174432054162025,0.2405795156955719,0.7422460317611694,False,False,nan
20260803,1777,mid_cross,active,6.554183755724807e-07,7.862717588125179e-09,0.9999992847442627,False,False,nan
20260803,1778,touchdown,positive,0.9364962577819824,0.06339038163423538,0.00011343421647325158,True,False,nan
20260803,1779,mid_cross,active,1.7370171008224133e-06,3.561020491815725e-07,0.9999978542327881,False,False,nan
20260803,1780,mid_cross,active,0.4333222508430481,0.010184036567807198,0.5564936995506287,False,False,nan
20260803,1781,touchdown,active,0.16621358692646027,0.5383952856063843,0.29539114236831665,True,False,nan
20260803,1782,touchdown,active,0.09466132521629333,0.5001373291015625,0.40520134568214417,True,False,nan
20260803,1783,mid_cross,active,3.1696981750428677e-06,1.8768183451811637e-08,0.9999967813491821,False,False,nan
20260803,1784,touchdown,active,0.004102391190826893,0.01657724566757679,0.9793204069137573,False,False,nan
20260803,1785,mid_cross,active,0.002384728053584695,0.00013044376100879163,0.9974848031997681,False,False,nan
20260803,1786,touchdown,positive,0.9725468754768372,0.024843083694577217,0.0026099553797394037,True,True,0.045417944487819856
20260803,1787,mid_cross,active,4.227964893743774e-07,1.1348612360961852e-07,0.9999995231628418,False,False,nan
20260803,1788,touchdown,negative,0.02764720842242241,0.9720645546913147,0.00028820164152421057,True,False,nan
20260803,1789,mid_cross,active,2.8539773211377906e-07,5.0102023863018985e-08,0.9999996423721313,False,False,nan
20260803,1790,pre_cross,active,0.006153130903840065,1.0327285053790547e-06,0.9938457608222961,False,False,nan
20260803,1791,mid_cross,active,4.0124095903593116e-06,3.357484956723056e-06,0.9999926090240479,False,False,nan
20260803,1792,touchdown,negative,0.16842061281204224,0.6105785369873047,0.2210008054971695,True,False,nan
20260803,1793,touchdown,positive,0.9731121063232422,0.02300156280398369,0.003886326216161251,True,True,0.02454580142805133
20260803,1794,mid_cross,active,6.252611910895212e-06,2.2473183491911186e-07,0.9999935626983643,False,False,nan
20260803,1795,touchdown,negative,0.33606237173080444,0.6631099581718445,0.0008276851731352508,True,False,nan
20260803,1796,touchdown,active,2.428555944788968e-06,0.00046634458703920245,0.9995312690734863,False,False,nan
20260803,1797,touchdown,active,0.006883940659463406,0.5178266763687134,0.4752894341945648,False,False,nan
20260803,1798,touchdown,active,0.7554742693901062,0.15905629098415375,0.08546936511993408,True,False,nan
20260803,1799,touchdown,active,0.00012987318041268736,0.00511531624943018,0.9947547912597656,False,False,nan
20260803,1800,touchdown,positive,0.9375578761100769,0.05744503065943718,0.004997001960873604,True,False,nan
20260803,1801,mid_cross,negative,0.01567518152296543,0.9831455945968628,0.001179225160740316,True,False,nan
20260803,1802,touchdown,negative,0.10431588441133499,0.8942659497261047,0.001418123603798449,True,False,nan
20260803,1803,touchdown,positive,0.9307314157485962,0.03532399982213974,0.03394457697868347,False,False,nan
20260803,1804,mid_cross,active,1.8224938003186253e-07,2.1592286429950036e-05,0.9999781847000122,False,False,nan
20260803,1805,touchdown,active,0.6322195529937744,0.3524952232837677,0.015285246074199677,True,True,0.49889377428551096
20260803,1806,touchdown,negative,0.31802940368652344,0.6812605857849121,0.0007100687944330275,True,False,nan
20260803,1807,mid_cross,active,5.964958527115982e-10,0.0009004579042084515,0.999099612236023,False,False,nan
20260803,1808,touchdown,negative,0.25870445370674133,0.7362245917320251,0.005070907529443502,True,True,0.30443742383355
20260803,1809,touchdown,negative,0.19675478339195251,0.7996091246604919,0.0036361555103212595,True,False,nan
20260803,1810,touchdown,active,0.47854408621788025,0.37244153022766113,0.14901435375213623,False,False,nan
20260803,1811,touchdown,active,0.3605388104915619,0.20833615958690643,0.43112510442733765,False,False,nan
20260803,1812,mid_cross,active,1.1366312405169943e-11,2.6968633392243646e-05,0.9999730587005615,False,False,nan
20260803,1813,mid_cross,active,0.00015856901882216334,0.46540260314941406,0.5344388484954834,False,False,nan
20260803,1814,mid_cross,active,8.897767997950723e-07,1.7529686374473386e-05,0.9999815225601196,False,False,nan
20260803,1815,touchdown,negative,0.3220438063144684,0.6765559315681458,0.0014003077521920204,True,False,nan
20260803,1816,touchdown,negative,0.11720508337020874,0.8820459246635437,0.0007489189156331122,True,False,nan
20260803,1817,mid_cross,active,5.299910753819859e-06,0.11374221742153168,0.8862524628639221,False,False,nan
20260803,1818,touchdown,negative,0.3371964693069458,0.6161998510360718,0.046603649854660034,True,False,nan
20260803,1819,touchdown,negative,0.2862991690635681,0.6981725096702576,0.015528353862464428,True,True,0.3297385772013593
20260803,1820,touchdown,negative,0.047595422714948654,0.7260709404945374,0.22633367776870728,True,False,nan
20260803,1821,touchdown,negative,0.20160245895385742,0.7964196801185608,0.001977933570742607,True,False,nan
20260803,1822,mid_cross,active,2.4329935968125938e-06,0.009916187264025211,0.9900813698768616,False,False,nan
20260803,1823,touchdown,negative,0.09331405907869339,0.8964892029762268,0.010196741670370102,True,False,nan
20260803,1824,pre_cross,active,3.059814446260134e-08,0.00029198770062066615,0.9997079968452454,False,False,nan
20260803,1825,touchdown,negative,0.37061598896980286,0.6275932192802429,0.0017907440196722746,True,True,0.024743194304200734
20260803,1826,touchdown,positive,0.9670146107673645,0.03095932863652706,0.002026071073487401,True,True,0.026662140124297715
20260803,1827,mid_cross,active,2.332262965865084e-06,3.1892363949737046e-06,0.9999945163726807,False,False,nan
20260803,1828,mid_cross,negative,3.759655697876951e-08,0.9452384114265442,0.0547616071999073,True,True,2.90197246179297
20260803,1829,touchdown,negative,0.11977022886276245,0.8771055936813354,0.003124275477603078,True,False,nan
20260803,1830,touchdown,active,0.06657981872558594,0.0062051499262452126,0.927215039730072,False,False,nan
20260803,1831,touchdown,negative,0.10071808099746704,0.8947198390960693,0.004561982583254576,True,False,nan
20260803,1832,touchdown,positive,0.9735860228538513,0.02583993412554264,0.0005740693304687738,True,True,0.01007499084062558
20260803,1833,mid_cross,active,2.3216905828404855e-12,2.9171495043556206e-05,0.9999707937240601,False,False,nan
20260803,1834,touchdown,positive,0.9593758583068848,0.04013342037796974,0.0004908009432256222,True,True,0.009955364862504605
20260803,1835,touchdown,negative,0.29092347621917725,0.7050930261611938,0.003983579576015472,True,False,nan
20260803,1836,touchdown,active,0.6462329626083374,0.29753074049949646,0.05623626708984375,True,True,0.012638293060474865
20260803,1837,mid_cross,active,1.3514925940524836e-12,1.562105171615258e-05,0.9999843835830688,False,False,nan
20260803,1838,touchdown,active,0.7671790719032288,0.2280508428812027,0.0047700852155685425,True,True,1.7751667109923002
20260803,1839,touchdown,negative,0.4212053418159485,0.5753151178359985,0.0034795564133673906,True,True,0.10176521629984925
20260803,1840,mid_cross,active,7.344581887114288e-11,3.486027708277106e-05,0.9999651908874512,False,False,nan
20260803,1841,touchdown,active,0.8041565418243408,0.19230489432811737,0.0035386276431381702,True,True,0.3945624374458651
20260803,1842,touchdown,active,0.6885502934455872,0.30562424659729004,0.005825454834848642,True,True,0.04367486983912949
20260803,1843,touchdown,negative,0.2879505753517151,0.7114887237548828,0.0005607609637081623,True,False,nan
20260803,1844,touchdown,active,0.7743242979049683,0.22016793489456177,0.005507710389792919,True,True,0.03918623145410623
20260803,1845,mid_cross,active,2.8325837231335527e-09,1.0643048881320283e-05,0.99998939037323,False,False,nan
20260803,1846,touchdown,active,0.5483157634735107,0.43914684653282166,0.012537335976958275,True,True,1.084023871275162
20260803,1847,touchdown,negative,0.28389352560043335,0.6606800556182861,0.05542639270424843,True,False,nan
20260803,1848,touchdown,active,0.5374119877815247,0.46036726236343384,0.0022207326255738735,True,True,0.18899295626101584
20260803,1849,touchdown,negative,0.14103356003761292,0.855132520198822,0.0038339965976774693,True,False,nan
20260803,1850,touchdown,active,0.8325576186180115,0.16587351262569427,0.0015688987914472818,True,True,0.45184172516094356
20260803,1851,mid_cross,negative,5.345041699911235e-06,0.9877430200576782,0.012251644395291805,True,True,1.600898082253256
20260803,1852,touchdown,negative,0.40177327394485474,0.5893319249153137,0.008894776925444603,True,False,nan
20260803,1853,touchdown,negative,0.2593131363391876,0.7401077747344971,0.0005791587173007429,True,False,nan
20260803,1854,touchdown,negative,0.13685405254364014,0.8625262975692749,0.0006197326583787799,True,True,0.020362108381201675
20260803,1855,mid_cross,active,7.013961180746264e-07,0.43455323576927185,0.565446138381958,True,False,nan
20260803,1856,mid_cross,active,6.005946602272161e-07,0.005740752909332514,0.9942586421966553,False,False,nan
20260803,1857,mid_cross,active,1.9741572820919373e-09,2.004360794671811e-05,0.9999799728393555,False,False,nan
20260803,1858,mid_cross,active,6.092222247389145e-05,0.32382771372795105,0.6761114001274109,False,False,nan
20260803,1859,mid_cross,active,1.430410179636965e-06,0.2458995282649994,0.7540990114212036,False,False,nan
20260803,1860,touchdown,negative,0.28422918915748596,0.7146776914596558,0.0010931871365755796,True,True,0.09401962096433715
20260803,1861,touchdown,negative,0.2576097548007965,0.7417351603507996,0.0006550413090735674,True,False,nan
20260803,1862,touchdown,negative,0.12754438817501068,0.8636431097984314,0.008812523446977139,True,False,nan
20260803,1863,touchdown,active,0.8482602834701538,0.15113796293735504,0.0006017974810674787,True,True,1.3501696705307171
20260803,1864,touchdown,negative,0.2117139846086502,0.7832003831863403,0.005085663869976997,True,False,nan
20260803,1865,touchdown,active,0.7239518761634827,0.27295321226119995,0.0030949085485190153,True,True,0.16474499683105195
20260803,1866,mid_cross,active,3.534405186655931e-05,0.220238596200943,0.7797260880470276,False,False,nan
20260803,1867,touchdown,active,0.8451458811759949,0.14657747745513916,0.008276681415736675,False,False,nan
20260803,1868,touchdown,negative,0.33287468552589417,0.6663719415664673,0.0007533198804594576,True,False,nan
20260803,1869,pre_cross,active,1.7786366285777854e-15,4.614810791281343e-07,0.9999995231628418,False,False,nan
20260803,1870,touchdown,negative,0.393474280834198,0.5426158308982849,0.06390984356403351,True,True,0.4048235446785814
20260803,1871,pre_cross,active,3.739519978396277e-12,0.0001359976886305958,0.9998639822006226,False,False,nan
20260803,1872,pre_cross,active,2.3188047038047443e-08,0.0007768049836158752,0.9992231130599976,False,False,nan
20260803,1873,touchdown,negative,0.13682056963443756,0.8616127967834473,0.0015667052939534187,True,False,nan
20260803,1874,touchdown,negative,0.1585594117641449,0.8405247926712036,0.0009158575558103621,True,False,nan
20260803,1875,mid_cross,active,5.1003727463694304e-08,0.23034195601940155,0.7696580290794373,False,False,nan
20260803,1876,pre_cross,active,4.8303957947241905e-14,3.587419996620156e-07,0.9999996423721313,False,False,nan
20260803,1877,touchdown,negative,0.4425734281539917,0.5412057042121887,0.01622086763381958,True,True,0.33605760300096815
20260803,1878,touchdown,positive,0.9188252687454224,0.08073847740888596,0.00043626653496176004,True,True,0.028724397201799683
20260803,1879,touchdown,negative,0.0684807077050209,0.9288002252578735,0.00271913455799222,True,False,nan
20260803,1880,touchdown,negative,0.19917865097522736,0.7998954057693481,0.0009258886566385627,True,False,nan
20260803,1881,touchdown,negative,0.2953806221485138,0.7025602459907532,0.0020591251086443663,True,True,0.012828617643409675
20260803,1882,mid_cross,active,7.283686154213598e-11,1.9747943952097557e-05,0.9999802112579346,False,False,nan
20260803,1883,touchdown,active,0.8482162952423096,0.15109878778457642,0.0006849351339042187,True,True,0.8190342260562209
20260803,1884,pre_cross,active,8.230283723422924e-14,5.648465730700991e-07,0.9999994039535522,False,False,nan
20260803,1885,mid_cross,active,2.140109867099227e-09,0.0007403002236969769,0.9992596507072449,False,False,nan
20260803,1886,touchdown,negative,0.24157169461250305,0.6316385269165039,0.12678973376750946,True,True,0.7757250908826319
20260803,1887,mid_cross,negative,0.000491226848680526,0.9826987981796265,0.016809972003102303,True,True,0.3322900611907375
20260803,1888,touchdown,negative,0.25044500827789307,0.7401360273361206,0.009418935514986515,True,False,nan
20260803,1889,touchdown,active,0.794059693813324,0.2038564831018448,0.0020837830379605293,True,True,3.659495535750753
20260803,1890,touchdown,negative,0.06517063826322556,0.8150433301925659,0.11978597193956375,False,False,nan
20260803,1891,pre_cross,active,2.679698910684758e-12,1.87670266313944e-05,0.9999812841415405,False,False,nan
20260803,1892,touchdown,negative,0.07718661427497864,0.7314993739128113,0.1913139820098877,True,True,3.4495655211214302
20260803,1893,touchdown,negative,0.18380095064640045,0.8119702935218811,0.004228792153298855,True,False,nan
20260803,1894,pre_cross,active,5.134594082851769e-16,3.6725353425026697e-07,0.9999996423721313,False,False,nan
20260803,1895,pre_cross,active,1.6905449262694106e-11,1.7434291294193827e-05,0.9999825954437256,False,False,nan
20260803,1896,touchdown,negative,0.07292972505092621,0.9234976768493652,0.0035725838970392942,True,False,nan
20260803,1897,pre_cross,active,1.7005564708141852e-13,5.576652711170027e-06,0.9999943971633911,False,False,nan
20260803,1898,touchdown,active,0.02943066507577896,0.00818893127143383,0.9623804092407227,False,False,nan
20260803,1899,mid_cross,active,4.360163984529208e-06,0.0012046747142449021,0.9987910389900208,False,False,nan
20260803,1900,touchdown,active,0.6683500409126282,0.2503843307495117,0.08126558363437653,True,False,nan
20260803,1901,touchdown,active,0.4868389368057251,0.5037809014320374,0.009380149655044079,True,True,0.03521909077321691
20260803,1902,touchdown,active,0.7313627004623413,0.26777374744415283,0.0008635986596345901,True,True,0.5773991297049986
20260803,1903,touchdown,active,0.6106390953063965,0.31495675444602966,0.07440422475337982,True,True,0.009964664480356265
20260803,1904,pre_cross,active,1.187384422691529e-14,4.399025783641264e-07,0.9999995231628418,False,False,nan
20260803,1905,touchdown,active,0.056719809770584106,0.032605890184640884,0.9106742739677429,False,False,nan
20260803,1906,pre_cross,active,4.363312283098969e-13,2.08337096410105e-05,0.9999791383743286,False,False,nan
20260803,1907,mid_cross,active,2.7101834803033853e-06,0.0001044844975695014,0.9998928308486938,False,False,nan
20260803,1908,mid_cross,active,1.1049626491566045e-11,4.0152121073333547e-05,0.9999598264694214,False,False,nan
20260803,1909,mid_cross,active,5.191923264646903e-07,0.23380522429943085,0.766194224357605,False,False,nan
20260803,1910,mid_cross,active,5.328733365672633e-08,0.06419838964939117,0.9358015060424805,False,False,nan
20260803,1911,touchdown,negative,0.22282849252223969,0.7752976417541504,0.001873903558589518,True,False,nan
20260803,1912,touchdown,negative,0.06636422127485275,0.7995977401733398,0.134038046002388,True,True,0.14037079019166804
20260803,1913,touchdown,negative,0.44302690029144287,0.5553277730941772,0.0016453306889161468,True,False,nan
20260803,1914,touchdown,negative,0.4010780453681946,0.589206874370575,0.009715128690004349,True,True,0.04062625950869708
20260803,1915,touchdown,negative,0.11261117458343506,0.8873189687728882,6.978421879466623e-05,True,False,nan
20260803,1916,touchdown,active,0.6316226124763489,0.35857725143432617,0.0098002003505826,True,True,1.9583017252049357
20260803,1917,touchdown,active,0.5890793204307556,0.40836480259895325,0.002555869286879897,True,True,0.05086372536424545
20260803,1918,pre_cross,active,4.235757578019417e-12,8.495801012031734e-06,0.9999915361404419,False,False,nan
20260803,1919,touchdown,negative,0.14840222895145416,0.8432139158248901,0.008383923210203648,True,False,nan
20260803,1920,touchdown,active,0.192347452044487,0.35287752747535706,0.45477500557899475,True,False,nan
20260803,1921,touchdown,negative,0.19729210436344147,0.7415903806686401,0.061117541044950485,True,False,nan
20260803,1922,mid_cross,active,4.799495436497159e-12,2.1852894860785455e-05,0.9999781847000122,False,False,nan
20260803,1923,pre_cross,active,1.9380016688663737e-11,0.0001983891415875405,0.9998015761375427,False,False,nan
20260803,1924,mid_cross,active,3.0214569051167928e-06,7.440571062033996e-05,0.999922513961792,False,False,nan
20260803,1925,mid_cross,active,4.759174316859571e-06,0.024903006851673126,0.9750921726226807,False,False,nan
20260803,1926,pre_cross,active,1.0344508452955758e-14,4.923739425066742e-07,0.9999995231628418,False,False,nan
20260803,1927,touchdown,active,0.08051269501447678,0.4744069576263428,0.44508039951324463,True,False,nan
20260803,1928,touchdown,active,0.009676291607320309,0.46284982562065125,0.5274739265441895,False,False,nan
20260803,1929,touchdown,negative,0.2175058126449585,0.7814347147941589,0.0010594389168545604,True,False,nan
20260803,1930,mid_cross,active,3.225452543942353e-11,0.0001590457686688751,0.9998409748077393,False,False,nan
20260803,1931,touchdown,negative,0.33037811517715454,0.6669490337371826,0.002672866452485323,True,False,nan
20260803,1932,mid_cross,active,9.385945354267733e-09,0.12533366680145264,0.8746663331985474,False,False,nan
20260803,1933,touchdown,negative,0.2929680049419403,0.6918924450874329,0.015139510855078697,True,True,0.025573520859089077
20260803,1934,pre_cross,active,1.326215102686023e-16,1.652914960459384e-08,1.0,False,False,nan
20260803,1935,touchdown,active,0.036762479692697525,0.046827878803014755,0.9164096713066101,False,False,nan
20260803,1936,mid_cross,active,2.1707801352022216e-06,1.9447903468972072e-05,0.9999784231185913,False,False,nan
20260803,1937,touchdown,negative,0.09688321501016617,0.9006298780441284,0.0024869071785360575,True,False,nan
20260803,1938,mid_cross,active,4.267484428055468e-07,1.8364080460742116e-05,0.999981164932251,False,False,nan
20260803,1939,touchdown,active,0.5924481749534607,0.4063718616962433,0.001179892453365028,True,False,nan
20260803,1940,mid_cross,active,9.785166810161172e-08,3.870075670420192e-05,0.999961256980896,False,False,nan
20260803,1941,touchdown,negative,0.12083679437637329,0.8752351403236389,0.0039280173368752,True,False,nan
20260803,1942,touchdown,active,0.6131321787834167,0.350395530462265,0.03647227585315704,True,True,0.6830602666785777
20260803,1943,mid_cross,negative,9.39498386287596e-06,0.9961792230606079,0.0038114627823233604,True,True,3.1346833697205687
20260803,1944,mid_cross,negative,0.002013319870457053,0.971959114074707,0.026027599349617958,True,True,0.472235980409536
20260803,1945,mid_cross,negative,6.8019940044905525e-06,0.8779033422470093,0.12208981066942215,True,False,nan
20260803,1946,mid_cross,negative,3.9354512409772724e-05,0.984811544418335,0.015149159356951714,True,True,0.6841746924140623
20260803,1947,touchdown,negative,0.1997305303812027,0.7998847961425781,0.0003846097970381379,True,False,nan
20260803,1948,pre_cross,active,1.5285683621093192e-14,1.5905190593912266e-05,0.9999841451644897,False,False,nan
20260803,1949,touchdown,negative,0.19778674840927124,0.7893183827400208,0.012894936837255955,True,False,nan
20260803,1950,touchdown,active,0.5199733376502991,0.45097944140434265,0.02904719114303589,True,False,nan
20260803,1951,pre_cross,active,5.1656512400910515e-11,1.6835347196320072e-05,0.9999831914901733,False,False,nan
20260803,1952,touchdown,negative,0.39904308319091797,0.5994900465011597,0.0014668538933619857,True,False,nan
20260803,1953,touchdown,active,0.6041123270988464,0.2780963182449341,0.11779141426086426,True,True,0.1055972754964101
20260803,1954,mid_cross,negative,0.0036278890911489725,0.9023828506469727,0.09398920834064484,True,True,3.3228950632850847
20260803,1955,mid_cross,negative,5.390130536397919e-05,0.9788763523101807,0.021069703623652458,True,True,0.46960174692885864
20260803,1956,pre_cross,active,7.23682503760972e-16,1.0284662721460336e-07,0.9999998807907104,False,False,nan
20260803,1957,pre_cross,active,3.7362145576804937e-14,7.92364460266981e-07,0.9999991655349731,False,False,nan
20260803,1958,pre_cross,active,1.4392397863771667e-12,1.831887311709579e-05,0.9999816417694092,False,False,nan
20260803,1959,pre_cross,active,7.519843775449786e-11,6.918534927535802e-05,0.9999308586120605,False,False,nan
20260803,1960,mid_cross,negative,0.17583414912223816,0.8180585503578186,0.0061073387041687965,True,True,0.34651704090035906
20260803,1961,touchdown,active,0.6129485964775085,0.3819405138492584,0.005110906437039375,True,True,0.45931054047234887
20260803,1962,mid_cross,negative,1.604576209501829e-05,0.9836761355400085,0.01630784571170807,True,True,0.6044427425067739
20260803,1963,mid_cross,active,3.29135052545837e-11,2.2493813958135433e-05,0.9999774694442749,False,False,nan
20260803,1964,mid_cross,negative,0.005521307699382305,0.9925245642662048,0.0019541506189852953,True,False,nan
20260803,1965,touchdown,negative,0.26047834753990173,0.7386560440063477,0.0008656182326376438,True,False,nan
20260803,1966,mid_cross,active,1.2112118383811321e-06,6.624855814152397e-06,0.9999921321868896,False,False,nan
20260803,1967,touchdown,negative,0.3937731087207794,0.556713879108429,0.04951293393969536,True,False,nan
20260803,1968,touchdown,active,0.0016173531766980886,0.017098544165492058,0.9812840819358826,False,False,nan
20260803,1969,touchdown,negative,0.39034995436668396,0.6073866486549377,0.0022633338812738657,True,False,nan
20260803,1970,touchdown,active,0.029117513447999954,0.04186321422457695,0.9290192127227783,False,False,nan
20260803,1971,touchdown,negative,0.3490321636199951,0.6489954590797424,0.0019724913872778416,True,False,nan
20260803,1972,mid_cross,active,7.738161500459029e-11,4.1478891944279894e-05,0.9999585151672363,False,False,nan
20260803,1973,mid_cross,active,2.5053402278110704e-13,4.917736987408716e-06,0.9999951124191284,False,False,nan
20260803,1974,mid_cross,negative,9.357221642858349e-06,0.9366727471351624,0.06331788003444672,True,True,0.9014969806641946
20260803,1975,touchdown,negative,0.1080150231719017,0.8911613821983337,0.0008236540015786886,True,False,nan
20260803,1976,touchdown,negative,0.0920943021774292,0.9065131545066833,0.0013925168896093965,True,False,nan
20260803,1977,touchdown,negative,0.1327766478061676,0.8649678826332092,0.0022555277682840824,True,False,nan
20260803,1978,touchdown,active,0.6351160407066345,0.3506968915462494,0.014187097549438477,True,False,nan
20260803,1979,mid_cross,active,1.4640811230037798e-07,0.05929223820567131,0.9407076239585876,False,False,nan
20260803,1980,touchdown,negative,0.2868308424949646,0.7084051370620728,0.004764002747833729,True,True,0.7878191713024539
20260803,1981,mid_cross,active,2.461288204358425e-06,0.20699816942214966,0.7929993271827698,True,False,nan
20260803,1982,mid_cross,active,9.753715677740093e-16,1.360927797122713e-07,0.9999998807907104,False,False,nan
20260803,1983,pre_cross,active,4.620073024646327e-15,2.8299268706177827e-07,0.9999997615814209,False,False,nan
20260803,1984,touchdown,negative,0.2056048959493637,0.6744276285171509,0.11996748298406601,False,False,nan
20260803,1985,touchdown,negative,0.1026880145072937,0.8919566869735718,0.005355331115424633,True,False,nan
20260803,1986,touchdown,negative,0.11069490015506744,0.8370700478553772,0.052235040813684464,True,False,nan
20260803,1987,touchdown,negative,0.3816976547241211,0.599625825881958,0.01867656037211418,True,False,nan
20260803,1988,pre_cross,active,6.40764432615834e-14,5.091189450467937e-06,0.9999948740005493,False,False,nan
20260803,1989,mid_cross,active,2.6600157632117316e-09,0.0005526092718355358,0.9994474053382874,False,False,nan
20260803,1990,pre_cross,active,1.6185701867330038e-12,1.808937122405041e-05,0.9999818801879883,False,False,nan
20260803,1991,mid_cross,active,1.1525606247175801e-08,0.0038572794292122126,0.9961426854133606,False,False,nan
20260803,1992,touchdown,negative,0.1196361780166626,0.8748863339424133,0.005477394908666611,True,False,nan
20260803,1993,pre_cross,negative,1.3539286669583817e-07,0.9613378643989563,0.03866207227110863,True,True,1.0641238604489214
20260803,1994,mid_cross,active,7.763917547060073e-14,1.5178236481006024e-06,0.9999984502792358,False,False,nan
20260803,1995,pre_cross,active,4.534953684277865e-13,2.705451720430574e-07,0.9999997615814209,False,False,nan
20260803,1996,touchdown,active,0.38681653141975403,0.28972870111465454,0.32345476746559143,True,False,nan
20260803,1997,mid_cross,active,0.0001704807800706476,0.013879149220883846,0.9859504103660583,False,False,nan
20260803,1998,touchdown,negative,0.24441038072109222,0.7432073950767517,0.012382254004478455,True,True,0.24426466461620777
20260803,1999,touchdown,active,0.8132450580596924,0.18416978418827057,0.0025851589161902666,True,True,0.8144476868228174
20260803,2000,touchdown,negative,0.3492352366447449,0.6448558568954468,0.005908926948904991,True,False,nan
20260803,2001,mid_cross,active,1.774059512626991e-07,2.9032724341959693e-05,0.9999707937240601,False,False,nan
20260803,2002,mid_cross,negative,0.0010595679050311446,0.993020236492157,0.0059201582334935665,True,True,0.6095254445602092
20260803,2003,touchdown,active,0.6328228116035461,0.3515112102031708,0.01566598378121853,True,False,nan
20260803,2004,mid_cross,active,1.5009703020041343e-05,5.1955099479528144e-05,0.9999330043792725,False,False,nan
20260803,2005,mid_cross,active,5.871382047217821e-09,0.004716412164270878,0.9952835440635681,False,False,nan
20260803,2006,mid_cross,active,1.7906770153786056e-05,0.012453487142920494,0.9875285625457764,False,False,nan
20260803,2007,touchdown,negative,0.2575916647911072,0.5539842247962952,0.18842411041259766,False,False,nan
20260803,2008,mid_cross,negative,7.833074778318405e-05,0.994293749332428,0.005627883598208427,True,True,0.42405197487965574
20260803,2009,mid_cross,active,5.306322492515392e-09,3.0256207537604496e-05,0.9999697208404541,False,False,nan
20260803,2010,touchdown,active,0.808250367641449,0.18541717529296875,0.0063324361108243465,True,True,0.16160496128644988
20260803,2011,mid_cross,active,7.946547157189343e-06,0.006896506994962692,0.9930955767631531,False,False,nan
20260803,2012,pre_cross,active,2.0664878160980664e-14,1.0835439070433495e-06,0.999998927116394,False,False,nan
20260803,2013,mid_cross,active,3.948198568082262e-08,0.004567982628941536,0.9954320192337036,False,False,nan
20260803,2014,touchdown,negative,0.10927851498126984,0.889584481716156,0.0011369948042556643,True,False,nan
20260803,2015,pre_cross,active,2.253885851216729e-16,7.167879090275164e-08,0.9999998807907104,False,False,nan
20260803,2016,pre_cross,active,1.8357330813791685e-16,3.036339819573186e-07,0.9999996423721313,False,False,nan
20260803,2017,touchdown,active,0.516368567943573,0.48071202635765076,0.002919372171163559,True,True,0.0910077952043724
20260803,2018,mid_cross,active,0.004532021936029196,0.4376174509525299,0.5578505992889404,True,True,2.311338560239605
20260803,2019,pre_cross,active,1.2537207383367388e-11,1.0143447980226483e-05,0.9999898672103882,False,False,nan
20260803,2020,touchdown,negative,0.4244939386844635,0.5750889182090759,0.00041716150008141994,True,False,nan
20260803,2021,touchdown,active,0.5947242379188538,0.3633230924606323,0.04195266216993332,True,True,2.0349677812304785
20260803,2022,touchdown,active,0.5507535338401794,0.38180413842201233,0.06744230538606644,True,False,nan
20260803,2023,mid_cross,negative,5.1326496759429574e-05,0.9783515334129333,0.02159714698791504,True,False,nan
20260803,2024,mid_cross,active,5.351921572582796e-05,0.052522070705890656,0.9474244713783264,False,False,nan
20260803,2025,touchdown,negative,0.1956547647714615,0.8004110455513,0.003934226930141449,True,False,nan
20260803,2026,touchdown,active,0.6829245686531067,0.31450995802879333,0.00256552966311574,True,True,0.1073260153362167
20260803,2027,touchdown,active,0.5005432367324829,0.49786096811294556,0.0015957857249304652,True,True,2.065393705220049
20260803,2028,mid_cross,active,2.7040005079470575e-06,0.12219356745481491,0.8778036832809448,True,False,nan
20260803,2029,touchdown,active,0.4297756254673004,0.32178089022636414,0.24844354391098022,True,True,0.05077760030837018
20260803,2030,touchdown,positive,0.9149666428565979,0.08417937904596329,0.0008540292619727552,True,True,0.02353498191301584
20260803,2031,touchdown,active,0.6563336849212646,0.3330446183681488,0.010621720924973488,True,True,0.020765787840082095
20260803,2032,touchdown,active,0.365601509809494,0.47377997636795044,0.16061848402023315,True,False,nan
20260803,2033,touchdown,active,0.7891568541526794,0.20704327523708344,0.0037999069318175316,True,True,1.433187829595034
20260803,2034,touchdown,negative,0.16907702386379242,0.7398650646209717,0.0910579115152359,True,False,nan
20260803,2035,mid_cross,active,3.28618110501111e-09,0.009609419852495193,0.9903905391693115,False,False,nan
20260803,2036,touchdown,active,0.4659920632839203,0.532761812210083,0.00124610576312989,True,False,nan
20260803,2037,touchdown,active,0.6078767776489258,0.3839913606643677,0.008131819777190685,True,True,0.20418008976265428
20260803,2038,touchdown,active,0.7735459804534912,0.17614027857780457,0.050313711166381836,True,False,nan
20260803,2039,mid_cross,active,4.5358842726273e-06,0.000156473382958211,0.9998389482498169,False,False,nan
20260803,2040,touchdown,negative,0.13725128769874573,0.8590577840805054,0.003691010409966111,True,False,nan
20260803,2041,pre_cross,active,6.735175026202633e-14,1.5260416148521472e-06,0.9999984502792358,False,False,nan
20260803,2042,mid_cross,negative,0.0015822600107640028,0.9663454294204712,0.03207234665751457,True,True,0.5408431209097262
20260803,2043,touchdown,active,0.793124258518219,0.1932458132505417,0.013629911467432976,True,False,nan
20260803,2044,mid_cross,active,3.643609719494734e-12,2.983325430250261e-05,0.9999701976776123,False,False,nan
20260803,2045,touchdown,active,0.688801646232605,0.30385270714759827,0.007345672231167555,True,False,nan
20260803,2046,touchdown,negative,0.3390979766845703,0.6520321369171143,0.008869868703186512,True,False,nan
20260803,2047,touchdown,active,0.42416244745254517,0.5233802795410156,0.05245724320411682,True,False,nan
20260803,2048,mid_cross,active,3.5192868619304818e-09,0.008103501982986927,0.9918965697288513,False,False,nan
20260803,2049,touchdown,negative,0.2594544291496277,0.7388120293617249,0.0017334388103336096,True,False,nan
20260803,2050,touchdown,active,0.5965040922164917,0.3865050971508026,0.01699085719883442,True,True,1.7626675776264764
20260803,2051,mid_cross,active,1.416932977199581e-13,2.850326018233318e-05,0.9999715089797974,False,False,nan
20260803,2052,mid_cross,negative,0.011977771297097206,0.8875207901000977,0.10050135105848312,True,True,0.4299448434727348
20260803,2053,mid_cross,negative,8.394019096158445e-05,0.5779538750648499,0.4219622015953064,False,False,nan
20260803,2054,touchdown,active,0.802929162979126,0.12983711063861847,0.06723375618457794,True,False,nan
20260803,2055,mid_cross,active,1.7313976741206716e-06,8.803217497188598e-06,0.9999895095825195,False,False,nan
20260803,2056,mid_cross,active,1.1014748224624782e-06,1.2143529602326453e-05,0.9999867677688599,False,False,nan
20260803,2057,mid_cross,active,9.353561836178415e-06,4.155242277192883e-05,0.9999490976333618,False,False,nan
20260803,2058,touchdown,active,0.43918469548225403,0.5314316749572754,0.0293837022036314,True,True,0.16787965973686517
20260803,2059,touchdown,negative,0.39615708589553833,0.5910075306892395,0.012835473753511906,False,False,nan
20260803,2060,mid_cross,active,3.511804891331849e-07,0.03645133972167969,0.9635483026504517,False,False,nan
20260803,2061,touchdown,negative,0.2592769265174866,0.7357326149940491,0.004990405403077602,True,False,nan
20260803,2062,touchdown,active,0.5416191816329956,0.4120495617389679,0.04633118584752083,True,False,nan
20260803,2063,mid_cross,active,1.6603304286988418e-09,0.0019090371206402779,0.998090922832489,False,False,nan
20260803,2064,touchdown,negative,0.36408963799476624,0.6168802976608276,0.019030075520277023,True,False,nan
20260803,2065,touchdown,negative,0.09729829430580139,0.9013456702232361,0.0013560426887124777,True,False,nan
20260803,2066,mid_cross,active,5.080444680061191e-05,0.0905211940407753,0.909428060054779,False,False,nan
20260803,2067,mid_cross,active,2.6351722226536367e-06,0.062197763472795486,0.9377995729446411,False,False,nan
20260803,2068,mid_cross,active,6.174344235887474e-08,1.6217014490393922e-05,0.9999836683273315,False,False,nan
20260803,2069,mid_cross,active,5.3793591109352334e-11,8.425065607298166e-05,0.9999157190322876,False,False,nan
20260803,2070,touchdown,negative,0.4286976456642151,0.5693750381469727,0.0019273697398602962,True,False,nan
20260803,2071,mid_cross,active,1.9694560648986226e-07,0.0022176404017955065,0.9977821707725525,False,False,nan
20260803,2072,touchdown,active,0.7237151265144348,0.2664967179298401,0.009788204915821552,True,True,1.381219446664944
20260803,2073,mid_cross,active,2.0134735545518367e-10,0.008860996924340725,0.9911389946937561,False,False,nan
20260803,2074,touchdown,active,0.537623941898346,0.39145568013191223,0.07092040777206421,True,False,nan
20260803,2075,touchdown,negative,0.1401013880968094,0.8572056293487549,0.002693022135645151,True,False,nan
20260803,2076,touchdown,positive,0.9227210283279419,0.004708210937678814,0.07257077097892761,True,False,nan
20260803,2077,touchdown,negative,0.30104371905326843,0.6937022805213928,0.0052539994940161705,True,True,0.07939169844797275
20260803,2078,touchdown,active,0.7390900254249573,0.25589776039123535,0.005012234672904015,True,False,nan
20260803,2079,touchdown,negative,0.37393251061439514,0.6100671291351318,0.016000306233763695,True,True,0.07635066488231235
20260803,2080,touchdown,negative,0.22394290566444397,0.7624216675758362,0.013635477982461452,True,True,0.024987387891433125
20260803,2081,mid_cross,active,1.1532020671722876e-08,5.6388991652056575e-05,0.9999436140060425,False,False,nan
20260803,2082,touchdown,negative,0.2079022079706192,0.7909902334213257,0.0011075481306761503,True,False,nan
20260803,2083,mid_cross,active,2.2401887012080124e-09,0.039286185055971146,0.960713803768158,False,False,nan
20260803,2084,mid_cross,negative,1.3729935233186552e-07,0.6316048502922058,0.36839500069618225,False,False,nan
20260803,2085,touchdown,negative,0.37900224328041077,0.6134402751922607,0.007557434495538473,True,False,nan
20260803,2086,touchdown,negative,0.35589107871055603,0.6259533762931824,0.01815558783710003,True,False,nan
20260803,2087,pre_cross,active,5.214973803777058e-16,4.6171837198016874e-07,0.9999995231628418,False,False,nan
20260803,2088,mid_cross,active,9.173974357956638e-10,0.013173939660191536,0.9868261218070984,False,False,nan
20260803,2089,pre_cross,active,2.4761705273018686e-12,1.515517033112701e-05,0.999984860420227,False,False,nan
20260803,2090,touchdown,negative,0.26500704884529114,0.7278990149497986,0.007093981374055147,True,True,0.016399281976860882
20260803,2091,touchdown,negative,0.37363401055336,0.6214020848274231,0.004964001011103392,True,True,0.1114710924735833
20260803,2092,touchdown,negative,0.34456074237823486,0.6523367166519165,0.0031024932395666838,True,False,nan
20260803,2093,touchdown,active,0.07607012987136841,0.06169036030769348,0.8622394800186157,False,False,nan
20260803,2094,mid_cross,active,1.3299328749383221e-08,0.028496602550148964,0.9715033769607544,False,False,nan
20260803,2095,touchdown,negative,0.08202619850635529,0.914971113204956,0.0030026405584067106,True,False,nan
20260803,2096,touchdown,negative,0.303330659866333,0.6945116519927979,0.0021577472798526287,True,True,0.044418268806219574
20260803,2097,touchdown,negative,0.18151628971099854,0.8165377974510193,0.0019459149334579706,True,True,0.22057742387879292
20260803,2098,mid_cross,active,1.119764003743029e-12,8.483591955155134e-06,0.9999915361404419,False,False,nan
20260803,2099,mid_cross,active,1.4405974191333826e-08,0.1206994503736496,0.8793005347251892,False,False,nan
20260803,2100,touchdown,active,0.44087833166122437,0.5276196599006653,0.03150201588869095,True,False,nan
20260803,2101,touchdown,negative,0.19452273845672607,0.793516218662262,0.011961066164076328,True,False,nan
20260803,2102,touchdown,negative,0.06719882786273956,0.9322925209999084,0.0005085468874312937,True,False,nan
20260803,2103,touchdown,active,0.7062323093414307,0.2887766361236572,0.004991070367395878,True,True,0.15305677417216207
20260803,2104,touchdown,negative,0.22760255634784698,0.7714888453483582,0.0009086155332624912,True,False,nan
20260803,2105,mid_cross,active,3.7375656347649056e-08,5.038338713347912e-05,0.99994957447052,False,False,nan
20260803,2106,mid_cross,active,1.2525694046416902e-06,6.809556361986324e-05,0.9999306201934814,False,False,nan
20260803,2107,touchdown,active,0.015264724381268024,0.0017237773863598704,0.9830114841461182,False,False,nan
20260803,2108,touchdown,negative,0.10070378333330154,0.8981069326400757,0.001189223024994135,True,False,nan
20260803,2109,mid_cross,active,2.5782521788642043e-06,0.0002436251670587808,0.9997537732124329,False,False,nan
20260803,2110,touchdown,negative,0.2063159942626953,0.7884516716003418,0.005232242401689291,True,True,0.03184876123410739
20260803,2111,touchdown,active,0.4414101541042328,0.5338543057441711,0.024735530838370323,True,True,0.30605243983572256
20260803,2112,mid_cross,active,0.00036227513919584453,0.4267132878303528,0.5729244351387024,False,False,nan
20260803,2113,mid_cross,active,5.086749688132386e-09,0.000256114115472883,0.9997438788414001,False,False,nan
20260803,2114,mid_cross,negative,7.960506991366856e-06,0.9612086415290833,0.03878341242671013,True,True,1.9308649581314594
20260803,2115,touchdown,positive,0.920407235622406,0.03829982876777649,0.04129302501678467,False,False,nan
20260803,2116,mid_cross,negative,1.8206761524197645e-05,0.9970609545707703,0.002920869505032897,True,False,nan
20260803,2117,mid_cross,active,7.16160215574746e-08,6.550697435159236e-05,0.9999344348907471,False,False,nan
20260803,2118,mid_cross,active,1.5052259186632e-05,0.022435663267970085,0.9775492548942566,False,False,nan
20260803,2119,mid_cross,active,0.00016103008238133043,0.16833889484405518,0.8315001130104065,False,False,nan
20260803,2120,mid_cross,active,1.9860775524183083e-10,3.619770359364338e-05,0.9999637603759766,False,False,nan
20260803,2121,mid_cross,active,0.0003759140963666141,0.03498908132314682,0.9646350145339966,False,False,nan
20260803,2122,touchdown,negative,0.19149291515350342,0.8077398538589478,0.0007672426290810108,True,True,0.12227640156536344
20260803,2123,touchdown,negative,0.3403104245662689,0.6529275178909302,0.006761973723769188,True,True,0.017964310455924802
20260803,2124,touchdown,negative,0.3495546877384186,0.6427749395370483,0.007670276332646608,True,True,0.06365438590412567
20260803,2125,touchdown,negative,0.3644474148750305,0.5757486820220947,0.05980385094881058,True,True,0.04429205768317514
20260803,2126,touchdown,active,0.5271591544151306,0.4717261493206024,0.0011147710029035807,True,True,0.5057016337347842
20260803,2127,touchdown,negative,0.2030913233757019,0.7942733764648438,0.002635248238220811,True,True,0.028713749645375646
20260803,2128,mid_cross,active,4.623408855763955e-08,0.28815311193466187,0.7118468284606934,False,False,nan
20260803,2129,touchdown,negative,0.2325253039598465,0.7672626972198486,0.00021202101197559386,True,False,nan
20260803,2130,touchdown,negative,0.20877663791179657,0.7463147640228271,0.04490859434008598,True,False,nan
20260803,2131,mid_cross,active,2.060079168586526e-06,0.050149668008089066,0.9498482942581177,False,False,nan
20260803,2132,mid_cross,active,2.8386435246829933e-07,1.441226777387783e-05,0.9999853372573853,False,False,nan
20260803,2133,mid_cross,negative,0.0002566634793765843,0.9959030747413635,0.0038402073550969362,True,False,nan
20260803,2134,touchdown,negative,0.23781704902648926,0.7435430884361267,0.01863979920744896,True,False,nan
20260803,2135,touchdown,negative,0.2353978008031845,0.7623247504234314,0.002277438761666417,True,True,0.17381488507760504
20260803,2136,pre_cross,active,3.988116947795106e-09,0.040526214987039566,0.959473729133606,False,False,nan
20260803,2137,mid_cross,active,2.409349386667259e-10,0.00016994058387354016,0.9998300075531006,False,False,nan
20260803,2138,touchdown,negative,0.14468513429164886,0.8525487184524536,0.002766110235825181,True,True,0.03749223825222389
20260803,2139,mid_cross,active,5.44194550533561e-11,1.0620205102895852e-05,0.99998939037323,False,False,nan
20260803,2140,touchdown,negative,0.09236585348844528,0.8904635310173035,0.017170598730444908,True,True,0.4898034965217924
20260803,2141,touchdown,active,0.011975235305726528,0.0068086739629507065,0.9812161326408386,False,False,nan
20260803,2142,touchdown,negative,0.1244540736079216,0.8390209078788757,0.03652503341436386,True,True,0.020727827967751467
20260803,2143,pre_cross,active,4.68558568680888e-13,9.079989808924438e-07,0.9999990463256836,False,False,nan
20260803,2144,mid_cross,active,2.1362802152258276e-11,1.1141088180011138e-05,0.9999889135360718,False,False,nan
20260803,2145,pre_cross,active,7.217444923776541e-16,1.0589131349547642e-08,1.0,False,False,nan
20260803,2146,mid_cross,active,8.16518463953031e-10,0.0002704634389374405,0.999729573726654,False,False,nan
20260803,2147,mid_cross,active,1.5895800515863812e-06,0.0003811933856923133,0.9996172189712524,False,False,nan
20260803,2148,pre_cross,active,7.548744073403169e-14,4.510055987339001e-06,0.9999954700469971,False,False,nan
20260803,2149,mid_cross,negative,5.629126675898988e-08,0.5280373692512512,0.47196251153945923,False,False,nan
20260803,2150,mid_cross,active,1.2460673226750985e-13,2.5111435775215796e-07,0.9999997615814209,False,False,nan
20260803,2151,mid_cross,active,1.1326812909828732e-07,0.000415334157878533,0.9995846152305603,False,False,nan
20260803,2152,mid_cross,negative,6.655200479599443e-08,0.8617281317710876,0.13827179372310638,False,False,nan
20260803,2153,touchdown,negative,0.14528223872184753,0.8512484431266785,0.003469363786280155,True,False,nan
20260803,2154,touchdown,negative,0.1158285066485405,0.8831551671028137,0.0010162309044972062,True,False,nan
20260803,2155,mid_cross,active,1.2100853652441401e-09,0.004002467263489962,0.9959975481033325,False,False,nan
20260803,2156,touchdown,negative,0.24140164256095886,0.7558128833770752,0.002785421907901764,True,False,nan
20260803,2157,touchdown,negative,0.19190840423107147,0.8056362867355347,0.0024553861003369093,True,False,nan
20260803,2158,touchdown,negative,0.4003666043281555,0.5983444452285767,0.00128896813839674,True,False,nan
20260803,2159,touchdown,negative,0.18012984097003937,0.8185545802116394,0.0013155732303857803,True,True,0.03549792066156616
20260803,2160,touchdown,negative,0.23410068452358246,0.7635341882705688,0.002365176333114505,True,True,0.3966022677721166
