seed,episode_index,walk_direction,reset_phase,commanded_step_length_m,commanded_step_height_m,hold_success,requery_success,hold_valid_for_cmt,requery_valid_for_cmt,both_valid_for_cmt,hold_cmt,requery_cmt,requery_minus_hold_cmt,requery_lower_cmt,hold_energy_j,requery_energy_j,hold_displacement_m,requery_displacement_m,hold_terminal_reason,requery_terminal_reason,hold_sign_switch_count,requery_sign_switch_count,hold_sign_sequence_rle,requery_sign_sequence_rle
20260702,1,1.0,touchdown,0.3,0.0,True,True,True,True,True,0.021765379721418253,0.021765379721418253,0.0,False,0.005510755398590168,0.005510755398590168,0.010146734505068256,0.010146734505068256,success,success,0,1,+x8,+x6|-x2
20260702,2,1.0,mid_cross,0.3,0.0,False,False,False,False,False,nan,nan,nan,,0.7627796110179249,0.8092439213669027,0.14501457298139478,0.15984815858632043,clearance_ground+foot_ground_before_ready,clearance_ground+foot_ground_before_ready,0,1,+x25,+x8|-x19
20260702,3,1.0,mid_cross,0.3,0.0,False,False,False,False,False,nan,nan,nan,,0.9780974083007604,0.9573450128078873,0.031000498477086455,0.03610621796597496,clearance_ground+foot_ground_before_ready,clearance_ground+foot_ground_before_ready,0,1,+x23,+x7|-x19
20260702,4,1.0,touchdown,0.3,0.0,True,True,True,True,True,0.015128065695130435,0.015128065695130435,0.0,False,0.009467581411630045,0.009467581411630045,0.025080550054330825,0.025080550054330825,success,success,0,0,+x6,+x6
20260702,5,1.0,pre_cross,0.3,0.0,False,False,False,False,False,nan,nan,nan,,0.9110087563926046,0.6022665813048923,0.016357125994552166,0.01303272845984426,clearance_ground+foot_ground_before_ready,clearance_ground+foot_ground_bad_clearance,0,1,+x13,+x5|-x7
20260702,6,1.0,touchdown,0.3,0.0,True,True,True,True,True,0.1387796297959878,0.1387796297959878,0.0,False,0.028473198591803923,0.028473198591803923,0.008222273960043491,0.008222273960043491,success,success,0,0,+x2,+x2
20260702,7,1.0,mid_cross,0.3,0.0,True,False,True,False,False,0.4544770168389121,nan,nan,,0.946064992639151,0.7014293390366292,0.08342389395579375,0.07134998268185785,success,clearance_ground+foot_ground_before_ready,0,1,+x13,+x4|-x8
20260702,8,1.0,mid_cross,0.3,0.0,False,False,False,False,False,nan,nan,nan,,0.4924987755220152,0.15590708857410204,0.00671157774279944,-0.004921648858976911,clearance_ground+foot_ground_before_ready,clearance,0,1,+x23,+x3|-x7
20260702,9,1.0,touchdown,0.3,0.0,True,True,True,True,True,0.10569598742443166,0.10569598742443166,0.0,False,0.027622813376247682,0.027622813376247682,0.01047347545926619,0.01047347545926619,success,success,0,0,+x3,+x3
20260702,10,1.0,touchdown,0.3,0.0,False,False,False,False,False,nan,nan,nan,,0.2762653890881766,0.2762653890881766,-0.015269174855832512,-0.015269174855832512,clearance_ground+foot_ground_before_ready,clearance_ground+foot_ground_before_ready,0,0,-x8,-x8
20260702,11,1.0,mid_cross,0.3,0.0,False,False,False,False,False,nan,nan,nan,,1.272187746044059,0.9304314963779075,0.11278145296445982,0.0939422543733719,clearance_ground+foot_ground_before_ready,clearance_ground+foot_ground_before_ready,0,1,+x25,+x6|-x16
20260702,12,1.0,touchdown,0.3,0.0,False,False,False,False,False,nan,nan,nan,,0.013989190655451926,0.02404428392711011,0.005305524113339732,0.005248068519062343,clearance_ground+foot_ground_before_ready,clearance_ground+foot_ground_before_ready,0,1,+x10,+x8|-x2
20260702,13,1.0,touchdown,0.3,0.0,False,False,False,False,False,nan,nan,nan,,0.29141600208587687,0.29141600208587687,-0.04950900035903874,-0.04950900035903874,clearance_ground+foot_ground_before_ready,clearance_ground+foot_ground_before_ready,0,0,-x12,-x12
20260702,14,1.0,touchdown,0.3,0.0,False,False,False,False,False,nan,nan,nan,,0.05580427247905537,0.05580427247905537,-0.006866967869094909,-0.006866967869094909,clearance_ground+foot_ground_before_ready,clearance_ground+foot_ground_before_ready,0,0,-x7,-x7
20260702,15,1.0,touchdown,0.3,0.0,True,False,False,False,False,nan,nan,nan,,0.014417321691771526,0.014417321691771526,-0.0030777926883339135,-0.002984532922682137,success,clearance_ground+foot_ground_after_ready,0,2,-x9,-x4|+x2|-x4
20260702,16,1.0,touchdown,0.3,0.0,True,True,True,True,True,0.056802394579858785,0.056802394579858785,0.0,False,0.013901524455754566,0.013901524455754566,0.009807926310130805,0.009807926310130805,success,success,0,0,+x8,+x8
20260702,17,1.0,mid_cross,0.3,0.0,False,False,False,False,False,nan,nan,nan,,0.33223571929842977,0.023384940315324017,-0.004979025105196332,-0.009646073988319567,clearance_ground+foot_ground_before_ready,clearance_ground+foot_ground_before_ready,0,1,+x12,+x1|-x6
20260702,18,1.0,touchdown,0.3,0.0,True,True,True,True,True,0.004510392790385533,0.004510392790385533,0.0,False,0.0037071455698583586,0.0037071455698583586,0.0329387175484481,0.0329387175484481,success,success,0,0,+x6,+x6
20260702,19,1.0,mid_cross,0.3,0.0,False,False,False,False,False,nan,nan,nan,,1.2952736314956799,0.7590432533539003,0.08282864790625272,0.06400814674060568,clearance,clearance_ground+foot_ground_bad_clearance,0,1,+x14,+x5|-x8
20260702,20,1.0,touchdown,0.3,0.0,True,True,True,True,True,0.004327609859243194,0.004327609859243194,0.0,False,0.0025557275164063355,0.0025557275164063355,0.023667253242607517,0.023667253242607517,success,success,0,0,+x6,+x6
20260702,21,1.0,touchdown,0.3,0.0,False,False,False,False,False,nan,nan,nan,,0.20809411142904333,0.20809411142904333,-0.01851693639081925,-0.01851693639081925,clearance_ground+foot_ground_before_ready,clearance_ground+foot_ground_before_ready,0,0,-x8,-x8
20260702,22,1.0,mid_cross,0.3,0.0,False,False,False,False,False,nan,nan,nan,,1.0521936848702762,0.5575430087398716,0.09111718684821793,0.05529907361348643,clearance_ground+foot_ground_before_ready,clearance_ground+foot_ground_bad_clearance,0,1,+x16,+x4|-x8
20260702,23,1.0,mid_cross,0.3,0.0,False,False,False,False,False,nan,nan,nan,,0.21990278844964398,0.11670179822022117,-0.09986054137883671,-0.048305652298868657,clearance_ground+foot_ground_before_ready,clearance_ground+foot_ground_bad_clearance,0,1,+x23,+x1|-x11
20260702,24,1.0,mid_cross,0.3,0.0,False,False,False,False,False,nan,nan,nan,,0.2160203094018321,0.24738585186956955,0.035638328049675434,0.03491220927971324,clearance_ground+foot_ground_before_ready,clearance_ground+foot_ground_before_ready,0,1,+x20,+x9|-x9
20260702,25,1.0,mid_cross,0.3,0.0,False,False,False,False,False,nan,nan,nan,,0.7029419281520772,0.49267853960158,0.06666582349267469,0.055416863142657605,clearance_ground+foot_ground_before_ready,clearance_ground+foot_ground_before_ready,0,1,+x14,+x4|-x9
20260702,26,1.0,pre_cross,0.3,0.0,False,False,False,False,False,nan,nan,nan,,0.66207972250504,0.42135706859759625,0.01054371463196875,0.006958020396091225,clearance_ground+foot_ground_before_ready,clearance_ground+foot_ground_bad_clearance,0,1,+x11,+x4|-x7
20260702,27,1.0,mid_cross,0.3,0.0,False,False,False,False,False,nan,nan,nan,,0.7616867653036001,0.2979151684328492,0.0005716988053888761,-0.0071923900555261044,clearance_ground+foot_ground_before_ready,clearance_ground+foot_ground_bad_clearance,0,1,+x12,+x3|-x6
20260702,28,1.0,mid_cross,0.3,0.0,False,False,False,False,False,nan,nan,nan,,0.37012473927497946,0.41549346611287874,-0.00963957849396696,-0.005333524677393252,clearance_ground+foot_ground_before_ready,clearance_ground+foot_ground_before_ready,0,1,+x23,+x7|-x20
20260702,29,1.0,pre_cross,0.3,0.0,False,False,False,False,False,nan,nan,nan,,1.386326181248514,1.0586431397626543,0.02366088741748995,0.019163001246619085,clearance_ground+foot_ground_bad_clearance,clearance_ground+foot_ground_bad_clearance,0,1,+x13,+x5|-x7
20260702,30,1.0,mid_cross,0.3,0.0,False,False,False,False,False,nan,nan,nan,,0.05148064919776019,0.05148064919776019,-0.026317687621287313,-0.026317687621287313,clearance_ground+foot_ground_before_ready,clearance_ground+foot_ground_before_ready,0,0,-x7,-x7
20260702,31,1.0,touchdown,0.3,0.0,True,False,True,False,False,2.801675598193403,nan,nan,,0.1886723374126689,0.1739967304233102,0.0026988067816263728,0.0031532494316762194,success,clearance_ground+foot_ground_before_ready,0,2,-x7,-x4|+x1|-x4
20260702,32,1.0,mid_cross,0.3,0.0,True,False,True,False,False,0.7319856109845008,nan,nan,,0.4538452671974778,0.5014955974170182,0.024847727603018316,0.02035864051339953,success,clearance_ground+foot_ground_before_ready,0,1,+x14,+x8|-x6
20260702,33,1.0,mid_cross,0.3,0.0,False,False,False,False,False,nan,nan,nan,,0.46300855384938105,0.3234310675199997,-0.08075516968311187,-0.05244846113951981,clearance_ground+foot_ground_before_ready,clearance_ground+foot_ground_before_ready,0,1,+x21,+x3|-x10
20260702,34,1.0,touchdown,0.3,0.0,True,True,True,True,True,0.019961232905092198,0.01994301232107365,-1.8220584018548147e-05,True,0.008542015103016479,0.008542015103016479,0.01714961534331247,0.017165283789092767,success,success,0,1,+x6,+x4|-x2
20260702,35,1.0,mid_cross,0.3,0.0,False,False,False,False,False,nan,nan,nan,,1.1683789138249718,0.5537020867793192,0.09244019989168376,0.08378438537594993,clearance_ground+foot_ground_bad_clearance,clearance_ground+foot_ground_bad_clearance,0,1,+x16,+x4|-x8
20260702,36,1.0,pre_cross,0.3,0.0,False,False,False,False,False,nan,nan,nan,,1.414930526368553,1.0340412684774523,-0.0036346285261343544,-0.005684337881426568,clearance_ground+foot_ground_before_ready,clearance,0,1,+x12,+x5|-x6
20260702,37,1.0,touchdown,0.3,0.0,False,False,False,False,False,nan,nan,nan,,0.37060799269332845,0.37060799269332845,-0.02461680452436782,-0.02461680452436782,clearance_ground+foot_ground_after_ready,clearance_ground+foot_ground_after_ready,0,0,-x10,-x10
20260702,38,1.0,touchdown,0.3,0.0,False,False,False,False,False,nan,nan,nan,,0.20865857706551513,0.20865857706551513,-0.0049751142522957426,-0.0049751142522957426,clearance_ground+foot_ground_before_ready,clearance_ground+foot_ground_before_ready,0,0,-x9,-x9
20260702,39,1.0,touchdown,0.3,0.0,False,False,False,False,False,nan,nan,nan,,0.023757354795421175,0.023757354795421175,-0.001626986405503239,-0.001626986405503239,clearance_ground+foot_ground_before_ready,clearance_ground+foot_ground_before_ready,0,0,-x10,-x10
20260702,40,1.0,pre_cross,0.3,0.0,False,False,False,False,False,nan,nan,nan,,0.6809124984293536,0.747166267755556,-0.058239220692009916,-0.056319105710055675,clearance,clearance_ground+foot_ground_bad_clearance,0,1,+x13,+x8|-x5
20260702,41,1.0,mid_cross,0.3,0.01,False,False,False,False,False,nan,nan,nan,,0.3465227207144284,0.13936853254655665,-0.02859340974562266,-0.022560872255436806,clearance_ground+foot_ground_before_ready,clearance_ground+foot_ground_before_ready,0,1,+x22,+x1|-x9
20260702,42,1.0,mid_cross,0.3,0.01,False,False,False,False,False,nan,nan,nan,,0.663819189993129,0.6710821084256289,0.06397880344420281,0.030910843848302137,clearance_ground+foot_ground_before_ready,clearance_ground+foot_ground_before_ready,0,1,+x25,+x5|-x10
20260702,43,1.0,mid_cross,0.3,0.01,False,False,False,False,False,nan,nan,nan,,0.7535861689274717,0.7381329372117286,0.053298790223168524,0.036332862367672414,clearance_ground+foot_ground_before_ready,clearance_ground+foot_ground_before_ready,0,1,+x15,+x5|-x8
20260702,44,1.0,touchdown,0.3,0.01,False,False,False,False,False,nan,nan,nan,,0.23761633687605752,0.23761633687605752,-0.010510443986344042,-0.010510443986344042,clearance_ground+foot_ground_before_ready,clearance_ground+foot_ground_before_ready,0,0,-x9,-x9
20260702,45,1.0,mid_cross,0.3,0.01,True,False,True,False,False,0.47560732346415846,nan,nan,,0.9376440414799099,0.6983407492148033,0.07900796489820601,0.0674909216170294,success,clearance_ground+foot_ground_before_ready,0,1,+x15,+x7|-x8
20260702,46,1.0,touchdown,0.3,0.01,False,False,False,False,False,nan,nan,nan,,0.11869803542344454,0.11869803542344454,0.0026360878170490626,0.0026360878170490626,clearance_ground+foot_ground_before_ready,clearance_ground+foot_ground_before_ready,0,0,-x14,-x14
20260702,47,1.0,touchdown,0.3,0.01,True,True,True,True,True,0.0130071485011802,0.0130071485011802,0.0,False,0.007983932658028743,0.007983932658028743,0.024598927759634404,0.024598927759634404,success,success,0,0,+x7,+x7
20260702,48,1.0,touchdown,0.3,0.01,True,True,False,False,False,nan,nan,nan,,0.6954839647812495,0.6954839647812495,-0.03489567285110648,-0.03489567285110648,success,success,0,0,-x7,-x7
20260702,49,1.0,mid_cross,0.3,0.01,False,False,False,False,False,nan,nan,nan,,0.04824628016185561,0.04824628016185561,-0.028843676304097815,-0.028843676304097815,clearance,clearance,0,0,-x7,-x7
20260702,50,1.0,mid_cross,0.3,0.01,False,False,False,False,False,nan,nan,nan,,0.4199116220216631,0.5322921136528669,0.06616668402903966,0.05312278541509012,clearance_ground+foot_ground_before_ready,clearance_ground+foot_ground_before_ready,0,1,+x22,+x8|-x9
20260702,51,1.0,touchdown,0.3,0.01,True,True,True,True,True,0.013531298722344766,0.013531298722344766,0.0,False,0.0050520491133463725,0.0050520491133463725,0.01496268360384323,0.01496268360384323,success,success,0,0,+x5,+x5
20260702,52,1.0,touchdown,0.3,0.01,True,True,False,False,False,nan,nan,nan,,0.006127088559124419,0.006127088559124419,0.0007419961813377729,0.0007419961813377729,success,success,0,0,+x5,+x5
20260702,53,1.0,touchdown,0.3,0.01,False,False,False,False,False,nan,nan,nan,,0.11951579860288522,0.11951579860288522,-0.026577065289439206,-0.026577065289439206,clearance_ground+foot_ground_before_ready,clearance_ground+foot_ground_before_ready,0,0,-x16,-x16
20260702,54,1.0,touchdown,0.3,0.01,False,False,False,False,False,nan,nan,nan,,0.14390846024718676,0.14390846024718676,-0.0029967710311828155,-0.0029967710311828155,clearance_ground+foot_ground_before_ready,clearance_ground+foot_ground_before_ready,0,0,-x8,-x8
20260702,55,1.0,touchdown,0.3,0.01,True,True,False,False,False,nan,nan,nan,,0.2776932113287146,0.2776932113287146,-0.006263632661716589,-0.006263632661716589,success,success,0,0,-x8,-x8
20260702,56,1.0,mid_cross,0.3,0.01,False,False,False,False,False,nan,nan,nan,,0.5214220568037645,0.6288033807474807,0.12053648144132521,0.06875913580446597,clearance_ground+foot_ground_before_ready,clearance_ground+foot_ground_before_ready,0,3,+x28,+x8|-x4|+x1|-x4
20260702,57,1.0,touchdown,0.3,0.01,False,False,False,False,False,nan,nan,nan,,0.3128056042352285,0.3128056042352285,-0.03587434054854437,-0.03587434054854437,clearance_ground+foot_ground_before_ready,clearance_ground+foot_ground_before_ready,0,0,-x13,-x13
20260702,58,1.0,pre_cross,0.3,0.01,False,False,False,False,False,nan,nan,nan,,0.9085919042365842,0.9411569988794453,0.14910716348721023,0.09949713236597904,clearance_ground+foot_ground_before_ready,clearance_ground+foot_ground_before_ready,0,1,+x29,+x5|-x15
20260702,59,1.0,mid_cross,0.3,0.01,False,False,False,False,False,nan,nan,nan,,0.12067501871385598,0.12067501871385598,-0.02555004055250655,-0.02555004055250655,clearance_ground+foot_ground_before_ready,clearance_ground+foot_ground_before_ready,0,0,-x12,-x12
20260702,60,1.0,mid_cross,0.3,0.01,False,False,False,False,False,nan,nan,nan,,0.321723584540451,0.36282312677120354,-0.03308296405926865,-0.033442243872119845,clearance_ground+foot_ground_before_ready,clearance_ground+foot_ground_before_ready,0,1,+x21,+x4|-x20
20260702,61,1.0,touchdown,0.3,0.01,False,False,False,False,False,nan,nan,nan,,0.07214061870109534,0.07214061870109534,-0.015784966404117667,-0.015784966404117667,clearance_ground+foot_ground_before_ready,clearance_ground+foot_ground_before_ready,0,0,-x12,-x12
20260702,62,1.0,touchdown,0.3,0.01,True,True,False,False,False,nan,nan,nan,,0.3423580401939828,0.3423580401939828,-0.02985550416519392,-0.02985550416519392,success,success,0,0,-x9,-x9
20260702,63,1.0,mid_cross,0.3,0.01,False,False,False,False,False,nan,nan,nan,,0.44632551143093036,0.6089059577922636,0.028430330810475406,0.0195977123029826,clearance_ground+foot_ground_before_ready,clearance_ground+foot_ground_before_ready,0,1,+x25,+x4|-x13
20260702,64,1.0,touchdown,0.3,0.01,True,True,False,False,False,nan,nan,nan,,0.12450600239220175,0.12450600239220175,-0.009036639637512583,-0.009036639637512583,success,success,0,0,-x4,-x4
20260702,65,1.0,touchdown,0.3,0.01,True,True,False,False,False,nan,nan,nan,,0.034328340896042586,0.034328340896042586,-0.006218158745729896,-0.006218158745729896,success,success,0,0,-x3,-x3
20260702,66,1.0,touchdown,0.3,0.01,False,False,False,False,False,nan,nan,nan,,0.2014596542838817,0.2014596542838817,-0.00808181217524806,-0.00808181217524806,clearance_ground+foot_ground_before_ready,clearance_ground+foot_ground_before_ready,0,0,-x11,-x11
20260702,67,1.0,mid_cross,0.3,0.01,False,False,False,False,False,nan,nan,nan,,1.3115120399834268,0.7079725482387169,0.19742770955404604,0.06343689509681066,q1_low_limit,clearance_ground+foot_ground_bad_clearance,0,1,+x30,+x7|-x8
20260702,68,1.0,touchdown,0.3,0.01,True,True,False,False,False,nan,nan,nan,,0.14669294503786703,0.14669294503786703,-0.021572312527767257,-0.021572312527767257,success,success,0,0,-x5,-x5
20260702,69,1.0,touchdown,0.3,0.01,False,False,False,False,False,nan,nan,nan,,0.02891788139839846,0.02891788139839846,-0.005656086617056244,-0.005656086617056244,clearance_ground+foot_ground_before_ready,clearance_ground+foot_ground_before_ready,0,0,-x8,-x8
20260702,70,1.0,touchdown,0.3,0.01,False,False,False,False,False,nan,nan,nan,,0.12682865427178722,0.12682865427178722,-0.03594234824082644,-0.03594234824082644,clearance_ground+foot_ground_before_ready,clearance_ground+foot_ground_before_ready,0,0,-x14,-x14
20260702,71,1.0,pre_cross,0.3,0.01,False,False,False,False,False,nan,nan,nan,,0.6252292677352795,0.7970424383897214,-0.033808740712716806,-0.040218686518248226,clearance_ground+foot_ground_before_ready,clearance_ground+foot_ground_before_ready,0,1,+x21,+x9|-x22
20260702,72,1.0,touchdown,0.3,0.01,True,True,False,False,False,nan,nan,nan,,0.17662641849601443,0.17662641849601443,-0.010502594339490023,-0.010502594339490023,success,success,0,0,-x7,-x7
20260702,73,1.0,mid_cross,0.3,0.01,False,False,False,False,False,nan,nan,nan,,0.12773918811147453,0.10840454916122955,0.029262583444836288,0.027308309272571815,clearance_ground+foot_ground_before_ready,clearance_ground+foot_ground_before_ready,0,1,+x15,+x1|-x13
20260702,74,1.0,touchdown,0.3,0.01,False,True,False,True,False,nan,0.2441687466334578,nan,,0.014795263891300573,0.09306219951958059,0.025984157802514563,0.01527441723041259,clearance_ground+foot_ground_before_ready,success,0,3,+x12,+x2|-x3|+x1|-x2
20260702,75,1.0,mid_cross,0.3,0.01,False,False,False,False,False,nan,nan,nan,,0.6286451740741329,0.75786645827293,0.013437442238717921,0.01484174987403078,clearance_ground+foot_ground_before_ready,clearance_ground+foot_ground_before_ready,0,1,+x23,+x4|-x18
20260702,76,1.0,touchdown,0.3,0.01,True,True,True,True,True,0.11591036022383056,0.11591036022383056,0.0,False,0.019722273746392346,0.019722273746392346,0.006818928513427552,0.006818928513427552,success,success,0,0,+x3,+x3
20260702,77,1.0,touchdown,0.3,0.01,True,True,True,True,True,0.05242610033844759,0.055748162152260444,0.0033220618138128516,False,0.045229743852897,0.04761131298813403,0.034574665280742656,0.03422638365519898,success,success,0,1,+x7,+x5|-x2
20260702,78,1.0,mid_cross,0.3,0.01,False,False,False,False,False,nan,nan,nan,,1.1273772249436653,0.5942970472906273,0.10721496821535023,0.07384403614892002,clearance_ground+foot_ground_before_ready,clearance_ground+foot_ground_bad_clearance,0,1,+x19,+x6|-x7
20260702,79,1.0,mid_cross,0.3,0.01,False,False,False,False,False,nan,nan,nan,,0.2806757850103401,0.2871982741613489,0.011156053082053207,0.00038720199698235105,clearance_ground+foot_ground_before_ready,clearance_ground+foot_ground_before_ready,0,1,+x26,+x3|-x11
20260702,80,1.0,mid_cross,0.3,0.01,False,False,False,False,False,nan,nan,nan,,1.0527861261127673,1.4320501681729838,-0.0978425721674315,-0.11961733694695141,clearance_ground+foot_ground_before_ready,clearance_ground+foot_ground_before_ready,0,1,+x45,+x10|-x21
20260702,81,1.0,touchdown,0.3,0.02,True,True,False,False,False,nan,nan,nan,,0.2896046196333631,0.2896046196333631,-0.016547656539577932,-0.016547656539577932,success,success,0,0,-x8,-x8
20260702,82,1.0,touchdown,0.3,0.02,True,True,False,False,False,nan,nan,nan,,0.023272014438275083,0.023272014438275083,-0.009275455036869579,-0.009275455036869579,success,success,0,0,-x4,-x4
20260702,83,1.0,mid_cross,0.3,0.02,False,False,False,False,False,nan,nan,nan,,0.4367600845955004,0.512646072151757,0.04437051031009823,0.06307770708137327,clearance_ground+foot_ground_before_ready,clearance_ground+foot_ground_before_ready,0,1,+x22,+x11|-x17
20260702,84,1.0,mid_cross,0.3,0.02,False,False,False,False,False,nan,nan,nan,,1.0441422860292653,3.8374127137548237,0.07043260007278908,-0.09600503972121484,clearance_ground+foot_ground_before_ready,clearance_ground+foot_ground_before_ready,0,1,+x30,+x11|-x26
20260702,85,1.0,mid_cross,0.3,0.02,False,False,False,False,False,nan,nan,nan,,0.277160877471358,0.3270069316386264,0.06823703759866522,0.05608313432860777,clearance_ground+foot_ground_before_ready,clearance_ground+foot_ground_before_ready,0,1,+x16,+x4|-x10
20260702,86,1.0,mid_cross,0.3,0.02,False,False,False,False,False,nan,nan,nan,,0.1030709597680303,0.16302775914334294,0.023486592901556864,0.0210528932966677,clearance_ground+foot_ground_before_ready,clearance_ground+foot_ground_before_ready,0,3,+x13,+x8|-x1|+x1|-x2
20260702,87,1.0,mid_cross,0.3,0.02,False,False,False,False,False,nan,nan,nan,,0.12927459128190122,0.16357435273913734,-0.04859230861956522,-0.030899430098850142,clearance_ground+foot_ground_before_ready,clearance_ground+foot_ground_before_ready,0,1,+x20,+x2|-x12
20260702,88,1.0,touchdown,0.3,0.02,True,True,True,True,True,0.008954000878686029,0.008954000878686029,0.0,False,0.005461154207637768,0.005461154207637768,0.024442674130628728,0.024442674130628728,success,success,0,0,+x6,+x6
20260702,89,1.0,touchdown,0.3,0.02,False,False,False,False,False,nan,nan,nan,,0.04952814952902417,0.0892388635441752,-0.029550890216367837,-0.02973138541151832,clearance_ground+foot_ground_before_ready,clearance_ground+foot_ground_before_ready,0,1,+x14,+x2|-x12
20260702,90,1.0,touchdown,0.3,0.02,True,True,False,False,False,nan,nan,nan,,0.0015099421935773328,0.0015099421935773328,-0.0036416166106743864,-0.0036416166106743864,success,success,0,0,-x2,-x2
20260702,91,1.0,mid_cross,0.3,0.02,False,False,False,False,False,nan,nan,nan,,0.5878215467139007,0.7434066666053349,0.0006034840631080479,0.0007320409989584192,clearance_ground+foot_ground_before_ready,clearance_ground+foot_ground_before_ready,0,1,+x24,+x4|-x16
20260702,92,1.0,mid_cross,0.3,0.02,False,False,False,False,False,nan,nan,nan,,0.5953645310570307,0.7125796544028107,0.10555593272529151,0.049786884501204796,clearance_ground+foot_ground_before_ready,clearance_ground+foot_ground_before_ready,0,1,+x25,+x4|-x9
20260702,93,1.0,touchdown,0.3,0.02,True,True,False,False,False,nan,nan,nan,,0.016211360875800336,0.0089581864093393,-0.0010179346068943107,-0.0008990025815494296,success,success,0,1,-x6,-x2|+x4
20260702,94,1.0,touchdown,0.3,0.02,False,False,False,False,False,nan,nan,nan,,0.10893363277695084,0.10893363277695084,-0.020544302561606775,-0.020544302561606775,clearance_ground+foot_ground_before_ready,clearance_ground+foot_ground_before_ready,0,0,-x12,-x12
20260702,95,1.0,touchdown,0.3,0.02,True,True,True,True,True,0.029598079864064673,0.029598079864064673,0.0,False,0.014492955433095258,0.014492955433095258,0.019623425890751667,0.019623425890751667,success,success,0,0,+x5,+x5
20260702,96,1.0,mid_cross,0.3,0.02,False,False,False,False,False,nan,nan,nan,,0.996053402144696,0.996053402144696,-0.023878280576057093,-0.023878280576057093,clearance_ground+foot_ground_before_ready,clearance_ground+foot_ground_before_ready,0,0,-x13,-x13
20260702,97,1.0,touchdown,0.3,0.02,True,True,True,True,True,0.01707281664605104,0.01707281664605104,0.0,False,0.009858745767283085,0.009858745767283085,0.023141840801607222,0.023141840801607222,success,success,0,1,+x8,+x6|-x2
20260702,98,1.0,touchdown,0.3,0.02,True,True,False,False,False,nan,nan,nan,,0.27471494698133797,0.27471494698133797,-0.005921158194095083,-0.005921158194095083,success,success,0,0,-x7,-x7
20260702,99,1.0,touchdown,0.3,0.02,False,False,False,False,False,nan,nan,nan,,0.007622004039000113,0.009397569794459576,0.040151038824038116,0.03824739800159288,clearance_ground+foot_ground_before_ready,clearance_ground+foot_ground_before_ready,0,2,+x12,+x6|-x3|+x3
20260702,100,1.0,touchdown,0.3,0.02,True,True,True,True,True,0.023624402211377626,0.023624402211377626,0.0,False,0.018524124068681355,0.018524124068681355,0.03142376827942758,0.03142376827942758,success,success,0,0,+x7,+x7
20260702,101,1.0,touchdown,0.3,0.02,False,False,False,False,False,nan,nan,nan,,0.31612879086853085,0.31612879086853085,-0.04036605463053708,-0.04036605463053708,clearance_ground+foot_ground_before_ready,clearance_ground+foot_ground_before_ready,0,0,-x12,-x12
20260702,102,1.0,touchdown,0.3,0.02,True,True,False,False,False,nan,nan,nan,,0.0138614087177488,0.0138614087177488,-0.002421503905502581,-0.0024679173711656954,success,success,0,2,-x7,-x3|+x1|-x3
20260702,103,1.0,pre_cross,0.3,0.02,False,False,False,False,False,nan,nan,nan,,1.5734569339508142,0.8879242511225711,0.05718370993636285,0.046636066399622506,clearance_ground+foot_ground_before_ready,clearance_ground+foot_ground_bad_clearance,0,1,+x12,+x5|-x6
20260702,104,1.0,touchdown,0.3,0.02,True,True,True,True,True,0.028119111931938296,0.028119111931938296,0.0,False,0.013024030544900712,0.013024030544900712,0.01856201913643782,0.01856201913643782,success,success,0,0,+x6,+x6
20260702,105,1.0,mid_cross,0.3,0.02,False,False,False,False,False,nan,nan,nan,,0.3086026938532522,0.43262562763274937,0.037022687483038316,0.05061911493435876,clearance_ground+foot_ground_before_ready,clearance_ground+foot_ground_before_ready,0,1,+x23,+x11|-x16
20260702,106,1.0,mid_cross,0.3,0.02,False,False,False,False,False,nan,nan,nan,,0.5502722813318993,0.3660069200708731,0.00605146672324227,-0.005435014643738224,clearance_ground+foot_ground_before_ready,clearance_ground+foot_ground_before_ready,0,1,+x27,+x4|-x10
20260702,107,1.0,mid_cross,0.3,0.02,False,False,False,False,False,nan,nan,nan,,0.6129282177634943,0.44433127941122463,-0.005849028582325975,-0.008923862811945165,clearance_ground+foot_ground_before_ready,clearance_ground+foot_ground_before_ready,0,1,+x21,+x4|-x7
20260702,108,1.0,pre_cross,0.3,0.02,False,False,False,False,False,nan,nan,nan,,1.3056570088640485,0.9767622181244491,-0.005203477433680298,-0.006386196980937751,clearance_ground+foot_ground_bad_clearance,clearance_ground+foot_ground_bad_clearance,0,1,+x11,+x5|-x6
20260702,109,1.0,touchdown,0.3,0.02,True,True,True,True,True,0.5288448539480802,0.5288448539480802,0.0,False,0.014519654390017156,0.014519654390017156,0.0011002956774340544,0.0011002956774340544,success,success,0,0,+x6,+x6
20260702,110,1.0,mid_cross,0.3,0.02,False,False,False,False,False,nan,nan,nan,,1.034326196771458,1.007676863811482,0.060876968713493844,0.034547628351659886,clearance_ground+foot_ground_before_ready,clearance_ground+foot_ground_before_ready,0,1,+x24,+x6|-x9
20260702,111,1.0,mid_cross,0.3,0.02,False,False,False,False,False,nan,nan,nan,,0.8269295338361121,0.7880880444888931,0.11074994810143454,0.0650456120319399,clearance_ground+foot_ground_before_ready,clearance_ground+foot_ground_before_ready,0,1,+x25,+x6|-x11
20260702,112,1.0,pre_cross,0.3,0.02,False,False,False,False,False,nan,nan,nan,,0.7882862195449258,0.7408175765435613,-0.10288974264192027,-0.013340214274612433,clearance_ground+foot_ground_before_ready,speed,0,1,+x31,+x6|-x7
20260702,113,1.0,pre_cross,0.3,0.02,False,False,False,False,False,nan,nan,nan,,1.9354761363644164,1.095313171685565,0.21471799756700008,0.0879806754646234,q1_low_limit,clearance_ground+foot_ground_before_ready,0,1,+x29,+x6|-x9
20260702,114,1.0,mid_cross,0.3,0.02,False,False,False,False,False,nan,nan,nan,,0.2779669982600922,0.39122368068340674,0.07778915773459899,0.04831232485394837,clearance_ground+foot_ground_before_ready,clearance_ground+foot_ground_before_ready,0,5,+x18,+x3|-x2|+x1|-x1|+x2|-x4
20260702,115,1.0,mid_cross,0.3,0.02,True,False,True,False,False,1.2037742692022981,nan,nan,,1.0495237256113816,0.7601351484694061,0.03494045975419002,0.01908373722324261,success,clearance_ground+foot_ground_bad_clearance,0,3,+x13,+x5|-x5|+x1|-x1
20260702,116,1.0,touchdown,0.3,0.02,True,True,False,False,False,nan,nan,nan,,0.26900647617483936,0.26900647617483936,-0.01427280373165335,-0.01427280373165335,success,success,0,0,-x5,-x5
20260702,117,1.0,pre_cross,0.3,0.02,False,False,False,False,False,nan,nan,nan,,0.6378684175501522,0.6777806502157319,-0.020565161084101433,-0.02028443216024063,clearance_ground+foot_ground_before_ready,clearance_ground+foot_ground_before_ready,0,1,+x13,+x6|-x7
20260702,118,1.0,mid_cross,0.3,0.02,False,False,False,False,False,nan,nan,nan,,0.23348241739765557,0.15631515917353953,-0.06438561094885621,-0.04925507159167011,clearance_ground+foot_ground_before_ready,clearance_ground+foot_ground_before_ready,0,1,+x21,+x2|-x12
20260702,119,1.0,mid_cross,0.3,0.02,False,False,False,False,False,nan,nan,nan,,0.31024475959463915,0.05398788878164769,-0.03980156288573207,-0.02315810128300554,clearance_ground+foot_ground_before_ready,clearance_ground+foot_ground_bad_clearance,0,1,+x25,+x1|-x8
20260702,120,1.0,touchdown,0.3,0.02,False,False,False,False,False,nan,nan,nan,,0.1293342461524988,0.1293342461524988,-0.008992407791811846,-0.008992407791811846,clearance_ground+foot_ground_before_ready,clearance_ground+foot_ground_before_ready,0,0,-x9,-x9
20260702,121,1.0,touchdown,0.35,0.0,True,True,True,True,True,2.479615196921902,2.479615196921902,0.0,False,0.08862681160320113,0.08862681160320113,0.0014323931872263496,0.0014323931872263496,success,success,0,0,-x5,-x5
20260702,122,1.0,mid_cross,0.35,0.0,False,False,False,False,False,nan,nan,nan,,0.1512322682723674,0.42602348547492175,-0.03559308312736181,-0.03249372355835772,clearance_ground+foot_ground_before_ready,clearance_ground+foot_ground_before_ready,0,1,+x16,+x1|-x14
20260702,123,1.0,touchdown,0.35,0.0,False,True,False,True,False,nan,0.08555412209047761,nan,,0.05756563952455337,0.09406308894177298,0.0687318866438755,0.04406154361627043,clearance_ground+foot_ground_before_ready,success,0,2,+x13,+x5|-x1|+x3
20260702,124,1.0,touchdown,0.35,0.0,True,True,False,False,False,nan,nan,nan,,0.018932548141351965,0.018932548141351965,-0.010016206307288167,-0.010016206307288167,success,success,0,0,+x4,+x4
20260702,125,1.0,mid_cross,0.35,0.0,False,False,False,False,False,nan,nan,nan,,0.7085743962316249,0.8029404192657054,0.06836505803283106,0.0822157695814211,clearance_ground+foot_ground_before_ready,clearance_ground+foot_ground_before_ready,0,1,+x28,+x12|-x19
20260702,126,1.0,mid_cross,0.35,0.0,False,False,False,False,False,nan,nan,nan,,0.40028927231107325,0.5216512954532088,0.017002714133844247,0.03224685072335001,clearance_ground+foot_ground_before_ready,clearance_ground+foot_ground_before_ready,0,1,+x22,+x10|-x18
20260702,127,1.0,touchdown,0.35,0.0,True,True,True,True,True,0.021185442551719693,0.021185442551719693,0.0,False,0.013823483338162641,0.013823483338162641,0.02614937801724332,0.02614937801724332,success,success,0,0,+x8,+x8
20260702,128,1.0,touchdown,0.35,0.0,True,True,False,False,False,nan,nan,nan,,0.0967052040224009,0.0967052040224009,-0.006117345345912989,-0.006117345345912989,success,success,0,0,-x4,-x4
20260702,129,1.0,touchdown,0.35,0.0,True,True,True,True,True,0.03165465382194089,0.03165465382194089,0.0,False,0.020164373014045296,0.020164373014045296,0.025528692067726705,0.025528692067726705,success,success,0,0,+x7,+x7
20260702,130,1.0,touchdown,0.35,0.0,True,True,True,True,True,0.5426126852157975,0.17618660491895966,-0.3664260802968379,True,0.2083162161346958,0.06962282936959192,0.015385603865363473,0.01583653598754281,success,success,0,1,-x6,-x5|+x1
20260702,131,1.0,mid_cross,0.35,0.0,False,False,False,False,False,nan,nan,nan,,0.18741871145269415,0.2709471831991504,0.028527352429919557,0.023591947021562802,clearance_ground+foot_ground_before_ready,clearance_ground+foot_ground_before_ready,0,5,+x14,+x7|-x1|+x2|-x1|+x1|-x1
20260702,132,1.0,touchdown,0.35,0.0,True,True,False,False,False,nan,nan,nan,,0.3711159092054691,0.3711159092054691,-0.026419740116615353,-0.026419740116615353,success,success,0,0,-x7,-x7
20260702,133,1.0,touchdown,0.35,0.0,False,False,False,False,False,nan,nan,nan,,0.294807024166646,0.294807024166646,-0.022422662932528814,-0.022422662932528814,clearance_ground+foot_ground_before_ready,clearance_ground+foot_ground_before_ready,0,0,-x11,-x11
20260702,134,1.0,mid_cross,0.35,0.0,False,False,False,False,False,nan,nan,nan,,0.5882728502753706,0.6284569470920346,0.03540859545831196,0.011980316956340206,clearance_ground+foot_ground_before_ready,clearance_ground+foot_ground_before_ready,0,1,+x24,+x5|-x9
20260702,135,1.0,pre_cross,0.35,0.0,False,False,False,False,False,nan,nan,nan,,1.9676590376589231,1.5366778172669668,0.048983791592424816,0.04055810044468065,clearance_ground+foot_ground_bad_clearance,clearance_ground+foot_ground_bad_clearance,0,1,+x16,+x8|-x7
20260702,136,1.0,mid_cross,0.35,0.0,False,False,False,False,False,nan,nan,nan,,0.5601919320703654,0.3963892710231385,0.0911884670196061,0.07279691222336372,clearance_ground+foot_ground_before_ready,clearance_ground+foot_ground_before_ready,0,2,+x14,+x4|-x7|+x2
20260702,137,1.0,touchdown,0.35,0.0,False,False,False,False,False,nan,nan,nan,,0.3440734660705384,0.3440734660705384,-0.01496193436016413,-0.01496193436016413,clearance_ground+foot_ground_before_ready,clearance_ground+foot_ground_before_ready,0,0,-x9,-x9
20260702,138,1.0,touchdown,0.35,0.0,True,True,True,True,True,0.024178013129601793,0.03384962621150534,0.009671613081903549,False,0.013323639512937377,0.018602486151243186,0.02208430188849836,0.022024117891505435,success,success,0,1,+x5,+x3|-x2
20260702,139,1.0,touchdown,0.35,0.0,False,False,False,False,False,nan,nan,nan,,0.373699155825706,0.373699155825706,-0.030536750421296763,-0.030536750421296763,clearance_ground+foot_ground_before_ready,clearance_ground+foot_ground_before_ready,0,0,-x12,-x12
20260702,140,1.0,mid_cross,0.35,0.0,False,False,False,False,False,nan,nan,nan,,0.33854802660239225,0.45048003332806735,0.06802192028463525,0.030409158932447954,clearance_ground+foot_ground_before_ready,clearance_ground+foot_ground_before_ready,0,3,+x24,+x3|-x7|+x1|-x3
20260702,141,1.0,mid_cross,0.35,0.0,False,False,False,False,False,nan,nan,nan,,0.17010687397007204,0.16664272704609917,-0.010270769025825549,-0.0098517877471834,clearance_ground+foot_ground_before_ready,clearance_ground+foot_ground_before_ready,0,1,+x15,+x1|-x13
20260702,142,1.0,mid_cross,0.35,0.0,False,False,False,False,False,nan,nan,nan,,0.17141853053266765,0.17532407530575386,0.0232713853580961,0.02041639627820767,clearance_ground+foot_ground_before_ready,clearance_ground+foot_ground_before_ready,0,1,+x19,+x6|-x10
20260702,143,1.0,pre_cross,0.35,0.0,False,False,False,False,False,nan,nan,nan,,0.9868211322300972,4.00701333258622,0.009555355988631525,-0.1157146528104381,clearance_ground+foot_ground_before_ready,clearance_ground+foot_ground_before_ready,0,1,+x28,+x9|-x28
20260702,144,1.0,touchdown,0.35,0.0,True,True,True,True,True,0.12392445447814864,0.12392445447814864,0.0,False,0.014005858722734622,0.014005858722734622,0.00452933179534179,0.00452933179534179,success,success,0,0,+x6,+x6
20260702,145,1.0,touchdown,0.35,0.0,True,True,True,True,True,0.026993631351066978,0.026993631351066978,0.0,False,0.014240385385685648,0.014240385385685648,0.02114179418866441,0.02114179418866441,success,success,0,0,+x6,+x6
20260702,146,1.0,touchdown,0.35,0.0,True,True,False,False,False,nan,nan,nan,,0.24491343294072052,0.24491343294072052,-0.0099980504177887,-0.0099980504177887,success,success,0,0,-x7,-x7
20260702,147,1.0,mid_cross,0.35,0.0,False,False,False,False,False,nan,nan,nan,,0.38319563716257604,0.38319563716257604,-0.04581973345536011,-0.04581973345536011,clearance_ground+foot_ground_before_ready,clearance_ground+foot_ground_before_ready,0,0,-x19,-x19
20260702,148,1.0,touchdown,0.35,0.0,False,False,False,False,False,nan,nan,nan,,0.26266549168654457,0.26266549168654457,-0.016039278031341087,-0.016039278031341087,clearance_ground+foot_ground_before_ready,clearance_ground+foot_ground_before_ready,0,0,-x9,-x9
20260702,149,1.0,touchdown,0.35,0.0,True,True,True,True,True,0.02976549613517318,0.02976549613517318,0.0,False,0.009842818432724623,0.009842818432724623,0.013252193195554457,0.013252193195554457,success,success,0,0,+x6,+x6
20260702,150,1.0,touchdown,0.35,0.0,False,False,False,False,False,nan,nan,nan,,0.017254758625373914,0.017254758625373914,0.011052205083053102,0.009970759932183493,clearance_ground+foot_ground_before_ready,clearance_ground+foot_ground_before_ready,0,1,+x14,+x7|-x6
20260702,151,1.0,mid_cross,0.35,0.0,False,False,False,False,False,nan,nan,nan,,0.1636499402719126,0.3100241866752985,0.025855920460209875,0.019376889985148624,clearance_ground+foot_ground_before_ready,clearance_ground+foot_ground_before_ready,0,5,+x13,+x6|-x1|+x1|-x1|+x2|-x1
20260702,152,1.0,pre_cross,0.35,0.0,False,False,False,False,False,nan,nan,nan,,1.3015816918902683,0.9312935453898525,0.041315294163011,0.038306689337435355,clearance_ground+foot_ground_before_ready,clearance_ground+foot_ground_bad_clearance,0,1,+x11,+x5|-x6
20260702,153,1.0,mid_cross,0.35,0.0,False,False,False,False,False,nan,nan,nan,,0.9345450700945418,0.8937962490124358,0.10794314996056566,0.06231645912509452,clearance_ground+foot_ground_before_ready,clearance_ground+foot_ground_before_ready,0,1,+x25,+x7|-x10
20260702,154,1.0,mid_cross,0.35,0.0,False,False,False,False,False,nan,nan,nan,,0.8792515982770445,0.6204730603654093,0.11480666139909557,0.0820784318795881,clearance_ground+foot_ground_before_ready,clearance_ground+foot_ground_bad_clearance,0,2,+x17,+x5|-x6|+x3
20260702,155,1.0,touchdown,0.35,0.0,False,False,False,False,False,nan,nan,nan,,0.22786842490530718,0.22786842490530718,-0.02526536598245116,-0.02526536598245116,clearance_ground+foot_ground_before_ready,clearance_ground+foot_ground_before_ready,0,0,-x9,-x9
20260702,156,1.0,mid_cross,0.35,0.0,False,False,False,False,False,nan,nan,nan,,1.1619452467399547,0.9122014211356367,0.06809123222952543,0.05865080766746304,clearance_ground+foot_ground_before_ready,clearance_ground+foot_ground_before_ready,0,1,+x24,+x6|-x15
20260702,157,1.0,pre_cross,0.35,0.0,False,False,False,False,False,nan,nan,nan,,1.358694726084467,1.0379883549588904,0.03352739945867695,0.014211388907489318,clearance_ground+foot_ground_before_ready,clearance_ground+foot_ground_before_ready,0,1,+x23,+x5|-x8
20260702,158,1.0,touchdown,0.35,0.0,True,True,False,False,False,nan,nan,nan,,0.46024215998606743,0.46024215998606743,-0.0376662017077902,-0.0376662017077902,success,success,0,0,-x9,-x9
20260702,159,1.0,touchdown,0.35,0.0,False,False,False,False,False,nan,nan,nan,,0.4378152962421179,0.4378152962421179,-0.027917026690455704,-0.027917026690455704,clearance_ground+foot_ground_before_ready,clearance_ground+foot_ground_before_ready,0,0,-x11,-x11
20260702,160,1.0,touchdown,0.35,0.0,True,True,False,False,False,nan,nan,nan,,0.14302479266383955,0.14302479266383955,-0.0016462001524359948,-0.0016462001524359948,success,success,0,0,-x4,-x4
20260702,161,1.0,touchdown,0.35,0.01,True,True,True,True,True,0.022724645627305175,0.022724645627305175,0.0,False,0.004333824491758403,0.004333824491758403,0.007642854830526041,0.007642854830526041,success,success,0,1,+x7,+x5|-x2
20260702,162,1.0,mid_cross,0.35,0.01,False,False,False,False,False,nan,nan,nan,,0.12050353328238893,0.12050353328238893,-0.02311859196716015,-0.02311859196716015,clearance_ground+foot_ground_before_ready,clearance_ground+foot_ground_before_ready,0,0,-x12,-x12
20260702,163,1.0,touchdown,0.35,0.01,True,True,True,True,True,0.03059061464329249,0.03059061464329249,0.0,False,0.012867797086133765,0.012867797086133765,0.0168576646902015,0.0168576646902015,success,success,0,0,+x6,+x6
20260702,164,1.0,mid_cross,0.35,0.01,False,False,False,False,False,nan,nan,nan,,0.32758225364018334,0.4676412775611489,0.0539739747121654,0.024096892406498663,clearance_ground+foot_ground_before_ready,clearance_ground+foot_ground_before_ready,0,1,+x26,+x4|-x11
20260702,165,1.0,pre_cross,0.35,0.01,False,False,False,False,False,nan,nan,nan,,1.5974303220627557,1.2306604993639105,0.04629186796389848,0.042018721292801264,clearance_ground+foot_ground_before_ready,clearance_ground+foot_ground_bad_clearance,0,1,+x13,+x6|-x7
20260702,166,1.0,touchdown,0.35,0.01,True,True,False,False,False,nan,nan,nan,,0.29862744416470044,0.29862744416470044,-0.004340871840032123,-0.004340871840032123,success,success,0,0,-x5,-x5
20260702,167,1.0,mid_cross,0.35,0.01,False,False,False,False,False,nan,nan,nan,,0.15655687976856322,0.36012068946313913,-0.02750610829127538,-0.023389210825274478,clearance_ground+foot_ground_before_ready,clearance_ground+foot_ground_before_ready,0,1,+x20,+x1|-x15
20260702,168,1.0,touchdown,0.35,0.01,False,False,False,False,False,nan,nan,nan,,0.008845272274993652,0.008845272274993652,0.029466505972626622,0.029466505972626622,clearance_ground+foot_ground_before_ready,clearance_ground+foot_ground_before_ready,0,1,+x11,+x5|-x6
20260702,169,1.0,pre_cross,0.35,0.01,False,False,False,False,False,nan,nan,nan,,0.7570480687008323,0.7989211063717215,0.0667705649783399,0.07426869237313637,clearance_ground+foot_ground_before_ready,clearance_ground+foot_ground_before_ready,0,1,+x22,+x7|-x17
20260702,170,1.0,touchdown,0.35,0.01,True,True,False,False,False,nan,nan,nan,,0.01174593298250199,0.01174593298250199,8.120899826496997e-05,8.120899826496997e-05,success,success,0,0,+x3,+x3
20260702,171,1.0,touchdown,0.35,0.01,False,False,False,False,False,nan,nan,nan,,0.26844985926091686,0.26844985926091686,-0.026445282930926822,-0.026445282930926822,clearance_ground+foot_ground_before_ready,clearance_ground+foot_ground_before_ready,0,0,-x13,-x13
20260702,172,1.0,touchdown,0.35,0.01,True,True,False,False,False,nan,nan,nan,,0.36888814160695876,0.6386791943625868,-0.007688108445680075,-0.008262958929064146,success,success,0,2,-x7,-x3|+x2|-x3
20260702,173,1.0,mid_cross,0.35,0.01,False,False,False,False,False,nan,nan,nan,,0.3320193775605243,0.4550315248633447,-0.059558567276827054,-0.07064358907882196,clearance_ground+foot_ground_before_ready,clearance_ground+foot_ground_before_ready,0,1,+x20,+x9|-x17
20260702,174,1.0,touchdown,0.35,0.01,False,False,False,False,False,nan,nan,nan,,0.2010068560043839,0.2010068560043839,-0.011299612751732024,-0.011299612751732024,clearance_ground+foot_ground_before_ready,clearance_ground+foot_ground_before_ready,0,0,-x10,-x10
20260702,175,1.0,touchdown,0.35,0.01,False,False,False,False,False,nan,nan,nan,,0.35298278728277943,0.35298278728277943,-0.013263229206800453,-0.013263229206800453,clearance_ground+foot_ground_before_ready,clearance_ground+foot_ground_before_ready,0,0,-x7,-x7
20260702,176,1.0,touchdown,0.35,0.01,True,True,True,True,True,0.03306840453784245,0.03306840453784245,0.0,False,0.00913053250519845,0.00913053250519845,0.01106532758427245,0.01106532758427245,success,success,0,0,+x6,+x6
20260702,177,1.0,pre_cross,0.35,0.01,False,False,False,False,False,nan,nan,nan,,2.0489404151727766,1.5641421554841102,0.03953574325267381,0.029956935247153205,clearance_ground+foot_ground_before_ready,clearance_ground+foot_ground_bad_clearance,0,1,+x14,+x6|-x7
20260702,178,1.0,mid_cross,0.35,0.01,False,False,False,False,False,nan,nan,nan,,0.10872529298407943,0.10872529298407943,-0.005136794049283161,-0.005136794049283161,clearance_ground+foot_ground_before_ready,clearance_ground+foot_ground_before_ready,0,0,-x11,-x11
20260702,179,1.0,touchdown,0.35,0.01,False,False,False,False,False,nan,nan,nan,,0.40943130702059566,0.40943130702059566,-0.016418102261950285,-0.016418102261950285,clearance_ground+foot_ground_before_ready,clearance_ground+foot_ground_before_ready,0,0,-x9,-x9
20260702,180,1.0,mid_cross,0.35,0.01,False,False,False,False,False,nan,nan,nan,,1.2920918684348157,0.9772033254310352,0.06558492622219106,0.02127912417435862,clearance_ground+foot_ground_before_ready,clearance_ground+foot_ground_before_ready,0,1,+x27,+x7|-x8
20260702,181,1.0,touchdown,0.35,0.01,True,True,True,True,True,0.05775299119378801,0.12184773100424591,0.0640947398104579,False,0.057721656576506776,0.1037222799716559,0.04005398350029843,0.03411426500472178,success,success,0,2,+x9,+x6|-x1|+x1
20260702,182,1.0,pre_cross,0.35,0.01,False,False,False,False,False,nan,nan,nan,,0.5172045807672956,0.3065340383376293,-0.014022526866765944,-0.013059659471666263,clearance_ground+foot_ground_bad_clearance,clearance_ground+foot_ground_before_ready,0,1,+x6,+x3|-x3
20260702,183,1.0,mid_cross,0.35,0.01,False,False,False,False,False,nan,nan,nan,,0.3600835704781304,0.3873737069323415,0.09819152529715773,0.11151375612408833,clearance_ground+foot_ground_before_ready,clearance_ground+foot_ground_before_ready,0,1,+x24,+x14|-x12
20260702,184,1.0,touchdown,0.35,0.01,True,True,False,False,False,nan,nan,nan,,0.9738556016240386,0.9738556016240386,-0.022877140690408165,-0.022877140690408165,success,success,0,0,-x7,-x7
20260702,185,1.0,touchdown,0.35,0.01,True,True,True,True,True,0.07618005960936798,0.07618005960936798,0.0,False,0.003304508544294127,0.003304508544294127,0.001738389065061352,0.001738389065061352,success,success,0,0,+x4,+x4
20260702,186,1.0,touchdown,0.35,0.01,True,True,False,False,False,nan,nan,nan,,1.1444698562304656,1.1444698562304656,-0.015309368176184335,-0.015309368176184335,success,success,0,0,-x6,-x6
20260702,187,1.0,touchdown,0.35,0.01,True,False,True,False,False,3.068929224449787,nan,nan,,0.3996574531030342,0.055715540634606237,0.005218941803546651,0.02355083031642491,success,clearance_ground+foot_ground_before_ready,0,1,-x5,-x1|+x10
20260702,188,1.0,touchdown,0.35,0.01,True,True,False,False,False,nan,nan,nan,,1.118926443510074,1.118926443510074,-0.01939041956925794,-0.01939041956925794,success,success,0,0,-x7,-x7
20260702,189,1.0,mid_cross,0.35,0.01,False,False,False,False,False,nan,nan,nan,,0.866001299276635,0.9440900303992493,0.09686672765063573,0.04969975407256235,clearance_ground+foot_ground_before_ready,clearance_ground+foot_ground_before_ready,0,1,+x28,+x6|-x10
20260702,190,1.0,mid_cross,0.35,0.01,False,False,False,False,False,nan,nan,nan,,0.44979832461242514,0.5250082898920965,-0.04502896418822647,-0.031055891195550134,clearance_ground+foot_ground_before_ready,clearance_ground+foot_ground_before_ready,0,1,+x20,+x3|-x10
20260702,191,1.0,pre_cross,0.35,0.01,False,False,False,False,False,nan,nan,nan,,0.9096514072992062,3.4307385635032936,-0.058300804559342,-0.027182354349131813,clearance_ground+foot_ground_before_ready,clearance_ground+foot_ground_before_ready,0,1,+x44,+x13|-x17
20260702,192,1.0,mid_cross,0.35,0.01,False,False,False,False,False,nan,nan,nan,,0.71693676611031,1.0637565121666444,0.004328856142648682,0.02148147101614828,clearance_ground+foot_ground_before_ready,clearance_ground+foot_ground_before_ready,0,1,+x31,+x14|-x23
20260702,193,1.0,mid_cross,0.35,0.01,False,False,False,False,False,nan,nan,nan,,0.09129074192557357,0.4150379379964531,-0.027848342502619604,-0.025657872726290713,clearance_ground+foot_ground_before_ready,clearance_ground+foot_ground_before_ready,0,1,+x16,+x3|-x13
20260702,194,1.0,mid_cross,0.35,0.01,False,False,False,False,False,nan,nan,nan,,0.1964869205530492,0.22304875062667476,0.031168867665385028,0.023852399501053126,clearance_ground+foot_ground_before_ready,clearance_ground+foot_ground_before_ready,0,1,+x19,+x6|-x10
20260702,195,1.0,mid_cross,0.35,0.01,False,False,False,False,False,nan,nan,nan,,0.6028624076344985,0.619654545284606,0.06872760935045784,0.060243191875150995,clearance_ground+foot_ground_before_ready,clearance_ground+foot_ground_before_ready,0,1,+x24,+x6|-x15
20260702,196,1.0,mid_cross,0.35,0.01,False,False,False,False,False,nan,nan,nan,,0.8948932200497688,0.6146255599707356,0.02598615775390864,0.018536585556205548,clearance_ground+foot_ground_before_ready,clearance_ground+foot_ground_before_ready,0,1,+x12,+x4|-x7
20260702,197,1.0,pre_cross,0.35,0.01,False,False,False,False,False,nan,nan,nan,,0.6662815143986744,0.7796769489539603,0.1193692688941645,0.13766687708464748,clearance_ground+foot_ground_before_ready,clearance_ground+foot_ground_before_ready,0,1,+x33,+x21|-x16
20260702,198,1.0,mid_cross,0.35,0.01,False,False,False,False,False,nan,nan,nan,,0.5466567708888146,0.0602620835388997,-0.010527167884860578,-0.016865188817385468,clearance_ground+foot_ground_before_ready,clearance,0,1,+x25,+x2|-x5
20260702,199,1.0,pre_cross,0.35,0.01,False,False,False,False,False,nan,nan,nan,,0.6156694868630839,0.6422099429247687,0.048713476447958044,0.03737024296035217,clearance_ground+foot_ground_before_ready,clearance_ground+foot_ground_before_ready,0,1,+x28,+x8|-x13
20260702,200,1.0,touchdown,0.35,0.01,False,False,False,False,False,nan,nan,nan,,0.6793391088398933,0.6793391088398933,-0.05700612221045956,-0.05700612221045956,clearance_ground+foot_ground_before_ready,clearance_ground+foot_ground_before_ready,0,0,-x9,-x9
20260702,201,1.0,touchdown,0.35,0.02,True,True,False,False,False,nan,nan,nan,,0.3629695783998398,0.3629695783998398,-0.014456880323588606,-0.014456880323588606,success,success,0,0,-x6,-x6
20260702,202,1.0,pre_cross,0.35,0.02,False,False,False,False,False,nan,nan,nan,,2.356689914526658,1.4468786956814226,0.05497423769697918,0.04569953151514476,clearance_ground+foot_ground_before_ready,clearance_ground+foot_ground_bad_clearance,0,1,+x14,+x6|-x7
20260702,203,1.0,mid_cross,0.35,0.02,False,False,False,False,False,nan,nan,nan,,0.8808140481629774,0.9658134846989994,0.04090484705704667,0.021496389446980638,clearance_ground+foot_ground_before_ready,clearance_ground+foot_ground_before_ready,0,1,+x26,+x5|-x11
20260702,204,1.0,touchdown,0.35,0.02,False,False,False,False,False,nan,nan,nan,,0.34081864349029756,0.4042615420253588,-0.0006676765522883876,0.003477791192637303,clearance_ground+foot_ground_before_ready,clearance_ground+foot_ground_before_ready,0,2,-x9,-x1|+x3|-x6
20260702,205,1.0,touchdown,0.35,0.02,False,False,False,False,False,nan,nan,nan,,0.23245075453659175,0.23245075453659175,-0.014024765545282508,-0.014024765545282508,clearance_ground+foot_ground_before_ready,clearance_ground+foot_ground_before_ready,0,0,-x9,-x9
20260702,206,1.0,touchdown,0.35,0.02,False,False,False,False,False,nan,nan,nan,,0.3031145258745089,0.3031145258745089,-0.03941174960355641,-0.03941174960355641,clearance_ground+foot_ground_before_ready,clearance_ground+foot_ground_before_ready,0,0,-x11,-x11
20260702,207,1.0,touchdown,0.35,0.02,True,True,False,False,False,nan,nan,nan,,0.5707038860793715,0.5707038860793715,-0.005260181466014785,-0.005260181466014785,success,success,0,0,-x7,-x7
20260702,208,1.0,touchdown,0.35,0.02,True,True,False,False,False,nan,nan,nan,,0.11701269352150855,0.11701269352150855,-0.008483912080589795,-0.008483912080589795,success,success,0,0,-x4,-x4
20260702,209,1.0,touchdown,0.35,0.02,True,True,False,False,False,nan,nan,nan,,0.020644250566572583,0.020644250566572583,-0.0015304306559762726,-0.0015304306559762726,success,success,0,0,+x5,+x5
20260702,210,1.0,mid_cross,0.35,0.02,False,False,False,False,False,nan,nan,nan,,0.7744267778630396,0.7663106227888301,0.1731682442804172,0.11567326723688257,clearance_ground+foot_ground_before_ready,clearance_ground+foot_ground_before_ready,0,1,+x26,+x9|-x10
20260702,211,1.0,touchdown,0.35,0.02,True,True,True,True,True,0.09181958431039264,0.09181958431039264,0.0,False,0.012855410020225276,0.012855410020225276,0.005610893444141174,0.005610893444141174,success,success,0,0,+x6,+x6
20260702,212,1.0,mid_cross,0.35,0.02,False,False,False,False,False,nan,nan,nan,,0.2996880183667863,0.1581609084505441,-0.05852964119669821,-0.02782308874726523,clearance_ground+foot_ground_before_ready,clearance_ground+foot_ground_before_ready,0,1,+x22,+x2|-x9
20260702,213,1.0,touchdown,0.35,0.02,False,False,False,False,False,nan,nan,nan,,0.19084288828505339,0.19084288828505339,-0.01473809470673959,-0.01473809470673959,clearance_ground+foot_ground_before_ready,clearance_ground+foot_ground_before_ready,0,0,-x10,-x10
20260702,214,1.0,mid_cross,0.35,0.02,False,False,False,False,False,nan,nan,nan,,0.5063118871048881,0.5469496983113628,0.04176065909095581,0.048803869313562065,clearance_ground+foot_ground_before_ready,clearance_ground+foot_ground_before_ready,0,1,+x20,+x13|-x10
20260702,215,1.0,touchdown,0.35,0.02,True,True,True,True,True,0.2538045835762017,0.2538045835762017,0.0,False,0.021548099276471507,0.021548099276471507,0.003402443461929139,0.003402443461929139,success,success,0,0,+x6,+x6
20260702,216,1.0,pre_cross,0.35,0.02,False,False,False,False,False,nan,nan,nan,,1.096672678668783,1.0887502439946404,-0.004934888582695314,-0.005619381145727437,clearance_ground+foot_ground_before_ready,clearance_ground+foot_ground_bad_clearance,0,1,+x13,+x6|-x7
20260702,217,1.0,touchdown,0.35,0.02,False,False,False,False,False,nan,nan,nan,,0.5922245043655396,0.5922245043655396,-0.08800150885319027,-0.08800150885319027,clearance_ground+foot_ground_before_ready,clearance_ground+foot_ground_before_ready,0,0,-x14,-x14
20260702,218,1.0,mid_cross,0.35,0.02,False,False,False,False,False,nan,nan,nan,,0.8793322395861635,0.9220826588361016,0.03498176801209741,0.0414706400195758,clearance_ground+foot_ground_before_ready,clearance_ground+foot_ground_before_ready,0,1,+x24,+x6|-x21
20260702,219,1.0,touchdown,0.35,0.02,False,False,False,False,False,nan,nan,nan,,0.398325856136181,0.398325856136181,-0.015450071840953011,-0.015450071840953011,clearance_ground+foot_ground_before_ready,clearance_ground+foot_ground_before_ready,0,0,-x12,-x12
20260702,220,1.0,mid_cross,0.35,0.02,False,False,False,False,False,nan,nan,nan,,0.23079054510057254,0.30595093866403456,0.003990320954945035,-0.0024150247798942065,clearance_ground+foot_ground_before_ready,clearance_ground+foot_ground_before_ready,0,1,+x21,+x3|-x10
20260702,221,1.0,touchdown,0.35,0.02,True,True,False,False,False,nan,nan,nan,,0.014590983226102219,0.014590983226102219,-0.004394299791660949,-0.004394299791660949,success,success,0,0,+x5,+x5
20260702,222,1.0,touchdown,0.35,0.02,False,False,False,False,False,nan,nan,nan,,0.3324541087929313,0.3324541087929313,-0.018307536290879556,-0.018307536290879556,clearance_ground+foot_ground_before_ready,clearance_ground+foot_ground_before_ready,0,0,-x10,-x10
20260702,223,1.0,pre_cross,0.35,0.02,False,False,False,False,False,nan,nan,nan,,1.490497478088528,1.0908532776827051,-6.900443970548481e-05,-0.004425194832759251,speed,clearance,0,1,+x17,+x6|-x7
20260702,224,1.0,mid_cross,0.35,0.02,False,False,False,False,False,nan,nan,nan,,0.13486385671562603,0.13486385671562603,-0.01863689235448268,-0.01863689235448268,clearance_ground+foot_ground_before_ready,clearance_ground+foot_ground_before_ready,0,0,-x12,-x12
20260702,225,1.0,mid_cross,0.35,0.02,False,False,False,False,False,nan,nan,nan,,0.14825197987989489,0.1166829745538781,-0.018618138104020035,-0.015395568094091067,clearance_ground+foot_ground_before_ready,clearance_ground+foot_ground_before_ready,0,1,+x19,+x2|-x15
20260702,226,1.0,touchdown,0.35,0.02,False,False,False,False,False,nan,nan,nan,,0.43892991324543,0.43892991324543,-0.017396155086215753,-0.017396155086215753,clearance_ground+foot_ground_before_ready,clearance_ground+foot_ground_before_ready,0,0,-x12,-x12
20260702,227,1.0,touchdown,0.35,0.02,False,False,False,False,False,nan,nan,nan,,0.037737039431819205,0.25850005940236187,0.017436775558518608,0.008235771591721452,clearance_ground+foot_ground_before_ready,clearance_ground+foot_ground_before_ready,0,1,+x14,+x3|-x8
20260702,228,1.0,mid_cross,0.35,0.02,False,False,False,False,False,nan,nan,nan,,1.0928886491577359,1.0580704267443175,0.10746485830069127,0.054616740251963336,clearance_ground+foot_ground_before_ready,clearance_ground+foot_ground_before_ready,0,1,+x25,+x8|-x9
20260702,229,1.0,mid_cross,0.35,0.02,False,False,False,False,False,nan,nan,nan,,0.7559354417122446,0.5717851209779217,0.04266002906839314,0.012736052195293085,clearance_ground+foot_ground_before_ready,clearance_ground+foot_ground_before_ready,0,1,+x25,+x5|-x8
20260702,230,1.0,touchdown,0.35,0.02,True,True,True,True,True,0.009965893480873246,0.009965893480873246,0.0,False,0.0011616031908348657,0.0011616031908348657,0.004671140882316738,0.004671140882316738,success,success,0,0,+x1,+x1
20260702,231,1.0,touchdown,0.35,0.02,False,False,False,False,False,nan,nan,nan,,0.10782276158276115,0.10782276158276115,-0.02282698105437525,-0.02282698105437525,clearance_ground+foot_ground_before_ready,clearance_ground+foot_ground_before_ready,0,0,-x7,-x7
20260702,232,1.0,mid_cross,0.35,0.02,False,False,False,False,False,nan,nan,nan,,0.6122287418377566,0.45804538582050675,-0.007358407048554005,-0.013342748607710828,clearance_ground+foot_ground_before_ready,clearance_ground+foot_ground_before_ready,0,1,+x27,+x4|-x10
20260702,233,1.0,mid_cross,0.35,0.02,False,False,False,False,False,nan,nan,nan,,0.882256959469375,0.8644724281198355,0.14721017161196048,0.08702314901372599,q3_high_limit,clearance_ground+foot_ground_bad_clearance,0,3,+x40,+x7|-x4|+x1|-x4
20260702,234,1.0,touchdown,0.35,0.02,True,True,False,False,False,nan,nan,nan,,0.0044961872514763315,0.0044961872514763315,-0.0007803660861805672,-0.0007803660861805672,success,success,0,0,+x2,+x2
20260702,235,1.0,touchdown,0.35,0.02,True,True,True,True,True,0.02397292187229142,0.02397292187229142,0.0,False,0.007644251301823535,0.007644251301823535,0.012778956634538735,0.012778956634538735,success,success,0,0,+x5,+x5
20260702,236,1.0,pre_cross,0.35,0.02,False,False,False,False,False,nan,nan,nan,,0.6560469612952726,1.7520107220691146,-0.055538583690505225,-0.04428468010250468,clearance_ground+foot_ground_before_ready,clearance_ground+foot_ground_before_ready,0,1,+x35,+x18|-x15
20260702,237,1.0,mid_cross,0.35,0.02,False,False,False,False,False,nan,nan,nan,,0.3163977828971516,0.05317325979130488,-0.01880762265772009,-0.01618823432288213,clearance_ground+foot_ground_before_ready,clearance_ground+foot_ground_bad_clearance,0,1,+x14,+x2|-x6
20260702,238,1.0,touchdown,0.35,0.02,True,True,True,True,True,0.85537261967563,1.5128188980193713,0.6574462783437413,False,0.19151391889366942,0.4371769924734517,0.008972767390169306,0.011581152155782343,success,success,0,2,-x7,-x1|+x4|-x3
20260702,239,1.0,pre_cross,0.35,0.02,False,False,False,False,False,nan,nan,nan,,1.0373248143204565,1.0393457577604754,0.012168937849355728,0.01073776285319506,clearance_ground+foot_ground_before_ready,clearance_ground+foot_ground_before_ready,0,1,+x13,+x6|-x7
20260702,240,1.0,mid_cross,0.35,0.02,False,False,False,False,False,nan,nan,nan,,0.40650046486992625,0.7282659507479183,-0.08137320743934427,-0.09085233116956808,clearance_ground+foot_ground_before_ready,clearance_ground+foot_ground_before_ready,0,1,+x20,+x8|-x15
20260702,241,1.0,touchdown,0.4,0.0,True,True,True,True,True,1.5551001843320886,0.9322423249368876,-0.622857859395201,True,0.2237395672005374,0.22198801307827776,0.0057658830765883184,0.009542938345829921,success,success,0,3,-x7,-x4|+x3|-x1|+x1
20260702,242,1.0,touchdown,0.4,0.0,True,True,False,False,False,nan,nan,nan,,0.38080845560452875,0.38080845560452875,-0.028816579389319308,-0.028816579389319308,success,success,0,0,-x7,-x7
20260702,243,1.0,mid_cross,0.4,0.0,False,False,False,False,False,nan,nan,nan,,0.7725124256743121,0.8445845248801251,0.07691809180907286,0.0563990676874469,clearance_ground+foot_ground_before_ready,clearance_ground+foot_ground_before_ready,0,1,+x23,+x5|-x13
20260702,244,1.0,mid_cross,0.4,0.0,False,False,False,False,False,nan,nan,nan,,0.09334085131028591,0.09334085131028591,-0.026710569516218988,-0.026710569516218988,clearance_ground+foot_ground_before_ready,clearance_ground+foot_ground_before_ready,0,0,-x11,-x11
20260702,245,1.0,mid_cross,0.4,0.0,False,False,False,False,False,nan,nan,nan,,0.3691038508923188,0.5077838339432695,0.0648111619156562,0.04747384058487664,clearance_ground+foot_ground_before_ready,clearance_ground+foot_ground_before_ready,0,3,+x24,+x8|-x2|+x1|-x9
20260702,246,1.0,touchdown,0.4,0.0,True,True,True,True,True,0.051331970970318795,0.051331970970318795,0.0,False,0.017107093113618185,0.017107093113618185,0.013355793320073361,0.013355793320073361,success,success,0,0,+x5,+x5
20260702,247,1.0,pre_cross,0.4,0.0,False,False,False,False,False,nan,nan,nan,,0.9976455201698095,1.0182257573495725,0.017650981553270162,0.018230810715581885,speed,speed,0,1,+x20,+x9|-x7
20260702,248,1.0,touchdown,0.4,0.0,True,True,False,False,False,nan,nan,nan,,0.7699858836040372,0.7699858836040372,-0.023608031425935816,-0.023608031425935816,success,success,0,0,-x6,-x6
20260702,249,1.0,touchdown,0.4,0.0,False,False,False,False,False,nan,nan,nan,,0.25525677391065715,0.25525677391065715,-0.03160249054773481,-0.03160249054773481,clearance_ground+foot_ground_before_ready,clearance_ground+foot_ground_before_ready,0,0,-x11,-x11
20260702,250,1.0,mid_cross,0.4,0.0,False,False,False,False,False,nan,nan,nan,,0.8002873094713313,0.6005016040463722,0.015442142417017149,-0.011531687797676007,q1_low_limit,clearance_ground+foot_ground_before_ready,0,1,+x26,+x5|-x8
20260702,251,1.0,mid_cross,0.4,0.0,False,False,False,False,False,nan,nan,nan,,0.21615549796429342,0.3163419069836571,-0.04944864715021201,-0.039358972383911894,clearance_ground+foot_ground_before_ready,clearance_ground+foot_ground_before_ready,0,1,+x21,+x2|-x14
20260702,252,1.0,mid_cross,0.4,0.0,False,False,False,False,False,nan,nan,nan,,0.5783954451927316,0.7067096986238828,-0.0456222463407242,-0.03725024942970961,clearance_ground+foot_ground_before_ready,clearance_ground+foot_ground_before_ready,0,1,+x26,+x5|-x17
20260702,253,1.0,mid_cross,0.4,0.0,False,False,False,False,False,nan,nan,nan,,0.7286208406912804,0.7439367199479909,0.03842549783460214,0.02885336518186349,clearance_ground+foot_ground_before_ready,clearance_ground+foot_ground_before_ready,0,1,+x18,+x10|-x7
20260702,254,1.0,touchdown,0.4,0.0,True,True,True,True,True,2.4472831639941486,2.4472831639941486,0.0,False,0.5287979250240584,0.5287979250240584,0.008659382634131602,0.008659382634131602,success,success,0,0,-x5,-x5
20260702,255,1.0,pre_cross,0.4,0.0,False,False,False,False,False,nan,nan,nan,,0.84135000168565,0.8491751977617931,0.02236559279545009,0.01598023573740196,clearance_ground+foot_ground_before_ready,clearance_ground+foot_ground_before_ready,0,1,+x13,+x5|-x6
20260702,256,1.0,mid_cross,0.4,0.0,False,False,False,False,False,nan,nan,nan,,0.5665333712597129,0.4229556573520466,0.06724232979244843,0.02770146703091876,q1_low_limit,clearance_ground+foot_ground_before_ready,0,1,+x23,+x4|-x8
20260702,257,1.0,touchdown,0.4,0.0,True,True,False,False,False,nan,nan,nan,,0.022525555069711545,0.022525555069711545,-0.008703211274477873,-0.008703211274477873,success,success,0,0,+x9,+x9
20260702,258,1.0,mid_cross,0.4,0.0,False,False,False,False,False,nan,nan,nan,,0.23568549285435586,0.17874517086598016,-0.058832117430768396,-0.04087509064298818,clearance_ground+foot_ground_before_ready,clearance_ground+foot_ground_before_ready,0,1,+x24,+x2|-x16
20260702,259,1.0,mid_cross,0.4,0.0,False,False,False,False,False,nan,nan,nan,,0.41354020353075627,0.5855187873040936,-0.050547402565290916,-0.04818677621129655,clearance_ground+foot_ground_before_ready,clearance_ground+foot_ground_before_ready,0,1,+x22,+x5|-x18
20260702,260,1.0,mid_cross,0.4,0.0,False,False,False,False,False,nan,nan,nan,,0.14163627849587485,0.14163627849587485,-0.012919911030054868,-0.012919911030054868,clearance_ground+foot_ground_before_ready,clearance_ground+foot_ground_before_ready,0,0,-x14,-x14
20260702,261,1.0,pre_cross,0.4,0.0,False,False,False,False,False,nan,nan,nan,,0.8623693088167478,0.8627646522460055,-0.011599334360993634,-0.011655381564343974,clearance,clearance,0,1,+x14,+x11|-x3
20260702,262,1.0,mid_cross,0.4,0.0,False,False,False,False,False,nan,nan,nan,,0.9873107646589395,0.721063400457073,-0.013091084374762585,-0.015834155418736423,clearance_ground+foot_ground_before_ready,clearance_ground+foot_ground_before_ready,0,1,+x13,+x4|-x7
20260702,263,1.0,pre_cross,0.4,0.0,False,False,False,False,False,nan,nan,nan,,1.0201596426038178,0.9614238171824212,0.047672823294381064,0.023294778902994362,clearance_ground+foot_ground_before_ready,clearance_ground+foot_ground_before_ready,0,1,+x22,+x6|-x8
20260702,264,1.0,mid_cross,0.4,0.0,False,False,False,False,False,nan,nan,nan,,0.5653831345501585,0.5561811212346203,0.03506257471717704,0.03598727477264004,clearance_ground+foot_ground_before_ready,clearance_ground+foot_ground_before_ready,0,1,+x22,+x9|-x14
20260702,265,1.0,mid_cross,0.4,0.0,False,False,False,False,False,nan,nan,nan,,0.5056233415553976,0.4302685573700482,-0.060869612417892634,-0.03849457126866148,clearance_ground+foot_ground_before_ready,clearance_ground+foot_ground_before_ready,0,1,+x20,+x3|-x9
20260702,266,1.0,touchdown,0.4,0.0,True,True,True,True,True,0.0063033267966585045,0.0063033267966585045,0.0,False,0.005326619118225347,0.005326619118225347,0.03386594745942745,0.03386594745942745,success,success,0,0,+x8,+x8
20260702,267,1.0,touchdown,0.4,0.0,True,True,False,False,False,nan,nan,nan,,0.5645308583232319,0.5645308583232319,-0.008351601972700295,-0.008351601972700295,success,success,0,0,-x5,-x5
20260702,268,1.0,touchdown,0.4,0.0,False,False,False,False,False,nan,nan,nan,,0.3140307059829031,0.3140307059829031,-0.002709677599576299,-0.002709677599576299,clearance_ground+foot_ground_before_ready,clearance_ground+foot_ground_before_ready,0,0,-x10,-x10
20260702,269,1.0,touchdown,0.4,0.0,False,False,False,False,False,nan,nan,nan,,0.6775792453445776,0.6775792453445776,-0.004365928675272968,-0.004365928675272968,clearance_ground+foot_ground_before_ready,clearance_ground+foot_ground_before_ready,0,0,-x6,-x6
20260702,270,1.0,touchdown,0.4,0.0,True,True,False,False,False,nan,nan,nan,,0.5082092414402518,0.5082092414402518,-0.007241539368731342,-0.007241539368731342,success,success,0,0,-x6,-x6
20260702,271,1.0,mid_cross,0.4,0.0,False,False,False,False,False,nan,nan,nan,,0.45678166688488103,0.49708469965234897,0.02889986446634743,0.016641153585987584,clearance_ground+foot_ground_before_ready,clearance_ground+foot_ground_before_ready,0,3,+x12,+x4|-x4|+x1|-x2
20260702,272,1.0,mid_cross,0.4,0.0,False,False,False,False,False,nan,nan,nan,,0.21356074131149505,0.298532736011513,-0.02493110669359324,-0.021968564502521673,clearance_ground+foot_ground_before_ready,clearance_ground+foot_ground_before_ready,0,1,+x23,+x7|-x19
20260702,273,1.0,pre_cross,0.4,0.0,False,False,False,False,False,nan,nan,nan,,0.7809856728078134,0.8719142746599527,-0.007503008782473161,-0.0045131918961341805,clearance_ground+foot_ground_before_ready,clearance_ground+foot_ground_before_ready,0,1,+x22,+x5|-x18
20260702,274,1.0,touchdown,0.4,0.0,True,True,True,True,True,1.1684379452219715,0.2046028226273112,-0.9638351225946603,True,0.09953040549880449,0.027068425604829763,0.0034137485731509654,0.005301915308260963,success,success,0,1,-x6,-x1|+x6
20260702,275,1.0,mid_cross,0.4,0.0,False,False,False,False,False,nan,nan,nan,,0.9846919455901139,1.0295194767291171,0.01150883710988089,-0.002441459579672761,clearance_ground+foot_ground_before_ready,clearance_ground+foot_ground_before_ready,0,1,+x25,+x6|-x8
20260702,276,1.0,pre_cross,0.4,0.0,False,False,False,False,False,nan,nan,nan,,1.7324704256212975,1.3346872926351114,0.04070327154629201,0.0233842519412892,speed,clearance_ground+foot_ground_before_ready,0,1,+x18,+x7|-x7
20260702,277,1.0,touchdown,0.4,0.0,True,True,False,False,False,nan,nan,nan,,0.7128701771587372,0.4321846117637622,-0.0170949709167017,-0.013901308736642526,success,success,0,2,-x7,-x2|+x3|-x4
20260702,278,1.0,mid_cross,0.4,0.0,False,False,False,False,False,nan,nan,nan,,1.2478263453957374,0.8701885295635964,0.08832976455649774,0.043886856847225354,clearance_ground+foot_ground_before_ready,clearance_ground+foot_ground_before_ready,0,1,+x22,+x5|-x8
20260702,279,1.0,mid_cross,0.4,0.0,False,False,False,False,False,nan,nan,nan,,0.2990323073365002,0.13827942192247178,-0.027562193420469835,-0.015444680950632023,clearance_ground+foot_ground_before_ready,clearance_ground+foot_ground_before_ready,0,1,+x22,+x2|-x8
20260702,280,1.0,mid_cross,0.4,0.0,False,False,False,False,False,nan,nan,nan,,0.16718656246114375,0.1935121006040063,0.0035666357974364045,-0.00018142088872198517,clearance_ground+foot_ground_before_ready,clearance_ground+foot_ground_before_ready,0,1,+x18,+x2|-x10
20260702,281,1.0,mid_cross,0.4,0.01,False,False,False,False,False,nan,nan,nan,,0.1323860282380116,0.08494290823816325,0.046274077194835825,0.04200561109832163,clearance_ground+foot_ground_before_ready,clearance_ground+foot_ground_before_ready,0,1,+x20,+x9|-x9
20260702,282,1.0,pre_cross,0.4,0.01,False,False,False,False,False,nan,nan,nan,,1.28181688618486,1.3827038537768035,0.04990686412483618,0.05557431901952922,clearance_ground+foot_ground_before_ready,clearance_ground+foot_ground_before_ready,0,1,+x29,+x7|-x20
20260702,283,1.0,touchdown,0.4,0.01,True,True,False,False,False,nan,nan,nan,,0.0013769637116988716,0.0013769637116988716,-0.0022603544990305036,-0.0022603544990305036,success,success,0,0,+x3,+x3
20260702,284,1.0,mid_cross,0.4,0.01,False,False,False,False,False,nan,nan,nan,,0.6140511616853039,0.4184648802674827,-0.03492187684129461,-0.023488675963014086,clearance_ground+foot_ground_before_ready,clearance_ground+foot_ground_before_ready,0,1,+x27,+x3|-x8
20260702,285,1.0,touchdown,0.4,0.01,False,False,False,False,False,nan,nan,nan,,0.43789142497119743,0.43789142497119743,-0.038815010750261225,-0.038815010750261225,clearance_ground+foot_ground_before_ready,clearance_ground+foot_ground_before_ready,0,0,-x12,-x12
20260702,286,1.0,mid_cross,0.4,0.01,False,False,False,False,False,nan,nan,nan,,0.8280051458976063,0.8375540236243602,0.03748913419971914,0.03329216559016243,clearance,clearance,0,1,+x10,+x5|-x5
20260702,287,1.0,pre_cross,0.4,0.01,False,False,False,False,False,nan,nan,nan,,0.8550018312892063,0.8868787475391703,-0.058213408028266,-0.041891720898873705,speed,speed,0,1,+x16,+x9|-x5
20260702,288,1.0,touchdown,0.4,0.01,True,True,False,False,False,nan,nan,nan,,0.36685744405677634,0.16490732929617163,-0.006792039449528664,-0.005762495727675121,success,success,0,2,-x5,-x2|+x3|-x1
20260702,289,1.0,mid_cross,0.4,0.01,False,False,False,False,False,nan,nan,nan,,1.1672898466009862,0.6014123265354303,0.09144146269884225,0.06798920566654755,clearance_ground+foot_ground_before_ready,clearance_ground+foot_ground_before_ready,0,1,+x14,+x4|-x8
20260702,290,1.0,mid_cross,0.4,0.01,False,False,False,False,False,nan,nan,nan,,0.6838965238319752,0.5216677440128239,0.01656083047158713,0.002005830062499242,clearance_ground+foot_ground_before_ready,clearance_ground+foot_ground_before_ready,0,1,+x14,+x4|-x7
20260702,291,1.0,mid_cross,0.4,0.01,False,False,False,False,False,nan,nan,nan,,0.4992971654313134,0.4823525008310452,0.06514159519061291,0.04520123748536775,clearance_ground+foot_ground_before_ready,clearance_ground+foot_ground_before_ready,0,3,+x22,+x9|-x1|+x1|-x7
20260702,292,1.0,touchdown,0.4,0.01,True,True,False,False,False,nan,nan,nan,,0.37100234968115553,0.37100234968115553,-0.014301655547836523,-0.014301655547836523,success,success,0,0,-x6,-x6
20260702,293,1.0,pre_cross,0.4,0.01,False,False,False,False,False,nan,nan,nan,,1.3283798452601077,1.3092178527751783,0.09205574545601528,0.05428133286930655,clearance_ground+foot_ground_before_ready,clearance_ground+foot_ground_before_ready,0,1,+x26,+x8|-x9
20260702,294,1.0,touchdown,0.4,0.01,False,False,False,False,False,nan,nan,nan,,0.42687992254299034,0.42687992254299034,-0.030428890291861466,-0.030428890291861466,clearance_ground+foot_ground_before_ready,clearance_ground+foot_ground_before_ready,0,0,-x11,-x11
20260702,295,1.0,touchdown,0.4,0.01,False,False,False,False,False,nan,nan,nan,,0.006158419110189406,0.1871727799249814,0.013635299154939107,0.007939343939741328,clearance_ground+foot_ground_before_ready,clearance_ground+foot_ground_before_ready,0,1,+x14,+x5|-x7
20260702,296,1.0,mid_cross,0.4,0.01,False,False,False,False,False,nan,nan,nan,,0.23393425389451764,0.27417544311267994,0.01751452338207129,0.010943292034200488,clearance_ground+foot_ground_before_ready,clearance_ground+foot_ground_before_ready,0,1,+x14,+x5|-x6
20260702,297,1.0,touchdown,0.4,0.01,True,True,True,True,True,0.006140604334382043,0.006140604334382043,0.0,False,0.003065998383189968,0.003065998383189968,0.020009775550450942,0.020009775550450942,success,success,0,0,+x5,+x5
20260702,298,1.0,touchdown,0.4,0.01,True,True,True,True,True,0.014290629099129069,0.014290629099129069,0.0,False,0.006177617585455219,0.006177617585455219,0.017324116015324464,0.017324116015324464,success,success,0,0,+x8,+x8
20260702,299,1.0,touchdown,0.4,0.01,False,False,False,False,False,nan,nan,nan,,0.5603221501856119,0.5603221501856119,-0.01951577345604369,-0.01951577345604369,clearance_ground+foot_ground_before_ready,clearance_ground+foot_ground_before_ready,0,0,-x10,-x10
20260702,300,1.0,touchdown,0.4,0.01,True,True,True,True,True,0.06478246579268905,0.06478246579268905,0.0,False,0.015509349376677216,0.015509349376677216,0.00959439325778283,0.00959439325778283,success,success,0,0,+x7,+x7
20260702,301,1.0,mid_cross,0.4,0.01,False,False,False,False,False,nan,nan,nan,,0.08618738164501208,0.08618738164501208,-0.014513747984344232,-0.014513747984344232,clearance_ground+foot_ground_before_ready,clearance_ground+foot_ground_before_ready,0,0,-x9,-x9
20260702,302,1.0,mid_cross,0.4,0.01,False,False,False,False,False,nan,nan,nan,,0.46670003042462194,0.6282068302854898,0.010485969604004441,0.016228572808440714,clearance_ground+foot_ground_before_ready,clearance_ground+foot_ground_before_ready,0,1,+x23,+x11|-x14
20260702,303,1.0,touchdown,0.4,0.01,True,True,False,True,False,nan,3.6651310298006905,nan,,0.36409887144639064,0.1937622751091884,-0.0011401936728217543,0.002118659331749595,success,success,0,2,-x4,-x1|+x3|-x1
20260702,304,1.0,pre_cross,0.4,0.01,False,False,False,False,False,nan,nan,nan,,1.0460941463755569,1.0174482278078747,0.03163174443293413,0.01790320050816809,clearance_ground+foot_ground_before_ready,clearance_ground+foot_ground_before_ready,0,1,+x22,+x6|-x8
20260702,305,1.0,pre_cross,0.4,0.01,False,False,False,False,False,nan,nan,nan,,0.8037232688430874,0.9456310649489919,-0.009564641621312,-0.0005619513350430955,clearance_ground+foot_ground_before_ready,clearance_ground+foot_ground_before_ready,0,1,+x28,+x6|-x22
20260702,306,1.0,mid_cross,0.4,0.01,False,False,False,False,False,nan,nan,nan,,0.18593609975533876,0.2577958272075948,-0.037649855341232066,-0.03310143191215592,clearance_ground+foot_ground_before_ready,clearance_ground+foot_ground_before_ready,0,1,+x21,+x2|-x16
20260702,307,1.0,mid_cross,0.4,0.01,False,False,False,False,False,nan,nan,nan,,1.324517910248828,0.7074810990926089,0.03855407516498842,0.03249771884292306,clearance,clearance,0,1,+x11,+x5|-x6
20260702,308,1.0,mid_cross,0.4,0.01,False,False,False,False,False,nan,nan,nan,,0.2932990068132352,0.38793987967585314,-0.01569750133317655,-0.011564736643004205,clearance_ground+foot_ground_before_ready,clearance_ground+foot_ground_before_ready,0,1,+x21,+x12|-x13
20260702,309,1.0,touchdown,0.4,0.01,True,True,True,True,True,0.08445136483493085,10.563078912040018,10.478627547205086,False,0.011372680144883685,0.4184979766679274,0.00539681539432324,0.0015877577780076535,success,success,0,1,+x10,+x6|-x3
20260702,310,1.0,mid_cross,0.4,0.01,False,False,False,False,False,nan,nan,nan,,0.48660536630124696,0.5658025057240994,-0.04306825235865418,-0.04361882957656306,clearance_ground+foot_ground_before_ready,clearance_ground+foot_ground_before_ready,0,1,+x22,+x4|-x23
20260702,311,1.0,mid_cross,0.4,0.01,False,False,False,False,False,nan,nan,nan,,1.2700678019535914,0.9986145753053645,0.16675346584290895,0.07037095215149256,q1_low_limit,clearance,0,2,+x25,+x6|-x6|+x2
20260702,312,1.0,mid_cross,0.4,0.01,False,False,False,False,False,nan,nan,nan,,0.5833751909117504,0.6841467420791457,-0.011016690867542766,-0.009426233496587288,clearance_ground+foot_ground_before_ready,clearance_ground+foot_ground_before_ready,0,1,+x24,+x4|-x9
20260702,313,1.0,mid_cross,0.4,0.01,False,False,False,False,False,nan,nan,nan,,0.6167126942502589,0.6614178646415518,0.07975858613396988,0.03266850797467517,clearance_ground+foot_ground_before_ready,clearance_ground+foot_ground_before_ready,0,5,+x24,+x5|-x4|+x1|-x1|+x1|-x2
20260702,314,1.0,touchdown,0.4,0.01,True,True,True,True,True,0.030917374458442615,0.030917374458442615,0.0,False,0.013561087302042057,0.013561087302042057,0.017578156079971097,0.017578156079971097,success,success,0,0,+x5,+x5
20260702,315,1.0,touchdown,0.4,0.01,False,False,False,False,False,nan,nan,nan,,0.008588641522009737,0.40883643087188587,0.007830187280707168,0.0009344857352173996,clearance_ground+foot_ground_before_ready,clearance_ground+foot_ground_before_ready,0,1,+x12,+x5|-x5
20260702,316,1.0,touchdown,0.4,0.01,True,True,True,True,True,0.041099785059116836,0.041099785059116836,0.0,False,0.00822528076938905,0.00822528076938905,0.008020336527569172,0.008020336527569172,success,success,0,0,+x3,+x3
20260702,317,1.0,mid_cross,0.4,0.01,False,True,False,True,False,nan,0.9528359532736836,nan,,0.9377612980426651,1.4734733000750375,0.2699699572622629,0.06197343168160119,clearance_ground+foot_ground_before_ready,success,0,1,+x31,+x8|-x11
20260702,318,1.0,mid_cross,0.4,0.01,False,False,False,False,False,nan,nan,nan,,0.269768027658661,0.28167232878817994,0.04865755987240285,0.03791394941051232,clearance_ground+foot_ground_before_ready,clearance_ground+foot_ground_before_ready,0,1,+x23,+x8|-x10
20260702,319,1.0,touchdown,0.4,0.01,True,True,True,True,True,0.13274853600888323,0.31181116615422233,0.1790626301453391,False,0.03645284856454543,0.08268499812977684,0.011004825023236686,0.01062714161484199,success,success,0,1,+x6,+x4|-x2
20260702,320,1.0,touchdown,0.4,0.01,False,False,False,False,False,nan,nan,nan,,0.22412392589868957,0.22412392589868957,-0.02086359945175592,-0.02086359945175592,clearance_ground+foot_ground_before_ready,clearance_ground+foot_ground_before_ready,0,0,-x9,-x9
20260702,321,1.0,touchdown,0.4,0.02,True,True,False,False,False,nan,nan,nan,,0.017804840351283352,0.017804840351283352,-0.0017105068961248138,-0.0017105068961248138,success,success,0,0,-x1,-x1
20260702,322,1.0,touchdown,0.4,0.02,False,False,False,False,False,nan,nan,nan,,0.4924013030730009,0.4924013030730009,-0.07805208199542955,-0.07805208199542955,clearance_ground+foot_ground_before_ready,clearance_ground+foot_ground_before_ready,0,0,-x16,-x16
20260702,323,1.0,pre_cross,0.4,0.02,False,False,False,False,False,nan,nan,nan,,1.8872396397491764,1.4938614121661855,-0.01992240249224675,-0.025343081780064447,clearance_ground+foot_ground_before_ready,clearance_ground+foot_ground_before_ready,0,1,+x33,+x9|-x6
20260702,324,1.0,mid_cross,0.4,0.02,False,False,False,False,False,nan,nan,nan,,0.773924819831432,0.5716780003840037,0.0027284831874887297,-0.006109800180597431,clearance_ground+foot_ground_before_ready,clearance_ground+foot_ground_before_ready,0,1,+x24,+x4|-x10
20260702,325,1.0,mid_cross,0.4,0.02,False,False,False,False,False,nan,nan,nan,,0.9883207650628172,0.9077774902524133,0.05726986768267342,0.02274300402711618,clearance_ground+foot_ground_before_ready,clearance_ground+foot_ground_before_ready,0,1,+x23,+x6|-x8
20260702,326,1.0,touchdown,0.4,0.02,True,True,False,False,False,nan,nan,nan,,0.32543271133309526,0.32543271133309526,-0.0034267147010684784,-0.0034267147010684784,success,success,0,0,-x5,-x5
20260702,327,1.0,mid_cross,0.4,0.02,False,False,False,False,False,nan,nan,nan,,0.11076295522357563,0.06313270407437016,0.034531254201778605,0.029812142766063587,clearance_ground+foot_ground_before_ready,clearance_ground+foot_ground_before_ready,0,1,+x18,+x2|-x13
20260702,328,1.0,touchdown,0.4,0.02,True,True,False,False,False,nan,nan,nan,,0.00944528183943223,0.00944528183943223,-0.004278952469588676,-0.004278952469588676,success,success,0,0,+x8,+x8
20260702,329,1.0,mid_cross,0.4,0.02,False,False,False,False,False,nan,nan,nan,,0.9299497324992423,1.0812897665255876,0.05149027276970761,0.06800070447066588,clearance_ground+foot_ground_before_ready,clearance_ground+foot_ground_before_ready,0,1,+x33,+x15|-x23
20260702,330,1.0,mid_cross,0.4,0.02,False,False,False,False,False,nan,nan,nan,,0.22218477215498778,0.3834149265832284,0.011944481529954601,0.0008362923773675562,clearance_ground+foot_ground_before_ready,clearance_ground+foot_ground_before_ready,0,1,+x18,+x4|-x9
20260702,331,1.0,mid_cross,0.4,0.02,False,False,False,False,False,nan,nan,nan,,0.2464056821599937,0.24012997400588748,-0.009628255461836613,-0.00703867221737986,clearance_ground+foot_ground_before_ready,clearance_ground+foot_ground_before_ready,0,1,+x21,+x4|-x18
20260702,332,1.0,pre_cross,0.4,0.02,False,False,False,False,False,nan,nan,nan,,2.6958343813569057,1.6821065256140293,0.08659538395778106,0.07637284251466299,clearance_ground+foot_ground_before_ready,clearance_ground+foot_ground_bad_clearance,0,1,+x14,+x7|-x7
20260702,333,1.0,touchdown,0.4,0.02,True,True,False,False,False,nan,nan,nan,,0.5695961357880864,0.5695961357880864,-0.01925108751187829,-0.01925108751187829,success,success,0,0,-x7,-x7
20260702,334,1.0,touchdown,0.4,0.02,False,False,False,False,False,nan,nan,nan,,0.042330703365342684,0.042330703365342684,0.029225510095011092,0.029225510095011092,clearance_ground+foot_ground_before_ready,clearance_ground+foot_ground_before_ready,0,0,+x7,+x7
20260702,335,1.0,mid_cross,0.4,0.02,False,False,False,False,False,nan,nan,nan,,0.7143483674155742,0.7061274168867159,0.029731757876906253,0.02048525868713047,clearance_ground+foot_ground_before_ready,clearance_ground+foot_ground_before_ready,0,1,+x23,+x7|-x15
20260702,336,1.0,mid_cross,0.4,0.02,False,False,False,False,False,nan,nan,nan,,0.40873544366710773,0.57776678329493,-0.04649164685899784,-0.04975292042506048,clearance_ground+foot_ground_before_ready,clearance_ground+foot_ground_before_ready,0,1,+x20,+x8|-x17
20260702,337,1.0,mid_cross,0.4,0.02,False,False,False,False,False,nan,nan,nan,,1.069228895318816,0.7812896149134395,0.05615091446908024,0.044596722172120545,clearance_ground+foot_ground_before_ready,clearance_ground+foot_ground_bad_clearance,0,1,+x13,+x5|-x7
20260702,338,1.0,touchdown,0.4,0.02,False,False,False,False,False,nan,nan,nan,,0.3720453613921422,0.3720453613921422,0.008507254517043594,0.008507254517043594,clearance_ground+foot_ground_before_ready,clearance_ground+foot_ground_before_ready,0,0,-x7,-x7
20260702,339,1.0,touchdown,0.4,0.02,True,True,False,False,False,nan,nan,nan,,0.7032863955319503,0.7032863955319503,-0.016891598832534938,-0.016891598832534938,success,success,0,0,-x6,-x6
20260702,340,1.0,mid_cross,0.4,0.02,False,False,False,False,False,nan,nan,nan,,1.1634969178577805,0.882010407224319,0.10813099631354355,0.08060729179497973,clearance_ground+foot_ground_before_ready,clearance,0,1,+x16,+x6|-x7
20260702,341,1.0,mid_cross,0.4,0.02,False,False,False,False,False,nan,nan,nan,,1.1447668183792483,0.8447595807193329,0.06840647930159881,0.054790911738595335,clearance_ground+foot_ground_before_ready,clearance,0,1,+x14,+x5|-x7
20260702,342,1.0,touchdown,0.4,0.02,True,True,True,True,True,0.009985223150243494,0.009985223150243494,0.0,False,0.0034377190701887625,0.0034377190701887625,0.013797297187001595,0.013797297187001595,success,success,0,0,+x3,+x3
20260702,343,1.0,touchdown,0.4,0.02,False,False,False,False,False,nan,nan,nan,,0.2783616833681871,0.2783616833681871,-0.03291981917604472,-0.03291981917604472,clearance_ground+foot_ground_before_ready,clearance_ground+foot_ground_before_ready,0,0,-x15,-x15
20260702,344,1.0,touchdown,0.4,0.02,False,True,False,False,False,nan,nan,nan,,0.022399985295124672,0.2798095763568719,-0.016755704116446613,-0.016959021278176223,clearance_ground+foot_ground_before_ready,success,0,1,+x13,+x6|-x4
20260702,345,1.0,touchdown,0.4,0.02,True,True,False,False,False,nan,nan,nan,,0.4077105982457849,0.4077105982457849,-0.004177361639456589,-0.004177361639456589,success,success,0,0,-x4,-x4
20260702,346,1.0,mid_cross,0.4,0.02,False,False,False,False,False,nan,nan,nan,,0.9663149794844851,1.0202304665047932,0.09368407335165596,0.06869713285295534,clearance_ground+foot_ground_after_ready,clearance_ground+foot_ground_before_ready,0,1,+x18,+x8|-x8
20260702,347,1.0,touchdown,0.4,0.02,True,True,True,True,True,0.00150813248260442,0.3144662082503884,0.312958075767784,False,0.0006329287132913012,0.10272608466149769,0.01681886616483627,0.01309146237754999,success,success,0,1,+x7,+x4|-x2
20260702,348,1.0,touchdown,0.4,0.02,False,False,False,False,False,nan,nan,nan,,0.6208533613070023,0.6208533613070023,-0.0602913827428756,-0.0602913827428756,clearance_ground+foot_ground_before_ready,clearance_ground+foot_ground_before_ready,0,0,-x13,-x13
20260702,349,1.0,touchdown,0.4,0.02,True,True,True,True,True,0.0126835095472466,0.0126835095472466,0.0,False,0.0010281323078622602,0.0010281323078622602,0.0032485606316487725,0.0032485606316487725,success,success,0,0,+x1,+x1
20260702,350,1.0,touchdown,0.4,0.02,True,True,True,True,True,0.05787471954754798,0.05787471954754798,0.0,False,0.0026589895261485428,0.0026589895261485428,0.001841234643184142,0.001841234643184142,success,success,0,0,+x4,+x4
20260702,351,1.0,mid_cross,0.4,0.02,False,False,False,False,False,nan,nan,nan,,0.4481430990967028,0.22853906183770079,-0.0985882837660205,-0.046042399581057464,clearance_ground+foot_ground_before_ready,clearance,0,1,+x22,+x3|-x8
20260702,352,1.0,touchdown,0.4,0.02,True,True,True,True,True,0.016988727608179967,0.016988727608179967,0.0,False,0.006122917614205973,0.006122917614205973,0.014443717091991326,0.014443717091991326,success,success,0,1,+x11,+x9|-x2
20260702,353,1.0,touchdown,0.4,0.02,False,False,False,False,False,nan,nan,nan,,0.3765026838824578,0.3765026838824578,-0.02365630210498168,-0.02365630210498168,clearance_ground+foot_ground_before_ready,clearance_ground+foot_ground_before_ready,0,0,-x12,-x12
20260702,354,1.0,touchdown,0.4,0.02,False,False,False,False,False,nan,nan,nan,,0.4789695346226066,0.4789695346226066,-0.012928074381842014,-0.012928074381842014,clearance_ground+foot_ground_before_ready,clearance_ground+foot_ground_before_ready,0,0,-x10,-x10
20260702,355,1.0,touchdown,0.4,0.02,True,True,True,True,True,0.005864703355170301,0.005864703355170301,0.0,False,0.000484868731139314,0.000484868731139314,0.0033132906762252667,0.0033132906762252667,success,success,0,0,+x1,+x1
20260702,356,1.0,touchdown,0.4,0.02,True,True,False,False,False,nan,nan,nan,,0.5088570652215197,0.5088570652215197,-0.014385863268446902,-0.014385863268446902,success,success,0,0,-x3,-x3
20260702,357,1.0,touchdown,0.4,0.02,False,False,False,False,False,nan,nan,nan,,0.46865329351467216,0.46865329351467216,-0.06387421637074445,-0.06387421637074445,clearance_ground+foot_ground_before_ready,clearance_ground+foot_ground_before_ready,0,0,-x14,-x14
20260702,358,1.0,mid_cross,0.4,0.02,False,False,False,False,False,nan,nan,nan,,0.11956107531862656,0.11956107531862656,-0.034003440099296546,-0.034003440099296546,clearance_ground+foot_ground_before_ready,clearance_ground+foot_ground_before_ready,0,0,-x11,-x11
20260702,359,1.0,pre_cross,0.4,0.02,False,False,False,False,False,nan,nan,nan,,0.5236342711066424,0.6344326861931995,-0.05254681762211811,-0.057009541482634575,clearance_ground+foot_ground_before_ready,clearance_ground+foot_ground_before_ready,0,1,+x20,+x12|-x11
20260702,360,1.0,touchdown,0.4,0.02,False,False,False,False,False,nan,nan,nan,,0.3811405522981808,0.3811405522981808,-0.004563856729450616,-0.004563856729450616,clearance_ground+foot_ground_before_ready,clearance_ground+foot_ground_before_ready,0,0,-x10,-x10
20260702,361,-1.0,mid_cross,0.3,0.0,False,False,False,False,False,nan,nan,nan,,1.7090137906234424,0.5428944978920178,-0.003635990914489025,-0.0053892292746421724,clearance_ground+foot_ground_before_ready,clearance_ground+foot_ground_before_ready,0,1,-x12,-x8|+x5
20260702,362,-1.0,touchdown,0.3,0.0,True,True,True,True,True,0.00328063580166091,0.0507877960066297,0.04750716020496879,False,0.0018456848512046552,0.02880278863467935,0.02254659366968015,0.022727757209950517,success,success,0,3,+x10,+x5|-x1|+x3|-x1
20260702,363,-1.0,mid_cross,0.3,0.0,True,True,True,True,True,0.6435327942250353,0.12271596667423296,-0.5208168275508023,True,0.6048643859477865,0.09740708613157359,0.03766766865279039,0.031810528870993615,success,success,0,1,-x13,-x4|+x8
20260702,364,-1.0,pre_cross,0.3,0.0,False,False,False,False,False,nan,nan,nan,,3.5730765327603122,2.1187278907650904,-0.04584212522297487,-0.04625996120185348,clearance_ground+foot_ground_bad_clearance,clearance_ground+foot_ground_bad_clearance,0,1,-x20,-x18|+x2
20260702,365,-1.0,touchdown,0.3,0.0,True,True,False,False,False,nan,nan,nan,,0.02613893728254154,0.02450581226267841,-0.001598557522106317,-0.0015997274641667766,success,success,0,1,-x9,-x8|+x1
20260702,366,-1.0,touchdown,0.3,0.0,True,True,True,True,True,0.08071478369571235,0.07984687823630547,-0.0008679054594068758,True,0.018251858038819763,0.01819167613597386,0.00906223678277051,0.009130534146226853,success,success,0,2,-x5,-x1|+x2|-x2
20260702,367,-1.0,mid_cross,0.3,0.0,False,False,False,False,False,nan,nan,nan,,0.25990073942585756,0.5996216954144253,-0.02533440439324261,-0.03065384095088952,clearance_ground+foot_ground_before_ready,clearance_ground+foot_ground_before_ready,0,5,-x9,-x2|+x4|-x1|+x1|-x1|+x2
20260702,368,-1.0,touchdown,0.3,0.0,True,True,True,True,True,0.005546856157529955,0.005546856157529955,0.0,False,0.0020977834336738037,0.0020977834336738037,0.015156368581132937,0.015156368581132937,success,success,0,0,+x7,+x7
20260702,369,-1.0,mid_cross,0.3,0.0,True,False,True,False,False,1.4352995380681801,nan,nan,,1.2061404728749523,0.4685019578441856,0.0336772604922054,0.029079748301576835,success,clearance_ground+foot_ground_before_ready,0,1,-x13,-x6|+x7
20260702,370,-1.0,touchdown,0.3,0.0,False,False,False,False,False,nan,nan,nan,,0.06036345184959124,0.06036345184959124,-0.01601170665105109,-0.01601170665105109,clearance_ground+foot_ground_before_ready,clearance_ground+foot_ground_before_ready,0,0,-x8,-x8
20260702,371,-1.0,mid_cross,0.3,0.0,True,True,False,False,False,nan,nan,nan,,0.6761227628373653,0.6761227628373653,-0.02078341643245174,-0.020778098593229724,success,success,0,1,-x16,-x13|+x3
20260702,372,-1.0,mid_cross,0.3,0.0,False,False,False,False,False,nan,nan,nan,,1.13107494944404,0.5633728622422594,-0.016369898838605734,-0.022187723088478273,clearance_ground+foot_ground_before_ready,clearance_ground+foot_ground_before_ready,0,2,-x13,-x7|+x7|-x1
20260702,373,-1.0,touchdown,0.3,0.0,True,True,False,False,False,nan,nan,nan,,0.023859518139126436,0.023859518139126436,-0.013495836470148943,-0.013495836470148943,success,success,0,0,-x8,-x8
20260702,374,-1.0,touchdown,0.3,0.0,True,True,True,True,True,0.15047036518181717,0.14304997660466376,-0.007420388577153408,True,0.03617082789459213,0.03437540453727621,0.009633606097208227,0.009630335940467064,success,success,0,1,-x5,-x2|+x3
20260702,375,-1.0,touchdown,0.3,0.0,True,True,False,False,False,nan,nan,nan,,0.09029111179133836,0.09029111179133836,-0.006107402314701471,-0.006107402314701471,success,success,0,0,-x5,-x5
20260702,376,-1.0,mid_cross,0.3,0.0,False,False,False,False,False,nan,nan,nan,,0.9036218228257583,0.5593718252968664,0.014081613170023835,0.01406774351776656,clearance_ground+foot_ground_before_ready,clearance_ground+foot_ground_before_ready,0,1,-x8,-x5|+x3
20260702,377,-1.0,touchdown,0.3,0.0,True,True,False,False,False,nan,nan,nan,,0.015022396042688405,0.015022396042688405,-0.006579821338832385,-0.006579821338832385,success,success,0,0,-x6,-x6
20260702,378,-1.0,touchdown,0.3,0.0,True,True,False,False,False,nan,nan,nan,,0.08157201036063413,0.08157201036063413,-0.008440741009467793,-0.008440741009467793,success,success,0,0,-x7,-x7
20260702,379,-1.0,touchdown,0.3,0.0,True,True,False,False,False,nan,nan,nan,,0.0490198270531485,0.0490198270531485,-0.0302707661784268,-0.0302707661784268,success,success,0,0,-x9,-x9
20260702,380,-1.0,mid_cross,0.3,0.0,True,True,False,False,False,nan,nan,nan,,0.5279653765944174,0.22823349407815258,-0.027958227469688866,-0.026371812005689284,success,success,0,1,-x11,-x4|+x6
20260702,381,-1.0,touchdown,0.3,0.0,True,True,False,False,False,nan,nan,nan,,0.019666649303951136,0.019666649303951136,-0.008316659029650078,-0.007853462373373823,success+touchdown_event,success+touchdown_event,0,1,+x8,+x7|-x1
20260702,382,-1.0,touchdown,0.3,0.0,True,True,False,False,False,nan,nan,nan,,0.027901507956670586,0.027901507956670586,-0.015686176769147867,-0.015686176769147867,success,success,0,0,-x8,-x8
20260702,383,-1.0,touchdown,0.3,0.0,True,True,True,True,True,0.717831983334403,0.7102021982426393,-0.007629785091763708,True,0.05653873563602893,0.05653873563602893,0.003156492037397915,0.003190402599698064,success,success,0,1,-x4,-x2|+x2
20260702,384,-1.0,mid_cross,0.3,0.0,False,False,False,False,False,nan,nan,nan,,1.082011382313919,0.36328253872042876,-0.02502450877164185,-0.02407085749961499,clearance_ground+foot_ground_before_ready,clearance_ground+foot_ground_before_ready,0,1,-x11,-x3|+x7
20260702,385,-1.0,touchdown,0.3,0.0,True,True,True,True,True,0.10135154639826816,0.10135154639826816,0.0,False,0.007330952606128716,0.007330952606128716,0.0028987545471400103,0.0028987545471400103,success,success,0,0,+x7,+x7
20260702,386,-1.0,touchdown,0.3,0.0,True,True,True,True,True,0.009324024083748586,0.11378583773365324,0.10446181364990464,False,0.009058028670970098,0.11154777234260879,0.03893244823974421,0.03928747347979127,success,success,0,4,+x13,+x2|-x1|+x8|-x1|+x1
20260702,387,-1.0,touchdown,0.3,0.0,True,True,False,False,False,nan,nan,nan,,0.007453737931763199,0.08214512318743206,-0.020604444239935002,-0.020482204500610307,success,success,0,1,+x9,+x8|-x1
20260702,388,-1.0,touchdown,0.3,0.0,True,True,True,True,True,0.014794223016371023,0.014794223016371023,0.0,False,0.002314504450603272,0.002314504450603272,0.006269707345724795,0.006269707345724795,success,success,0,0,+x10,+x10
20260702,389,-1.0,mid_cross,0.3,0.0,False,False,False,False,False,nan,nan,nan,,0.09782910695760161,0.09782910695760161,-0.011681247171038828,-0.011681247171038828,clearance_ground+foot_ground_before_ready,clearance_ground+foot_ground_before_ready,0,0,-x18,-x18
20260702,390,-1.0,touchdown,0.3,0.0,True,True,False,False,False,nan,nan,nan,,0.04727766262806505,0.04727766262806505,-0.013322255319326595,-0.013322255319326595,success,success,0,0,-x10,-x10
20260702,391,-1.0,touchdown,0.3,0.0,False,False,False,False,False,nan,nan,nan,,0.008325898003138626,0.008325898003138626,0.009662029686334977,0.009662029686334977,clearance_ground+foot_ground_before_ready,clearance_ground+foot_ground_before_ready,0,0,-x3,-x3
20260702,392,-1.0,touchdown,0.3,0.0,True,True,True,True,True,0.22539823345008025,0.2414144180406035,0.016016184590523258,False,0.08456943803446666,0.09064691554036043,0.01503641651169283,0.015047738567502654,success,success,0,1,-x3,-x1|+x2
20260702,393,-1.0,mid_cross,0.3,0.0,False,False,False,False,False,nan,nan,nan,,0.06478812497901087,0.06478812497901087,-0.0127877310881086,-0.0127877310881086,clearance_ground+foot_ground_before_ready,clearance_ground+foot_ground_before_ready,0,0,-x14,-x14
20260702,394,-1.0,pre_cross,0.3,0.0,False,False,False,False,False,nan,nan,nan,,3.752516481926094,1.8716204001918058,0.035960929223315626,0.033035459990996656,clearance_ground+foot_ground_before_ready,clearance_ground+foot_ground_before_ready,0,1,-x19,-x16|+x3
20260702,395,-1.0,touchdown,0.3,0.0,True,True,False,False,False,nan,nan,nan,,0.038322640632637094,0.038322640632637094,-0.02000510792398704,-0.02000510792398704,success,success,0,0,-x9,-x9
20260702,396,-1.0,mid_cross,0.3,0.0,True,False,False,False,False,nan,nan,nan,,0.8930633439635426,0.5304588344074599,-0.02554070118524851,-0.030871732323553253,success,clearance_ground+foot_ground_before_ready,0,1,-x11,-x3|+x10
20260702,397,-1.0,touchdown,0.3,0.0,True,True,False,False,False,nan,nan,nan,,0.07800417027064496,0.07800417027064496,-0.015622288100160949,-0.015622288100160949,success,success,0,0,-x8,-x8
20260702,398,-1.0,touchdown,0.3,0.0,True,True,False,False,False,nan,nan,nan,,0.15393839180550983,0.3116624629298302,-0.0083627716892226,-0.008640175445278946,success,success,0,2,-x8,-x6|+x1|-x1
20260702,399,-1.0,touchdown,0.3,0.0,True,True,False,False,False,nan,nan,nan,,0.005227141382295215,0.005227141382295215,-0.006953395610188484,-0.006953395610188484,success,success,0,0,-x3,-x3
20260702,400,-1.0,touchdown,0.3,0.0,True,True,True,True,True,0.010424785954881218,0.00964519779134182,-0.0007795881635393985,True,0.005713679050472642,0.005257768047065969,0.021964944251133982,0.02184598822498772,success,success,0,1,-x8,-x7|+x1
20260702,401,-1.0,mid_cross,0.3,0.01,False,False,False,False,False,nan,nan,nan,,0.8570136117286261,0.5394310677071307,-0.0037942090372107898,-0.004316222401286984,clearance_ground+foot_ground_before_ready,clearance_ground+foot_ground_before_ready,0,1,-x13,-x10|+x3
20260702,402,-1.0,touchdown,0.3,0.01,True,True,True,True,True,0.045057134428127296,0.2164708295759926,0.1714136951478653,False,0.01386435454017158,0.06869373224560855,0.012331545180076248,0.01271742373755334,success,success,0,2,+x9,+x7|-x1|+x1
20260702,403,-1.0,touchdown,0.3,0.01,True,True,False,False,False,nan,nan,nan,,0.019910651719958983,0.019910651719958983,-0.009912992475192256,-0.009912992475192256,success,success,0,0,-x8,-x8
20260702,404,-1.0,pre_cross,0.3,0.01,False,False,False,False,False,nan,nan,nan,,0.6067107828894471,0.6067107828894471,0.045877010954862685,0.045877010954862685,clearance,clearance,0,0,-x14,-x14
20260702,405,-1.0,touchdown,0.3,0.01,True,True,False,False,False,nan,nan,nan,,0.012935400197588282,0.0338442364857868,-0.005067882093128327,-0.005021516744782094,success,success,0,1,+x10,+x3|-x7
20260702,406,-1.0,mid_cross,0.3,0.01,False,False,False,False,False,nan,nan,nan,,1.521725173039881,1.096249438070332,0.02625873181747677,0.026206891492819132,clearance_ground+foot_ground_bad_clearance,clearance_ground+foot_ground_bad_clearance,0,1,-x11,-x10|+x1
20260702,407,-1.0,mid_cross,0.3,0.01,False,False,False,False,False,nan,nan,nan,,0.5454010135322278,0.5454010135322278,-0.01123073877578798,-0.01121929991940239,clearance_ground+foot_ground_before_ready,clearance_ground+foot_ground_before_ready,0,1,-x16,-x14|+x2
20260702,408,-1.0,touchdown,0.3,0.01,False,False,False,False,False,nan,nan,nan,,0.0024076452660300833,0.0024076452660300833,-0.0025985959909557294,-0.0025985959909557294,clearance_ground+foot_ground_after_ready,clearance_ground+foot_ground_after_ready,0,0,+x5,+x5
20260702,409,-1.0,mid_cross,0.3,0.01,False,False,False,False,False,nan,nan,nan,,1.6060290510958843,0.7450379183874715,0.0006133128971350238,-0.0025955717824127783,clearance_ground+foot_ground_after_ready,clearance_ground+foot_ground_before_ready,0,1,-x12,-x4|+x8
20260702,410,-1.0,pre_cross,0.3,0.01,False,False,False,False,False,nan,nan,nan,,3.5014114473168783,2.0785849739555795,-0.006779878594904698,-0.0069899900044378405,clearance_ground+foot_ground_bad_clearance,clearance_ground+foot_ground_bad_clearance,0,1,-x20,-x18|+x2
20260702,411,-1.0,pre_cross,0.3,0.01,False,False,False,False,False,nan,nan,nan,,2.795651144949878,1.6793998477838066,0.03025280858039734,0.028226374103906368,clearance_ground+foot_ground_before_ready,clearance_ground+foot_ground_before_ready,0,1,-x16,-x12|+x4
20260702,412,-1.0,touchdown,0.3,0.01,True,True,False,False,False,nan,nan,nan,,0.010745733847265277,0.0990087977250021,-0.02532182234721188,-0.02476997733687104,success,success,0,1,+x12,+x10|-x2
20260702,413,-1.0,mid_cross,0.3,0.01,False,False,False,False,False,nan,nan,nan,,1.4927967254271421,1.0799829762086817,-0.00850609452763433,-0.010131173235770077,clearance_ground+foot_ground_before_ready,clearance_ground+foot_ground_before_ready,0,1,-x15,-x10|+x5
20260702,414,-1.0,mid_cross,0.3,0.01,True,True,True,True,True,1.3789142231996852,0.7469396381920128,-0.6319745850076723,True,0.4824556020038945,0.2012461306668417,0.014021727178920699,0.010797505713892482,success,success,0,1,-x13,-x3|+x9
20260702,415,-1.0,touchdown,0.3,0.01,True,True,True,True,True,0.0892907680110448,0.0892907680110448,0.0,False,0.007427196672444605,0.007427196672444605,0.003333494755929506,0.003333494755929506,success,success,0,0,+x6,+x6
20260702,416,-1.0,pre_cross,0.3,0.01,False,False,False,False,False,nan,nan,nan,,1.4368578472154392,1.4368578472154392,-0.014210816341050703,-0.014210816341050703,clearance_ground+foot_ground_bad_clearance,clearance_ground+foot_ground_bad_clearance,0,0,-x15,-x15
20260702,417,-1.0,touchdown,0.3,0.01,False,False,False,False,False,nan,nan,nan,,0.08945048023164309,0.08945048023164309,-0.07837114546885653,-0.07837114546885653,clearance_ground+foot_ground_before_ready,clearance_ground+foot_ground_before_ready,0,0,-x19,-x19
20260702,418,-1.0,mid_cross,0.3,0.01,False,False,False,False,False,nan,nan,nan,,1.5326624411641818,0.7657147754664572,0.0018126647859340386,0.0013308223881076109,clearance_ground+foot_ground_before_ready,clearance_ground+foot_ground_before_ready,0,1,-x13,-x10|+x3
20260702,419,-1.0,touchdown,0.3,0.01,True,True,True,True,True,0.09408020273898601,0.09472209472740238,0.0006418919884163682,False,0.014198459614664455,0.014278973200787592,0.006048175664012421,0.006041253994888359,success,success,0,1,+x3,+x1|-x2
20260702,420,-1.0,mid_cross,0.3,0.01,False,False,False,False,False,nan,nan,nan,,0.32940490126520533,0.32940490126520533,0.022450619880708476,0.022450619880708476,clearance_ground+foot_ground_before_ready,clearance_ground+foot_ground_before_ready,0,0,-x17,-x17
20260702,421,-1.0,touchdown,0.3,0.01,False,False,False,False,False,nan,nan,nan,,0.02715474397838566,0.02715474397838566,-0.018435889195311535,-0.018435889195311535,clearance_ground+foot_ground_before_ready,clearance_ground+foot_ground_before_ready,0,0,-x10,-x10
20260702,422,-1.0,touchdown,0.3,0.01,True,True,False,False,False,nan,nan,nan,,0.00760936234045719,0.00760936234045719,0.0006682572272227322,0.0006682572272227322,success,success,0,0,+x5,+x5
20260702,423,-1.0,mid_cross,0.3,0.01,False,False,False,False,False,nan,nan,nan,,0.7086687738476298,0.13848422017265302,0.0560194028084853,0.05084863655492469,clearance_ground+foot_ground_before_ready,clearance_ground+foot_ground_before_ready,0,1,-x15,-x2|+x13
20260702,424,-1.0,touchdown,0.3,0.01,False,False,False,False,False,nan,nan,nan,,0.18981090158024774,0.18981090158024774,-0.01652337700463178,-0.01652337700463178,clearance_ground+foot_ground_before_ready,clearance_ground+foot_ground_before_ready,0,0,-x13,-x13
20260702,425,-1.0,mid_cross,0.3,0.01,False,False,False,False,False,nan,nan,nan,,0.5912859225651885,0.5912859225651885,0.015223305001687962,0.015938443359784643,clearance_ground+foot_ground_before_ready,clearance_ground+foot_ground_before_ready,0,1,-x15,-x7|+x8
20260702,426,-1.0,mid_cross,0.3,0.01,False,False,False,False,False,nan,nan,nan,,3.2315039511209127,1.5255866598475016,-0.006668164935261137,-0.008557099277481363,clearance_ground+foot_ground_before_ready,clearance_ground+foot_ground_before_ready,0,1,-x18,-x15|+x3
20260702,427,-1.0,mid_cross,0.3,0.01,False,False,False,False,False,nan,nan,nan,,1.1197726127632053,1.1197726127632053,-0.028588444387715836,-0.027597210343297526,clearance_ground+foot_ground_before_ready,clearance_ground+foot_ground_before_ready,0,1,-x15,-x9|+x5
20260702,428,-1.0,touchdown,0.3,0.01,True,True,False,False,False,nan,nan,nan,,0.01764389628749964,0.01764389628749964,-0.005236662397657722,-0.005236662397657722,success,success,0,0,-x8,-x8
20260702,429,-1.0,pre_cross,0.3,0.01,False,False,False,False,False,nan,nan,nan,,3.48104090188024,2.0937443190808844,0.08778849603609945,0.08719823169370869,clearance_ground+foot_ground_bad_clearance,clearance_ground+foot_ground_bad_clearance,0,1,-x22,-x20|+x2
20260702,430,-1.0,mid_cross,0.3,0.01,False,False,False,False,False,nan,nan,nan,,0.2068730071669319,0.2068730071669319,0.006137779834438167,0.006137779834438167,clearance_ground+foot_ground_before_ready,clearance_ground+foot_ground_before_ready,0,0,-x14,-x14
20260702,431,-1.0,mid_cross,0.3,0.01,True,True,False,False,False,nan,nan,nan,,0.46447516870276456,0.4192146114052669,-0.02978020802876799,-0.03223439089545571,success,success,0,1,-x13,-x6|+x8
20260702,432,-1.0,mid_cross,0.3,0.01,False,False,False,False,False,nan,nan,nan,,0.47602340082066297,0.17186537593637333,0.005679150675572064,0.003950776477841839,clearance_ground+foot_ground_before_ready,clearance_ground+foot_ground_before_ready,0,1,-x13,-x2|+x10
20260702,433,-1.0,mid_cross,0.3,0.01,False,False,False,False,False,nan,nan,nan,,0.6078433186097463,0.4210603920806578,0.0021182993691332697,0.00037011095618735834,clearance_ground+foot_ground_before_ready,clearance_ground+foot_ground_before_ready,0,4,-x10,-x2|+x6|-x1|+x2|-x1
20260702,434,-1.0,touchdown,0.3,0.01,True,True,True,True,True,0.4036208103710485,1.0814312996969104,0.6778104893258619,False,0.015926032115640212,0.07831927298006539,0.0015813042845055705,0.0029023589487586834,success,success,0,2,+x10,+x3|-x2|+x4
20260702,435,-1.0,touchdown,0.3,0.01,False,False,False,False,False,nan,nan,nan,,0.03234580297960714,0.06459109362208824,-0.044101677903200534,-0.044818823448754826,clearance_ground+foot_ground_before_ready,clearance_ground+foot_ground_before_ready,0,1,+x15,+x5|-x10
20260702,436,-1.0,mid_cross,0.3,0.01,False,False,False,False,False,nan,nan,nan,,1.7977448229115451,0.8858754136117413,0.06732246599443767,0.0589490520050298,clearance_ground+foot_ground_before_ready,clearance_ground+foot_ground_before_ready,0,1,-x13,-x7|+x5
20260702,437,-1.0,touchdown,0.3,0.01,False,False,False,False,False,nan,nan,nan,,0.2127947754271253,0.2127947754271253,-0.024885489349982644,-0.024885489349982644,clearance_ground+foot_ground_before_ready,clearance_ground+foot_ground_before_ready,0,0,-x12,-x12
20260702,438,-1.0,touchdown,0.3,0.01,True,True,True,True,True,0.017395514848834597,0.01694226714236271,-0.0004532477064718883,True,0.0030202709854270306,0.002960859664565234,0.006958089876239415,0.007003702803375478,success,success,0,2,-x3,-x1|+x1|-x1
20260702,439,-1.0,touchdown,0.3,0.01,True,True,True,True,True,0.07441665657023888,0.3227818305972981,0.2483651740270592,False,0.01673667854306804,0.07689119902848698,0.009013231615928971,0.009546605217795268,success,success,0,6,+x9,+x3|-x1|+x1|-x1|+x1|-x1|+x1
20260702,440,-1.0,touchdown,0.3,0.01,True,True,False,False,False,nan,nan,nan,,0.012304474695526504,0.012304474695526504,-0.007285987833047007,-0.007285987833047007,success,success,0,0,-x5,-x5
20260702,441,-1.0,touchdown,0.3,0.02,True,True,False,False,False,nan,nan,nan,,0.005532207411262081,0.0074976512013496515,-0.019732173394954172,-0.015406388671177648,success,success,0,4,+x10,+x1|-x1|+x3|-x1|+x2
20260702,442,-1.0,mid_cross,0.3,0.02,False,False,False,False,False,nan,nan,nan,,0.6790554211839667,0.6519385134780465,-0.02981985126881971,-0.030181420527122124,clearance_ground+foot_ground_before_ready,clearance_ground+foot_ground_before_ready,0,1,-x15,-x4|+x13
20260702,443,-1.0,mid_cross,0.3,0.02,True,True,True,True,True,1.0673835497335211,0.18695310383459715,-0.8804304458989239,True,0.7350314376424391,0.11008426985282292,0.02759731429977698,0.023597934805393624,success,success,0,1,-x14,-x3|+x10
20260702,444,-1.0,touchdown,0.3,0.02,False,False,False,False,False,nan,nan,nan,,0.27278784610945284,0.27278784610945284,-0.027656654893128692,-0.027656654893128692,clearance_ground+foot_ground_after_ready,clearance_ground+foot_ground_after_ready,0,0,-x14,-x14
20260702,445,-1.0,touchdown,0.3,0.02,True,True,False,False,False,nan,nan,nan,,0.02215289302773108,0.022264299959532084,-0.003709438165310164,-0.003565238044186396,success,success,0,1,+x9,+x8|-x1
20260702,446,-1.0,touchdown,0.3,0.02,False,False,False,False,False,nan,nan,nan,,0.20237275498323282,0.20237275498323282,-0.0665966588424394,-0.0665966588424394,q1_low_limit,q1_low_limit,0,0,-x18,-x18
20260702,447,-1.0,touchdown,0.3,0.02,True,True,True,True,True,0.015645931367739424,0.015645931367739424,0.0,False,0.005764841797063968,0.005764841797063968,0.01476615365161989,0.01476615365161989,success,success,0,0,+x12,+x12
20260702,448,-1.0,touchdown,0.3,0.02,True,True,True,True,True,0.06968831921707444,0.06858587231822659,-0.0011024468988478503,True,0.03659559882163878,0.03659559882163878,0.021045065337938602,0.021383342977832308,success,success,0,2,+x7,+x5|-x1|+x1
20260702,449,-1.0,pre_cross,0.3,0.02,False,False,False,False,False,nan,nan,nan,,0.6823232993226591,0.6823232993226591,0.013859585895176413,0.013859585895176413,clearance,clearance,0,0,-x13,-x13
20260702,450,-1.0,touchdown,0.3,0.02,True,False,False,False,False,nan,nan,nan,,0.05750557567862834,0.19571617753981668,-0.028854319557784114,-0.028796859588151445,success,clearance_ground+foot_ground_before_ready,0,5,+x12,+x7|-x1|+x1|-x2|+x1|-x1
20260702,451,-1.0,touchdown,0.3,0.02,True,True,False,False,False,nan,nan,nan,,0.005568170893079804,0.005568170893079804,-0.0003025017327546453,-0.0003025017327546453,success,success,0,0,-x2,-x2
20260702,452,-1.0,touchdown,0.3,0.02,False,False,False,False,False,nan,nan,nan,,0.6331955633345971,0.18321037586600789,0.011453891951332965,0.011107643757259533,clearance_ground+foot_ground_after_ready,clearance_ground+foot_ground_after_ready,0,1,-x10,-x8|+x2
20260702,453,-1.0,mid_cross,0.3,0.02,True,False,True,False,False,0.6986588062122132,nan,nan,,0.6588301668958337,0.07928368360830254,0.03779111883367176,0.039679628685187644,success,clearance_ground+foot_ground_before_ready,0,1,-x12,-x2|+x12
20260702,454,-1.0,touchdown,0.3,0.02,True,True,False,False,False,nan,nan,nan,,0.004941662260819329,0.019127049864721878,-0.004940223196228371,-0.0045806016080942764,success,success,0,2,+x7,+x5|-x1|+x1
20260702,455,-1.0,touchdown,0.3,0.02,True,True,True,True,True,0.02304679481554179,0.02304679481554179,0.0,False,0.0063794677329664365,0.0063794677329664365,0.0110931611062204,0.0110931611062204,success,success,0,0,+x8,+x8
20260702,456,-1.0,mid_cross,0.3,0.02,True,True,False,False,False,nan,nan,nan,,0.5946207806882782,0.28809512417789684,-0.027804706439015576,-0.028917452013756256,success,success,0,1,-x11,-x5|+x6
20260702,457,-1.0,touchdown,0.3,0.02,True,True,False,False,False,nan,nan,nan,,0.049835629720824046,0.049835629720824046,-0.003864215963525368,-0.003864215963525368,success,success,0,0,-x5,-x5
20260702,458,-1.0,touchdown,0.3,0.02,True,True,False,False,False,nan,nan,nan,,0.009954039719269404,0.009954039719269404,-0.0009361847936583956,-0.0009361847936583956,success,success,0,0,+x11,+x11
20260702,459,-1.0,touchdown,0.3,0.02,False,False,False,False,False,nan,nan,nan,,0.01259293963529292,0.18272998098135074,-0.015273412818713545,-0.015006131809677314,clearance_ground+foot_ground_before_ready,clearance_ground+foot_ground_before_ready,0,2,+x16,+x5|-x9|+x3
20260702,460,-1.0,mid_cross,0.3,0.02,False,False,False,False,False,nan,nan,nan,,0.20251166393129816,0.20251166393129816,-0.028241293546502497,-0.028241293546502497,clearance_ground+foot_ground_before_ready,clearance_ground+foot_ground_before_ready,0,0,-x14,-x14
20260702,461,-1.0,touchdown,0.3,0.02,True,True,True,True,True,0.1901642646007549,0.23152589523147007,0.041361630630715185,False,0.04962429630445275,0.06350392127101194,0.010457957282879588,0.010992143300887755,success,success,0,3,+x11,+x8|-x1|+x1|-x1
20260702,462,-1.0,touchdown,0.3,0.02,True,True,False,False,False,nan,nan,nan,,0.005783721396640595,0.07730950615603895,-0.01120785149510807,-0.010970564979446942,success,success,0,3,+x9,+x6|-x1|+x1|-x1
20260702,463,-1.0,mid_cross,0.3,0.02,False,False,False,False,False,nan,nan,nan,,0.0992622277266024,0.0992622277266024,0.01022649933241021,0.01022649933241021,clearance_ground+foot_ground_before_ready,clearance_ground+foot_ground_before_ready,0,0,-x10,-x10
20260702,464,-1.0,touchdown,0.3,0.02,True,True,True,True,True,0.07306688242901045,0.3272734331777691,0.25420655074875864,False,0.016892351927928782,0.0818133560231245,0.00926511797592839,0.010018319228616498,success,success,0,4,+x12,+x3|-x1|+x5|-x1|+x2
20260702,465,-1.0,touchdown,0.3,0.02,True,True,True,True,True,0.15665017710686438,0.2184520830224163,0.06180190591555193,False,0.04727259356180986,0.06392867125282349,0.012093721140910972,0.011727917386541803,success,success,0,3,+x9,+x5|-x1|+x1|-x1
20260702,466,-1.0,mid_cross,0.3,0.02,False,False,False,False,False,nan,nan,nan,,0.3409456721532139,0.3409456721532139,0.0041511635122285645,0.0041511635122285645,clearance_ground+foot_ground_before_ready,clearance_ground+foot_ground_before_ready,0,0,-x17,-x17
20260702,467,-1.0,mid_cross,0.3,0.02,True,False,True,False,False,19.38205977838349,nan,nan,,1.2137467783551523,0.7871845886840138,0.002509629276075759,-0.0012856472426089893,success,clearance_ground+foot_ground_before_ready,0,1,-x12,-x4|+x11
20260702,468,-1.0,touchdown,0.3,0.02,True,True,False,False,False,nan,nan,nan,,0.04640123038506907,0.021294601312324107,-0.013318569970175179,-0.015692580387648397,success,success,0,1,+x6,+x5|-x2
20260702,469,-1.0,touchdown,0.3,0.02,True,True,False,False,False,nan,nan,nan,,0.08589935839140019,0.08589935839140019,-0.0076878161179939584,-0.0076878161179939584,success,success,0,0,-x6,-x6
20260702,470,-1.0,mid_cross,0.3,0.02,False,False,False,False,False,nan,nan,nan,,1.61940317823037,0.7861177356749446,-0.008051808456265977,-0.011285715564031289,clearance_ground+foot_ground_before_ready,clearance_ground+foot_ground_before_ready,0,1,-x13,-x8|+x5
20260702,471,-1.0,touchdown,0.3,0.02,True,True,False,False,False,nan,nan,nan,,0.08861667415857809,0.11785610998169438,-0.0036116674262553633,-0.0032756116575563404,success,success,0,5,+x9,+x3|-x1|+x1|-x1|+x2|-x1
20260702,472,-1.0,mid_cross,0.3,0.02,False,False,False,False,False,nan,nan,nan,,1.7005838669145268,0.8306490025674318,0.030556086001687185,0.022957301078245358,clearance_ground+foot_ground_before_ready,clearance_ground+foot_ground_before_ready,0,1,-x15,-x7|+x7
20260702,473,-1.0,mid_cross,0.3,0.02,False,False,False,False,False,nan,nan,nan,,1.966156583609124,1.053400766459201,-0.004364000478622556,-0.008884263310937052,clearance_ground+foot_ground_before_ready,clearance_ground+foot_ground_before_ready,0,1,-x16,-x9|+x7
20260702,474,-1.0,touchdown,0.3,0.02,True,True,True,True,True,0.023944283282458532,0.0239297227896057,-1.456049285283173e-05,True,0.003070405508934954,0.003070405508934954,0.0051389608029688005,0.005142087700956734,success,success,0,1,-x6,-x5|+x1
20260702,475,-1.0,touchdown,0.3,0.02,True,True,True,True,True,0.09736438641714502,0.09736438641714502,0.0,False,0.006223854757085433,0.006223854757085433,0.002561773497431594,0.002561773497431594,success,success,0,0,+x7,+x7
20260702,476,-1.0,touchdown,0.3,0.02,True,False,False,False,False,nan,nan,nan,,0.048778215799843455,0.2781806512274644,-0.011817741804886407,-0.014824499983513227,success,clearance_ground+foot_ground_after_ready,0,5,+x10,+x6|-x1|+x1|-x3|+x1|-x2
20260702,477,-1.0,touchdown,0.3,0.02,True,True,True,True,True,0.03369266815412619,0.03310050836667589,-0.0005921597874503012,True,0.021966462902646835,0.024105772438054278,0.026127998188748662,0.029185544430734595,success,success,0,4,-x8,-x2|+x2|-x1|+x1|-x3
20260702,478,-1.0,touchdown,0.3,0.02,True,True,False,False,False,nan,nan,nan,,0.003701002017050266,0.06918535038081916,-0.002563941726139149,-0.0018717566183743262,success,success,0,1,+x9,+x7|-x1
20260702,479,-1.0,touchdown,0.3,0.02,True,True,False,False,False,nan,nan,nan,,0.059801540895469234,0.059801540895469234,-0.004672009950940927,-0.004672009950940927,success,success,0,0,-x12,-x12
20260702,480,-1.0,touchdown,0.3,0.02,True,False,True,False,False,0.02578543334694244,nan,nan,,0.004676688064020347,0.3038555539565339,0.0072685097836170665,0.009572828561300095,success,clearance_ground+foot_ground_after_ready,0,7,+x9,+x4|-x1|+x1|-x1|+x1|-x2|+x1|-x1
20260702,481,-1.0,touchdown,0.35,0.0,True,True,True,True,True,0.03946593612198244,0.03946593612198244,0.0,False,0.006822173288350041,0.006822173288350041,0.00692758317061784,0.00692758317061784,success,success,0,0,+x8,+x8
20260702,482,-1.0,mid_cross,0.35,0.0,False,False,False,False,False,nan,nan,nan,,1.5361315876736075,1.1110169806670613,0.04391249042757987,0.04377027593181147,clearance_ground+foot_ground_before_ready,clearance_ground+foot_ground_before_ready,0,1,-x14,-x12|+x2
20260702,483,-1.0,touchdown,0.35,0.0,True,True,False,False,False,nan,nan,nan,,0.10899850227689889,0.10899850227689889,-0.028092983193717072,-0.028092983193717072,success,success,0,0,-x13,-x13
20260702,484,-1.0,touchdown,0.35,0.0,True,True,False,False,False,nan,nan,nan,,0.008930121447242109,0.008930121447242109,-0.00075415012159466,-0.00075415012159466,success,success,0,0,-x3,-x3
20260702,485,-1.0,mid_cross,0.35,0.0,False,False,False,False,False,nan,nan,nan,,2.344835695553696,0.9345987858275437,-0.06069259436406656,-0.06555498793364217,clearance_ground+foot_ground_before_ready,clearance_ground+foot_ground_before_ready,0,1,-x17,-x11|+x7
20260702,486,-1.0,touchdown,0.35,0.0,True,True,True,True,True,0.052337052424900284,0.052337052424900284,0.0,False,0.010511383916621764,0.010511383916621764,0.008048816922320616,0.008048816922320616,success,success,0,0,+x8,+x8
20260702,487,-1.0,touchdown,0.35,0.0,True,True,True,True,True,0.007118807204098596,0.07636181244364044,0.06924300523954185,False,0.0034031571794524446,0.03866583140925746,0.019158265489043917,0.020292358940019413,success,success,0,4,+x7,+x1|-x1|+x1|-x1|+x3
20260702,488,-1.0,touchdown,0.35,0.0,True,True,False,False,False,nan,nan,nan,,0.00433281124034988,0.00433281124034988,-0.0016077432938950698,-0.0016077432938950698,success,success,0,0,-x2,-x2
20260702,489,-1.0,mid_cross,0.35,0.0,False,False,False,False,False,nan,nan,nan,,1.316655644014115,0.7945002067305769,-0.015792288860707354,-0.017219814186994226,clearance_ground+foot_ground_before_ready,clearance_ground+foot_ground_before_ready,0,3,-x8,-x4|+x2|-x1|+x1
20260702,490,-1.0,mid_cross,0.35,0.0,False,False,False,False,False,nan,nan,nan,,0.3630961848152099,0.3630961848152099,-0.03971508065857132,-0.03971508065857132,clearance_ground+foot_ground_before_ready,clearance_ground+foot_ground_before_ready,0,0,-x16,-x16
20260702,491,-1.0,touchdown,0.35,0.0,True,True,False,False,False,nan,nan,nan,,0.06530238312813114,0.03408589726758045,-0.04423469456735088,-0.03932152040164549,success,success,0,1,+x12,+x7|-x4
20260702,492,-1.0,mid_cross,0.35,0.0,False,False,False,False,False,nan,nan,nan,,1.1598492807498058,0.7749578986723552,-0.04194659395257046,-0.04140609623333574,clearance_ground+foot_ground_before_ready,clearance_ground+foot_ground_before_ready,0,1,-x12,-x7|+x5
20260702,493,-1.0,mid_cross,0.35,0.0,True,False,True,False,False,20.778990472281357,nan,nan,,0.7397389940624661,0.15609541623794268,0.0014267092564637478,-0.0007941642274068711,success,clearance_ground+foot_ground_before_ready,0,1,-x15,-x8|+x7
20260702,494,-1.0,touchdown,0.35,0.0,True,True,False,False,False,nan,nan,nan,,0.017813200878424182,0.017813200878424182,-0.026765055707406074,-0.026765055707406074,success,success,0,0,-x8,-x8
20260702,495,-1.0,touchdown,0.35,0.0,True,True,False,False,False,nan,nan,nan,,0.07600977234098305,0.07600977234098305,-0.005720904747942565,-0.005720904747942565,success,success,0,0,-x10,-x10
20260702,496,-1.0,pre_cross,0.35,0.0,False,False,False,False,False,nan,nan,nan,,2.692432340563498,1.6714683408774875,-0.010255221513843907,-0.014457421424392866,clearance_ground+foot_ground_before_ready,clearance_ground+foot_ground_before_ready,0,1,-x19,-x13|+x6
20260702,497,-1.0,mid_cross,0.35,0.0,False,False,False,False,False,nan,nan,nan,,0.39601529845886346,0.39601529845886346,-0.03116429422228796,-0.03116429422228796,clearance_ground+foot_ground_before_ready,clearance_ground+foot_ground_before_ready,0,0,-x14,-x14
20260702,498,-1.0,mid_cross,0.35,0.0,True,False,True,False,False,1.9219027617550988,nan,nan,,0.7219114208978751,0.36969520441253223,0.01505337609456614,0.010308671639186709,success,clearance_ground+foot_ground_before_ready,0,1,-x13,-x3|+x12
20260702,499,-1.0,touchdown,0.35,0.0,True,True,False,False,False,nan,nan,nan,,0.02893408906878403,0.02893408906878403,-0.010477995116540531,-0.010477995116540531,success,success,0,0,-x8,-x8
20260702,500,-1.0,pre_cross,0.35,0.0,False,False,False,False,False,nan,nan,nan,,1.3284910372148042,1.3284910372148042,-0.04531146204490055,-0.04531146204490055,clearance_ground+foot_ground_bad_clearance,clearance_ground+foot_ground_bad_clearance,0,0,-x16,-x16
20260702,501,-1.0,touchdown,0.35,0.0,False,False,False,False,False,nan,nan,nan,,0.00845255634751158,0.00845255634751158,0.007877677823016127,0.007877677823016127,clearance_ground+foot_ground_after_ready,clearance_ground+foot_ground_after_ready,0,0,+x4,+x4
20260702,502,-1.0,touchdown,0.35,0.0,True,True,False,False,False,nan,nan,nan,,0.03282702325210849,0.03282702325210849,-0.0031892079923194726,-0.0026924128854851088,success,success,0,1,-x11,-x8|+x2
20260702,503,-1.0,pre_cross,0.35,0.0,False,False,False,False,False,nan,nan,nan,,0.6583499058962499,0.6583499058962499,-0.03443919152772573,-0.03443919152772573,clearance,clearance,0,0,-x14,-x14
20260702,504,-1.0,touchdown,0.35,0.0,True,True,True,True,True,0.010114646736362061,0.018594007229176483,0.008479360492814421,False,0.004955389525317823,0.008036081959114032,0.019633986577777165,0.01732019480945768,success,success,0,3,+x7,+x1|-x2|+x1|-x2
20260702,505,-1.0,mid_cross,0.35,0.0,True,False,False,False,False,nan,nan,nan,,0.9507444635399123,0.282926830964415,-0.011667783680012075,-0.012506080999626995,success,clearance_ground+foot_ground_before_ready,0,1,-x12,-x5|+x7
20260702,506,-1.0,pre_cross,0.35,0.0,False,False,False,False,False,nan,nan,nan,,2.0700796601218343,2.0700796601218343,0.012730513933818487,0.012730513933818487,clearance_ground+foot_ground_bad_clearance,clearance_ground+foot_ground_bad_clearance,0,0,-x17,-x17
20260702,507,-1.0,mid_cross,0.35,0.0,False,False,False,False,False,nan,nan,nan,,0.9285139743866391,0.3188677046119278,0.018546307894991773,0.016704845341287064,clearance_ground+foot_ground_before_ready,clearance_ground+foot_ground_before_ready,0,1,-x7,-x3|+x4
20260702,508,-1.0,touchdown,0.35,0.0,False,False,False,False,False,nan,nan,nan,,0.1263333684091283,0.1263333684091283,-0.03719022388708397,-0.03719022388708397,clearance_ground+foot_ground_before_ready,clearance_ground+foot_ground_before_ready,0,0,-x15,-x15
20260702,509,-1.0,mid_cross,0.35,0.0,False,False,False,False,False,nan,nan,nan,,3.3616471225543325,1.0868591864297612,-0.04907495139391743,-0.05494102551641453,clearance_ground+foot_ground_before_ready,clearance_ground+foot_ground_before_ready,0,1,-x19,-x12|+x7
20260702,510,-1.0,touchdown,0.35,0.0,True,True,False,False,False,nan,nan,nan,,0.026893401950554834,0.015649265189874417,-0.010341057886803492,-0.010350302714762644,success,success,0,1,-x4,-x3|+x1
20260702,511,-1.0,touchdown,0.35,0.0,True,True,False,False,False,nan,nan,nan,,0.12300224976393594,0.024120978108506864,-0.004899347608693108,-0.0043504965333498735,success,success,0,2,-x7,-x4|+x1|-x1
20260702,512,-1.0,mid_cross,0.35,0.0,False,False,False,False,False,nan,nan,nan,,1.0570746482377729,1.0570746482377729,0.036614468644050845,0.036614468644050845,clearance,clearance,0,0,-x15,-x15
20260702,513,-1.0,mid_cross,0.35,0.0,False,False,False,False,False,nan,nan,nan,,1.3529517103221824,0.5445195135256459,-0.013203964580887101,-0.013201278617503198,clearance_ground+foot_ground_before_ready,clearance_ground+foot_ground_before_ready,0,1,-x9,-x4|+x5
20260702,514,-1.0,mid_cross,0.35,0.0,False,False,False,False,False,nan,nan,nan,,0.6849390060223575,0.6849390060223575,0.022474724134496166,0.022474724134496166,clearance_ground+foot_ground_bad_clearance,clearance_ground+foot_ground_bad_clearance,0,0,-x13,-x13
20260702,515,-1.0,touchdown,0.35,0.0,True,True,False,False,False,nan,nan,nan,,0.027578553009242713,0.1202481515032155,-0.060010013011994566,-0.058693977607168914,success,success,0,2,+x16,+x9|-x4|+x3
20260702,516,-1.0,touchdown,0.35,0.0,False,False,False,False,False,nan,nan,nan,,0.28522326105305185,0.28522326105305185,-0.0057130576944529445,-0.0057130576944529445,clearance_ground+foot_ground_before_ready,clearance_ground+foot_ground_before_ready,0,0,-x11,-x11
20260702,517,-1.0,touchdown,0.35,0.0,True,True,True,True,True,0.040652563492831584,0.040652563492831584,0.0,False,0.011621540116611907,0.011621540116611907,0.011456637173851758,0.011456637173851758,success,success,0,0,+x5,+x5
20260702,518,-1.0,pre_cross,0.35,0.0,False,False,False,False,False,nan,nan,nan,,2.602456533375364,2.602456533375364,-0.013536957155702106,-0.013536957155702106,clearance_ground+foot_ground_bad_clearance,clearance_ground+foot_ground_bad_clearance,0,0,-x18,-x18
20260702,519,-1.0,mid_cross,0.35,0.0,False,False,False,False,False,nan,nan,nan,,1.5063195647358054,0.6816115360843541,-0.05164234403747958,-0.06129665524461732,clearance_ground+foot_ground_before_ready,clearance_ground+foot_ground_before_ready,0,1,-x16,-x7|+x11
20260702,520,-1.0,touchdown,0.35,0.0,True,True,True,True,True,0.025322708305660916,0.032077026157435434,0.006754317851774518,False,0.022753457357448957,0.031973648575005315,0.0360096296372986,0.03994657136231098,success,success,0,4,-x9,-x2|+x1|-x1|+x1|-x5
20260702,521,-1.0,touchdown,0.35,0.01,True,True,False,False,False,nan,nan,nan,,0.1167902603986739,0.11050678239004266,-0.014535873800363266,-0.013439484534240022,success,success,0,5,+x10,+x5|-x1|+x1|-x1|+x1|-x1
20260702,522,-1.0,touchdown,0.35,0.01,True,True,False,False,False,nan,nan,nan,,0.3055890333154925,0.11363455927584559,-0.02326147904012066,-0.023560829264205788,success,success,0,1,-x9,-x8|+x1
20260702,523,-1.0,touchdown,0.35,0.01,True,True,False,False,False,nan,nan,nan,,0.023737727875438888,0.017202704739654094,-0.02589144521176147,-0.023057769571783755,success,success,0,1,-x9,-x4|+x4
20260702,524,-1.0,mid_cross,0.35,0.01,True,False,True,False,False,0.375435680708322,nan,nan,,0.6523222244974944,0.32129902775754937,0.06963186716013896,0.06813718391047945,success,clearance_ground+foot_ground_before_ready,0,2,-x13,-x5|+x6|-x3
20260702,525,-1.0,touchdown,0.35,0.01,True,True,False,False,False,nan,nan,nan,,0.020634101199782102,0.0479087392334187,-0.005442532607293521,-0.004123252078846819,success,success,0,1,+x14,+x10|-x4
20260702,526,-1.0,touchdown,0.35,0.01,True,True,True,True,True,0.8878482894204418,0.5044524157970897,-0.38339587362335215,True,0.11514236317839378,0.06661670720481444,0.005197300010228195,0.005292298924997829,success,success,0,1,+x8,+x6|-x2
20260702,527,-1.0,touchdown,0.35,0.01,False,False,False,False,False,nan,nan,nan,,0.06999246941710499,0.08899015239544619,-0.0620652953949993,-0.05193062792005777,clearance_ground+foot_ground_before_ready,clearance_ground+foot_ground_before_ready,0,5,+x22,+x8|-x1|+x1|-x1|+x7|-x3
20260702,528,-1.0,touchdown,0.35,0.01,True,True,False,False,False,nan,nan,nan,,0.011790687014752376,0.011790687014752376,-0.009133669259311281,-0.009133669259311281,success,success,0,0,-x7,-x7
20260702,529,-1.0,mid_cross,0.35,0.01,False,False,False,False,False,nan,nan,nan,,0.22713895336811776,0.22713895336811776,-0.03800095266832178,-0.03800095266832178,clearance_ground+foot_ground_before_ready,clearance_ground+foot_ground_before_ready,0,0,-x18,-x18
20260702,530,-1.0,touchdown,0.35,0.01,True,False,True,False,False,0.9348711862237307,nan,nan,,0.2902438244997908,0.22378517486252855,0.012442069530811901,0.012015718452372821,success,clearance_ground+foot_ground_after_ready,0,3,-x11,-x9|+x1|-x1|+x1
20260702,531,-1.0,touchdown,0.35,0.01,True,True,True,True,True,0.2761499059678237,0.2722830167211164,-0.0038668892467073057,True,0.031368743964271605,0.031368743964271605,0.0045523289895219865,0.004616979925996245,success,success,0,1,-x8,-x5|+x3
20260702,532,-1.0,pre_cross,0.35,0.01,False,False,False,False,False,nan,nan,nan,,3.0070753185410974,1.930700377775561,0.028003485102064726,0.027449932609951808,clearance_ground+foot_ground_before_ready,clearance_ground+foot_ground_before_ready,0,1,-x17,-x15|+x2
20260702,533,-1.0,mid_cross,0.35,0.01,False,False,False,False,False,nan,nan,nan,,0.21620379395882222,0.21620379395882222,-0.002772473435943168,-0.002772473435943168,clearance,clearance,0,0,-x9,-x9
20260702,534,-1.0,touchdown,0.35,0.01,True,True,True,True,True,0.04246827622434388,0.04246827622434388,0.0,False,0.006344744300251987,0.006344744300251987,0.005987298371009177,0.005987298371009177,success,success,0,0,-x2,-x2
20260702,535,-1.0,touchdown,0.35,0.01,True,True,False,False,False,nan,nan,nan,,0.01179868877895129,0.01179868877895129,-0.00488454791678751,-0.00488454791678751,success,success,0,0,-x5,-x5
20260702,536,-1.0,touchdown,0.35,0.01,True,True,True,True,True,0.01047195981841066,0.01047195981841066,0.0,False,0.002959900625474737,0.002959900625474737,0.011327408789622524,0.011327408789622524,success,success,0,0,+x7,+x7
20260702,537,-1.0,touchdown,0.35,0.01,True,True,True,True,True,0.4667465096572443,0.46681517604870265,6.866639145836073e-05,False,0.08461121506559129,0.08448680678716884,0.007264876959751461,0.007253127973469735,success,success,0,1,-x8,-x5|+x3
20260702,538,-1.0,mid_cross,0.35,0.01,True,False,True,False,False,1.251325274049888,nan,nan,,1.5534573588296845,0.7161583249247175,0.04975199850555642,0.04370884494044085,success,clearance_ground+foot_ground_before_ready,0,1,-x13,-x5|+x8
20260702,539,-1.0,touchdown,0.35,0.01,True,True,False,False,False,nan,nan,nan,,0.032283628503457625,0.032283628503457625,0.0009662652211312218,0.0009662652211312218,success,success,0,0,-x10,-x10
20260702,540,-1.0,touchdown,0.35,0.01,True,True,True,True,True,0.13894023770461492,0.13894023770461492,0.0,False,0.026255577628413546,0.026255577628413546,0.0075731219487793905,0.0075731219487793905,success,success,0,0,+x8,+x8
20260702,541,-1.0,touchdown,0.35,0.01,True,True,False,False,False,nan,nan,nan,,0.09710596961948723,0.0487367487245305,-0.0220015291379596,-0.021213442473505782,success,success,0,1,+x9,+x6|-x3
20260702,542,-1.0,touchdown,0.35,0.01,True,True,True,True,True,0.053862695178350024,0.5707795150365732,0.5169168198582231,False,0.007232626645086566,0.08588423634104955,0.005381326920996424,0.0060301274425603735,success,success,0,4,+x8,+x2|-x2|+x1|-x1|+x2
20260702,543,-1.0,touchdown,0.35,0.01,False,False,False,False,False,nan,nan,nan,,0.017300521498499172,0.017300521498499172,0.002546403408870704,0.002546403408870704,clearance_ground+foot_ground_before_ready,clearance_ground+foot_ground_before_ready,0,0,-x4,-x4
20260702,544,-1.0,touchdown,0.35,0.01,True,True,False,False,False,nan,nan,nan,,0.04611484933945392,0.04611484933945392,-0.011389395442871111,-0.011389395442871111,success,success,0,0,-x7,-x7
20260702,545,-1.0,touchdown,0.35,0.01,True,True,True,True,True,0.017121720280259007,0.017121720280259007,0.0,False,0.005086895044413653,0.005086895044413653,0.011906573300953072,0.011906573300953072,success,success,0,0,+x6,+x6
20260702,546,-1.0,touchdown,0.35,0.01,True,True,True,True,True,0.055182971155370714,0.055182971155370714,0.0,False,0.005572573352661059,0.005572573352661059,0.004046989935777345,0.004046989935777345,success,success,0,0,+x6,+x6
20260702,547,-1.0,mid_cross,0.35,0.01,False,False,False,False,False,nan,nan,nan,,1.2035825502899584,0.48035905021717484,0.013570352198103836,0.008241567259961832,clearance_ground+foot_ground_before_ready,clearance_ground+foot_ground_before_ready,0,1,-x16,-x8|+x7
20260702,548,-1.0,pre_cross,0.35,0.01,False,False,False,False,False,nan,nan,nan,,5.219124026923823,2.736287376291671,0.08830364019082237,0.0846062631151879,clearance_ground+knee_ground,clearance_ground+foot_ground_before_ready,0,1,-x20,-x17|+x3
20260702,549,-1.0,touchdown,0.35,0.01,True,False,True,False,False,0.17937603377346767,nan,nan,,0.08134641532164555,0.11438313745430193,0.018174204613174316,0.020585672738833688,success,clearance_ground+foot_ground_after_ready,0,3,+x12,+x7|-x4|+x1|-x2
20260702,550,-1.0,mid_cross,0.35,0.01,False,False,False,False,False,nan,nan,nan,,0.8048465860712416,0.7757619052309745,0.008746889164370135,0.007896169824157933,clearance_ground+foot_ground_before_ready,clearance_ground+foot_ground_before_ready,0,1,-x14,-x5|+x8
20260702,551,-1.0,pre_cross,0.35,0.01,False,False,False,False,False,nan,nan,nan,,2.8592127549944695,1.3630711746965531,0.03675612439589826,0.027206766751930275,clearance_ground+foot_ground_before_ready,clearance_ground+knee_ground,0,1,-x20,-x13|+x6
20260702,552,-1.0,mid_cross,0.35,0.01,False,False,False,False,False,nan,nan,nan,,0.8436792895387475,0.8436792895387475,-0.011824484875696817,-0.01137532880333883,clearance_ground+foot_ground_before_ready,clearance_ground+foot_ground_before_ready,0,1,-x16,-x10|+x6
20260702,553,-1.0,mid_cross,0.35,0.01,True,False,True,False,False,2.1227554019992483,nan,nan,,1.0225793024112784,0.6664318393022968,0.01930538441533387,0.018021808726025986,success,clearance_ground+foot_ground_before_ready,0,4,-x15,-x10|+x5|-x1|+x1|-x1
20260702,554,-1.0,pre_cross,0.35,0.01,False,False,False,False,False,nan,nan,nan,,1.868222970892373,1.868222970892373,0.028206688636134514,0.027325958581928683,clearance_ground+foot_ground_before_ready,clearance_ground+foot_ground_before_ready,0,1,-x15,-x12|+x3
20260702,555,-1.0,touchdown,0.35,0.01,True,True,False,False,False,nan,nan,nan,,0.003148893465303277,0.013240658446129594,-0.0056092965493672875,-0.006728890289445094,success,success,0,1,+x5,+x4|-x2
20260702,556,-1.0,touchdown,0.35,0.01,True,True,False,False,False,nan,nan,nan,,0.0015359507425645217,0.0015359507425645217,0.00018995604481263084,0.00018995604481263084,success,success,0,0,-x1,-x1
20260702,557,-1.0,mid_cross,0.35,0.01,False,False,False,False,False,nan,nan,nan,,0.8971102915372082,0.6881106623216806,0.007241851804633076,0.007692081653394661,clearance_ground+foot_ground_before_ready,clearance_ground+foot_ground_before_ready,0,5,-x11,-x4|+x1|-x1|+x1|-x1|+x2
20260702,558,-1.0,touchdown,0.35,0.01,True,True,False,True,False,nan,0.2134460637609319,nan,,0.045928118602838755,0.006639165240916412,0.0006910435899131345,0.001246541489865055,success,success,0,1,+x7,+x1|-x5
20260702,559,-1.0,touchdown,0.35,0.01,True,True,False,False,False,nan,nan,nan,,0.028772959098482098,0.028772959098482098,-0.005903015688121835,-0.005903015688121835,success,success,0,0,-x5,-x5
20260702,560,-1.0,touchdown,0.35,0.01,True,True,False,False,False,nan,nan,nan,,0.2081434597931028,0.21323489358416173,-0.007016584360697995,-0.007222940613483237,success,success,0,1,-x7,-x6|+x1
20260702,561,-1.0,touchdown,0.35,0.02,True,True,True,True,True,0.19792758950606276,0.17231171425142394,-0.02561587525463882,True,0.05512487274013762,0.04901441560992173,0.011161502858362107,0.011399621622850867,success,success,0,2,+x9,+x7|-x1|+x1
20260702,562,-1.0,touchdown,0.35,0.02,True,True,False,False,False,nan,nan,nan,,0.008558608762251849,0.008558608762251849,-0.0009118801645166749,-0.0009118801645166749,success,success,0,0,-x5,-x5
20260702,563,-1.0,touchdown,0.35,0.02,True,True,True,True,True,0.19111228787631673,0.05644839393673867,-0.13466389393957806,True,0.05390942311737241,0.01598921483555207,0.011304659436867273,0.011351596839295472,success,success,0,1,+x7,+x6|-x1
20260702,564,-1.0,touchdown,0.35,0.02,False,False,False,False,False,nan,nan,nan,,0.10039922351333183,0.08666630996344102,-0.0645734089643637,-0.061714676220929826,clearance_ground+foot_ground_before_ready,clearance_ground+foot_ground_before_ready,0,4,-x20,-x6|+x1|-x1|+x1|-x9
20260702,565,-1.0,pre_cross,0.35,0.02,False,False,False,False,False,nan,nan,nan,,4.798592437964829,1.9918211012621905,0.001354146199111738,-0.0033628812401035294,clearance_ground+knee_ground,clearance_ground+foot_ground_before_ready,0,1,-x19,-x15|+x4
20260702,566,-1.0,touchdown,0.35,0.02,True,True,False,False,False,nan,nan,nan,,0.015900998925090254,0.015900998925090254,-0.009523454080476043,-0.009523454080476043,success,success,0,0,-x6,-x6
20260702,567,-1.0,mid_cross,0.35,0.02,False,False,False,False,False,nan,nan,nan,,0.7446705228407734,0.4260041123002404,0.046308788214410694,0.03596839185020178,clearance_ground+foot_ground_before_ready,clearance_ground+foot_ground_before_ready,0,1,-x15,-x3|+x11
20260702,568,-1.0,touchdown,0.35,0.02,True,True,False,False,False,nan,nan,nan,,0.1091441470197275,0.061943215331930854,-0.007810699900914153,-0.007269886356325861,success,success,0,3,+x10,+x7|-x1|+x1|-x1
20260702,569,-1.0,touchdown,0.35,0.02,True,True,True,True,True,0.05499323178695723,0.05499323178695723,0.0,False,0.01575373296883476,0.01575373296883476,0.011480363722126165,0.011480363722126165,success,success,0,0,+x8,+x8
20260702,570,-1.0,touchdown,0.35,0.02,False,False,False,False,False,nan,nan,nan,,0.04463004727865101,0.17046728242568038,-0.04674293578210064,-0.04589080599595716,clearance_ground+foot_ground_before_ready,clearance_ground+foot_ground_before_ready,0,4,+x16,+x7|-x1|+x1|-x6|+x2
20260702,571,-1.0,touchdown,0.35,0.02,True,True,True,True,True,0.11770054620834562,0.024777680631166362,-0.09292286557717926,True,0.04626957266606302,0.00892083314671363,0.015754274951578842,0.014428665861015752,success,success,0,3,+x8,+x1|-x3|+x1|-x2
20260702,572,-1.0,touchdown,0.35,0.02,True,True,False,False,False,nan,nan,nan,,0.07453809063966321,0.0821940453999047,-0.03469471270822078,-0.030796269645614334,success,success,0,3,+x12,+x8|-x1|+x1|-x1
20260702,573,-1.0,touchdown,0.35,0.02,True,True,False,False,False,nan,nan,nan,,0.04328410209549511,0.04328410209549511,-0.011977502664213682,-0.011977502664213682,success,success,0,0,-x8,-x8
20260702,574,-1.0,touchdown,0.35,0.02,True,True,True,True,True,0.04206222159503661,0.03355821440464099,-0.008504007190395617,True,0.01432726928743117,0.013632903547639037,0.013650627860129452,0.016280619567092106,success,success,0,2,-x5,-x2|+x1|-x3
20260702,575,-1.0,touchdown,0.35,0.02,True,True,False,False,False,nan,nan,nan,,0.008514139180935822,0.008514139180935822,-5.573305963037234e-05,-5.573305963037234e-05,success,success,0,0,-x3,-x3
20260702,576,-1.0,touchdown,0.35,0.02,True,True,False,False,False,nan,nan,nan,,0.015112535617667792,0.015112535617667792,-0.006496690233950206,-0.006497675132472028,success,success,0,1,-x6,-x5|+x1
20260702,577,-1.0,mid_cross,0.35,0.02,False,False,False,False,False,nan,nan,nan,,1.2003112976087058,0.8118068187810364,0.0014730882282194338,-0.0016066118712239064,clearance_ground+foot_ground_before_ready,clearance_ground+foot_ground_before_ready,0,1,-x18,-x10|+x7
20260702,578,-1.0,touchdown,0.35,0.02,True,True,True,True,True,0.08070722915024645,0.26425265154370897,0.18354542239346253,False,0.016728560419105826,0.05615418349619042,0.008306681186912412,0.008516167084146792,success,success,0,2,+x9,+x6|-x2|+x1
20260702,579,-1.0,touchdown,0.35,0.02,False,False,False,False,False,nan,nan,nan,,0.0038758330921254457,0.0038758330921254457,-0.0020447308846685275,-0.0020447308846685275,clearance_ground+foot_ground_after_ready,clearance_ground+foot_ground_after_ready,0,0,-x3,-x3
20260702,580,-1.0,touchdown,0.35,0.02,True,True,False,False,False,nan,nan,nan,,0.01192830247052487,0.01192830247052487,-0.0023083766222181668,-0.0023083766222181668,success,success,0,0,+x7,+x7
20260702,581,-1.0,touchdown,0.35,0.02,True,True,True,True,True,1.24136586724272,0.3925935791550704,-0.8487722880876495,True,0.10310260780682542,0.04241658520779667,0.003328520690129108,0.004329860658195045,success,success,0,4,+x11,+x3|-x3|+x1|-x2|+x1
20260702,582,-1.0,mid_cross,0.35,0.02,False,False,False,False,False,nan,nan,nan,,0.253829826253946,0.253829826253946,-0.05887362057492969,-0.05887362057492969,clearance_ground+foot_ground_before_ready,clearance_ground+foot_ground_before_ready,0,0,-x17,-x17
20260702,583,-1.0,touchdown,0.35,0.02,True,True,True,True,True,0.13212918206134996,0.18480044049175973,0.05267125843040976,False,0.06039315373199582,0.06761813358751491,0.0183176760012079,0.014663633165820728,success,success,0,2,-x5,-x1|+x2|-x1
20260702,584,-1.0,touchdown,0.35,0.02,True,True,True,True,True,0.04220667567734492,0.04220667567734492,0.0,False,0.03344916547997911,0.03344916547997911,0.03176036979416586,0.03176036979416586,success,success,0,0,-x9,-x9
20260702,585,-1.0,touchdown,0.35,0.02,True,True,True,True,True,0.7334152318091582,0.03876283685322463,-0.6946523949559336,True,0.11523886258921447,0.0059550415734064815,0.006296952950304205,0.006156737749417662,success,success,0,1,-x4,-x1|+x3
20260702,586,-1.0,mid_cross,0.35,0.02,False,False,False,False,False,nan,nan,nan,,0.07429413632487286,0.07429413632487286,0.011795663475933138,0.011795663475933138,clearance,clearance,0,0,-x9,-x9
20260702,587,-1.0,pre_cross,0.35,0.02,False,False,False,False,False,nan,nan,nan,,3.250781118108642,2.5152664635955566,0.06478170092438029,0.06448007839163879,clearance_ground+foot_ground_bad_clearance,clearance_ground+foot_ground_bad_clearance,0,1,-x19,-x18|+x1
20260702,588,-1.0,touchdown,0.35,0.02,True,True,False,False,False,nan,nan,nan,,0.10700887869877422,0.10700887869877422,-0.01736235377783806,-0.01736235377783806,success,success,0,0,-x10,-x10
20260702,589,-1.0,mid_cross,0.35,0.02,False,False,False,False,False,nan,nan,nan,,1.5100963001953025,1.0899013877770845,-0.021254866021197246,-0.023236824571664868,clearance_ground+foot_ground_before_ready,clearance_ground+foot_ground_before_ready,0,1,-x16,-x9|+x6
20260702,590,-1.0,touchdown,0.35,0.02,True,True,False,False,False,nan,nan,nan,,0.015130535802136975,0.015130535802136975,-0.007909418052269149,-0.007909418052269149,success,success,0,0,-x7,-x7
20260702,591,-1.0,touchdown,0.35,0.02,True,True,False,False,False,nan,nan,nan,,0.014129773426592792,0.014129773426592792,-0.00881329641840925,-0.00881329641840925,success,success,0,0,-x5,-x5
20260702,592,-1.0,pre_cross,0.35,0.02,False,False,False,False,False,nan,nan,nan,,2.3367054588293525,1.8575594092260106,-0.01395125053090733,-0.013954230677013041,clearance_ground+foot_ground_before_ready,clearance_ground+foot_ground_before_ready,0,1,-x15,-x14|+x1
20260702,593,-1.0,mid_cross,0.35,0.02,False,False,False,False,False,nan,nan,nan,,0.8079818639573566,0.8079818639573566,0.04634285176548729,0.04634285176548729,clearance,clearance,0,0,-x11,-x11
20260702,594,-1.0,touchdown,0.35,0.02,True,True,True,True,True,0.017818007558096174,0.017818007558096174,0.0,False,0.007513445898712992,0.007513445898712992,0.016899016704867875,0.016899016704867875,success,success,0,0,+x7,+x7
20260702,595,-1.0,touchdown,0.35,0.02,False,False,False,False,False,nan,nan,nan,,0.37794228487278614,0.37794228487278614,-0.03082982566708636,-0.030741146612224088,clearance_ground+foot_ground_before_ready,clearance_ground+foot_ground_before_ready,0,1,-x15,-x14|+x1
20260702,596,-1.0,touchdown,0.35,0.02,True,True,False,False,False,nan,nan,nan,,0.022951121845629138,0.04968002391652517,-0.04230984712178475,-0.039355988278175914,success,success,0,4,-x12,-x5|+x1|-x1|+x1|-x3
20260702,597,-1.0,touchdown,0.35,0.02,True,True,True,True,True,0.06125189754727529,0.06125189754727529,0.0,False,0.003398686111534071,0.003398686111534071,0.002223683225137621,0.002223683225137621,success,success,0,0,-x3,-x3
20260702,598,-1.0,pre_cross,0.35,0.02,False,False,False,False,False,nan,nan,nan,,3.37477084196383,1.2080339802377538,-0.0392515514592285,-0.044457081794610526,clearance_ground+foot_ground_after_ready,clearance_ground+foot_ground_before_ready,0,2,-x19,-x11|+x8|-x1
20260702,599,-1.0,mid_cross,0.35,0.02,True,False,False,False,False,nan,nan,nan,,0.787688097665073,1.5695778170703114,-0.01749090384380476,-0.028567688832392676,success,clearance_ground+foot_ground_before_ready,0,10,-x10,-x3|+x1|-x1|+x2|-x1|+x1|-x1|+x1|-x1|+x1|-x1
20260702,600,-1.0,touchdown,0.35,0.02,True,True,False,False,False,nan,nan,nan,,0.03725540465792818,0.03725540465792818,-0.05077242730723186,-0.05077242730723186,success,success,0,0,-x13,-x13
20260702,601,-1.0,touchdown,0.4,0.0,True,True,True,True,True,0.7665309411003269,0.7665309411003269,0.0,False,0.056445376976488534,0.056445376976488534,0.0029510739907978867,0.0029510739907978867,success,success,0,0,-x6,-x6
20260702,602,-1.0,mid_cross,0.4,0.0,False,False,False,False,False,nan,nan,nan,,0.9624389361323527,0.9624389361323527,0.013061238119547763,0.013061238119547763,clearance_ground+foot_ground_bad_clearance,clearance_ground+foot_ground_bad_clearance,0,0,-x9,-x9
20260702,603,-1.0,mid_cross,0.4,0.0,False,False,False,False,False,nan,nan,nan,,1.7435474968102571,1.329710344063202,0.020326051174171647,0.017275973580583096,clearance_ground+foot_ground_before_ready,clearance_ground+foot_ground_before_ready,0,1,-x17,-x12|+x4
20260702,604,-1.0,mid_cross,0.4,0.0,False,False,False,False,False,nan,nan,nan,,0.8341995232462337,0.8341995232462337,0.019157598858400487,0.019157598858400487,clearance_ground+foot_ground_bad_clearance,clearance_ground+foot_ground_bad_clearance,0,0,-x14,-x14
20260702,605,-1.0,mid_cross,0.4,0.0,False,False,False,False,False,nan,nan,nan,,0.6160835438567666,0.6010448793040902,0.03978798908279061,0.03993633468557367,clearance_ground+foot_ground_before_ready,clearance_ground+foot_ground_before_ready,0,1,-x18,-x10|+x8
20260702,606,-1.0,touchdown,0.4,0.0,False,False,False,False,False,nan,nan,nan,,0.36430047888579337,0.36430047888579337,-0.07206509327337322,-0.07206509327337322,clearance_ground+foot_ground_before_ready,clearance_ground+foot_ground_before_ready,0,0,-x17,-x17
20260702,607,-1.0,touchdown,0.4,0.0,True,True,False,False,False,nan,nan,nan,,0.019948201317389377,0.019948201317389377,-0.010596227864688959,-0.010596227864688959,success,success,0,0,-x7,-x7
20260702,608,-1.0,pre_cross,0.4,0.0,False,False,False,False,False,nan,nan,nan,,2.7787798937877515,1.7006088009639224,-0.04778843350329007,-0.05014257665250871,clearance_ground+foot_ground_before_ready,clearance_ground+foot_ground_before_ready,0,1,-x17,-x13|+x4
20260702,609,-1.0,touchdown,0.4,0.0,True,True,True,True,True,0.04277941228884464,0.04277941228884464,0.0,False,0.011776022350817393,0.011776022350817393,0.011031770488027115,0.011031770488027115,success,success,0,0,-x4,-x4
20260702,610,-1.0,touchdown,0.4,0.0,True,True,True,True,True,0.5708604215425084,0.5708604215425084,0.0,False,0.0246391602572108,0.0246391602572108,0.0017297262606210118,0.0017297262606210118,success,success,0,0,+x6,+x6
20260702,611,-1.0,touchdown,0.4,0.0,True,False,False,False,False,nan,nan,nan,,0.45209812670630956,0.3350811293210562,0.0004305595679645613,-0.002111150300166058,success,clearance_ground+foot_ground_before_ready,0,7,-x11,-x8|+x1|-x1|+x1|-x1|+x1|-x1|+x1
20260702,612,-1.0,touchdown,0.4,0.0,True,False,False,False,False,nan,nan,nan,,0.3785538070855455,0.30851520279657174,-0.0006681317993782881,-0.002022804657659791,success,clearance_ground+foot_ground_after_ready,0,3,-x14,-x12|+x1|-x1|+x2
20260702,613,-1.0,mid_cross,0.4,0.0,False,False,False,False,False,nan,nan,nan,,2.642774708667547,1.2028558421528626,0.03428825616026209,0.03220527166293145,clearance_ground+foot_ground_before_ready,clearance_ground+foot_ground_before_ready,0,1,-x18,-x14|+x4
20260702,614,-1.0,mid_cross,0.4,0.0,False,False,False,False,False,nan,nan,nan,,1.8760740524546529,0.9716267314538252,-0.05461701431625762,-0.06142955045635383,clearance_ground+foot_ground_before_ready,clearance_ground+foot_ground_before_ready,0,1,-x18,-x10|+x9
20260702,615,-1.0,pre_cross,0.4,0.0,False,False,False,False,False,nan,nan,nan,,4.326455009560365,1.3364066558084164,-0.076671361706813,-0.08153070908045346,clearance_ground+knee_ground,clearance_ground+foot_ground_before_ready,0,1,-x22,-x17|+x5
20260702,616,-1.0,pre_cross,0.4,0.0,False,False,False,False,False,nan,nan,nan,,3.0122658140106164,3.0122658140106164,0.03342233322011759,0.03342233322011759,clearance_ground+foot_ground_bad_clearance,clearance_ground+foot_ground_bad_clearance,0,0,-x19,-x19
20260702,617,-1.0,pre_cross,0.4,0.0,False,False,False,False,False,nan,nan,nan,,2.3646399489225027,1.0527119953880768,-0.06691833262018645,-0.07027302886217288,q1_low_limit,clearance_ground+foot_ground_before_ready,0,1,-x20,-x14|+x7
20260702,618,-1.0,pre_cross,0.4,0.0,False,False,False,False,False,nan,nan,nan,,2.9230259327109325,2.2360723658986523,0.028573544338801105,0.0287520425648779,clearance_ground+foot_ground_bad_clearance,clearance_ground+foot_ground_bad_clearance,0,2,-x21,-x19|+x1|-x1
20260702,619,-1.0,touchdown,0.4,0.0,True,True,False,False,False,nan,nan,nan,,0.14276361861111153,0.19254925909102444,-0.04981359524402868,-0.05135377522581252,success,success,0,3,-x15,-x6|+x1|-x7|+x1
20260702,620,-1.0,touchdown,0.4,0.0,True,True,True,True,True,0.1868855975234278,0.1868855975234278,0.0,False,0.033378453102778344,0.033378453102778344,0.007157671832878146,0.007157671832878146,success,success,0,0,-x9,-x9
20260702,621,-1.0,mid_cross,0.4,0.0,False,False,False,False,False,nan,nan,nan,,0.994950757362233,0.9529946566224572,-0.008826075957088952,-0.010891643088412159,clearance_ground+foot_ground_after_ready,clearance_ground+foot_ground_before_ready,0,6,-x11,-x3|+x1|-x1|+x2|-x1|+x1|-x1
20260702,622,-1.0,pre_cross,0.4,0.0,False,False,False,False,False,nan,nan,nan,,3.3081876051954278,2.00449280052221,0.05631907997476146,0.0567619918649786,clearance_ground+foot_ground_bad_clearance,clearance_ground+foot_ground_bad_clearance,0,1,-x16,-x14|+x2
20260702,623,-1.0,touchdown,0.4,0.0,True,True,False,False,False,nan,nan,nan,,0.1861359181938128,0.1168382394246697,-0.009826040836660416,-0.010533113403682695,success,success,0,2,+x10,+x7|-x3|+x1
20260702,624,-1.0,mid_cross,0.4,0.0,False,False,False,False,False,nan,nan,nan,,2.731462545976711,0.7719755248466755,-0.014970757156993206,-0.026400376005779977,clearance_ground+foot_ground_before_ready,clearance_ground+knee_ground,0,1,-x20,-x11|+x9
20260702,625,-1.0,touchdown,0.4,0.0,True,True,False,False,False,nan,nan,nan,,0.017689497312782607,0.017689497312782607,-0.01127153769403641,-0.01127153769403641,success,success,0,0,-x5,-x5
20260702,626,-1.0,touchdown,0.4,0.0,True,True,True,True,True,0.028093024128603893,0.028093024128603893,0.0,False,0.000946820715799446,0.000946820715799446,0.0013506744037076052,0.0013506744037076052,success,success,0,0,-x2,-x2
20260702,627,-1.0,mid_cross,0.4,0.0,False,False,False,False,False,nan,nan,nan,,1.565833515991513,0.8981349749595153,-0.006688577089637084,-0.014145523417824254,clearance_ground+foot_ground_before_ready,clearance_ground+foot_ground_before_ready,0,4,-x18,-x9|+x6|-x1|+x1|-x1
20260702,628,-1.0,touchdown,0.4,0.0,True,True,False,False,False,nan,nan,nan,,0.12348504509517706,0.07413743730962527,-0.0018948613927026042,-0.0017554410442147395,success,success,0,1,+x9,+x6|-x4
20260702,629,-1.0,touchdown,0.4,0.0,False,True,False,False,False,nan,nan,nan,,0.05285690035925269,0.15978909487983456,-0.0754477062710911,-0.06636579695255368,clearance_ground+foot_ground_before_ready,success,0,3,-x22,-x2|+x6|-x9|+x1
20260702,630,-1.0,touchdown,0.4,0.0,False,False,False,False,False,nan,nan,nan,,0.3102730732791115,0.15734797531132547,0.017250571578540597,0.017252755117086946,clearance_ground+foot_ground_after_ready,clearance_ground+foot_ground_after_ready,0,1,-x13,-x12|+x1
20260702,631,-1.0,touchdown,0.4,0.0,False,False,False,False,False,nan,nan,nan,,0.06230574696990393,0.21759569985203797,-0.04492624762549779,-0.05059568645784543,clearance_ground+foot_ground_before_ready,clearance_ground+foot_ground_before_ready,0,3,+x14,+x9|-x5|+x1|-x1
20260702,632,-1.0,touchdown,0.4,0.0,True,True,False,False,False,nan,nan,nan,,0.027138368953853954,0.027187656581337268,-0.00788896557159996,-0.011335922756777833,success,success,0,2,-x6,-x2|+x3|-x3
20260702,633,-1.0,touchdown,0.4,0.0,True,True,True,True,True,0.15292310488209498,0.46168348217354227,0.3087603772914473,False,0.0323454568373114,0.061393785253286225,0.008476598104253677,0.005329193436789198,success,success,0,4,-x13,-x2|+x4|-x3|+x1|-x2
20260702,634,-1.0,touchdown,0.4,0.0,True,True,False,False,False,nan,nan,nan,,0.0050138142725846,0.026158911816347247,-0.00011706563388359792,-4.791678722047832e-05,success,success,0,2,+x6,+x2|-x3|+x1
20260702,635,-1.0,mid_cross,0.4,0.0,False,False,False,False,False,nan,nan,nan,,1.810598726862952,0.9270002345965415,-0.03144794582274625,-0.03309475328705378,clearance_ground+foot_ground_before_ready,clearance_ground+foot_ground_before_ready,0,1,-x15,-x8|+x6
20260702,636,-1.0,pre_cross,0.4,0.0,False,False,False,False,False,nan,nan,nan,,3.5359836472037856,2.2163123721434403,-0.03405105311286078,-0.03506640362728056,clearance_ground+foot_ground_before_ready,clearance_ground+foot_ground_bad_clearance,0,1,-x22,-x20|+x2
20260702,637,-1.0,pre_cross,0.4,0.0,False,False,False,False,False,nan,nan,nan,,0.7452350490374801,0.7452350490374801,-0.021688877642910054,-0.021688877642910054,clearance_ground+foot_ground_bad_clearance,clearance_ground+foot_ground_bad_clearance,0,0,-x10,-x10
20260702,638,-1.0,touchdown,0.4,0.0,True,True,False,False,False,nan,nan,nan,,0.14062567893094882,0.07573175175730301,-0.0015158292472581547,-0.0012351757063930047,success,success,0,3,+x8,+x1|-x4|+x1|-x3
20260702,639,-1.0,pre_cross,0.4,0.0,False,False,False,False,False,nan,nan,nan,,3.012335447926508,3.012335447926508,0.012717918346822885,0.012717918346822885,clearance,clearance,0,0,-x20,-x20
20260702,640,-1.0,mid_cross,0.4,0.0,False,False,False,False,False,nan,nan,nan,,1.7104788878887174,0.8837193213126512,0.0030483951904080415,0.0019006692975606712,clearance_ground+foot_ground_before_ready,clearance_ground+foot_ground_before_ready,0,1,-x13,-x10|+x3
20260702,641,-1.0,mid_cross,0.4,0.01,False,False,False,False,False,nan,nan,nan,,1.5465866332426952,0.7522032119755863,0.008747680232754736,0.007352285575930029,clearance_ground+foot_ground_before_ready,clearance_ground+foot_ground_before_ready,0,1,-x14,-x10|+x3
20260702,642,-1.0,touchdown,0.4,0.01,True,True,False,False,False,nan,nan,nan,,0.010273308731216648,0.010273308731216648,-0.0006886896317667424,-0.0006886896317667424,success,success,0,0,-x3,-x3
20260702,643,-1.0,touchdown,0.4,0.01,True,True,False,False,False,nan,nan,nan,,0.005909476052839199,0.005909476052839199,-0.004244763895508569,-0.004244763895508569,success,success,0,0,-x3,-x3
20260702,644,-1.0,touchdown,0.4,0.01,True,True,True,True,True,0.0662674644707007,0.08794283699648177,0.02167537252578107,False,0.014682916648100647,0.019423934168201935,0.008879599743735075,0.008851525734224444,success,success,0,2,-x6,-x4|+x1|-x1
20260702,645,-1.0,touchdown,0.4,0.01,True,True,False,False,False,nan,nan,nan,,0.024970547257857183,0.024970547257857183,-9.169373886233623e-05,-9.169373886233623e-05,success,success,0,0,-x6,-x6
20260702,646,-1.0,touchdown,0.4,0.01,True,True,True,True,True,0.5743395849559746,0.5733276672847981,-0.0010119176711764766,True,0.2521949393344862,0.25101136751265696,0.01759742115635382,0.017545748506344216,success+touchdown_event,success+touchdown_event,0,1,-x8,-x7|+x1
20260702,647,-1.0,touchdown,0.4,0.01,True,True,False,False,False,nan,nan,nan,,0.03787862175162517,0.03787862175162517,-0.004069693438337768,-0.004069693438337768,success,success,0,0,-x5,-x5
20260702,648,-1.0,touchdown,0.4,0.01,True,True,True,True,True,0.026893429735806277,0.026893429735806277,0.0,False,0.008595865002067585,0.008595865002067585,0.012809282540127531,0.012809282540127531,success,success,0,0,-x4,-x4
20260702,649,-1.0,pre_cross,0.4,0.01,False,False,False,False,False,nan,nan,nan,,4.391901680510154,1.6744692754497337,-0.05790117015719374,-0.06583610266548678,clearance_ground+knee_ground,clearance_ground+knee_ground,0,1,-x22,-x17|+x6
20260702,650,-1.0,mid_cross,0.4,0.01,False,False,False,False,False,nan,nan,nan,,0.36845496069076716,0.36845496069076716,-0.005229796628116401,-0.005229796628116401,clearance_ground+foot_ground_before_ready,clearance_ground+foot_ground_before_ready,0,0,-x17,-x17
20260702,651,-1.0,touchdown,0.4,0.01,True,True,False,False,False,nan,nan,nan,,0.020629338652429913,0.020629338652429913,-0.004839064852737204,-0.004839064852737204,success,success,0,0,-x3,-x3
20260702,652,-1.0,mid_cross,0.4,0.01,False,False,False,False,False,nan,nan,nan,,2.4393012304617074,1.850870993674712,0.02744787776104271,0.027420649243075995,clearance_ground+foot_ground_before_ready,clearance_ground+foot_ground_bad_clearance,0,1,-x14,-x13|+x1
20260702,653,-1.0,touchdown,0.4,0.01,True,True,True,True,True,0.34987289143339356,0.14765740993113102,-0.20221548150226254,True,0.1268625603608277,0.04581963588927677,0.014531304001939055,0.01243591651985318,success,success,0,1,+x6,+x1|-x4
20260702,654,-1.0,mid_cross,0.4,0.01,True,False,True,False,False,0.8219453712463584,nan,nan,,0.7038419130679286,0.408610977672674,0.03431733715173652,0.02819592938372023,success,clearance_ground+foot_ground_before_ready,0,2,-x17,-x8|+x7|-x1
20260702,655,-1.0,pre_cross,0.4,0.01,False,False,False,False,False,nan,nan,nan,,3.1466327198416835,2.441688937369498,0.02690661023009369,0.026896957756683937,clearance_ground+foot_ground_bad_clearance,clearance_ground+foot_ground_bad_clearance,0,1,-x20,-x19|+x1
20260702,656,-1.0,mid_cross,0.4,0.01,False,False,False,False,False,nan,nan,nan,,0.9949849177869451,0.6527188182378006,0.0005348252237091511,-0.0019423544694950334,clearance_ground+foot_ground_before_ready,clearance_ground+foot_ground_before_ready,0,1,-x17,-x11|+x6
20260702,657,-1.0,touchdown,0.4,0.01,True,True,True,True,True,0.3925897326837568,0.4330540976312058,0.04046436494744898,False,0.08575931431183226,0.09298072869393952,0.0087543473249488,0.008604630064729613,success,success,0,1,-x6,-x4|+x2
20260702,658,-1.0,touchdown,0.4,0.01,False,False,False,False,False,nan,nan,nan,,0.5724871520947858,0.5179004900915372,-0.0533176543808638,-0.05253507666068055,clearance_ground+foot_ground_before_ready,clearance_ground+foot_ground_before_ready,0,4,-x20,-x11|+x1|-x1|+x1|-x4
20260702,659,-1.0,touchdown,0.4,0.01,True,True,False,False,False,nan,nan,nan,,0.03239963670347144,0.045474105358792725,-0.020578968581563467,-0.0200287007283855,success,success,0,2,+x10,+x5|-x4|+x1
20260702,660,-1.0,mid_cross,0.4,0.01,False,False,False,False,False,nan,nan,nan,,0.7775855541118278,0.7773490581674818,-0.027175891605677488,-0.02564503890480689,clearance_ground+foot_ground_before_ready,clearance_ground+foot_ground_before_ready,0,1,-x15,-x4|+x10
20260702,661,-1.0,touchdown,0.4,0.01,True,True,True,True,True,0.29385088289073114,0.1173595370387151,-0.17649134585201603,True,0.12100882605641304,0.0544003003642944,0.01650332522837898,0.018576518331930414,success,success,0,3,+x10,+x1|-x5|+x1|-x3
20260702,662,-1.0,touchdown,0.4,0.01,True,True,False,False,False,nan,nan,nan,,0.024953258928999075,0.024953258928999075,-0.01799088202821275,-0.01799088202821275,success,success,0,0,-x8,-x8
20260702,663,-1.0,mid_cross,0.4,0.01,False,False,False,False,False,nan,nan,nan,,0.580321356463787,0.5501711373548492,0.004782725556148301,0.002047486559899312,clearance_ground+foot_ground_before_ready,clearance_ground+foot_ground_before_ready,0,1,-x17,-x6|+x10
20260702,664,-1.0,touchdown,0.4,0.01,True,True,True,True,True,0.6046989514495591,0.08943657662258082,-0.5152623748269782,True,0.14311408303912218,0.02269238087305559,0.009484721151613251,0.010168252155015767,success,success,0,1,+x9,+x6|-x3
20260702,665,-1.0,mid_cross,0.4,0.01,False,False,False,False,False,nan,nan,nan,,0.6115577117081656,0.5932958454326422,0.0239931110041856,0.02484883066274323,clearance_ground+foot_ground_before_ready,clearance_ground+foot_ground_before_ready,0,1,-x16,-x9|+x7
20260702,666,-1.0,mid_cross,0.4,0.01,False,False,False,False,False,nan,nan,nan,,0.46858912260791763,0.46858912260791763,0.05257161480859338,0.05257161480859338,clearance_ground+foot_ground_before_ready,clearance_ground+foot_ground_before_ready,0,0,-x18,-x18
20260702,667,-1.0,touchdown,0.4,0.01,False,False,False,False,False,nan,nan,nan,,0.09601435231890224,0.19041250797498654,-0.06581647930114108,-0.06573793993646206,clearance_ground+foot_ground_before_ready,clearance_ground+foot_ground_before_ready,0,3,+x18,+x10|-x6|+x1|-x2
20260702,668,-1.0,mid_cross,0.4,0.01,False,False,False,False,False,nan,nan,nan,,1.4955239892478536,0.6610026536869854,0.022870758771452563,0.012871695519877758,clearance_ground+foot_ground_before_ready,clearance_ground+foot_ground_before_ready,0,1,-x17,-x4|+x10
20260702,669,-1.0,pre_cross,0.4,0.01,False,False,False,False,False,nan,nan,nan,,0.4881001094154037,0.4881001094154037,0.005714470791859411,0.005714470791859411,clearance,clearance,0,0,-x14,-x14
20260702,670,-1.0,mid_cross,0.4,0.01,False,False,False,False,False,nan,nan,nan,,1.549296853514905,1.543256757554651,0.07846071870246585,0.06099494841601301,clearance_ground+foot_ground_before_ready,clearance_ground+foot_ground_before_ready,0,4,-x17,-x5|+x8|-x1|+x1|-x1
20260702,671,-1.0,touchdown,0.4,0.01,True,True,True,True,True,0.4535542887253348,0.4535542887253348,0.0,False,0.27168908576329764,0.27168908576329764,0.024006250025869154,0.024006250025869154,success,success,0,0,-x9,-x9
20260702,672,-1.0,pre_cross,0.4,0.01,False,False,False,False,False,nan,nan,nan,,3.944512305885793,1.4461377588370574,0.02113469142580541,0.011546323562370411,clearance_ground+knee_ground,clearance_ground+foot_ground_before_ready,0,1,-x20,-x11|+x9
20260702,673,-1.0,mid_cross,0.4,0.01,False,False,False,False,False,nan,nan,nan,,2.1478740770551576,0.8565872172485474,0.04374622033965622,0.037483128834741045,clearance_ground+foot_ground_before_ready,clearance_ground+foot_ground_before_ready,0,1,-x18,-x12|+x6
20260702,674,-1.0,touchdown,0.4,0.01,True,True,True,True,True,0.14089843366343646,0.14089843366343646,0.0,False,0.006455997021428114,0.006455997021428114,0.0018362785733155584,0.0018362785733155584,success,success,0,0,-x2,-x2
20260702,675,-1.0,touchdown,0.4,0.01,True,True,True,True,True,0.02917688109578381,0.02917688109578381,0.0,False,0.004496673276880889,0.004496673276880889,0.006176378156499643,0.006176378156499643,success,success,0,0,-x4,-x4
20260702,676,-1.0,mid_cross,0.4,0.01,False,False,False,False,False,nan,nan,nan,,0.7435314359285253,0.3988507246046299,0.06676594945658162,0.05597120190591849,clearance_ground+foot_ground_before_ready,clearance_ground+foot_ground_before_ready,0,1,-x18,-x7|+x9
20260702,677,-1.0,touchdown,0.4,0.01,True,True,False,False,False,nan,nan,nan,,0.09601953546820918,0.020113740937929357,-0.0010246165571273225,-0.0012848341339617986,success,success,0,1,+x3,+x1|-x3
20260702,678,-1.0,mid_cross,0.4,0.01,False,False,False,False,False,nan,nan,nan,,2.0254701158829955,1.1128364168856049,0.011383296701952969,0.01110203427688896,clearance_ground+foot_ground_before_ready,clearance_ground+foot_ground_before_ready,0,1,-x13,-x11|+x2
20260702,679,-1.0,touchdown,0.4,0.01,True,True,False,False,False,nan,nan,nan,,0.02593745425801558,0.02593745425801558,-0.010073331440993122,-0.010073331440993122,success,success,0,0,-x9,-x9
20260702,680,-1.0,touchdown,0.4,0.01,True,True,True,True,True,0.3690377019567069,0.3576619028002038,-0.011375799156503053,True,0.02825245341487597,0.02777705714454845,0.0030680811385525864,0.003112396799552053,success,success,0,1,+x4,+x2|-x2
20260702,681,-1.0,touchdown,0.4,0.02,True,True,False,False,False,nan,nan,nan,,0.14056786371569074,0.12302770009784607,-0.0171907515654027,-0.016041721645098164,success,success,0,2,+x12,+x5|-x6|+x1
20260702,682,-1.0,touchdown,0.4,0.02,True,True,True,True,True,0.04037377384102491,0.04037377384102491,0.0,False,0.012500002064658624,0.012500002064658624,0.012407724712313814,0.012407724712313814,success,success,0,0,-x4,-x4
20260702,683,-1.0,pre_cross,0.4,0.02,False,False,False,False,False,nan,nan,nan,,3.253622216920231,0.9681612478971005,-0.06154729732549931,-0.06720419055022614,clearance_ground+foot_ground_before_ready,clearance_ground+foot_ground_before_ready,0,1,-x19,-x13|+x7
20260702,684,-1.0,touchdown,0.4,0.02,True,True,False,False,False,nan,nan,nan,,0.0815798783216651,0.03676713288756966,-0.014457239535505484,-0.013483249668050534,success,success,0,2,+x10,+x5|-x4|+x1
20260702,685,-1.0,mid_cross,0.4,0.02,False,False,False,False,False,nan,nan,nan,,1.1098407560249166,0.746863451599652,0.00588741195815215,0.005804617042350829,clearance_ground+foot_ground_before_ready,clearance_ground+foot_ground_before_ready,0,1,-x10,-x9|+x1
20260702,686,-1.0,mid_cross,0.4,0.02,False,False,False,False,False,nan,nan,nan,,0.8843582628866127,1.4805273707723468,0.07099348743441984,0.0542986088078183,clearance_ground+foot_ground_before_ready,clearance_ground+foot_ground_before_ready,0,8,-x16,-x4|+x1|-x1|+x2|-x1|+x1|-x1|+x2|-x1
20260702,687,-1.0,touchdown,0.4,0.02,False,False,False,False,False,nan,nan,nan,,0.45991246594722235,0.5285502465911045,-0.07504197839101652,-0.07288521254185952,clearance_ground+foot_ground_before_ready,clearance_ground+foot_ground_before_ready,0,4,-x19,-x12|+x1|-x3|+x1|-x1
20260702,688,-1.0,pre_cross,0.4,0.02,False,False,False,False,False,nan,nan,nan,,3.5782620366627422,1.643285802362437,-0.019693233267782786,-0.02120851229999514,clearance_ground+foot_ground_before_ready,clearance_ground+foot_ground_before_ready,0,1,-x15,-x12|+x4
20260702,689,-1.0,mid_cross,0.4,0.02,True,False,False,False,False,nan,nan,nan,,0.8952005261149856,1.5740030288881095,-0.0345577637168908,-0.04697876298535035,success,clearance_ground+foot_ground_before_ready,0,12,-x11,-x2|+x1|-x1|+x1|-x1|+x1|-x1|+x2|-x1|+x1|-x1|+x1|-x1
20260702,690,-1.0,pre_cross,0.4,0.02,False,False,False,False,False,nan,nan,nan,,4.256148183411447,2.1438164136701214,0.04113563459130916,0.039348242794344485,clearance_ground+knee_ground,clearance_ground+knee_ground,0,1,-x20,-x17|+x3
20260702,691,-1.0,pre_cross,0.4,0.02,False,False,False,False,False,nan,nan,nan,,2.0985454129898065,2.0985454129898065,0.02015501707851984,0.02015501707851984,clearance_ground+foot_ground_bad_clearance,clearance_ground+foot_ground_bad_clearance,0,0,-x19,-x19
20260702,692,-1.0,touchdown,0.4,0.02,True,True,False,False,False,nan,nan,nan,,0.10024393328306448,0.032350866961969614,-0.00545188487421551,-0.0026992859521609153,success,success,0,3,+x12,+x2|-x6|+x1|-x2
20260702,693,-1.0,mid_cross,0.4,0.02,False,False,False,False,False,nan,nan,nan,,1.879105087787541,1.531864786068322,0.06887943610593014,0.0543446284839247,clearance_ground+foot_ground_before_ready,clearance_ground+foot_ground_before_ready,0,4,-x20,-x9|+x8|-x1|+x1|-x1
20260702,694,-1.0,touchdown,0.4,0.02,False,False,False,False,False,nan,nan,nan,,0.049030176858163424,0.049030176858163424,0.006796331498564845,0.006796331498564845,clearance_ground+foot_ground_after_ready,clearance_ground+foot_ground_after_ready,0,0,-x12,-x12
20260702,695,-1.0,touchdown,0.4,0.02,True,True,False,False,False,nan,nan,nan,,0.03884213470338143,0.13560788455524242,-0.05358275930487155,-0.05652951576945058,success,success,0,2,+x13,+x9|-x4|+x1
20260702,696,-1.0,touchdown,0.4,0.02,True,True,False,False,False,nan,nan,nan,,0.02699306017348943,0.022316924021211465,-0.012581448751183534,-0.011518719207273119,success,success,0,3,-x9,-x5|+x1|-x1|+x1
20260702,697,-1.0,pre_cross,0.4,0.02,False,False,False,False,False,nan,nan,nan,,1.8212596043546732,1.8212596043546732,-0.033985706721952516,-0.033985706721952516,clearance_ground+foot_ground_before_ready,clearance_ground+foot_ground_before_ready,0,0,-x19,-x19
20260702,698,-1.0,touchdown,0.4,0.02,True,True,False,True,False,nan,3.4374700748257707,nan,,0.1973938524341186,0.15930149596423956,-0.00016373791021519202,0.001857215667030676,success,success,0,3,+x12,+x4|-x6|+x1|-x1
20260702,699,-1.0,touchdown,0.4,0.02,True,True,False,False,False,nan,nan,nan,,0.03368163465322957,0.03368163465322957,0.0002524884168290456,0.00025113773546422274,success,success,0,1,-x7,-x6|+x1
20260702,700,-1.0,pre_cross,0.4,0.02,False,False,False,False,False,nan,nan,nan,,4.061552570039051,1.2749454364012562,0.05980334434409937,0.05661430186940121,clearance_ground+knee_ground,clearance_ground+knee_ground,0,1,-x20,-x15|+x5
20260702,701,-1.0,touchdown,0.4,0.02,True,True,True,True,True,0.03301981764909883,0.03212876607688641,-0.0008910515722124202,True,0.016723193809543187,0.016962784526364308,0.0202967247842515,0.021158482146643565,success,success,0,1,+x9,+x4|-x5
20260702,702,-1.0,mid_cross,0.4,0.02,False,False,False,False,False,nan,nan,nan,,2.261051895762517,1.439606394346899,0.03534166949352332,0.02824252922248506,clearance_ground+foot_ground_before_ready,clearance_ground+foot_ground_before_ready,0,5,-x16,-x9|+x3|-x1|+x1|-x1|+x1
20260702,703,-1.0,mid_cross,0.4,0.02,False,False,False,False,False,nan,nan,nan,,0.34998703863580716,0.34998703863580716,0.004889515661514771,0.004889515661514771,clearance_ground+foot_ground_before_ready,clearance_ground+foot_ground_before_ready,0,0,-x18,-x18
20260702,704,-1.0,touchdown,0.4,0.02,True,True,False,False,False,nan,nan,nan,,0.05672441506500046,0.02196486896752634,-0.0003851867729361136,0.00033476828364269184,success,success,0,1,+x9,+x3|-x6
20260702,705,-1.0,mid_cross,0.4,0.02,False,False,False,False,False,nan,nan,nan,,1.3334547751297012,0.9193815063388155,0.013458401851420485,0.007917968463731065,clearance_ground+foot_ground_before_ready,clearance_ground+foot_ground_before_ready,0,1,-x19,-x9|+x9
20260702,706,-1.0,touchdown,0.4,0.02,True,True,True,True,True,0.30798932252735406,0.3642290877006072,0.05623976517325313,False,0.0429729834052679,0.05076003006863846,0.005591666429306072,0.0055850704433081655,success,success,0,1,-x7,-x6|+x1
20260702,707,-1.0,pre_cross,0.4,0.02,False,False,False,False,False,nan,nan,nan,,3.3434850867785673,1.9399453445610888,0.04396269801256274,0.04399368586487845,clearance_ground+foot_ground_bad_clearance,clearance_ground+foot_ground_bad_clearance,0,1,-x17,-x15|+x2
20260702,708,-1.0,touchdown,0.4,0.02,False,False,False,False,False,nan,nan,nan,,0.28565213327141065,0.29635543020921007,-0.04002920356009462,-0.04011069969701248,clearance_ground+foot_ground_before_ready,clearance_ground+foot_ground_before_ready,0,1,-x18,-x17|+x1
20260702,709,-1.0,touchdown,0.4,0.02,True,True,False,False,False,nan,nan,nan,,0.006739173412126672,0.006739173412126672,0.0007123498353890506,0.0007123498353890506,success,success,0,0,-x2,-x2
20260702,710,-1.0,mid_cross,0.4,0.02,False,False,False,False,False,nan,nan,nan,,3.6636341203352014,1.6772783544569234,-0.0077209004306205975,-0.010100330169916572,clearance_ground+knee_ground,clearance_ground+foot_ground_before_ready,0,1,-x19,-x14|+x4
20260702,711,-1.0,pre_cross,0.4,0.02,False,False,False,False,False,nan,nan,nan,,2.7595107920341433,2.187961367633242,0.03952746340483573,0.039369812300889345,clearance_ground+foot_ground_before_ready,clearance_ground+foot_ground_before_ready,0,1,-x19,-x18|+x1
20260702,712,-1.0,mid_cross,0.4,0.02,False,False,False,False,False,nan,nan,nan,,1.334011006164554,0.9448052602259531,-0.0018748985880127633,-0.004734531856497113,clearance_ground+foot_ground_before_ready,clearance_ground+foot_ground_before_ready,0,1,-x13,-x8|+x4
20260702,713,-1.0,pre_cross,0.4,0.02,False,False,False,False,False,nan,nan,nan,,1.4709340280149896,1.4709340280149896,0.011691523531746878,0.011691523531746878,clearance_ground+foot_ground_bad_clearance,clearance_ground+foot_ground_bad_clearance,0,0,-x14,-x14
20260702,714,-1.0,mid_cross,0.4,0.02,False,False,False,False,False,nan,nan,nan,,0.9174732997969401,0.9363783045144535,0.015545377160240344,0.007788205763042618,clearance_ground+foot_ground_before_ready,clearance_ground+foot_ground_before_ready,0,6,-x18,-x6|+x6|-x1|+x1|-x1|+x1|-x1
20260702,715,-1.0,mid_cross,0.4,0.02,True,False,True,False,False,3.8369697117235995,nan,nan,,1.3952152556923647,1.3088346584942776,0.014572506437450922,0.014857292299657626,success,clearance_ground+foot_ground_before_ready,0,7,-x11,-x4|+x2|-x1|+x1|-x1|+x1|-x1|+x1
20260702,716,-1.0,touchdown,0.4,0.02,True,True,True,True,True,1.600083822225147,1.59856979881935,-0.0015140234057970936,True,0.04904702375858366,0.04941531360233358,0.0012284326056021255,0.0012388289980519163,success,success,0,1,+x2,+x1|-x1
20260702,717,-1.0,mid_cross,0.4,0.02,False,False,False,False,False,nan,nan,nan,,1.2841614520389997,1.2841614520389997,-0.018239749115577672,-0.018239749115577672,clearance_ground+foot_ground_bad_clearance,clearance_ground+foot_ground_bad_clearance,0,0,-x14,-x14
20260702,718,-1.0,touchdown,0.4,0.02,True,True,False,False,False,nan,nan,nan,,0.003692909813662156,0.003692909813662156,-0.0010511798252171717,-0.0010511798252171717,success,success,0,0,-x3,-x3
20260702,719,-1.0,touchdown,0.4,0.02,True,True,False,False,False,nan,nan,nan,,0.19217990530408402,0.2757242513374591,-0.053476412347919194,-0.04747874010090737,success,success,0,3,+x15,+x9|-x2|+x1|-x2
20260702,720,-1.0,touchdown,0.4,0.02,True,True,False,False,False,nan,nan,nan,,0.09962353695328521,0.031980926797368296,-0.01219989323598017,-0.011638026685504788,success,success,0,2,+x11,+x8|-x2|+x1
20260719,721,1.0,pre_cross,0.3,0.0,False,False,False,False,False,nan,nan,nan,,1.6316170470210554,0.9438827231531249,0.13071144287359,0.09883452076668421,clearance_ground+foot_ground_after_ready,clearance_ground+foot_ground_bad_clearance,0,1,+x16,+x5|-x9
20260719,722,1.0,pre_cross,0.3,0.0,False,False,False,False,False,nan,nan,nan,,1.32133525728732,0.9497690272244388,0.0741350145042816,0.04349135386800594,speed,clearance_ground+foot_ground_before_ready,0,1,+x21,+x6|-x9
20260719,723,1.0,touchdown,0.3,0.0,False,False,False,False,False,nan,nan,nan,,0.3705784634599427,0.3705784634599427,-0.02269978105729631,-0.02269978105729631,clearance_ground+foot_ground_before_ready,clearance_ground+foot_ground_before_ready,0,0,-x10,-x10
20260719,724,1.0,touchdown,0.3,0.0,False,False,False,False,False,nan,nan,nan,,0.21358637892173496,0.21358637892173496,-0.013889565948025512,-0.013889565948025512,clearance_ground+foot_ground_before_ready,clearance_ground+foot_ground_before_ready,0,0,-x16,-x16
20260719,725,1.0,mid_cross,0.3,0.0,False,False,False,False,False,nan,nan,nan,,0.7362510659347635,0.4939788955286919,0.002731491981367129,-0.004526653690901716,clearance_ground+foot_ground_before_ready,clearance_ground+foot_ground_before_ready,0,1,+x13,+x4|-x8
20260719,726,1.0,touchdown,0.3,0.0,False,False,False,False,False,nan,nan,nan,,0.10029416947414801,0.10029416947414801,-0.00703506174927393,-0.00703506174927393,clearance_ground+foot_ground_before_ready,clearance_ground+foot_ground_before_ready,0,0,-x9,-x9
20260719,727,1.0,touchdown,0.3,0.0,True,True,True,True,True,0.0325171896377397,0.0325171896377397,0.0,False,0.011932843102832415,0.011932843102832415,0.014706601922590962,0.014706601922590962,success,success,0,0,+x5,+x5
20260719,728,1.0,touchdown,0.3,0.0,True,True,True,True,True,0.039463630926265675,0.039463630926265675,0.0,False,0.0066628933034985835,0.0066628933034985835,0.006766237353724447,0.006766237353724447,success,success,0,0,+x3,+x3
20260719,729,1.0,pre_cross,0.3,0.0,False,False,False,False,False,nan,nan,nan,,0.7951753810366764,0.8790920688972129,0.0666557104512799,0.07759893253809719,clearance_ground+foot_ground_before_ready,clearance_ground+foot_ground_before_ready,0,1,+x22,+x8|-x17
20260719,730,1.0,touchdown,0.3,0.0,True,True,False,False,False,nan,nan,nan,,0.40710401189432144,0.40710401189432144,-0.00598785244495828,-0.00598785244495828,success,success,0,0,-x7,-x7
20260719,731,1.0,mid_cross,0.3,0.0,False,False,False,False,False,nan,nan,nan,,0.2946596393405251,0.3486795740404579,0.012608447058679265,0.0030070471299026014,clearance_ground+foot_ground_before_ready,clearance_ground+foot_ground_before_ready,0,1,+x17,+x3|-x10
20260719,732,1.0,touchdown,0.3,0.0,False,False,False,False,False,nan,nan,nan,,0.5166766110135744,0.5166766110135744,-0.05510809400598407,-0.05510809400598407,clearance_ground+foot_ground_before_ready,clearance_ground+foot_ground_before_ready,0,0,-x10,-x10
20260719,733,1.0,touchdown,0.3,0.0,True,True,True,True,True,0.05979796405145924,0.05979796405145924,0.0,False,0.010557529046070062,0.010557529046070062,0.007075502645412846,0.007075502645412846,success,success,0,0,+x5,+x5
20260719,734,1.0,mid_cross,0.3,0.0,False,False,False,False,False,nan,nan,nan,,0.24284883036432364,0.2022159195595531,0.03792140216502703,0.035714027844579777,clearance_ground+foot_ground_before_ready,clearance_ground+foot_ground_before_ready,0,1,+x24,+x4|-x17
20260719,735,1.0,mid_cross,0.3,0.0,False,False,False,False,False,nan,nan,nan,,1.5360585753549567,0.9166715937127284,0.10459466406471339,0.08672039608336075,clearance_ground+foot_ground_bad_clearance,clearance_ground+foot_ground_bad_clearance,0,1,+x15,+x6|-x8
20260719,736,1.0,touchdown,0.3,0.0,True,True,False,False,False,nan,nan,nan,,0.012151432833847186,0.012151432833847186,-0.005012609157211162,-0.005012609157211162,success,success,0,0,+x5,+x5
20260719,737,1.0,touchdown,0.3,0.0,False,False,False,False,False,nan,nan,nan,,0.2578026197656929,0.2578026197656929,-0.03399878369920066,-0.03399878369920066,clearance_ground+foot_ground_before_ready,clearance_ground+foot_ground_before_ready,0,0,-x14,-x14
20260719,738,1.0,mid_cross,0.3,0.0,False,False,False,False,False,nan,nan,nan,,0.2632936244869033,0.37015353210484664,0.03873204713719508,0.03154890945302066,clearance_ground+foot_ground_before_ready,clearance_ground+foot_ground_before_ready,0,3,+x16,+x8|-x1|+x2|-x3
20260719,739,1.0,touchdown,0.3,0.0,True,True,False,False,False,nan,nan,nan,,0.03108421611219567,0.0322003826666846,-0.004601552225024175,-0.004586651972024708,success,success,0,2,-x5,-x2|+x2|-x1
20260719,740,1.0,mid_cross,0.3,0.0,False,False,False,False,False,nan,nan,nan,,0.10104729493525484,0.10104729493525484,-0.007499977390961171,-0.007499977390961171,clearance_ground+foot_ground_before_ready,clearance_ground+foot_ground_before_ready,0,0,-x10,-x10
20260719,741,1.0,mid_cross,0.3,0.0,False,False,False,False,False,nan,nan,nan,,0.11277990486702176,0.11277990486702176,0.027433927530206435,0.027433927530206435,clearance_ground+foot_ground_before_ready,clearance_ground+foot_ground_before_ready,0,1,+x12,+x2|-x10
20260719,742,1.0,mid_cross,0.3,0.0,False,False,False,False,False,nan,nan,nan,,0.4051188715199875,0.49717964040267515,-0.01804296241474114,-0.015324412267575768,clearance_ground+foot_ground_before_ready,clearance_ground+foot_ground_before_ready,0,1,+x20,+x5|-x23
20260719,743,1.0,touchdown,0.3,0.0,True,True,True,True,True,0.04268325620903603,0.04268325620903603,0.0,False,0.01232834233699939,0.01232834233699939,0.011575201306065597,0.011575201306065597,success,success,0,0,+x6,+x6
20260719,744,1.0,touchdown,0.3,0.0,True,True,False,False,False,nan,nan,nan,,0.12872975222668948,0.12872975222668948,-0.008072241733005109,-0.008072241733005109,success,success,0,0,-x7,-x7
20260719,745,1.0,mid_cross,0.3,0.0,False,False,False,False,False,nan,nan,nan,,0.7789885191917795,0.9384078815453116,0.059674545719131444,0.07614276961690927,clearance_ground+foot_ground_before_ready,clearance_ground+foot_ground_before_ready,0,1,+x27,+x8|-x23
20260719,746,1.0,mid_cross,0.3,0.0,False,False,False,False,False,nan,nan,nan,,0.7712057078443592,0.600885129886366,-0.029648440396587428,-0.027445526350564117,clearance_ground+foot_ground_before_ready,clearance_ground+foot_ground_before_ready,0,1,+x22,+x4|-x18
20260719,747,1.0,pre_cross,0.3,0.0,False,False,False,False,False,nan,nan,nan,,1.7174519039190266,1.23201067208601,0.17609356742995774,0.07923930223359649,clearance_ground+foot_ground_before_ready,clearance_ground+foot_ground_before_ready,0,1,+x29,+x7|-x9
20260719,748,1.0,mid_cross,0.3,0.0,False,False,False,False,False,nan,nan,nan,,0.05142499126227234,0.05142499126227234,0.011676198244144745,0.011676198244144745,clearance_ground+foot_ground_before_ready,clearance_ground+foot_ground_before_ready,0,0,-x14,-x14
20260719,749,1.0,touchdown,0.3,0.0,False,False,False,False,False,nan,nan,nan,,0.08783665953283391,0.08783665953283391,-0.04576195998181293,-0.04576195998181293,clearance_ground+foot_ground_before_ready,clearance_ground+foot_ground_before_ready,0,0,-x15,-x15
20260719,750,1.0,touchdown,0.3,0.0,True,True,True,True,True,0.16811497747574797,0.16811497747574797,0.0,False,0.013218173991085208,0.013218173991085208,0.003150985959136543,0.003150985959136543,success,success,0,0,+x5,+x5
20260719,751,1.0,mid_cross,0.3,0.0,False,False,False,False,False,nan,nan,nan,,1.2434542870725074,0.8874266996147743,0.18705233594094048,0.12121026281072836,clearance_ground+foot_ground_before_ready,clearance_ground+foot_ground_before_ready,0,1,+x26,+x5|-x13
20260719,752,1.0,touchdown,0.3,0.0,True,True,False,False,False,nan,nan,nan,,0.03469262938726384,0.03469262938726384,-0.01214841109158879,-0.01214841109158879,success,success,0,0,+x9,+x9
20260719,753,1.0,touchdown,0.3,0.0,True,True,False,False,False,nan,nan,nan,,0.13537617775364258,0.13537617775364258,-0.004815021338137604,-0.004815021338137604,success,success,0,0,-x8,-x8
20260719,754,1.0,touchdown,0.3,0.0,True,True,True,True,True,0.045318562468708384,0.39067260569700807,0.34535404322829966,False,0.012101673680101878,0.08869338803028928,0.010701649508813721,0.009098288341449351,success,success,0,2,+x7,+x4|-x1|+x2
20260719,755,1.0,mid_cross,0.3,0.0,False,False,False,False,False,nan,nan,nan,,0.2942216181851359,0.4210819352497989,0.002146309155358652,-0.0027447731194354622,clearance_ground+foot_ground_before_ready,clearance_ground+foot_ground_before_ready,0,1,+x23,+x3|-x12
20260719,756,1.0,touchdown,0.3,0.0,True,True,False,False,False,nan,nan,nan,,0.07768168044376307,0.07768168044376307,-0.0019028734986358542,-0.0019028734986358542,success,success,0,0,-x5,-x5
20260719,757,1.0,touchdown,0.3,0.0,False,False,False,False,False,nan,nan,nan,,0.0509686904095482,0.0509686904095482,-0.01923923994407606,-0.01923923994407606,clearance_ground+foot_ground_before_ready,clearance_ground+foot_ground_before_ready,0,0,-x9,-x9
20260719,758,1.0,touchdown,0.3,0.0,True,True,False,False,False,nan,nan,nan,,0.26565398002885815,0.26565398002885815,-0.007135030646436724,-0.007135030646436724,success,success,0,0,-x7,-x7
20260719,759,1.0,mid_cross,0.3,0.0,False,False,False,False,False,nan,nan,nan,,0.34515462856150025,0.28074780111928627,-0.019381722043858393,-0.022241693462370912,clearance_ground+foot_ground_before_ready,clearance_ground+foot_ground_before_ready,0,1,+x12,+x2|-x9
20260719,760,1.0,touchdown,0.3,0.0,True,True,False,False,False,nan,nan,nan,,0.02078391086984528,0.02078391086984528,-0.011319370517379468,-0.011319370517379468,success,success,0,0,-x4,-x4
20260719,761,1.0,touchdown,0.3,0.01,False,False,False,False,False,nan,nan,nan,,0.1918969540322652,0.1918969540322652,-0.021679597431344677,-0.021679597431344677,clearance_ground+foot_ground_before_ready,clearance_ground+foot_ground_before_ready,0,0,-x11,-x11
20260719,762,1.0,touchdown,0.3,0.01,False,False,False,False,False,nan,nan,nan,,0.3152384647390912,0.3152384647390912,-0.02272968258162758,-0.02272968258162758,clearance_ground+foot_ground_before_ready,clearance_ground+foot_ground_before_ready,0,0,-x11,-x11
20260719,763,1.0,touchdown,0.3,0.01,True,True,False,False,False,nan,nan,nan,,0.43071825171610567,0.43071825171610567,-0.032129680372289776,-0.032129680372289776,success,success,0,0,-x10,-x10
20260719,764,1.0,touchdown,0.3,0.01,False,False,False,False,False,nan,nan,nan,,0.20820690178731213,0.08575870807539646,0.12563030981550832,0.030294696485638373,clearance,clearance_ground+foot_ground_bad_clearance,0,1,+x26,+x1|-x5
20260719,765,1.0,mid_cross,0.3,0.01,False,False,False,False,False,nan,nan,nan,,1.2590567945550042,0.9372948342718007,0.14559304518377147,0.059591663074263224,q1_low_limit,clearance,0,1,+x24,+x5|-x8
20260719,766,1.0,mid_cross,0.3,0.01,False,False,False,False,False,nan,nan,nan,,1.1435150386591957,0.9330022201877388,0.19269761941467,0.07588229230737178,clearance_ground+foot_ground_before_ready,clearance,0,2,+x28,+x8|-x7|+x1
20260719,767,1.0,touchdown,0.3,0.01,True,True,True,True,True,0.11674941895147588,0.11674941895147588,0.0,False,0.029083972002185123,0.029083972002185123,0.009983444330897456,0.009983444330897456,success,success,0,0,+x5,+x5
20260719,768,1.0,mid_cross,0.3,0.01,False,False,False,False,False,nan,nan,nan,,0.46341149355726147,0.5768106126871304,0.043003380577984515,0.03913497030916695,clearance_ground+foot_ground_before_ready,clearance_ground+foot_ground_before_ready,0,1,+x22,+x7|-x12
20260719,769,1.0,pre_cross,0.3,0.01,False,False,False,False,False,nan,nan,nan,,1.2817006555403134,1.2888962967260778,0.02073074654002241,0.017414489573398802,clearance_ground+foot_ground_before_ready,clearance_ground+foot_ground_before_ready,0,1,+x14,+x6|-x7
20260719,770,1.0,touchdown,0.3,0.01,False,False,False,False,False,nan,nan,nan,,0.007403629016431004,0.1580759315291846,0.011780105782238745,0.009491262469386433,clearance_ground+foot_ground_before_ready,clearance_ground+foot_ground_before_ready,0,1,+x12,+x3|-x8
20260719,771,1.0,mid_cross,0.3,0.01,False,False,False,False,False,nan,nan,nan,,0.8505680644938453,0.5807760316654507,0.031701716096770624,0.024730119277282445,clearance_ground+foot_ground_before_ready,clearance_ground+foot_ground_before_ready,0,1,+x26,+x4|-x20
20260719,772,1.0,mid_cross,0.3,0.01,False,False,False,False,False,nan,nan,nan,,0.3083026902901582,0.4378656260693038,-0.04694518770922861,-0.05168834850644328,clearance_ground+foot_ground_before_ready,clearance_ground+foot_ground_before_ready,0,1,+x20,+x4|-x21
20260719,773,1.0,mid_cross,0.3,0.01,False,False,False,False,False,nan,nan,nan,,0.3608652705251839,0.3758934180791899,0.0817235293837289,0.09243083043011113,clearance_ground+foot_ground_before_ready,clearance_ground+foot_ground_before_ready,0,1,+x21,+x9|-x14
20260719,774,1.0,touchdown,0.3,0.01,True,True,True,True,True,0.21114126946814563,0.21114126946814563,0.0,False,0.04222508394142031,0.04222508394142031,0.008014543745126917,0.008014543745126917,success,success,0,0,+x13,+x13
20260719,775,1.0,touchdown,0.3,0.01,True,True,False,False,False,nan,nan,nan,,0.06660067413401283,0.06660067413401283,-0.008545279389324534,-0.008545279389324534,success,success,0,0,-x7,-x7
20260719,776,1.0,mid_cross,0.3,0.01,False,False,False,False,False,nan,nan,nan,,0.5872566106353663,0.6477586677099513,0.009117188623617933,0.004785887663788846,clearance_ground+foot_ground_before_ready,clearance_ground+foot_ground_before_ready,0,1,+x23,+x5|-x9
20260719,777,1.0,mid_cross,0.3,0.01,False,False,False,False,False,nan,nan,nan,,0.9092386789419948,0.8519042327353841,0.03002917800164101,0.01381221382165411,clearance_ground+foot_ground_before_ready,clearance_ground+foot_ground_before_ready,0,1,+x23,+x7|-x9
20260719,778,1.0,touchdown,0.3,0.01,False,False,False,False,False,nan,nan,nan,,0.05710104664442164,0.05710104664442164,-0.0030470389148114507,-0.0030470389148114507,clearance_ground+foot_ground_before_ready,clearance_ground+foot_ground_before_ready,0,0,-x16,-x16
20260719,779,1.0,pre_cross,0.3,0.01,False,False,False,False,False,nan,nan,nan,,1.2169901446345754,1.0113982573501765,0.09010640884610394,0.04849058789087743,clearance_ground+foot_ground_bad_clearance,clearance_ground+foot_ground_bad_clearance,0,1,+x16,+x7|-x7
20260719,780,1.0,pre_cross,0.3,0.01,False,False,False,False,False,nan,nan,nan,,0.7956577073005889,0.8350964820716629,-0.0016506894637364836,-0.00143313641165696,clearance_ground+foot_ground_before_ready,clearance_ground+foot_ground_before_ready,0,1,+x16,+x10|-x6
20260719,781,1.0,touchdown,0.3,0.01,True,True,True,True,True,0.06491066192500228,0.06491066192500228,0.0,False,0.04034086032581733,0.04034086032581733,0.024906375335059544,0.024906375335059544,success,success,0,0,+x8,+x8
20260719,782,1.0,touchdown,0.3,0.01,True,True,True,True,True,0.022768041985915245,0.022768041985915245,0.0,False,0.011596881027829782,0.011596881027829782,0.02041253435404905,0.02041253435404905,success,success,0,0,+x6,+x6
20260719,783,1.0,touchdown,0.3,0.01,False,False,False,False,False,nan,nan,nan,,0.17253219989594495,0.17253219989594495,-0.0203018160123678,-0.0203018160123678,clearance_ground+foot_ground_before_ready,clearance_ground+foot_ground_before_ready,0,0,-x9,-x9
20260719,784,1.0,mid_cross,0.3,0.01,False,False,False,False,False,nan,nan,nan,,0.44312614348565305,0.5850921002822304,-0.046314223003879745,-0.04979749490076757,clearance_ground+foot_ground_before_ready,clearance_ground+foot_ground_before_ready,0,1,+x25,+x10|-x21
20260719,785,1.0,touchdown,0.3,0.01,True,True,False,False,False,nan,nan,nan,,0.26695474099633515,0.26695474099633515,-0.007038189457437838,-0.007038189457437838,success,success,0,0,-x6,-x6
20260719,786,1.0,touchdown,0.3,0.01,False,False,False,False,False,nan,nan,nan,,0.03311514416840018,0.03311514416840018,-0.021734794385684597,-0.021734794385684597,clearance_ground+foot_ground_before_ready,clearance_ground+foot_ground_before_ready,0,0,-x12,-x12
20260719,787,1.0,mid_cross,0.3,0.01,False,False,False,False,False,nan,nan,nan,,0.6143168788823936,0.5810789140117644,0.032444942879606545,0.01595695360597145,clearance_ground+foot_ground_before_ready,clearance_ground+foot_ground_before_ready,0,1,+x22,+x4|-x10
20260719,788,1.0,touchdown,0.3,0.01,True,True,True,True,True,0.0783967948838385,0.0783967948838385,0.0,False,0.012648164625953431,0.012648164625953431,0.006465626490721937,0.006465626490721937,success,success,0,0,+x8,+x8
20260719,789,1.0,touchdown,0.3,0.01,True,True,False,False,False,nan,nan,nan,,0.0472241254307822,0.0472241254307822,-0.018089457940551196,-0.018089457940551196,success,success,0,0,-x8,-x8
20260719,790,1.0,mid_cross,0.3,0.01,True,False,True,False,False,0.46345471270440464,nan,nan,,1.1424297036100255,0.9410545933096182,0.09878786377788054,0.08032211632765304,success,clearance_ground+foot_ground_before_ready,0,1,+x16,+x7|-x7
20260719,791,1.0,mid_cross,0.3,0.01,False,False,False,False,False,nan,nan,nan,,0.3968267780836765,0.518380229535955,0.0008078921566501557,0.010335207212971445,clearance_ground+foot_ground_before_ready,clearance_ground+foot_ground_before_ready,0,1,+x25,+x6|-x24
20260719,792,1.0,touchdown,0.3,0.01,False,False,False,False,False,nan,nan,nan,,0.01506372988386498,0.01506372988386498,0.033132111564698224,0.033132111564698224,clearance_ground+foot_ground_after_ready,clearance_ground+foot_ground_after_ready,0,2,+x9,+x7|-x1|+x1
20260719,793,1.0,mid_cross,0.3,0.01,False,False,False,False,False,nan,nan,nan,,0.09617263624052895,0.09617263624052895,-0.008029123849595369,-0.008029123849595369,clearance_ground+foot_ground_before_ready,clearance_ground+foot_ground_before_ready,0,0,-x10,-x10
20260719,794,1.0,mid_cross,0.3,0.01,False,False,False,False,False,nan,nan,nan,,0.33850165951395095,0.0987503423455719,0.005516818704417774,-0.004105519963923873,clearance_ground+foot_ground_before_ready,clearance_ground+foot_ground_before_ready,0,1,+x24,+x2|-x9
20260719,795,1.0,touchdown,0.3,0.01,True,True,True,True,True,0.21111156911151738,0.21111156911151738,0.0,False,0.015725290688172525,0.015725290688172525,0.0029851630620907066,0.0029851630620907066,success,success,0,0,+x9,+x9
20260719,796,1.0,touchdown,0.3,0.01,False,True,False,True,False,nan,0.41482024776767373,nan,,0.030793981644952957,0.07906298614003887,0.027735785333682123,0.007638264218849999,clearance_ground+foot_ground_before_ready,success,0,2,+x16,+x4|-x1|+x2
20260719,797,1.0,touchdown,0.3,0.01,True,True,True,True,True,0.012612982024527831,0.012612982024527831,0.0,False,0.0012469963626288792,0.0012469963626288792,0.003962130907555345,0.003962130907555345,success,success,0,0,+x1,+x1
20260719,798,1.0,touchdown,0.3,0.01,True,True,False,False,False,nan,nan,nan,,0.1404077831492078,0.1404077831492078,-0.024291611639824018,-0.024291611639824018,success,success,0,0,-x7,-x7
20260719,799,1.0,touchdown,0.3,0.01,True,True,True,True,True,0.005817888988351374,0.005817888988351374,0.0,False,0.006726646930220534,0.006726646930220534,0.04633558102816954,0.04633558102816954,success,success,0,0,+x8,+x8
20260719,800,1.0,touchdown,0.3,0.01,False,False,False,False,False,nan,nan,nan,,0.36859760531005803,0.36859760531005803,-0.02691257424966914,-0.02691257424966914,clearance_ground+foot_ground_before_ready,clearance_ground+foot_ground_before_ready,0,0,-x10,-x10
20260719,801,1.0,touchdown,0.3,0.02,True,True,False,False,False,nan,nan,nan,,0.03639095358155656,0.03639095358155656,-0.003248991050982586,-0.003248991050982586,success,success,0,0,-x5,-x5
20260719,802,1.0,mid_cross,0.3,0.02,False,False,False,False,False,nan,nan,nan,,0.05468940457903601,0.05468940457903601,0.011183012628228794,0.011183012628228794,clearance_ground+foot_ground_before_ready,clearance_ground+foot_ground_before_ready,0,0,-x15,-x15
20260719,803,1.0,mid_cross,0.3,0.02,False,False,False,False,False,nan,nan,nan,,0.10097531591863129,0.10097531591863129,-0.027740996726098165,-0.027740996726098165,clearance_ground+foot_ground_before_ready,clearance_ground+foot_ground_before_ready,0,0,-x14,-x14
20260719,804,1.0,touchdown,0.3,0.02,True,True,False,False,False,nan,nan,nan,,0.023438047935096094,0.023438047935096094,-0.006757645628990477,-0.006757645628990477,success,success,0,0,-x4,-x4
20260719,805,1.0,mid_cross,0.3,0.02,False,False,False,False,False,nan,nan,nan,,0.7974883214458864,0.5465138694533956,0.059784638499634474,0.04999449948628698,clearance_ground+foot_ground_before_ready,clearance_ground+foot_ground_before_ready,0,1,+x14,+x4|-x9
20260719,806,1.0,pre_cross,0.3,0.02,False,False,False,False,False,nan,nan,nan,,1.1975236409770376,0.9307549284596924,-0.013947949220489142,-0.009187540836858864,clearance_ground+foot_ground_before_ready,clearance_ground+foot_ground_before_ready,0,1,+x26,+x6|-x8
20260719,807,1.0,mid_cross,0.3,0.02,False,False,False,False,False,nan,nan,nan,,0.6523128377254079,0.42602207575953827,0.013439166241195871,0.005585007866040381,clearance_ground+foot_ground_before_ready,clearance_ground+foot_ground_before_ready,0,1,+x12,+x4|-x8
20260719,808,1.0,touchdown,0.3,0.02,False,True,False,True,False,nan,0.6063476049697779,nan,,0.1887938948062893,0.17140286529689286,0.013287067382088208,0.011328641189398303,clearance_ground+foot_ground_before_ready,success,0,1,-x9,-x3|+x4
20260719,809,1.0,pre_cross,0.3,0.02,False,False,False,False,False,nan,nan,nan,,0.5294305648936728,1.041348497442011,0.019924815174748013,0.02570680619074828,clearance_ground+foot_ground_before_ready,clearance_ground+foot_ground_before_ready,0,1,+x34,+x19|-x21
20260719,810,1.0,touchdown,0.3,0.02,True,True,True,True,True,0.04181495460096395,0.045092537680676975,0.0032775830797130284,False,0.03031278685565846,0.025262390564042312,0.029051973990554758,0.022451800720417914,success,success,0,1,+x5,+x2|-x2
20260719,811,1.0,touchdown,0.3,0.02,False,False,False,False,False,nan,nan,nan,,0.5915363146362628,0.5915363146362628,-0.013839392674955264,-0.013839392674955264,clearance_ground+foot_ground_before_ready,clearance_ground+foot_ground_before_ready,0,0,-x10,-x10
20260719,812,1.0,touchdown,0.3,0.02,True,True,False,False,False,nan,nan,nan,,0.06453314345552727,0.03930227565861786,-0.013850670788470854,-0.01156255868469086,success,success,0,4,-x8,-x4|+x1|-x1|+x1|-x1
20260719,813,1.0,mid_cross,0.3,0.02,False,False,False,False,False,nan,nan,nan,,0.5905831751656166,0.21696338013522914,-0.03521813565146019,-0.020045520914248303,clearance_ground+foot_ground_before_ready,clearance_ground+foot_ground_bad_clearance,0,1,+x23,+x2|-x7
20260719,814,1.0,touchdown,0.3,0.02,True,True,True,True,True,0.009494654991947913,0.009494654991947913,0.0,False,0.0011007760399005062,0.0011007760399005062,0.0046462351927465395,0.0046462351927465395,success,success,0,0,+x2,+x2
20260719,815,1.0,touchdown,0.3,0.02,False,False,False,False,False,nan,nan,nan,,0.4612014574744455,0.4612014574744455,-0.0025869459949134366,-0.0025869459949134366,clearance_ground+foot_ground_before_ready,clearance_ground+foot_ground_before_ready,0,0,-x9,-x9
20260719,816,1.0,mid_cross,0.3,0.02,False,False,False,False,False,nan,nan,nan,,0.6024830560190633,0.5671595498698261,0.03247776846924939,0.028249666797984962,clearance_ground+foot_ground_before_ready,clearance_ground+foot_ground_before_ready,0,1,+x11,+x4|-x6
20260719,817,1.0,touchdown,0.3,0.02,True,True,False,False,False,nan,nan,nan,,0.005417291957976286,0.005417291957976286,-0.007992918686796302,-0.007992918686796302,success,success,0,0,-x2,-x2
20260719,818,1.0,touchdown,0.3,0.02,False,False,False,False,False,nan,nan,nan,,0.4614879966540284,0.1728319074320352,0.20961530405438922,0.05457793650211959,clearance,clearance_ground+foot_ground_before_ready,0,2,+x43,+x14|-x2|+x1
20260719,819,1.0,touchdown,0.3,0.02,False,False,False,False,False,nan,nan,nan,,0.006207642483467923,0.17173176811503846,0.019925849969831835,0.018810652911221346,clearance_ground+foot_ground_before_ready,clearance_ground+foot_ground_before_ready,0,2,+x13,+x4|-x8|+x1
20260719,820,1.0,mid_cross,0.3,0.02,False,False,False,False,False,nan,nan,nan,,0.09183423877296026,0.112070747021718,0.015147222516846283,0.015163487398663342,clearance_ground+foot_ground_before_ready,clearance_ground+foot_ground_before_ready,0,1,+x12,+x2|-x9
20260719,821,1.0,pre_cross,0.3,0.02,False,False,False,False,False,nan,nan,nan,,0.44962122566569046,0.4689426533750235,-0.05271475938042482,-0.05203651213126652,clearance,clearance_ground+foot_ground_bad_clearance,0,1,+x12,+x7|-x5
20260719,822,1.0,touchdown,0.3,0.02,False,False,False,False,False,nan,nan,nan,,0.06272894184056427,0.06272894184056427,-0.017871552343201896,-0.017871552343201896,clearance_ground+foot_ground_before_ready,clearance_ground+foot_ground_before_ready,0,0,-x13,-x13
20260719,823,1.0,touchdown,0.3,0.02,True,True,False,False,False,nan,nan,nan,,0.29261163094106346,0.29261163094106346,-0.0050564143229966385,-0.0050564143229966385,success,success,0,0,-x6,-x6
20260719,824,1.0,touchdown,0.3,0.02,False,False,False,False,False,nan,nan,nan,,0.20145056051267288,0.20145056051267288,-0.03033593010497246,-0.03033593010497246,clearance_ground+foot_ground_before_ready,clearance_ground+foot_ground_before_ready,0,0,-x10,-x10
20260719,825,1.0,touchdown,0.3,0.02,False,False,False,False,False,nan,nan,nan,,0.010693136230668462,0.010693136230668462,0.03381088036214147,0.03381088036214147,clearance_ground+foot_ground_before_ready,clearance_ground+foot_ground_before_ready,0,0,+x11,+x11
20260719,826,1.0,mid_cross,0.3,0.02,False,False,False,False,False,nan,nan,nan,,0.661338112866107,0.7965577343344858,-0.003097623900678096,0.00567465709187427,clearance_ground+foot_ground_before_ready,clearance_ground+foot_ground_before_ready,0,1,+x24,+x12|-x19
20260719,827,1.0,mid_cross,0.3,0.02,False,False,False,False,False,nan,nan,nan,,0.46763408775409754,0.13582543520164567,-0.00652079954871318,-0.009695218930246784,clearance_ground+foot_ground_before_ready,clearance,0,1,+x11,+x2|-x6
20260719,828,1.0,mid_cross,0.3,0.02,False,False,False,False,False,nan,nan,nan,,0.640798107417565,0.7434497523752803,0.07124173958583062,0.09048964406149407,clearance_ground+foot_ground_before_ready,clearance_ground+foot_ground_before_ready,0,1,+x25,+x8|-x20
20260719,829,1.0,mid_cross,0.3,0.02,False,False,False,False,False,nan,nan,nan,,0.43911875329580785,0.5491568618863845,-0.03677858203833235,-0.03601619368191085,clearance_ground+foot_ground_before_ready,clearance_ground+foot_ground_before_ready,0,1,+x25,+x10|-x18
20260719,830,1.0,touchdown,0.3,0.02,False,False,False,False,False,nan,nan,nan,,0.05796465614525244,0.05796465614525244,-0.026662553757003132,-0.026662553757003132,clearance_ground+foot_ground_before_ready,clearance_ground+foot_ground_before_ready,0,0,-x10,-x10
20260719,831,1.0,mid_cross,0.3,0.02,False,False,False,False,False,nan,nan,nan,,0.19492388778824876,0.26768469646808196,0.04517690079023979,0.03781310649456928,clearance_ground+foot_ground_before_ready,clearance_ground+foot_ground_before_ready,0,5,+x13,+x7|-x1|+x1|-x1|+x1|-x1
20260719,832,1.0,mid_cross,0.3,0.02,False,False,False,False,False,nan,nan,nan,,0.4795189046923185,0.5073138769311838,0.03460280096124275,0.033169624330551935,clearance_ground+foot_ground_before_ready,clearance_ground+foot_ground_before_ready,0,1,+x22,+x7|-x15
20260719,833,1.0,mid_cross,0.3,0.02,True,False,True,False,False,0.578874635359267,nan,nan,,0.8331525856505904,0.6450561389297035,0.05767949329720026,0.04267723983621097,success,clearance_ground+foot_ground_before_ready,0,1,+x14,+x5|-x8
20260719,834,1.0,touchdown,0.3,0.02,False,False,False,False,False,nan,nan,nan,,0.006729649950568746,0.14225010775911628,0.029912614844556568,0.030694928212874645,clearance_ground+foot_ground_before_ready,clearance_ground+foot_ground_before_ready,0,2,+x11,+x4|-x7|+x1
20260719,835,1.0,touchdown,0.3,0.02,True,True,True,True,True,0.021614690190659,0.021614690190659,0.0,False,0.007535949803196848,0.007535949803196848,0.013972380128626033,0.013972380128626033,success,success,0,0,+x5,+x5
20260719,836,1.0,mid_cross,0.3,0.02,False,False,False,False,False,nan,nan,nan,,0.3104832681527594,0.40739879647318644,0.08590350683081792,0.0734563612217362,clearance_ground+foot_ground_before_ready,clearance_ground+foot_ground_before_ready,0,1,+x25,+x14|-x8
20260719,837,1.0,touchdown,0.3,0.02,True,True,False,False,False,nan,nan,nan,,0.016867764850853895,0.016867764850853895,-0.004544899097565697,-0.004544899097565697,success,success,0,0,-x4,-x4
20260719,838,1.0,touchdown,0.3,0.02,True,True,True,True,True,0.13833741651888398,0.465564608258151,0.327227191739267,False,0.024930049637129366,0.08014504754396778,0.007222123203081576,0.006898872887520002,success,success,0,1,+x5,+x4|-x1
20260719,839,1.0,touchdown,0.3,0.02,True,True,True,True,True,0.02007663678103565,0.02007663678103565,0.0,False,0.012248429014286539,0.012248429014286539,0.0244495481917284,0.0244495481917284,success,success,0,0,+x8,+x8
20260719,840,1.0,touchdown,0.3,0.02,True,True,True,True,True,0.01239825308078868,0.01239825308078868,0.0,False,0.00581500518418976,0.00581500518418976,0.018796241639267713,0.018796241639267713,success,success,0,0,+x4,+x4
20260719,841,1.0,touchdown,0.35,0.0,True,True,True,True,True,0.08478823031195776,0.08478823031195776,0.0,False,0.00936974538803562,0.00936974538803562,0.00442867315108289,0.00442867315108289,success,success,0,0,+x8,+x8
20260719,842,1.0,touchdown,0.35,0.0,False,False,False,False,False,nan,nan,nan,,0.2269468966620467,0.2269468966620467,-0.035203906152863354,-0.035203906152863354,clearance_ground+foot_ground_before_ready,clearance_ground+foot_ground_before_ready,0,0,-x12,-x12
20260719,843,1.0,mid_cross,0.35,0.0,False,False,False,False,False,nan,nan,nan,,0.09047843008275387,0.09047843008275387,-0.008355828979451654,-0.008355828979451654,clearance_ground+foot_ground_before_ready,clearance_ground+foot_ground_before_ready,0,0,-x15,-x15
20260719,844,1.0,touchdown,0.35,0.0,False,False,False,False,False,nan,nan,nan,,0.32406619201886966,0.32406619201886966,-0.07511655483363552,-0.07511655483363552,clearance_ground+foot_ground_before_ready,clearance_ground+foot_ground_before_ready,0,0,-x13,-x13
20260719,845,1.0,touchdown,0.35,0.0,True,True,True,True,True,0.027047238555512346,0.8328948071266743,0.8058475685711619,False,0.011930250812583325,0.24452901548536907,0.017676979287396616,0.011765805246094357,success,success,0,3,+x8,+x2|-x1|+x3|-x1
20260719,846,1.0,touchdown,0.35,0.0,True,True,False,False,False,nan,nan,nan,,0.8700415830593153,0.8700415830593153,-0.010861327087650724,-0.010861327087650724,success,success,0,0,-x7,-x7
20260719,847,1.0,touchdown,0.35,0.0,False,False,False,False,False,nan,nan,nan,,0.34900510226443654,0.34900510226443654,-0.01651661455639003,-0.01651661455639003,clearance_ground+foot_ground_before_ready,clearance_ground+foot_ground_before_ready,0,0,-x9,-x9
20260719,848,1.0,mid_cross,0.35,0.0,False,False,False,False,False,nan,nan,nan,,1.1626032090011376,0.8664214839955108,0.11064310812540909,0.04710062830564274,q1_low_limit,clearance_ground+foot_ground_before_ready,0,1,+x23,+x5|-x8
20260719,849,1.0,touchdown,0.35,0.0,False,False,False,False,False,nan,nan,nan,,0.8090177825151513,0.8090177825151513,-0.07643124132746842,-0.07643124132746842,clearance_ground+foot_ground_before_ready,clearance_ground+foot_ground_before_ready,0,0,-x15,-x15
20260719,850,1.0,pre_cross,0.35,0.0,True,False,True,False,False,1.0231370697592501,nan,nan,,1.8167326694978636,1.416669332233512,0.07116043863265648,0.04636285031346002,success,clearance_ground+foot_ground_bad_clearance,0,1,+x20,+x10|-x7
20260719,851,1.0,touchdown,0.35,0.0,True,True,True,True,True,0.012666098902764319,0.012666098902764319,0.0,False,0.003988362498250271,0.003988362498250271,0.012619238824718632,0.012619238824718632,success,success,0,0,+x3,+x3
20260719,852,1.0,touchdown,0.35,0.0,True,True,True,True,True,0.01532415667090354,0.01532415667090354,0.0,False,0.006206116402200295,0.006206116402200295,0.016230232605223965,0.016230232605223965,success,success,0,0,+x5,+x5
20260719,853,1.0,pre_cross,0.35,0.0,False,False,False,False,False,nan,nan,nan,,0.605743606560694,0.7849665868174946,-0.042912872828656315,-0.04315500278901244,clearance_ground+foot_ground_before_ready,clearance_ground+foot_ground_before_ready,0,1,+x25,+x8|-x20
20260719,854,1.0,mid_cross,0.35,0.0,False,False,False,False,False,nan,nan,nan,,0.16479811872275707,0.19816295137313117,0.03371215639192296,0.030976264444245123,clearance_ground+foot_ground_before_ready,clearance_ground+foot_ground_before_ready,0,1,+x13,+x8|-x5
20260719,855,1.0,touchdown,0.35,0.0,False,False,False,False,False,nan,nan,nan,,0.01857375788315815,0.11303057742285899,0.041918535452487804,0.03813495807213299,clearance_ground+foot_ground_before_ready,clearance_ground+foot_ground_before_ready,0,2,+x10,+x6|-x1|+x2
20260719,856,1.0,pre_cross,0.35,0.0,False,False,False,False,False,nan,nan,nan,,0.4458826331800847,0.4381647422134744,-0.008754108553031534,-0.008569605940497452,clearance_ground+foot_ground_before_ready,clearance_ground+foot_ground_before_ready,0,1,+x11,+x3|-x8
20260719,857,1.0,touchdown,0.35,0.0,False,False,False,False,False,nan,nan,nan,,0.01672265911679314,0.01672265911679314,0.01568355624404405,0.01568355624404405,clearance_ground+foot_ground_after_ready,clearance_ground+foot_ground_after_ready,0,0,+x8,+x8
20260719,858,1.0,touchdown,0.35,0.0,True,True,True,True,True,0.010684989995491872,0.010684989995491872,0.0,False,0.0030982372640186587,0.0030982372640186587,0.011620423708155192,0.011620423708155192,success,success,0,0,+x4,+x4
20260719,859,1.0,touchdown,0.35,0.0,False,False,False,False,False,nan,nan,nan,,0.4889799754434799,0.4889799754434799,-0.029191798526738713,-0.029191798526738713,clearance_ground+foot_ground_before_ready,clearance_ground+foot_ground_before_ready,0,0,-x12,-x12
20260719,860,1.0,touchdown,0.35,0.0,True,True,False,False,False,nan,nan,nan,,0.012018806637742636,0.012018806637742636,-0.0016928958439525188,-0.0016928958439525188,success,success,0,0,+x3,+x3
20260719,861,1.0,touchdown,0.35,0.0,True,True,True,True,True,0.006961243515363331,0.006961243515363331,0.0,False,0.007153946847748509,0.007153946847748509,0.04118511597561758,0.04118511597561758,success,success,0,1,+x10,+x5|-x5
20260719,862,1.0,pre_cross,0.35,0.0,False,False,False,False,False,nan,nan,nan,,0.5979351405462696,0.61259875449383,0.02080403825176374,0.010234358202145438,clearance_ground+foot_ground_before_ready,clearance_ground+foot_ground_before_ready,0,1,+x24,+x4|-x9
20260719,863,1.0,touchdown,0.35,0.0,False,False,False,False,False,nan,nan,nan,,0.007008666800327782,0.1415187730488376,0.013145619847191176,0.007243635532291265,clearance_ground+foot_ground_before_ready,clearance_ground+foot_ground_before_ready,0,1,+x12,+x4|-x7
20260719,864,1.0,mid_cross,0.35,0.0,False,False,False,False,False,nan,nan,nan,,0.3397417055003541,0.3464792185066373,0.06431893074048008,0.04512797235567757,clearance_ground+foot_ground_before_ready,clearance_ground+foot_ground_before_ready,0,1,+x21,+x6|-x10
20260719,865,1.0,mid_cross,0.35,0.0,False,False,False,False,False,nan,nan,nan,,0.1820795754476614,0.1798336440455763,0.03018060961597957,0.025753635934973262,clearance_ground+foot_ground_before_ready,clearance_ground+foot_ground_before_ready,0,1,+x11,+x3|-x7
20260719,866,1.0,touchdown,0.35,0.0,True,True,True,True,True,0.05157132602188861,0.04996958756222709,-0.0016017384596615225,True,0.10609343926139349,0.0918961759296773,0.08244449088801853,0.07370094986167547,success,success,0,1,+x13,+x10|-x2
20260719,867,1.0,mid_cross,0.35,0.0,False,False,False,False,False,nan,nan,nan,,0.31862238668379983,0.3590902087999934,-0.03247721877172498,-0.03257905095802308,clearance_ground+foot_ground_before_ready,clearance_ground+foot_ground_before_ready,0,1,+x20,+x12|-x11
20260719,868,1.0,mid_cross,0.35,0.0,False,False,False,False,False,nan,nan,nan,,0.11900718067253661,0.11900718067253661,-0.010570094968180899,-0.010570094968180899,clearance_ground+foot_ground_before_ready,clearance_ground+foot_ground_before_ready,0,0,-x11,-x11
20260719,869,1.0,mid_cross,0.35,0.0,False,False,False,False,False,nan,nan,nan,,0.3101445631043703,0.43762869431656737,0.048957956169080365,0.030674781623581955,clearance_ground+foot_ground_before_ready,clearance_ground+foot_ground_before_ready,0,5,+x18,+x5|-x2|+x1|-x1|+x1|-x3
20260719,870,1.0,touchdown,0.35,0.0,True,True,True,True,True,0.02919755281646214,0.02919755281646214,0.0,False,0.009581589337085394,0.009581589337085394,0.013151415867377614,0.013151415867377614,success,success,0,0,+x8,+x8
20260719,871,1.0,touchdown,0.35,0.0,True,True,True,True,True,0.12757285962673146,0.1270253638128472,-0.0005474958138842467,True,0.019469883012840403,0.019469883012840403,0.006116267366398198,0.006142629273022088,success,success,0,1,+x10,+x8|-x2
20260719,872,1.0,touchdown,0.35,0.0,True,True,True,True,True,0.010938206544545151,0.010938206544545151,0.0,False,0.006071450488697653,0.006071450488697653,0.022244761228303545,0.022244761228303545,success,success,0,0,+x5,+x5
20260719,873,1.0,touchdown,0.35,0.0,True,True,False,False,False,nan,nan,nan,,0.33572150692716035,0.15685536814019985,-0.0023651382546072686,0.0008738785603362165,success,success,0,3,-x4,-x1|+x3|-x1|+x1
20260719,874,1.0,pre_cross,0.35,0.0,False,False,False,False,False,nan,nan,nan,,1.71052036710825,1.3498280213188256,0.022331483587631873,0.019174247259194567,clearance,clearance_ground+foot_ground_before_ready,0,1,+x12,+x6|-x6
20260719,875,1.0,touchdown,0.35,0.0,True,True,True,True,True,0.037400265555693375,0.037400265555693375,0.0,False,0.006674191711321718,0.006674191711321718,0.0071516360010094315,0.0071516360010094315,success,success,0,0,+x4,+x4
20260719,876,1.0,touchdown,0.35,0.0,True,True,True,True,True,0.0336550689250097,0.0336550689250097,0.0,False,0.010431381220605364,0.010431381220605364,0.012421462809690781,0.012421462809690781,success,success,0,0,+x7,+x7
20260719,877,1.0,touchdown,0.35,0.0,True,True,True,True,True,0.03214234119311651,0.03197579502176269,-0.0001665461713538166,True,0.006271219528901327,0.006271219528901327,0.007819084517717484,0.00785981027884497,success,success,0,1,+x11,+x8|-x3
20260719,878,1.0,mid_cross,0.35,0.0,False,False,False,False,False,nan,nan,nan,,0.5714832932061281,0.6332786580600787,0.030564073991721688,0.021398751441140992,clearance_ground+foot_ground_before_ready,clearance_ground+foot_ground_before_ready,0,3,+x15,+x5|-x6|+x1|-x2
20260719,879,1.0,touchdown,0.35,0.0,True,True,True,True,True,0.029470207103694458,0.029470207103694458,0.0,False,0.005041113472528127,0.005041113472528127,0.006855272074052621,0.006855272074052621,success,success,0,0,+x4,+x4
20260719,880,1.0,mid_cross,0.35,0.0,False,False,False,False,False,nan,nan,nan,,0.5626951401208261,0.6478488593394597,0.029308808316634613,0.0364604912042957,clearance_ground+foot_ground_before_ready,clearance_ground+foot_ground_before_ready,0,1,+x21,+x13|-x11
20260719,881,1.0,mid_cross,0.35,0.01,False,False,False,False,False,nan,nan,nan,,0.49425277091538006,0.49025960156186493,0.06348366992779006,0.08049935159833463,clearance_ground+foot_ground_before_ready,clearance_ground+foot_ground_before_ready,0,1,+x22,+x11|-x15
20260719,882,1.0,touchdown,0.35,0.01,True,True,True,True,True,0.08481609697898689,0.08469639103597801,-0.00011970594300887705,True,0.00725845225948224,0.00725845225948224,0.003429629070850787,0.0034344763491949426,success,success,0,1,+x9,+x8|-x1
20260719,883,1.0,touchdown,0.35,0.01,False,False,False,False,False,nan,nan,nan,,0.3049303745301417,0.3049303745301417,-0.022421206574394087,-0.022421206574394087,clearance_ground+foot_ground_before_ready,clearance_ground+foot_ground_before_ready,0,0,-x11,-x11
20260719,884,1.0,touchdown,0.35,0.01,False,False,False,False,False,nan,nan,nan,,0.15579773067262542,0.15579773067262542,-0.047828446134328406,-0.047828446134328406,clearance_ground+foot_ground_before_ready,clearance_ground+foot_ground_before_ready,0,0,-x11,-x11
20260719,885,1.0,pre_cross,0.35,0.01,False,False,False,False,False,nan,nan,nan,,0.8832257782346528,0.6104773658093177,0.05779587214692955,0.04308025191449866,clearance_ground+foot_ground_before_ready,clearance_ground+foot_ground_bad_clearance,0,1,+x13,+x5|-x6
20260719,886,1.0,touchdown,0.35,0.01,True,True,False,False,False,nan,nan,nan,,0.00448036640798424,0.00448036640798424,-0.0007303599013970818,-0.0007303599013970818,success,success,0,0,+x5,+x5
20260719,887,1.0,touchdown,0.35,0.01,True,True,True,True,True,0.08905219473468164,0.08772180678463683,-0.001330387950044809,True,0.00702115490260557,0.00702115490260557,0.0031596962724979583,0.003207616191168272,success,success,0,1,+x7,+x4|-x3
20260719,888,1.0,pre_cross,0.35,0.01,False,False,False,False,False,nan,nan,nan,,0.5662613004242387,0.593187793870568,-0.21421424756874632,-0.078922627831016,clearance_ground+foot_ground_before_ready,speed,0,1,+x34,+x7|-x10
20260719,889,1.0,touchdown,0.35,0.01,False,False,False,False,False,nan,nan,nan,,0.19808263281904454,0.19808263281904454,-0.028002534722094574,-0.028002534722094574,clearance_ground+foot_ground_before_ready,clearance_ground+foot_ground_before_ready,0,0,-x10,-x10
20260719,890,1.0,mid_cross,0.35,0.01,False,False,False,False,False,nan,nan,nan,,0.7910631924403122,0.7988557080301057,0.053377999455803876,0.03729996781576547,clearance_ground+foot_ground_after_ready,clearance_ground+foot_ground_before_ready,0,1,+x16,+x7|-x7
20260719,891,1.0,mid_cross,0.35,0.01,True,False,True,False,False,0.6534303555806297,nan,nan,,1.1642795282495142,0.8951015399749687,0.0714067662095384,0.044627003063741316,success+touchdown_event,clearance_ground+foot_ground_bad_clearance,0,1,+x17,+x7|-x7
20260719,892,1.0,touchdown,0.35,0.01,True,True,True,True,True,0.15522363291391925,0.15522363291391925,0.0,False,0.03502118742225212,0.03502118742225212,0.009041790372329495,0.009041790372329495,success,success,0,0,+x7,+x7
20260719,893,1.0,touchdown,0.35,0.01,True,True,False,False,False,nan,nan,nan,,0.011516186722982125,0.011516186722982125,-0.0018044573979501266,-0.0017989043832468132,success,success,0,1,+x9,+x8|-x1
20260719,894,1.0,touchdown,0.35,0.01,True,True,True,True,True,0.16196567644983023,0.7543565693947583,0.592390892944928,False,0.03403984266989192,0.0743390222636354,0.008422595916987435,0.003949313215441785,success,success,0,1,+x8,+x2|-x4
20260719,895,1.0,mid_cross,0.35,0.01,False,False,False,False,False,nan,nan,nan,,0.8046969445896522,0.5279398624715217,0.004274285680234038,-0.0006955280189017699,clearance_ground+foot_ground_before_ready,clearance_ground+foot_ground_before_ready,0,1,+x13,+x5|-x8
20260719,896,1.0,pre_cross,0.35,0.01,False,False,False,False,False,nan,nan,nan,,0.5129376871703789,0.5284275864795843,0.034786323746267556,0.03886897222130975,clearance_ground+foot_ground_before_ready,clearance_ground+foot_ground_before_ready,0,1,+x19,+x13|-x8
20260719,897,1.0,pre_cross,0.35,0.01,False,False,False,False,False,nan,nan,nan,,1.4161795333980889,1.0455877877027575,0.05499328672036654,0.04448733950815897,clearance_ground+foot_ground_before_ready,clearance_ground+foot_ground_bad_clearance,0,1,+x13,+x6|-x6
20260719,898,1.0,mid_cross,0.35,0.01,False,False,False,False,False,nan,nan,nan,,0.25816738330453154,0.3117741800826569,-0.009568694002829212,-0.00727011837458931,clearance_ground+foot_ground_before_ready,clearance_ground+foot_ground_before_ready,0,1,+x22,+x2|-x14
20260719,899,1.0,touchdown,0.35,0.01,True,True,True,True,True,0.011838270709156622,0.18265069689240868,0.17081242618325204,False,0.0094187798195196,0.14059469436826205,0.0318851003561523,0.030848141826001818,success,success,0,2,+x8,+x6|-x1|+x1
20260719,900,1.0,mid_cross,0.35,0.01,False,False,False,False,False,nan,nan,nan,,0.48967338557707873,0.5905498441212339,0.05395683563952475,0.039396579674831914,clearance_ground+foot_ground_before_ready,clearance_ground+foot_ground_before_ready,0,1,+x24,+x7|-x10
20260719,901,1.0,touchdown,0.35,0.01,True,True,True,True,True,1.1425612616116156,0.7668379515815548,-0.3757233100300609,True,0.16421119953959412,0.17725841812185422,0.005759763996576378,0.009263704248204913,success,success,0,2,-x5,-x1|+x4|-x1
20260719,902,1.0,touchdown,0.35,0.01,True,True,True,True,True,0.019959299734506913,0.019959299734506913,0.0,False,0.009752238009213392,0.009752238009213392,0.019581249553383306,0.019581249553383306,success,success,0,0,+x4,+x4
20260719,903,1.0,touchdown,0.35,0.01,False,False,False,False,False,nan,nan,nan,,0.24475842438622997,0.24475842438622997,-0.022285257530590352,-0.022285257530590352,clearance_ground+foot_ground_before_ready,clearance_ground+foot_ground_before_ready,0,0,-x11,-x11
20260719,904,1.0,touchdown,0.35,0.01,False,False,False,False,False,nan,nan,nan,,0.708421704417013,0.708421704417013,-0.0013824637094752568,-0.0013824637094752568,clearance_ground+foot_ground_before_ready,clearance_ground+foot_ground_before_ready,0,0,-x9,-x9
20260719,905,1.0,touchdown,0.35,0.01,False,True,False,True,False,nan,0.15653776179239257,nan,,0.016719507765000967,0.13623204789246104,0.03844368754634264,0.034877197107394564,clearance_ground+foot_ground_before_ready,success,0,1,+x13,+x4|-x8
20260719,906,1.0,mid_cross,0.35,0.01,False,False,False,False,False,nan,nan,nan,,0.07079305863030039,0.07079305863030039,0.013707540568934404,0.013707540568934404,clearance_ground+foot_ground_before_ready,clearance_ground+foot_ground_before_ready,0,0,-x12,-x12
20260719,907,1.0,mid_cross,0.35,0.01,False,False,False,False,False,nan,nan,nan,,1.199142672641726,0.8665363241700725,0.011591668858225476,0.00514726986350994,clearance_ground+foot_ground_before_ready,clearance_ground+foot_ground_before_ready,0,1,+x12,+x5|-x6
20260719,908,1.0,mid_cross,0.35,0.01,False,False,False,False,False,nan,nan,nan,,0.6416946970829327,0.6179927956944837,0.022275666781271533,0.015180503329278616,clearance_ground+foot_ground_before_ready,clearance_ground+foot_ground_before_ready,0,1,+x20,+x5|-x11
20260719,909,1.0,pre_cross,0.35,0.01,False,False,False,False,False,nan,nan,nan,,0.5781980588613042,0.7315891206591815,-0.00836744025376622,-0.003033596714308126,clearance_ground+foot_ground_before_ready,clearance_ground+foot_ground_before_ready,0,1,+x23,+x7|-x18
20260719,910,1.0,mid_cross,0.35,0.01,False,False,False,False,False,nan,nan,nan,,0.5386634723516575,0.6889293550173602,-0.0018013525968374258,-0.0068552306534357815,clearance_ground+foot_ground_before_ready,clearance_ground+foot_ground_before_ready,0,1,+x24,+x4|-x11
20260719,911,1.0,touchdown,0.35,0.01,False,False,False,False,False,nan,nan,nan,,0.5233869918597577,0.5233869918597577,-0.019262696463335893,-0.019262696463335893,clearance_ground+foot_ground_before_ready,clearance_ground+foot_ground_before_ready,0,0,-x8,-x8
20260719,912,1.0,pre_cross,0.35,0.01,False,False,False,False,False,nan,nan,nan,,1.543230153117094,0.8260276935865316,0.01586013295038142,0.008249071396594136,clearance_ground+foot_ground_before_ready,clearance,0,1,+x13,+x5|-x6
20260719,913,1.0,mid_cross,0.35,0.01,False,False,False,False,False,nan,nan,nan,,0.47903246860487275,0.5868281609052775,0.1041967563914159,0.07661555445350446,clearance_ground+foot_ground_before_ready,clearance_ground+foot_ground_before_ready,0,4,+x19,+x5|-x6|+x2|-x1|+x2
20260719,914,1.0,pre_cross,0.35,0.01,False,False,False,False,False,nan,nan,nan,,1.4075041798644592,1.019497608322957,0.10117296341869197,0.052764257786948626,clearance_ground+foot_ground_before_ready,clearance_ground+foot_ground_before_ready,0,1,+x22,+x5|-x8
20260719,915,1.0,touchdown,0.35,0.01,False,False,False,False,False,nan,nan,nan,,0.3615347212073605,0.3615347212073605,-0.0196196372427285,-0.0196196372427285,clearance_ground+foot_ground_before_ready,clearance_ground+foot_ground_before_ready,0,0,-x10,-x10
20260719,916,1.0,mid_cross,0.35,0.01,False,False,False,False,False,nan,nan,nan,,1.0239078061395943,1.104005828451474,0.07135456515956937,0.034548323574814466,clearance_ground+foot_ground_before_ready,clearance_ground+foot_ground_before_ready,0,1,+x28,+x6|-x10
20260719,917,1.0,touchdown,0.35,0.01,True,True,False,False,False,nan,nan,nan,,0.5546830916854444,0.5546830916854444,-0.007598446435105183,-0.007598446435105183,success,success,0,0,-x6,-x6
20260719,918,1.0,pre_cross,0.35,0.01,False,False,False,False,False,nan,nan,nan,,0.6356654238907661,0.6536427028333097,-0.024489342282147386,-0.024424020241808786,clearance_ground+foot_ground_bad_clearance,clearance_ground+foot_ground_bad_clearance,0,1,+x11,+x7|-x4
20260719,919,1.0,pre_cross,0.35,0.01,False,False,False,False,False,nan,nan,nan,,0.8680181006373198,0.7188827273841764,0.046832463261805464,0.006064012274026793,clearance_ground+foot_ground_before_ready,clearance_ground+foot_ground_before_ready,0,1,+x30,+x5|-x11
20260719,920,1.0,mid_cross,0.35,0.01,False,False,False,False,False,nan,nan,nan,,0.16732281181851946,0.14310844384906565,-0.029804003150792877,-0.02587674874297072,clearance_ground+foot_ground_before_ready,clearance_ground+foot_ground_before_ready,0,1,+x20,+x2|-x15
20260719,921,1.0,mid_cross,0.35,0.02,False,False,False,False,False,nan,nan,nan,,0.3279964719825671,0.39462665040635614,0.0583588291240274,0.03407761916396236,clearance_ground+foot_ground_before_ready,clearance_ground+foot_ground_before_ready,0,5,+x17,+x3|-x4|+x1|-x1|+x2|-x2
20260719,922,1.0,mid_cross,0.35,0.02,False,False,False,False,False,nan,nan,nan,,0.23293547708671483,0.20535299913259852,-0.04688775955223254,-0.028433196602559885,clearance_ground+foot_ground_before_ready,clearance_ground+foot_ground_before_ready,0,1,+x22,+x1|-x13
20260719,923,1.0,touchdown,0.35,0.02,True,True,True,True,True,0.053253452561667754,0.053253452561667754,0.0,False,0.015192831002990384,0.015192831002990384,0.01143331971490058,0.01143331971490058,success,success,0,0,+x6,+x6
20260719,924,1.0,mid_cross,0.35,0.02,False,False,False,False,False,nan,nan,nan,,0.49696041316494816,0.5708369762733003,0.07019181875110901,0.03228610084925303,clearance_ground+foot_ground_before_ready,clearance_ground+foot_ground_before_ready,0,5,+x25,+x7|-x1|+x1|-x1|+x1|-x3
20260719,925,1.0,touchdown,0.35,0.02,False,False,False,False,False,nan,nan,nan,,0.007040998869249314,0.016887103054250067,0.022818629177460373,0.021468677721087362,clearance_ground+foot_ground_before_ready,clearance_ground+foot_ground_before_ready,0,1,+x11,+x5|-x6
20260719,926,1.0,touchdown,0.35,0.02,True,True,True,True,True,0.06337943731683973,2.724577284900306,2.661197847583466,False,0.007661858436083561,0.12632440823278274,0.00484470296228276,0.001858102002719575,success,success,0,2,+x9,+x5|-x1|+x2
20260719,927,1.0,touchdown,0.35,0.02,False,False,False,False,False,nan,nan,nan,,0.021863603055744387,0.020757283028932698,0.004724311793489949,0.0062809984181127765,clearance_ground+foot_ground_before_ready,clearance_ground+foot_ground_before_ready,0,1,+x13,+x6|-x7
20260719,928,1.0,pre_cross,0.35,0.02,False,False,False,False,False,nan,nan,nan,,0.6993691705299783,0.7951529394901106,0.06781159835007829,0.07077037554660917,clearance_ground+foot_ground_before_ready,clearance_ground+foot_ground_before_ready,0,1,+x27,+x10|-x16
20260719,929,1.0,mid_cross,0.35,0.02,False,False,False,False,False,nan,nan,nan,,0.46705496232300414,0.532002435231995,0.09787877864241773,0.048231000602505375,clearance_ground+foot_ground_before_ready,clearance_ground+foot_ground_before_ready,0,1,+x24,+x5|-x8
20260719,930,1.0,mid_cross,0.35,0.02,False,False,False,False,False,nan,nan,nan,,0.598917209645034,0.5979737272979493,0.06782605488681197,0.031161451980054898,clearance_ground+foot_ground_before_ready,clearance_ground+foot_ground_before_ready,0,1,+x24,+x4|-x9
20260719,931,1.0,mid_cross,0.35,0.02,False,False,False,False,False,nan,nan,nan,,0.17802298071531947,0.24875186372043906,0.020176018098405378,0.013679046391645903,clearance_ground+foot_ground_before_ready,clearance_ground+foot_ground_before_ready,0,1,+x22,+x6|-x10
20260719,932,1.0,touchdown,0.35,0.02,True,True,False,False,False,nan,nan,nan,,0.0017642433874006905,0.0017642433874006905,-0.00252541802253059,-0.00252541802253059,success,success,0,0,+x2,+x2
20260719,933,1.0,mid_cross,0.35,0.02,False,False,False,False,False,nan,nan,nan,,1.3627930665144408,1.024599374966232,0.045288925083943804,0.03028298199746582,clearance_ground+foot_ground_before_ready,clearance_ground+foot_ground_bad_clearance,0,1,+x15,+x8|-x6
20260719,934,1.0,pre_cross,0.35,0.02,False,False,False,False,False,nan,nan,nan,,1.2577162840851996,1.3099080963105125,0.07636517964442986,0.06965714291474899,clearance,clearance,0,1,+x16,+x9|-x6
20260719,935,1.0,touchdown,0.35,0.02,True,True,True,True,True,0.020782776570538557,0.020773425437936845,-9.351132601712053e-06,True,0.006028864463296594,0.006028864463296594,0.011625546090881428,0.011630779316542161,success,success,0,1,+x7,+x6|-x1
20260719,936,1.0,pre_cross,0.35,0.02,False,False,False,False,False,nan,nan,nan,,2.0299279794880807,1.2454248373521433,0.04414811306786659,0.03851679425945542,clearance_ground+foot_ground_bad_clearance,clearance_ground+foot_ground_bad_clearance,0,1,+x13,+x6|-x6
20260719,937,1.0,mid_cross,0.35,0.02,False,False,False,False,False,nan,nan,nan,,0.5306950563891996,0.6243726000085159,0.11635599640422284,0.09714739135404453,clearance_ground+foot_ground_before_ready,clearance_ground+foot_ground_before_ready,0,1,+x26,+x5|-x17
20260719,938,1.0,pre_cross,0.35,0.02,False,False,False,False,False,nan,nan,nan,,1.0232644544365728,1.410221805774435,-0.11093223235475917,-0.10574538235880378,clearance_ground+foot_ground_before_ready,clearance_ground+foot_ground_before_ready,0,1,+x33,+x11|-x21
20260719,939,1.0,touchdown,0.35,0.02,True,True,False,False,False,nan,nan,nan,,0.002789243844307912,0.002789243844307912,-0.0009576619516181717,-0.0009576619516181717,success,success,0,0,+x4,+x4
20260719,940,1.0,touchdown,0.35,0.02,True,True,True,True,True,0.03641794592850303,1.6883867615010542,1.6519688155725512,False,0.00956635973025026,0.17838413416832954,0.010527195097285447,0.004234144712470328,success,success,0,3,+x8,+x1|-x1|+x3|-x1
20260719,941,1.0,touchdown,0.35,0.02,True,True,True,True,True,0.005885679793584515,0.0868806003675711,0.08099492057398658,False,0.005529393882516113,0.05542169089971434,0.03764976825141414,0.025564562746845237,success,success,0,3,+x8,+x2|-x1|+x2|-x1
20260719,942,1.0,touchdown,0.35,0.02,True,True,True,True,True,0.019105065600602177,0.019105065600602177,0.0,False,0.006038539088349008,0.006038539088349008,0.012666737168544218,0.012666737168544218,success,success,0,0,+x4,+x4
20260719,943,1.0,mid_cross,0.35,0.02,False,False,False,False,False,nan,nan,nan,,0.0765696731613886,0.40752706121140886,-0.0347872396607794,-0.026722910310645352,clearance_ground+foot_ground_before_ready,clearance_ground+foot_ground_before_ready,0,1,+x16,+x1|-x11
20260719,944,1.0,mid_cross,0.35,0.02,False,False,False,False,False,nan,nan,nan,,1.0889241500416345,0.5250330207306437,-0.010878462278529288,-0.019961177499393468,clearance_ground+foot_ground_before_ready,clearance_ground+foot_ground_bad_clearance,0,1,+x22,+x4|-x8
20260719,945,1.0,mid_cross,0.35,0.02,False,False,False,False,False,nan,nan,nan,,1.210387585759484,0.8875470852582912,0.05073028412916232,0.016476606351027975,q1_low_limit,clearance_ground+foot_ground_before_ready,0,5,+x27,+x6|-x5|+x1|-x1|+x1|-x1
20260719,946,1.0,mid_cross,0.35,0.02,False,False,False,False,False,nan,nan,nan,,0.6532523135479863,0.8105821940352745,0.05158341632430222,0.03661406959527803,clearance_ground+foot_ground_before_ready,clearance_ground+foot_ground_before_ready,0,1,+x24,+x4|-x14
20260719,947,1.0,mid_cross,0.35,0.02,False,False,False,False,False,nan,nan,nan,,0.366661508464004,0.020619366547705766,-0.030122660363930128,-0.013449029445342753,clearance_ground+foot_ground_before_ready,clearance,0,1,+x24,+x1|-x5
20260719,948,1.0,touchdown,0.35,0.02,True,True,False,False,False,nan,nan,nan,,0.0019000196536951585,0.0019000196536951585,-8.606218685469624e-05,-8.606218685469624e-05,success,success,0,0,+x2,+x2
20260719,949,1.0,touchdown,0.35,0.02,False,False,False,False,False,nan,nan,nan,,0.009748431311296301,0.2889892646404017,0.024093187141362327,0.012234196582829399,clearance_ground+foot_ground_before_ready,clearance_ground+foot_ground_before_ready,0,3,+x13,+x3|-x1|+x2|-x5
20260719,950,1.0,mid_cross,0.35,0.02,False,False,False,False,False,nan,nan,nan,,0.2416975304144407,0.32601943852386683,-0.023320179465951732,-0.019643940323651216,clearance_ground+foot_ground_before_ready,clearance_ground+foot_ground_before_ready,0,1,+x23,+x2|-x19
20260719,951,1.0,touchdown,0.35,0.02,True,True,True,True,True,0.011165783837995444,0.011165783837995444,0.0,False,0.008076809767802715,0.008076809767802715,0.02898892086218749,0.02898892086218749,success,success,0,0,+x7,+x7
20260719,952,1.0,touchdown,0.35,0.02,True,True,True,True,True,0.022553356221141036,0.022553356221141036,0.0,False,0.0025960411111597085,0.0025960411111597085,0.00461298239052782,0.00461298239052782,success,success,0,0,+x1,+x1
20260719,953,1.0,pre_cross,0.35,0.02,False,False,False,False,False,nan,nan,nan,,1.1319320076800337,1.1015036462498349,0.07246395802323691,0.06307958073624459,clearance_ground+foot_ground_before_ready,clearance_ground+foot_ground_before_ready,0,1,+x14,+x6|-x7
20260719,954,1.0,mid_cross,0.35,0.02,False,False,False,False,False,nan,nan,nan,,0.5209719296620293,0.6414090456890369,-0.04057024202073631,-0.040728829410778516,clearance_ground+foot_ground_before_ready,clearance_ground+foot_ground_before_ready,0,1,+x20,+x6|-x15
20260719,955,1.0,pre_cross,0.35,0.02,False,False,False,False,False,nan,nan,nan,,0.961385718812142,0.9457120695256186,-0.015655906219436938,-0.013382240573487164,clearance_ground+foot_ground_bad_clearance,speed,0,1,+x16,+x8|-x6
20260719,956,1.0,mid_cross,0.35,0.02,False,False,False,False,False,nan,nan,nan,,0.8642969941653637,2.9333874845742987,0.026940396978275813,-0.06229261281362092,clearance_ground+foot_ground_before_ready,clearance_ground+foot_ground_before_ready,0,3,+x26,+x9|-x10|+x5|-x11
20260719,957,1.0,mid_cross,0.35,0.02,False,False,False,False,False,nan,nan,nan,,0.30690909647993003,0.1123353377405713,-0.035468930592144565,-0.020853716602124924,clearance_ground+foot_ground_before_ready,clearance_ground+foot_ground_before_ready,0,1,+x24,+x1|-x9
20260719,958,1.0,touchdown,0.35,0.02,True,True,True,True,True,0.15236151606389153,0.15236151606389153,0.0,False,0.054809481186408264,0.054809481186408264,0.01441656572427752,0.01441656572427752,success,success,0,0,+x5,+x5
20260719,959,1.0,mid_cross,0.35,0.02,False,False,False,False,False,nan,nan,nan,,0.22032404783149173,0.2985480699186569,-0.007830520508329806,-0.010247687447666399,clearance_ground+foot_ground_before_ready,clearance_ground+foot_ground_before_ready,0,1,+x23,+x3|-x11
20260719,960,1.0,touchdown,0.35,0.02,True,True,False,False,False,nan,nan,nan,,0.3161504287418388,0.3161504287418388,-0.012416173016330162,-0.012416173016330162,success,success,0,0,-x6,-x6
20260719,961,1.0,pre_cross,0.4,0.0,False,False,False,False,False,nan,nan,nan,,1.2287866607607487,0.8766888672561786,-0.011337765260560973,-0.01475428718848239,speed,clearance_ground+foot_ground_before_ready,0,1,+x17,+x6|-x7
20260719,962,1.0,touchdown,0.4,0.0,True,True,True,True,True,0.023219990825190853,0.5405781179919507,0.5173581271667598,False,0.005762887526272702,0.12169162947713505,0.009946253188234971,0.00902160181891104,success,success,0,1,+x6,+x4|-x2
20260719,963,1.0,touchdown,0.4,0.0,True,True,False,False,False,nan,nan,nan,,1.2440072773435924,1.2440072773435924,-0.019674428242587583,-0.019674428242587583,success,success,0,0,-x7,-x7
20260719,964,1.0,touchdown,0.4,0.0,True,True,True,True,True,0.023658645252087673,0.023658645252087673,0.0,False,0.0046604656214902715,0.0046604656214902715,0.007894431248591627,0.007894431248591627,success,success,0,0,+x6,+x6
20260719,965,1.0,mid_cross,0.4,0.0,False,False,False,False,False,nan,nan,nan,,1.027531097753166,0.9302045466072565,0.02172314275247919,0.001539781215619318,clearance_ground+foot_ground_before_ready,clearance_ground+foot_ground_before_ready,0,1,+x25,+x8|-x7
20260719,966,1.0,mid_cross,0.4,0.0,False,False,False,False,False,nan,nan,nan,,0.10484908122909334,0.10484908122909334,-0.01213585631812232,-0.01213585631812232,clearance_ground+foot_ground_before_ready,clearance_ground+foot_ground_before_ready,0,0,-x11,-x11
20260719,967,1.0,touchdown,0.4,0.0,True,True,True,True,True,0.17869873740360945,2.6739351301149448,2.4952363927113352,False,0.013001345764655666,0.17330164539202206,0.0029157362401569242,0.002597366468407497,success,success,0,1,+x7,+x6|-x1
20260719,968,1.0,touchdown,0.4,0.0,True,True,True,True,True,0.022411212556513557,0.022411212556513557,0.0,False,0.0012452435708294202,0.0012452435708294202,0.0022267443755741856,0.0022267443755741856,success,success,0,0,+x2,+x2
20260719,969,1.0,touchdown,0.4,0.0,False,False,False,False,False,nan,nan,nan,,0.2316084409855647,0.2316084409855647,-0.01913076227329208,-0.01913076227329208,clearance_ground+foot_ground_before_ready,clearance_ground+foot_ground_before_ready,0,0,-x9,-x9
20260719,970,1.0,touchdown,0.4,0.0,True,True,False,False,False,nan,nan,nan,,0.1484858655771767,0.1484858655771767,-0.008492046833863981,-0.008492046833863981,success,success,0,0,-x5,-x5
20260719,971,1.0,mid_cross,0.4,0.0,False,False,False,False,False,nan,nan,nan,,0.8550912963854025,0.8635589464535598,0.06562312070314014,0.04954745513072689,clearance,clearance,0,1,+x14,+x8|-x4
20260719,972,1.0,touchdown,0.4,0.0,True,True,False,False,False,nan,nan,nan,,0.40773892562819053,0.40773892562819053,-0.006490083274072328,-0.006490083274072328,success,success,0,0,-x5,-x5
20260719,973,1.0,touchdown,0.4,0.0,True,True,False,False,False,nan,nan,nan,,0.2800765970229214,0.2800765970229214,-0.010760113681511141,-0.010760113681511141,success,success,0,0,-x6,-x6
20260719,974,1.0,mid_cross,0.4,0.0,False,False,False,False,False,nan,nan,nan,,1.187782469545109,1.224708479102486,0.06421674406116837,0.04499936905149357,clearance_ground+foot_ground_before_ready,clearance_ground+foot_ground_before_ready,0,1,+x17,+x7|-x8
20260719,975,1.0,touchdown,0.4,0.0,False,False,False,False,False,nan,nan,nan,,1.004195233676436,1.004195233676436,-0.018131215215836688,-0.018131215215836688,clearance_ground+foot_ground_before_ready,clearance_ground+foot_ground_before_ready,0,0,-x7,-x7
20260719,976,1.0,touchdown,0.4,0.0,True,True,True,True,True,0.30902459206863603,0.30645145261418755,-0.002573139454448481,True,0.016099984577576366,0.016099984577576366,0.0020879198766288187,0.0021054512309965356,success,success,0,1,+x9,+x7|-x2
20260719,977,1.0,touchdown,0.4,0.0,True,True,True,True,True,0.03562661124646513,0.03562661124646513,0.0,False,0.013525194863941225,0.013525194863941225,0.015214245736412335,0.015214245736412335,success,success,0,0,+x5,+x5
20260719,978,1.0,touchdown,0.4,0.0,False,False,False,False,False,nan,nan,nan,,0.6968479350416781,0.6968479350416781,-0.05547903510053109,-0.05547903510053109,clearance_ground+foot_ground_before_ready,clearance_ground+foot_ground_before_ready,0,0,-x10,-x10
20260719,979,1.0,mid_cross,0.4,0.0,False,False,False,False,False,nan,nan,nan,,0.4137989780911334,0.4137989780911334,-0.04424931903938849,-0.04424931903938849,clearance_ground+foot_ground_before_ready,clearance_ground+foot_ground_before_ready,0,0,-x14,-x14
20260719,980,1.0,touchdown,0.4,0.0,True,True,True,True,True,0.028492468178736897,0.028492468178736897,0.0,False,0.003305807372278459,0.003305807372278459,0.0046497422843612135,0.0046497422843612135,success,success,0,0,+x2,+x2
20260719,981,1.0,mid_cross,0.4,0.0,False,False,False,False,False,nan,nan,nan,,1.2438404180795597,0.9155509937196806,0.03163732073668217,0.02332343984413697,clearance_ground+foot_ground_before_ready,clearance_ground+foot_ground_before_ready,0,1,+x12,+x5|-x6
20260719,982,1.0,touchdown,0.4,0.0,True,True,True,True,True,0.04824882726922166,0.4410703805122831,0.39282155324306145,False,0.021509294403600457,0.19305138172927722,0.017865731900416126,0.017540680197795755,success,success,0,1,+x7,+x6|-x1
20260719,983,1.0,touchdown,0.4,0.0,True,True,False,False,False,nan,nan,nan,,0.3058481066819286,0.3058481066819286,-0.015253385539600817,-0.015253385539600817,success,success,0,0,-x4,-x4
20260719,984,1.0,mid_cross,0.4,0.0,False,False,False,False,False,nan,nan,nan,,1.2246337250375021,0.9434639761069261,0.23966430217777748,0.10425234840325254,clearance_ground+foot_ground_before_ready,clearance_ground+foot_ground_before_ready,0,1,+x28,+x6|-x9
20260719,985,1.0,touchdown,0.4,0.0,True,True,True,True,True,7.563821007716438,0.9026962858600138,-6.6611247218564245,True,0.4405329658289314,0.2118083618733976,0.0023340952802060055,0.009403355524566948,success,success,0,2,-x5,-x1|+x4|-x1
20260719,986,1.0,mid_cross,0.4,0.0,False,False,False,False,False,nan,nan,nan,,1.165409745020455,1.1107169479478352,0.11595190969394022,0.07805021199797925,clearance_ground+foot_ground_before_ready,clearance_ground+foot_ground_before_ready,0,1,+x23,+x7|-x9
20260719,987,1.0,mid_cross,0.4,0.0,False,False,False,False,False,nan,nan,nan,,0.728117227182623,0.7919344291603219,0.06263001534548227,0.0275967708527569,clearance_ground+foot_ground_before_ready,clearance_ground+foot_ground_before_ready,0,1,+x24,+x5|-x9
20260719,988,1.0,mid_cross,0.4,0.0,False,False,False,False,False,nan,nan,nan,,0.17100893653143273,0.09423750804412026,0.0018303109275201821,-0.0026353915998598796,clearance_ground+foot_ground_before_ready,clearance_ground+foot_ground_before_ready,0,1,+x17,+x1|-x9
20260719,989,1.0,pre_cross,0.4,0.0,False,False,False,False,False,nan,nan,nan,,0.6360723617080873,0.7847260309083253,-0.03142877223422251,-0.03277112653155968,clearance_ground+foot_ground_before_ready,clearance_ground+foot_ground_before_ready,0,1,+x20,+x7|-x17
20260719,990,1.0,pre_cross,0.4,0.0,False,False,False,False,False,nan,nan,nan,,1.1796378924184345,0.8759573777065593,-0.03326420797930914,-0.03436402072240627,clearance_ground+foot_ground_before_ready,clearance_ground+foot_ground_before_ready,0,1,+x10,+x5|-x5
20260719,991,1.0,mid_cross,0.4,0.0,False,False,False,False,False,nan,nan,nan,,0.5336427333614795,0.5334519621702644,0.03320908300995898,0.025259966399676315,clearance_ground+foot_ground_before_ready,clearance_ground+foot_ground_before_ready,0,1,+x13,+x4|-x8
20260719,992,1.0,touchdown,0.4,0.0,True,True,True,True,True,0.016507512571796338,0.016507512571796338,0.0,False,0.012592056728185638,0.012592056728185638,0.030570070856833553,0.030570070856833553,success,success,0,0,+x6,+x6
20260719,993,1.0,mid_cross,0.4,0.0,False,False,False,False,False,nan,nan,nan,,0.09580106086929771,0.0814941328536817,0.02242996016688785,0.02244841639225885,clearance_ground+foot_ground_before_ready,clearance_ground+foot_ground_before_ready,0,1,+x13,+x5|-x8
20260719,994,1.0,touchdown,0.4,0.0,True,True,True,True,True,0.037133673835741295,0.037133673835741295,0.0,False,0.010565138214478369,0.010565138214478369,0.011402200538138396,0.011402200538138396,success,success,0,0,+x6,+x6
20260719,995,1.0,touchdown,0.4,0.0,False,False,False,False,False,nan,nan,nan,,0.01723772527992762,0.23009392339364187,-0.006774279369333586,-0.01170616830762683,clearance_ground+foot_ground_before_ready,clearance_ground+foot_ground_before_ready,0,1,+x16,+x6|-x8
20260719,996,1.0,touchdown,0.4,0.0,True,True,False,False,False,nan,nan,nan,,0.7458862747787622,0.18423172498605048,-0.010143983020750424,-0.0041095774206689195,success,success,0,3,-x7,-x2|+x4|-x1|+x2
20260719,997,1.0,touchdown,0.4,0.0,False,False,False,False,False,nan,nan,nan,,0.20310073856920338,0.20310073856920338,-0.018352502020725914,-0.018352502020725914,clearance_ground+foot_ground_before_ready,clearance_ground+foot_ground_before_ready,0,0,-x7,-x7
20260719,998,1.0,mid_cross,0.4,0.0,False,False,False,False,False,nan,nan,nan,,0.6583822628158298,0.6601733508279627,0.10029077871434107,0.056480611255027235,clearance_ground+foot_ground_before_ready,clearance_ground+foot_ground_before_ready,0,1,+x22,+x4|-x9
20260719,999,1.0,mid_cross,0.4,0.0,False,False,False,False,False,nan,nan,nan,,0.29452891653384916,0.2913909465357814,0.05192520173318299,0.03670962474688812,clearance_ground+foot_ground_before_ready,clearance_ground+foot_ground_before_ready,0,1,+x22,+x8|-x8
20260719,1000,1.0,touchdown,0.4,0.0,False,False,False,False,False,nan,nan,nan,,0.35516979834170415,0.35516979834170415,-0.01762142127660135,-0.01762142127660135,clearance_ground+foot_ground_before_ready,clearance_ground+foot_ground_before_ready,0,0,-x12,-x12
20260719,1001,1.0,mid_cross,0.4,0.01,False,False,False,False,False,nan,nan,nan,,0.595863825381366,0.765370618337203,0.03047714430930513,0.01790902241565053,clearance_ground+foot_ground_before_ready,clearance_ground+foot_ground_before_ready,0,1,+x25,+x8|-x9
20260719,1002,1.0,mid_cross,0.4,0.01,False,False,False,False,False,nan,nan,nan,,1.2454174836585163,0.9151950641869626,0.09563905207273475,0.04255600036413988,clearance_ground+foot_ground_before_ready,clearance_ground+foot_ground_before_ready,0,1,+x24,+x8|-x7
20260719,1003,1.0,touchdown,0.4,0.01,True,True,False,False,False,nan,nan,nan,,0.4002299090455479,0.4002299090455479,-0.025961702345034615,-0.025961702345034615,success,success,0,0,-x6,-x6
20260719,1004,1.0,touchdown,0.4,0.01,False,False,False,False,False,nan,nan,nan,,0.15431686904936143,0.15431686904936143,-0.004825298187675603,-0.004825298187675603,clearance_ground+foot_ground_before_ready,clearance_ground+foot_ground_before_ready,0,0,-x10,-x10
20260719,1005,1.0,touchdown,0.4,0.01,True,True,True,True,True,0.008115050587373513,0.19919926690414605,0.19108421631677253,False,0.005999859977485049,0.09470118685303144,0.029629975620056676,0.019052373930765226,success,success,0,3,+x10,+x3|-x1|+x2|-x2
20260719,1006,1.0,mid_cross,0.4,0.01,False,False,False,False,False,nan,nan,nan,,0.3068916699594477,0.32434972527296985,0.005132296489205809,0.011313541976907454,clearance_ground+foot_ground_before_ready,clearance_ground+foot_ground_before_ready,0,1,+x23,+x13|-x13
20260719,1007,1.0,mid_cross,0.4,0.01,False,False,False,False,False,nan,nan,nan,,0.08439488992440407,0.48287640384897285,0.011334969436480491,0.015329820338531822,clearance_ground+foot_ground_before_ready,clearance_ground+foot_ground_before_ready,0,1,+x18,+x1|-x17
20260719,1008,1.0,pre_cross,0.4,0.01,False,False,False,False,False,nan,nan,nan,,1.196436154281997,0.9581318611133428,-0.03137794194557915,-0.030625784830907433,clearance_ground+foot_ground_before_ready,clearance_ground+foot_ground_bad_clearance,0,1,+x13,+x6|-x6
20260719,1009,1.0,mid_cross,0.4,0.01,False,False,False,False,False,nan,nan,nan,,0.07574748485564475,0.07574748485564475,-0.023648633022390515,-0.023648633022390515,clearance_ground+foot_ground_before_ready,clearance_ground+foot_ground_before_ready,0,0,-x9,-x9
20260719,1010,1.0,touchdown,0.4,0.01,True,True,True,True,True,0.021975269377466376,0.021975269377466376,0.0,False,0.010077718911433569,0.010077718911433569,0.01837847381465768,0.01837847381465768,success,success,0,0,+x7,+x7
20260719,1011,1.0,touchdown,0.4,0.01,True,True,True,True,True,0.05446826951642292,0.34365587139049747,0.28918760187407455,False,0.023674290539865,0.14672173889787013,0.01741866255787064,0.017110082662124798,success,success,0,1,+x13,+x8|-x5
20260719,1012,1.0,touchdown,0.4,0.01,False,False,False,False,False,nan,nan,nan,,0.3298896989488654,0.3298896989488654,-0.019768383083391378,-0.019768383083391378,clearance_ground+foot_ground_before_ready,clearance_ground+foot_ground_before_ready,0,0,-x10,-x10
20260719,1013,1.0,mid_cross,0.4,0.01,False,False,False,False,False,nan,nan,nan,,0.618795086976022,0.6301352949606737,0.02943857945424308,0.025116150955328626,clearance_ground+foot_ground_before_ready,clearance_ground+foot_ground_before_ready,0,1,+x11,+x4|-x7
20260719,1014,1.0,touchdown,0.4,0.01,True,True,True,True,True,0.04963557270206878,0.04963557270206878,0.0,False,0.010767092281378033,0.010767092281378033,0.008693342866285453,0.008693342866285453,success,success,0,0,+x4,+x4
20260719,1015,1.0,mid_cross,0.4,0.01,False,False,False,False,False,nan,nan,nan,,1.1370976727025006,0.8228573678040421,0.10096373315076695,0.0771673463034481,clearance_ground+foot_ground_before_ready,clearance_ground+foot_ground_bad_clearance,0,1,+x15,+x6|-x7
20260719,1016,1.0,mid_cross,0.4,0.01,False,False,False,False,False,nan,nan,nan,,0.5587914403277905,0.5498798383736203,-0.0015720277977973734,-0.00024371182940204072,clearance_ground+foot_ground_before_ready,clearance_ground+foot_ground_before_ready,0,1,+x26,+x5|-x19
20260719,1017,1.0,mid_cross,0.4,0.01,False,False,False,False,False,nan,nan,nan,,0.35410513983417935,0.48401133940707675,0.0047633347365806655,0.015211618137351036,clearance_ground+foot_ground_before_ready,clearance_ground+foot_ground_before_ready,0,1,+x21,+x11|-x16
20260719,1018,1.0,touchdown,0.4,0.01,True,True,False,False,False,nan,nan,nan,,0.005890145433488209,0.005890145433488209,0.0005793526245713165,0.0005793526245713165,success,success,0,0,+x7,+x7
20260719,1019,1.0,mid_cross,0.4,0.01,False,False,False,False,False,nan,nan,nan,,0.15306607535398487,0.19759799654228327,0.025107916645587536,0.016912412031005228,clearance_ground+foot_ground_before_ready,clearance_ground+foot_ground_before_ready,0,1,+x21,+x5|-x10
20260719,1020,1.0,mid_cross,0.4,0.01,False,False,False,False,False,nan,nan,nan,,0.3976660102822017,0.5086595749480303,0.0957215961214777,0.04974352977554994,clearance_ground+foot_ground_before_ready,clearance_ground+foot_ground_before_ready,0,5,+x27,+x8|-x1|+x1|-x1|+x1|-x4
20260719,1021,1.0,mid_cross,0.4,0.01,False,False,False,False,False,nan,nan,nan,,0.7431069648703352,0.702304561898891,0.015934105620834776,0.0032921407945558367,clearance_ground+foot_ground_before_ready,clearance_ground+foot_ground_before_ready,0,1,+x21,+x5|-x9
20260719,1022,1.0,touchdown,0.4,0.01,True,True,False,False,False,nan,nan,nan,,0.36486414107796056,0.36486414107796056,-0.0049119848570254865,-0.0049119848570254865,success,success,0,0,-x7,-x7
20260719,1023,1.0,touchdown,0.4,0.01,True,True,True,True,True,0.06604621372885007,0.06604621372885007,0.0,False,0.019629269758668966,0.019629269758668966,0.011910709387988189,0.011910709387988189,success,success,0,0,+x6,+x6
20260719,1024,1.0,touchdown,0.4,0.01,False,False,False,False,False,nan,nan,nan,,0.43064130402216233,0.43064130402216233,-0.02416549080765701,-0.02416549080765701,clearance_ground+foot_ground_before_ready,clearance_ground+foot_ground_before_ready,0,0,-x10,-x10
20260719,1025,1.0,touchdown,0.4,0.01,False,False,False,False,False,nan,nan,nan,,0.011922893540072558,0.40154586612833987,0.018372216966933724,0.010311520391192902,clearance_ground+foot_ground_before_ready,clearance_ground+foot_ground_before_ready,0,1,+x12,+x5|-x6
20260719,1026,1.0,touchdown,0.4,0.01,False,False,False,False,False,nan,nan,nan,,0.7316696205020989,0.7316696205020989,-0.03616568080946583,-0.03616568080946583,clearance_ground+foot_ground_before_ready,clearance_ground+foot_ground_before_ready,0,0,-x10,-x10
20260719,1027,1.0,touchdown,0.4,0.01,False,False,False,False,False,nan,nan,nan,,0.5350444823278663,0.5350444823278663,-0.044191675551380455,-0.044191675551380455,clearance_ground+foot_ground_before_ready,clearance_ground+foot_ground_before_ready,0,0,-x11,-x11
20260719,1028,1.0,touchdown,0.4,0.01,True,True,True,True,True,0.07270721022402615,0.07270721022402615,0.0,False,0.0024901417566989574,0.0024901417566989574,0.0013725494508611547,0.0013725494508611547,success,success,0,0,+x1,+x1
20260719,1029,1.0,touchdown,0.4,0.01,False,False,False,False,False,nan,nan,nan,,0.006774262425014912,0.14636515899963584,0.027087621111594157,0.021112324010830158,clearance_ground+foot_ground_before_ready,clearance_ground+foot_ground_before_ready,0,1,+x11,+x4|-x6
20260719,1030,1.0,touchdown,0.4,0.01,True,True,True,True,True,0.03567545923317107,0.03567545923317107,0.0,False,0.010839971101983203,0.010839971101983203,0.012176990371720237,0.012176990371720237,success,success,0,0,+x4,+x4
20260719,1031,1.0,mid_cross,0.4,0.01,False,False,False,False,False,nan,nan,nan,,0.4693824816243134,0.8179628549611903,-0.08522756313358744,-0.08960865681442458,clearance_ground+foot_ground_before_ready,clearance_ground+foot_ground_before_ready,0,1,+x21,+x3|-x21
20260719,1032,1.0,touchdown,0.4,0.01,True,True,True,True,True,0.01805651218837598,0.01805651218837598,0.0,False,0.011148887602380508,0.011148887602380508,0.02474452276787889,0.02474452276787889,success,success,0,0,+x6,+x6
20260719,1033,1.0,touchdown,0.4,0.01,True,True,True,True,True,0.0244762406014001,0.0244762406014001,0.0,False,0.003612173592706192,0.003612173592706192,0.005914326692346095,0.005914326692346095,success,success,0,0,+x4,+x4
20260719,1034,1.0,mid_cross,0.4,0.01,False,False,False,False,False,nan,nan,nan,,1.147674679998712,0.8426771594519141,0.05632385907720397,0.04045230143250196,clearance_ground+foot_ground_before_ready,clearance_ground+foot_ground_before_ready,0,1,+x13,+x5|-x7
20260719,1035,1.0,touchdown,0.4,0.01,True,True,True,True,True,0.034278149704772,0.034278149704772,0.0,False,0.013654827702643119,0.013654827702643119,0.015964314096259313,0.015964314096259313,success,success,0,0,+x8,+x8
20260719,1036,1.0,pre_cross,0.4,0.01,False,False,False,False,False,nan,nan,nan,,0.9360505478304044,0.9568936640825961,-0.008172182690420193,-0.008197951467783682,clearance,clearance,0,1,+x10,+x5|-x5
20260719,1037,1.0,mid_cross,0.4,0.01,False,False,False,False,False,nan,nan,nan,,1.3677267597356182,1.1521270242371464,0.0742219863848487,0.06369485116059287,clearance,clearance_ground+foot_ground_bad_clearance,0,1,+x14,+x8|-x5
20260719,1038,1.0,mid_cross,0.4,0.01,False,False,False,False,False,nan,nan,nan,,0.652884933844736,0.7136204453524667,0.02226618766675608,0.008478439180224395,clearance_ground+foot_ground_before_ready,clearance_ground+foot_ground_before_ready,0,1,+x22,+x5|-x9
20260719,1039,1.0,pre_cross,0.4,0.01,False,False,False,False,False,nan,nan,nan,,1.6026482116573382,1.5637104528628785,0.060531456554659996,0.029362503082042912,clearance_ground+foot_ground_before_ready,clearance_ground+foot_ground_before_ready,0,1,+x28,+x8|-x8
20260719,1040,1.0,touchdown,0.4,0.01,True,True,False,False,False,nan,nan,nan,,0.8301475502167842,0.8301475502167842,-0.02873627721089622,-0.02873627721089622,success,success,0,0,-x6,-x6
20260719,1041,1.0,pre_cross,0.4,0.02,False,False,False,False,False,nan,nan,nan,,2.080676120062258,1.6593660045758074,0.06577289638271074,0.05472376314913581,clearance_ground+foot_ground_before_ready,clearance_ground+foot_ground_bad_clearance,0,1,+x15,+x7|-x7
20260719,1042,1.0,mid_cross,0.4,0.02,False,False,False,False,False,nan,nan,nan,,0.3082933985756919,0.3551181218219655,0.0974541823041728,0.06092590533552729,clearance_ground+foot_ground_before_ready,clearance_ground+foot_ground_before_ready,0,5,+x26,+x9|-x1|+x1|-x1|+x1|-x5
20260719,1043,1.0,mid_cross,0.4,0.02,False,False,False,False,False,nan,nan,nan,,1.588397288887392,0.8895427049324873,0.08658245269685061,0.07706016107792824,clearance_ground+foot_ground_bad_clearance,clearance_ground+foot_ground_bad_clearance,0,1,+x12,+x5|-x7
20260719,1044,1.0,touchdown,0.4,0.02,True,True,True,True,True,0.01516692542887377,0.01516692542887377,0.0,False,0.014699142372207189,0.014699142372207189,0.038839698987492455,0.038839698987492455,success,success,0,0,+x10,+x10
20260719,1045,1.0,touchdown,0.4,0.02,True,True,False,False,False,nan,nan,nan,,0.004420853667565625,0.004420853667565625,-0.0018989296866981087,-0.0018989296866981087,success,success,0,1,+x8,+x7|-x1
20260719,1046,1.0,touchdown,0.4,0.02,True,True,True,True,True,0.03823210391193437,0.03823210391193437,0.0,False,0.0024219350483793266,0.0024219350483793266,0.0025387252624552437,0.0025387252624552437,success,success,0,0,+x1,+x1
20260719,1047,1.0,touchdown,0.4,0.02,True,True,False,False,False,nan,nan,nan,,0.6327150390205156,0.6327150390205156,-0.02760755885416072,-0.02760755885416072,success,success,0,0,-x6,-x6
20260719,1048,1.0,mid_cross,0.4,0.02,False,False,False,False,False,nan,nan,nan,,0.6403077292289656,0.6681890394505837,-0.01120561994954132,-0.018894905501534207,clearance_ground+foot_ground_before_ready,clearance_ground+foot_ground_before_ready,0,3,+x25,+x9|-x1|+x1|-x11
20260719,1049,1.0,touchdown,0.4,0.02,False,False,False,False,False,nan,nan,nan,,0.383800625364488,0.383800625364488,-0.03868929857101301,-0.03868929857101301,clearance_ground+foot_ground_before_ready,clearance_ground+foot_ground_before_ready,0,0,-x12,-x12
20260719,1050,1.0,touchdown,0.4,0.02,False,False,False,False,False,nan,nan,nan,,0.27947283008393614,0.27947283008393614,-0.028988789952093558,-0.028988789952093558,clearance_ground+foot_ground_before_ready,clearance_ground+foot_ground_before_ready,0,0,-x12,-x12
20260719,1051,1.0,mid_cross,0.4,0.02,False,False,False,False,False,nan,nan,nan,,0.5403701434859001,0.86165069539199,-0.05347773145406111,-0.06308685086467487,clearance_ground+foot_ground_before_ready,clearance_ground+foot_ground_before_ready,0,1,+x22,+x6|-x22
20260719,1052,1.0,touchdown,0.4,0.02,True,True,True,True,True,1.510059331668191,0.28255144548982786,-1.227507886178363,True,0.2423723740970927,0.07694231151169505,0.006432362567296845,0.010913124414466402,success,success,0,2,-x6,-x2|+x3|-x2
20260719,1053,1.0,touchdown,0.4,0.02,False,False,False,False,False,nan,nan,nan,,0.5667136178113819,0.5667136178113819,-0.020637203095875994,-0.020637203095875994,clearance_ground+foot_ground_before_ready,clearance_ground+foot_ground_before_ready,0,0,-x9,-x9
20260719,1054,1.0,mid_cross,0.4,0.02,False,False,False,False,False,nan,nan,nan,,1.0405638498753256,1.017624178367213,0.031765811817836026,0.008788753661548673,clearance_ground+foot_ground_before_ready,clearance_ground+foot_ground_before_ready,0,1,+x24,+x6|-x7
20260719,1055,1.0,touchdown,0.4,0.02,True,True,True,True,True,0.19638180119080234,0.19638180119080234,0.0,False,0.011584638732038273,0.011584638732038273,0.0023640827077235638,0.0023640827077235638,success,success,0,0,+x6,+x6
20260719,1056,1.0,mid_cross,0.4,0.02,False,False,False,False,False,nan,nan,nan,,0.3917307585652444,0.49967682400573765,-0.09972828203685233,-0.12538093779282108,clearance_ground+foot_ground_before_ready,clearance_ground+foot_ground_before_ready,0,1,+x21,+x7|-x20
20260719,1057,1.0,touchdown,0.4,0.02,True,True,False,False,False,nan,nan,nan,,0.004358443611740702,0.004358443611740702,0.0009553877886447348,0.0009553877886447348,success,success,0,0,+x6,+x6
20260719,1058,1.0,touchdown,0.4,0.02,True,True,False,False,False,nan,nan,nan,,0.48854284704962386,0.48854284704962386,-0.01670369469649341,-0.01670369469649341,success,success,0,0,-x6,-x6
20260719,1059,1.0,touchdown,0.4,0.02,True,True,True,True,True,0.011822646782734751,0.011822646782734751,0.0,False,0.0018144751265695353,0.0018144751265695353,0.006150603272466221,0.006150603272466221,success,success,0,0,+x2,+x2
20260719,1060,1.0,touchdown,0.4,0.02,False,False,False,False,False,nan,nan,nan,,0.6583692502967814,0.6583692502967814,-0.05051100767929795,-0.05051100767929795,clearance_ground+foot_ground_before_ready,clearance_ground+foot_ground_before_ready,0,0,-x12,-x12
20260719,1061,1.0,mid_cross,0.4,0.02,False,False,False,False,False,nan,nan,nan,,0.434466124141961,0.43985317647608435,0.10064888497207311,0.0645370606229269,clearance_ground+foot_ground_before_ready,clearance_ground+foot_ground_before_ready,0,1,+x23,+x6|-x9
20260719,1062,1.0,touchdown,0.4,0.02,True,True,True,True,True,0.0067731105939097275,0.2716281297299208,0.26485501913601106,False,0.0034433666329994,0.1090874727198574,0.020374009778087177,0.016094650397338872,success,success,0,2,+x8,+x5|-x1|+x1
20260719,1063,1.0,pre_cross,0.4,0.02,False,False,False,False,False,nan,nan,nan,,1.0718416236113921,0.879444681410535,0.06377797269336138,0.05810437705786159,clearance_ground+foot_ground_bad_clearance,clearance_ground+foot_ground_bad_clearance,0,1,+x19,+x14|-x4
20260719,1064,1.0,touchdown,0.4,0.02,False,False,False,False,False,nan,nan,nan,,0.42520398137280097,0.42520398137280097,-0.021225473699413328,-0.021225473699413328,clearance_ground+foot_ground_before_ready,clearance_ground+foot_ground_before_ready,0,0,-x10,-x10
20260719,1065,1.0,pre_cross,0.4,0.02,False,False,False,False,False,nan,nan,nan,,1.3596446656288506,1.4014921742367332,0.07731934880207342,0.06098172132949678,clearance_ground+foot_ground_before_ready,clearance_ground+foot_ground_before_ready,0,1,+x32,+x10|-x17
20260719,1066,1.0,touchdown,0.4,0.02,True,True,False,False,False,nan,nan,nan,,0.5859024083688977,0.5859024083688977,-0.013712264180943456,-0.013712264180943456,success,success,0,0,-x5,-x5
20260719,1067,1.0,mid_cross,0.4,0.02,False,False,False,False,False,nan,nan,nan,,0.552334521241599,0.5947746376543318,0.02500364745492831,0.010449525975484519,clearance_ground+foot_ground_before_ready,clearance_ground+foot_ground_before_ready,0,1,+x24,+x6|-x8
20260719,1068,1.0,touchdown,0.4,0.02,True,True,False,False,False,nan,nan,nan,,0.31886071570621266,0.31886071570621266,-0.009213424389266756,-0.009213424389266756,success,success,0,0,-x3,-x3
20260719,1069,1.0,touchdown,0.4,0.02,False,False,False,False,False,nan,nan,nan,,0.1804993912988319,0.1804993912988319,-0.05640352220616211,-0.05640352220616211,clearance_ground+foot_ground_before_ready,clearance_ground+foot_ground_before_ready,0,0,-x15,-x15
20260719,1070,1.0,touchdown,0.4,0.02,True,True,True,True,True,0.03498539473511477,0.03498539473511477,0.0,False,0.003538191168069432,0.003538191168069432,0.004052993677254035,0.004052993677254035,success,success,0,0,+x6,+x6
20260719,1071,1.0,touchdown,0.4,0.02,True,True,True,True,True,0.16441580567348513,0.16381509289604823,-0.0006007127774368959,True,0.007090299080660249,0.007090299080660249,0.0017282334250460218,0.0017345708868907461,success,success,0,1,+x7,+x6|-x1
20260719,1072,1.0,mid_cross,0.4,0.02,False,False,False,False,False,nan,nan,nan,,0.5642604999469936,0.6608605124074793,0.06348996727195229,0.049576340610117745,clearance_ground+foot_ground_before_ready,clearance_ground+foot_ground_before_ready,0,3,+x24,+x9|-x1|+x1|-x8
20260719,1073,1.0,touchdown,0.4,0.02,True,True,True,True,True,0.4058569337152879,0.4058569337152879,0.0,False,0.18172368222614058,0.18172368222614058,0.017944029263536804,0.017944029263536804,success,success,0,0,-x7,-x7
20260719,1074,1.0,mid_cross,0.4,0.02,False,False,False,False,False,nan,nan,nan,,0.8409558163659415,0.9883005662664295,0.13663959627843364,0.17334669621804255,clearance_ground+foot_ground_before_ready,clearance_ground+foot_ground_before_ready,0,1,+x31,+x18|-x19
20260719,1075,1.0,mid_cross,0.4,0.02,False,False,False,False,False,nan,nan,nan,,0.8135338530193923,0.5531253793846687,-0.0007237571284844091,-0.011158638900207768,clearance_ground+foot_ground_before_ready,clearance_ground+foot_ground_before_ready,0,1,+x22,+x4|-x9
20260719,1076,1.0,mid_cross,0.4,0.02,True,False,True,False,False,0.7179016883410865,nan,nan,,1.1628982325879247,0.8660887378140899,0.06491695585071447,0.03576219507019887,success,clearance_ground+foot_ground_before_ready,0,1,+x14,+x5|-x6
20260719,1077,1.0,mid_cross,0.4,0.02,True,False,True,False,False,0.30584993019008444,nan,nan,,0.6595570505472256,0.8923761820894448,0.086422214790671,0.06350683221534142,success,clearance_ground+foot_ground_before_ready,0,4,+x19,+x10|-x4|+x1|-x1|+x1
20260719,1078,1.0,mid_cross,0.4,0.02,False,False,False,False,False,nan,nan,nan,,0.7368306084252363,0.8447457315274324,0.010443914935656495,0.016863188435412138,clearance_ground+foot_ground_before_ready,clearance_ground+foot_ground_before_ready,0,3,+x29,+x12|-x1|+x1|-x16
20260719,1079,1.0,touchdown,0.4,0.02,True,True,True,True,True,0.019254603437906855,0.019254603437906855,0.0,False,0.004156767091601184,0.004156767091601184,0.008651721345141972,0.008651721345141972,success,success,0,0,+x4,+x4
20260719,1080,1.0,mid_cross,0.4,0.02,False,False,False,False,False,nan,nan,nan,,0.1362168799977996,0.09840552233154767,0.007846523905883432,0.005242144451419906,clearance_ground+foot_ground_before_ready,clearance_ground+foot_ground_before_ready,0,1,+x23,+x4|-x11
20260719,1081,-1.0,pre_cross,0.3,0.0,False,False,False,False,False,nan,nan,nan,,0.8129569008689329,0.8129569008689329,-0.00872492117546897,-0.00872492117546897,clearance,clearance,0,0,-x12,-x12
20260719,1082,-1.0,touchdown,0.3,0.0,True,True,True,True,True,0.036142843316261344,0.3807393431588643,0.344596499842603,False,0.00710860615326736,0.07548220853516892,0.007882129187337772,0.007945079603815325,success,success,0,2,-x3,-x1|+x1|-x1
20260719,1083,-1.0,touchdown,0.3,0.0,True,True,False,False,False,nan,nan,nan,,0.08814715288141929,0.08814715288141929,-0.03313470765780895,-0.03313470765780895,success,success,0,0,-x10,-x10
20260719,1084,-1.0,touchdown,0.3,0.0,True,True,False,False,False,nan,nan,nan,,0.01882631559234759,0.12618171791672314,-0.04368178437432632,-0.0434669517691538,success,success,0,1,+x13,+x10|-x3
20260719,1085,-1.0,touchdown,0.3,0.0,True,True,False,False,False,nan,nan,nan,,0.11935967616451645,0.11935967616451645,-0.013804103818760368,-0.013804103818760368,success,success,0,0,-x9,-x9
20260719,1086,-1.0,pre_cross,0.3,0.0,False,False,False,False,False,nan,nan,nan,,2.712101141652604,1.5133714774715035,0.048310037874536124,0.048168310988023,clearance_ground+foot_ground_bad_clearance,clearance,0,1,-x17,-x15|+x2
20260719,1087,-1.0,pre_cross,0.3,0.0,False,False,False,False,False,nan,nan,nan,,4.3703535402175575,2.7378815447038582,0.08243605406904397,0.08122262809378786,clearance_ground+knee_ground,clearance_ground+foot_ground_before_ready,0,1,-x22,-x19|+x4
20260719,1088,-1.0,pre_cross,0.3,0.0,False,False,False,False,False,nan,nan,nan,,1.3140637571078222,1.3140637571078222,-0.01095992853558124,-0.01095992853558124,clearance,clearance,0,0,-x17,-x17
20260719,1089,-1.0,touchdown,0.3,0.0,True,True,True,True,True,0.17808192456037672,0.17808192456037672,0.0,False,0.007897785351427069,0.007897785351427069,0.0017773251899173789,0.0017773251899173789,success,success,0,0,+x2,+x2
20260719,1090,-1.0,touchdown,0.3,0.0,True,True,False,False,False,nan,nan,nan,,0.0011494466300403486,0.0011494466300403486,-0.011326617221811983,-0.011326617221811983,success,success,0,0,-x4,-x4
20260719,1091,-1.0,mid_cross,0.3,0.0,False,False,False,False,False,nan,nan,nan,,0.07637670367009798,0.07637670367009798,-0.046273949283615834,-0.046273949283615834,clearance_ground+foot_ground_before_ready,clearance_ground+foot_ground_before_ready,0,0,-x16,-x16
20260719,1092,-1.0,mid_cross,0.3,0.0,False,False,False,False,False,nan,nan,nan,,0.8891499101251867,0.8891499101251867,0.010292459540763355,0.010292459540763355,clearance,clearance,0,0,-x13,-x13
20260719,1093,-1.0,touchdown,0.3,0.0,True,True,False,False,False,nan,nan,nan,,0.09599466334219846,0.09599466334219846,-0.011510764246911909,-0.011510764246911909,success,success,0,0,-x9,-x9
20260719,1094,-1.0,mid_cross,0.3,0.0,False,False,False,False,False,nan,nan,nan,,2.0755797120188215,1.5828154785235111,0.0658153709300959,0.06471214513348805,clearance_ground+foot_ground_before_ready,clearance_ground+foot_ground_before_ready,0,1,-x16,-x13|+x3
20260719,1095,-1.0,touchdown,0.3,0.0,True,True,False,False,False,nan,nan,nan,,0.00438994745599899,0.00438994745599899,-0.0034074213780419457,-0.0034074213780419457,success,success,0,0,-x3,-x3
20260719,1096,-1.0,touchdown,0.3,0.0,False,True,False,True,False,nan,0.3849868116210481,nan,,0.040590248964691565,0.07805570586616786,0.011403957665000533,0.008125315132858829,clearance_ground+foot_ground_before_ready,success,0,6,+x16,+x3|-x1|+x1|-x1|+x1|-x1|+x1
20260719,1097,-1.0,touchdown,0.3,0.0,False,False,False,False,False,nan,nan,nan,,0.3031730489508532,0.3031730489508532,-0.030557072465424866,-0.030557072465424866,clearance_ground+foot_ground_after_ready,clearance_ground+foot_ground_after_ready,0,0,-x14,-x14
20260719,1098,-1.0,touchdown,0.3,0.0,True,True,True,True,True,0.09755425029086778,0.3763025310257638,0.278748280734896,False,0.024229948176720837,0.0965486990280452,0.009953772262456799,0.010282310094947848,success,success,0,2,+x7,+x4|-x1|+x2
20260719,1099,-1.0,touchdown,0.3,0.0,True,True,False,False,False,nan,nan,nan,,0.03098537725397076,0.03098537725397076,-0.01846486800132515,-0.01846486800132515,success,success,0,0,-x10,-x10
20260719,1100,-1.0,touchdown,0.3,0.0,True,True,False,False,False,nan,nan,nan,,0.030220097319985775,0.5041693857442681,-0.011677045938867307,-0.011952406925619816,success,success,0,12,+x18,+x6|-x1|+x1|-x1|+x1|-x1|+x2|-x1|+x1|-x1|+x1|-x1|+x1
20260719,1101,-1.0,pre_cross,0.3,0.0,False,False,False,False,False,nan,nan,nan,,3.190423302981427,2.0939508201794648,-0.04847952218028431,-0.05012855093067803,clearance_ground+foot_ground_before_ready,clearance_ground+foot_ground_before_ready,0,1,-x19,-x16|+x3
20260719,1102,-1.0,touchdown,0.3,0.0,True,True,False,False,False,nan,nan,nan,,0.2198988248382634,0.2198988248382634,-0.020960773470014255,-0.020960773470014255,success,success,0,0,-x10,-x10
20260719,1103,-1.0,touchdown,0.3,0.0,True,True,False,False,False,nan,nan,nan,,0.03443710333492281,0.03443710333492281,-0.008256956355881554,-0.008256956355881554,success,success,0,0,-x8,-x8
20260719,1104,-1.0,touchdown,0.3,0.0,True,True,False,False,False,nan,nan,nan,,0.07457419536172988,0.07457419536172988,-0.010717918849858172,-0.010717918849858172,success,success,0,0,-x9,-x9
20260719,1105,-1.0,mid_cross,0.3,0.0,False,False,False,False,False,nan,nan,nan,,0.7409785051292874,0.1547971359376442,0.05253894483100592,0.04910986137355519,clearance_ground+foot_ground_before_ready,clearance_ground+foot_ground_before_ready,0,2,-x16,-x6|+x9|-x1
20260719,1106,-1.0,touchdown,0.3,0.0,True,True,False,False,False,nan,nan,nan,,0.011198198143103154,0.011198198143103154,-0.002080977756407018,-0.002080977756407018,success,success,0,0,-x4,-x4
20260719,1107,-1.0,mid_cross,0.3,0.0,False,False,False,False,False,nan,nan,nan,,2.103719925298519,0.8189827675075521,0.026523692748027933,0.024155724661865524,clearance_ground+foot_ground_before_ready,clearance_ground+foot_ground_before_ready,0,1,-x15,-x11|+x5
20260719,1108,-1.0,touchdown,0.3,0.0,True,True,False,False,False,nan,nan,nan,,0.02727622678420597,0.02727622678420597,-0.0386817311491451,-0.0386817311491451,success,success,0,0,-x9,-x9
20260719,1109,-1.0,touchdown,0.3,0.0,True,True,False,False,False,nan,nan,nan,,0.03908454958619231,0.03908454958619231,-0.02230623101215253,-0.02230623101215253,success,success,0,0,-x7,-x7
20260719,1110,-1.0,touchdown,0.3,0.0,True,False,False,False,False,nan,nan,nan,,0.1562124888917805,0.14907556290290125,-0.038733300610226215,-0.039898724506946,success,clearance_ground+foot_ground_before_ready,0,3,-x16,-x11|+x4|-x1|+x1
20260719,1111,-1.0,pre_cross,0.3,0.0,False,False,False,False,False,nan,nan,nan,,2.030098642689962,2.030098642689962,-0.019861082311451075,-0.019861082311451075,clearance,clearance,0,0,-x15,-x15
20260719,1112,-1.0,mid_cross,0.3,0.0,False,False,False,False,False,nan,nan,nan,,0.1637233168208123,0.1637233168208123,-0.03627368194866387,-0.03627368194866387,clearance_ground+foot_ground_before_ready,clearance_ground+foot_ground_before_ready,0,0,-x14,-x14
20260719,1113,-1.0,mid_cross,0.3,0.0,False,False,False,False,False,nan,nan,nan,,1.3616823752203708,0.538460783771531,-0.004337435729901307,-0.004719284713230798,clearance_ground+foot_ground_before_ready,clearance_ground+foot_ground_before_ready,0,1,-x11,-x3|+x9
20260719,1114,-1.0,touchdown,0.3,0.0,True,True,True,True,True,0.6011765304818504,0.6013342392801282,0.00015770879827781137,False,0.07624071710868732,0.07624071710868732,0.005082371013125402,0.005081038086156465,success,success,0,1,-x8,-x7|+x1
20260719,1115,-1.0,mid_cross,0.3,0.0,False,False,False,False,False,nan,nan,nan,,1.44272812386,1.0141760942674174,0.0028321715518840607,0.0028647955791526736,clearance_ground+foot_ground_bad_clearance,clearance_ground+foot_ground_bad_clearance,0,1,-x8,-x7|+x1
20260719,1116,-1.0,mid_cross,0.3,0.0,False,False,False,False,False,nan,nan,nan,,2.989928593938226,1.3162533258739266,0.01778172251347089,0.0172506029970505,clearance_ground+foot_ground_before_ready,clearance_ground+foot_ground_before_ready,0,1,-x13,-x10|+x3
20260719,1117,-1.0,touchdown,0.3,0.0,True,True,False,False,False,nan,nan,nan,,0.028250548640690057,0.05364647426161972,-0.011428902071693968,-0.013512086680840668,success,success,0,2,-x9,-x6|+x1|-x3
20260719,1118,-1.0,touchdown,0.3,0.0,True,True,True,True,True,0.05539995750080663,0.05539995750080663,0.0,False,0.0031882514732255937,0.0031882514732255937,0.0023063464614734817,0.0023063464614734817,success,success,0,0,+x5,+x5
20260719,1119,-1.0,mid_cross,0.3,0.0,False,False,False,False,False,nan,nan,nan,,1.6373654077184798,0.49338983176523954,0.03525663960348935,0.030010429737620893,clearance_ground+foot_ground_before_ready,clearance_ground+foot_ground_before_ready,0,1,-x13,-x7|+x6
20260719,1120,-1.0,touchdown,0.3,0.0,True,True,False,False,False,nan,nan,nan,,0.03425102805557092,0.03425102805557092,0.0008788512419320854,0.0008788512419320854,success,success,0,0,-x3,-x3
20260719,1121,-1.0,touchdown,0.3,0.01,True,True,False,False,False,nan,nan,nan,,0.07101282982295394,0.07101282982295394,-0.01855704040169057,-0.01855704040169057,success,success,0,0,-x8,-x8
20260719,1122,-1.0,pre_cross,0.3,0.01,False,False,False,False,False,nan,nan,nan,,3.54671093028185,1.815481831878225,0.0390548280249535,0.033776233937126296,clearance_ground+foot_ground_before_ready,clearance_ground+foot_ground_before_ready,0,1,-x18,-x13|+x5
20260719,1123,-1.0,touchdown,0.3,0.01,True,True,False,False,False,nan,nan,nan,,0.011480496815480024,0.03171205753851234,-0.013821404549721347,-0.012390000435471364,success,success,0,1,+x12,+x4|-x7
20260719,1124,-1.0,mid_cross,0.3,0.01,False,False,False,False,False,nan,nan,nan,,2.4304350977904474,1.297855814832456,0.011596762462635218,0.010684833155978762,clearance_ground+foot_ground_before_ready,clearance_ground+foot_ground_before_ready,0,1,-x15,-x11|+x5
20260719,1125,-1.0,touchdown,0.3,0.01,False,False,False,False,False,nan,nan,nan,,0.10203858570652478,0.10203858570652478,-0.06727892329783397,-0.06727892329783397,clearance_ground+foot_ground_before_ready,clearance_ground+foot_ground_before_ready,0,0,-x16,-x16
20260719,1126,-1.0,touchdown,0.3,0.01,False,False,False,False,False,nan,nan,nan,,0.14056596192163645,0.14056596192163645,-0.04140569044797948,-0.04140569044797948,clearance_ground+foot_ground_before_ready,clearance_ground+foot_ground_before_ready,0,0,-x17,-x17
20260719,1127,-1.0,touchdown,0.3,0.01,False,False,False,False,False,nan,nan,nan,,0.013127109758475593,0.0284610687142025,-0.106457027940004,-0.10642949659764964,q1_low_limit,q1_low_limit,0,1,+x21,+x20|-x1
20260719,1128,-1.0,mid_cross,0.3,0.01,False,False,False,False,False,nan,nan,nan,,2.6825364235025355,1.169185761414398,0.03778293240392769,0.03505731080121376,clearance_ground+foot_ground_before_ready,clearance_ground+foot_ground_before_ready,0,1,-x17,-x12|+x4
20260719,1129,-1.0,mid_cross,0.3,0.01,False,False,False,False,False,nan,nan,nan,,0.5715660154903482,0.25150424684772105,-0.013682518905200586,-0.017025957730693292,clearance_ground+foot_ground_before_ready,clearance_ground+foot_ground_before_ready,0,1,-x10,-x2|+x10
20260719,1130,-1.0,touchdown,0.3,0.01,True,True,True,True,True,0.7468385109195148,0.7447282996192899,-0.002110211300224929,True,0.06917302948932921,0.06917302948932921,0.0037118592728442694,0.003722376944035769,success,success,0,1,-x6,-x2|+x4
20260719,1131,-1.0,mid_cross,0.3,0.01,False,False,False,False,False,nan,nan,nan,,0.32428571770682846,0.3150245616605257,-0.01045711826958571,-0.010253088884441527,clearance_ground+foot_ground_before_ready,clearance_ground+foot_ground_before_ready,0,1,-x14,-x7|+x7
20260719,1132,-1.0,touchdown,0.3,0.01,True,True,False,False,False,nan,nan,nan,,0.12313118215263036,0.12313118215263036,-0.04841530723653972,-0.04841530723653972,success,success,0,0,-x11,-x11
20260719,1133,-1.0,touchdown,0.3,0.01,True,True,False,False,False,nan,nan,nan,,0.1119152215958437,0.11174320758550015,-0.0052634176047214876,-0.004571641903474241,success,success,0,1,-x8,-x4|+x3
20260719,1134,-1.0,touchdown,0.3,0.01,False,False,False,False,False,nan,nan,nan,,0.015322761139469428,0.06790310259514258,-0.04006196848761742,-0.0417667272236735,clearance_ground+foot_ground_before_ready,clearance_ground+foot_ground_before_ready,0,1,+x16,+x9|-x7
20260719,1135,-1.0,touchdown,0.3,0.01,True,True,False,False,False,nan,nan,nan,,0.006284957003425053,0.006283000220518322,0.00023569929771034837,0.00023866520173534272,success,success,0,1,-x2,-x1|+x1
20260719,1136,-1.0,mid_cross,0.3,0.01,False,False,False,False,False,nan,nan,nan,,1.310204698291716,0.571796187984815,0.019481777260603864,0.014085712103465473,clearance_ground+foot_ground_before_ready,clearance_ground+foot_ground_before_ready,0,1,-x15,-x8|+x6
20260719,1137,-1.0,touchdown,0.3,0.01,True,False,False,False,False,nan,nan,nan,,0.0350035604560481,0.18821621951405465,-0.0048148985231724305,-0.003504651202993262,success,clearance_ground+foot_ground_after_ready,0,7,+x14,+x8|-x1|+x1|-x1|+x1|-x1|+x1|-x1
20260719,1138,-1.0,touchdown,0.3,0.01,True,True,True,True,True,0.053930254142299044,0.040983530382889606,-0.012946723759409438,True,0.030075337771120477,0.022801333780048873,0.022349070070994598,0.022296274171832692,success,success,0,1,-x6,-x1|+x5
20260719,1139,-1.0,mid_cross,0.3,0.01,True,True,True,True,True,0.6611840201063799,0.39807525029052176,-0.2631087698158581,True,0.8614567377312995,0.5059130721952357,0.052214669554446744,0.050932164709421954,success,success,0,1,-x13,-x3|+x11
20260719,1140,-1.0,pre_cross,0.3,0.01,False,False,False,False,False,nan,nan,nan,,4.4955334779621845,1.8583161165819693,0.022683936518153973,0.02081751610030138,clearance_ground+knee_ground,clearance_ground+knee_ground,0,1,-x22,-x18|+x4
20260719,1141,-1.0,touchdown,0.3,0.01,False,False,False,False,False,nan,nan,nan,,0.09705118444525138,0.09705118444525138,-0.05742199764652367,-0.05742199764652367,q1_low_limit,q1_low_limit,0,0,-x18,-x18
20260719,1142,-1.0,touchdown,0.3,0.01,True,True,False,False,False,nan,nan,nan,,0.0740508160638124,0.0740508160638124,-0.014910891871922044,-0.014910891871922044,success,success,0,0,-x10,-x10
20260719,1143,-1.0,touchdown,0.3,0.01,True,True,True,True,True,0.027540498913931354,0.016831289415104936,-0.010709209498826418,True,0.012200900852330165,0.009277086020227684,0.017754216232102413,0.02208897716652543,success,success,0,3,-x4,-x2|+x1|-x1|+x1
20260719,1144,-1.0,touchdown,0.3,0.01,True,True,True,True,True,0.06729669510914782,0.10784208769079044,0.04054539258164262,False,0.03610224477377375,0.05898255541517083,0.02149917921949878,0.021918796684442014,success,success,0,3,+x11,+x8|-x1|+x1|-x1
20260719,1145,-1.0,touchdown,0.3,0.01,False,False,False,False,False,nan,nan,nan,,0.0234322673250326,0.0234322673250326,0.030138777006039966,0.030138777006039966,clearance_ground+foot_ground_after_ready,clearance_ground+foot_ground_after_ready,0,0,-x7,-x7
20260719,1146,-1.0,touchdown,0.3,0.01,True,True,False,False,False,nan,nan,nan,,0.020028065666972975,0.020028065666972975,-0.014363290640934771,-0.014363290640934771,success,success,0,0,-x4,-x4
20260719,1147,-1.0,touchdown,0.3,0.01,True,True,False,False,False,nan,nan,nan,,0.13644653463673959,0.13644653463673959,-0.02202335995982112,-0.02202335995982112,success,success,0,0,-x10,-x10
20260719,1148,-1.0,pre_cross,0.3,0.01,False,False,False,False,False,nan,nan,nan,,2.5449766522853228,1.1130847323335538,-0.04505397264959677,-0.0513243229279503,clearance_ground+foot_ground_before_ready,clearance_ground+foot_ground_before_ready,0,1,-x19,-x13|+x6
20260719,1149,-1.0,pre_cross,0.3,0.01,False,False,False,False,False,nan,nan,nan,,1.4886541580567276,1.041717461788942,0.02599096645199306,0.026055043309868464,clearance_ground+foot_ground_bad_clearance,clearance_ground+foot_ground_bad_clearance,0,1,-x17,-x16|+x1
20260719,1150,-1.0,touchdown,0.3,0.01,False,False,False,False,False,nan,nan,nan,,0.04263157256096274,0.1127942617170033,0.02197633831123351,0.02271891709611898,clearance_ground+foot_ground_after_ready,clearance_ground+foot_ground_before_ready,0,7,+x12,+x4|-x1|+x2|-x1|+x1|-x1|+x1|-x1
20260719,1151,-1.0,pre_cross,0.3,0.01,False,False,False,False,False,nan,nan,nan,,1.6643996361265712,1.6643996361265712,0.06444618801022133,0.06444618801022133,clearance,clearance,0,0,-x17,-x17
20260719,1152,-1.0,touchdown,0.3,0.01,True,True,False,False,False,nan,nan,nan,,0.11075236566578169,0.11075236566578169,-0.025074146394590366,-0.025074146394590366,success,success,0,0,-x8,-x8
20260719,1153,-1.0,mid_cross,0.3,0.01,False,False,False,False,False,nan,nan,nan,,1.0390552079860307,0.6483101525324907,-0.02581715397085947,-0.03059247276861149,clearance_ground+foot_ground_before_ready,clearance_ground+foot_ground_before_ready,0,1,-x12,-x4|+x9
20260719,1154,-1.0,pre_cross,0.3,0.01,False,False,False,False,False,nan,nan,nan,,2.0842791313630773,2.0842791313630773,0.007256985242005062,0.007256985242005062,clearance_ground+foot_ground_before_ready,clearance_ground+foot_ground_before_ready,0,0,-x18,-x18
20260719,1155,-1.0,touchdown,0.3,0.01,True,True,True,True,True,0.2061615627256193,0.19429104317988477,-0.011870519545734537,True,0.04285666677966363,0.04285666677966363,0.008330903488069514,0.008839893254505621,success,success,0,2,+x13,+x10|-x1|+x1
20260719,1156,-1.0,touchdown,0.3,0.01,True,True,False,False,False,nan,nan,nan,,0.08901540111329317,0.08512675431025739,0.0006309033711014086,0.0004610980382864921,success,success,0,1,-x6,-x3|+x3
20260719,1157,-1.0,touchdown,0.3,0.01,True,True,False,False,False,nan,nan,nan,,0.03224302053852237,0.03224302053852237,-0.032285591387703975,-0.032285591387703975,success,success,0,0,-x10,-x10
20260719,1158,-1.0,touchdown,0.3,0.01,True,True,False,False,False,nan,nan,nan,,0.022616878465740953,0.022616878465740953,-0.01686812108451478,-0.01686812108451478,success,success,0,0,-x8,-x8
20260719,1159,-1.0,pre_cross,0.3,0.01,False,False,False,False,False,nan,nan,nan,,4.118600029661408,1.7385856668298858,-0.03858437266705401,-0.04094251656471523,clearance_ground+foot_ground_before_ready,clearance_ground+foot_ground_before_ready,0,1,-x20,-x16|+x4
20260719,1160,-1.0,mid_cross,0.3,0.01,False,False,False,False,False,nan,nan,nan,,0.6044218244682148,0.30848993932083035,0.08411115620745235,0.07620874803485642,clearance_ground+foot_ground_before_ready,clearance_ground+foot_ground_before_ready,0,1,-x16,-x3|+x12
20260719,1161,-1.0,touchdown,0.3,0.02,True,True,False,False,False,nan,nan,nan,,0.005665280613902361,0.005665280613902361,-0.005491149335611886,-0.005491149335611886,success,success,0,0,-x2,-x2
20260719,1162,-1.0,pre_cross,0.3,0.02,False,False,False,False,False,nan,nan,nan,,4.151795288243159,2.606112584171447,-0.021920725894128773,-0.02299911113670676,clearance,clearance_ground+foot_ground_bad_clearance,0,1,-x20,-x18|+x2
20260719,1163,-1.0,mid_cross,0.3,0.02,False,False,False,False,False,nan,nan,nan,,1.4498207145697273,1.0234382330207439,0.01715126996115432,0.016961788795286793,clearance_ground+foot_ground_before_ready,clearance_ground+foot_ground_before_ready,0,1,-x10,-x9|+x1
20260719,1164,-1.0,touchdown,0.3,0.02,True,True,True,True,True,0.007550540413079681,0.007550540413079681,0.0,False,0.0030796122122223324,0.0030796122122223324,0.016345545063015707,0.016345545063015707,success,success,0,0,+x7,+x7
20260719,1165,-1.0,touchdown,0.3,0.02,True,True,True,True,True,0.4518848989556171,0.43358278097432024,-0.018302117981296884,True,0.014304146129010788,0.014304146129010788,0.0012685731652078147,0.0013221213612071292,success,success,0,1,-x6,-x4|+x2
20260719,1166,-1.0,touchdown,0.3,0.02,True,True,False,False,False,nan,nan,nan,,0.006709171004077781,0.023983504828726125,-0.01935383267729325,-0.01543765451880225,success,success,0,1,+x11,+x3|-x6
20260719,1167,-1.0,touchdown,0.3,0.02,False,False,False,False,False,nan,nan,nan,,0.008391386506808676,0.008391386506808676,0.017809373869175568,0.017809373869175568,clearance_ground+foot_ground_after_ready,clearance_ground+foot_ground_after_ready,0,0,-x4,-x4
20260719,1168,-1.0,mid_cross,0.3,0.02,False,False,False,False,False,nan,nan,nan,,1.5543744199840348,1.0800238360258918,0.0015919812935845656,0.0015569531897312028,clearance,clearance,0,1,-x12,-x11|+x1
20260719,1169,-1.0,mid_cross,0.3,0.02,False,False,False,False,False,nan,nan,nan,,0.5615851540197101,0.5615851540197101,-0.02307139541505262,-0.023058186026474393,clearance_ground+foot_ground_before_ready,clearance_ground+foot_ground_before_ready,0,1,-x16,-x14|+x2
20260719,1170,-1.0,touchdown,0.3,0.02,True,True,True,True,True,0.011986434139370563,0.011986434139370563,0.0,False,0.008833005663357735,0.008833005663357735,0.029532479824090012,0.029532479824090012,success,success,0,0,+x9,+x9
20260719,1171,-1.0,pre_cross,0.3,0.02,False,False,False,False,False,nan,nan,nan,,3.813537203633047,1.7078974128122997,0.05079173214320862,0.05135128611611817,clearance_ground+foot_ground_bad_clearance,clearance,0,1,-x17,-x14|+x3
20260719,1172,-1.0,mid_cross,0.3,0.02,False,False,False,False,False,nan,nan,nan,,0.8234980939263676,0.8234980939263676,-0.024018033326863336,-0.023833902259864953,clearance_ground+foot_ground_before_ready,clearance_ground+foot_ground_before_ready,0,1,-x14,-x11|+x3
20260719,1173,-1.0,touchdown,0.3,0.02,True,True,False,False,False,nan,nan,nan,,0.1290221666772881,0.1290221666772881,-0.02432764334738306,-0.02432764334738306,success,success,0,0,-x9,-x9
20260719,1174,-1.0,mid_cross,0.3,0.02,False,False,False,False,False,nan,nan,nan,,0.300678820761689,0.300678820761689,-0.029580600178918406,-0.029580600178918406,clearance_ground+foot_ground_before_ready,clearance_ground+foot_ground_before_ready,0,0,-x15,-x15
20260719,1175,-1.0,mid_cross,0.3,0.02,True,True,False,False,False,nan,nan,nan,,0.5495199948458093,0.27341436601573244,-0.008873656864173046,-0.009402957100094166,success,success,0,1,-x11,-x7|+x4
20260719,1176,-1.0,pre_cross,0.3,0.02,False,False,False,False,False,nan,nan,nan,,2.652997017596862,1.433486195693622,-0.01265721260669736,-0.012527104484898743,clearance_ground+foot_ground_bad_clearance,clearance_ground+foot_ground_bad_clearance,0,1,-x19,-x17|+x2
20260719,1177,-1.0,mid_cross,0.3,0.02,False,False,False,False,False,nan,nan,nan,,0.030476698223972656,0.0936844073943583,0.0444301168556448,0.037110707215796235,clearance_ground+foot_ground_before_ready,clearance_ground+foot_ground_before_ready,0,1,+x19,+x2|-x15
20260719,1178,-1.0,touchdown,0.3,0.02,True,True,True,True,True,0.16795484063707036,0.16795484063707036,0.0,False,0.005529812579080794,0.005529812579080794,0.0013194693225819188,0.0013194693225819188,success,success,0,0,-x2,-x2
20260719,1179,-1.0,mid_cross,0.3,0.02,False,False,False,False,False,nan,nan,nan,,1.0524729097950658,0.6855009241420816,-0.024169014749640942,-0.023360368576636314,clearance_ground+foot_ground_before_ready,clearance_ground+foot_ground_before_ready,0,1,-x15,-x6|+x7
20260719,1180,-1.0,touchdown,0.3,0.02,True,True,True,True,True,0.04537180392473541,0.1710662469956264,0.12569444307089098,False,0.026311762396057474,0.1037128834193645,0.023240491184647723,0.024296839879487803,success,success,0,5,-x9,-x1|+x2|-x1|+x1|-x1|+x3
20260719,1181,-1.0,touchdown,0.3,0.02,True,True,False,False,False,nan,nan,nan,,0.07895281951189972,0.07895281951189972,-0.010062249022297295,-0.010062249022297295,success,success,0,0,-x8,-x8
20260719,1182,-1.0,touchdown,0.3,0.02,True,True,False,False,False,nan,nan,nan,,0.013600505352132157,0.013600505352132157,-0.0067089578996762,-0.0067089578996762,success,success,0,0,-x6,-x6
20260719,1183,-1.0,mid_cross,0.3,0.02,False,False,False,False,False,nan,nan,nan,,0.7892052082588841,0.6520518165292455,0.003949114332130549,0.004174623112064374,clearance_ground+foot_ground_before_ready,clearance_ground+foot_ground_before_ready,0,3,-x9,-x5|+x2|-x1|+x1
20260719,1184,-1.0,touchdown,0.3,0.02,True,True,True,True,True,0.06560481808957329,0.06560481808957329,0.0,False,0.012940591909585547,0.012940591909585547,0.007904962545498148,0.007904962545498148,success,success,0,0,-x3,-x3
20260719,1185,-1.0,mid_cross,0.3,0.02,False,False,False,False,False,nan,nan,nan,,1.128450412376027,0.7328207060009526,0.05223275687904298,0.04584068230253731,clearance_ground+foot_ground_before_ready,clearance_ground+foot_ground_before_ready,0,1,-x16,-x7|+x8
20260719,1186,-1.0,touchdown,0.3,0.02,True,False,True,False,False,0.09460423038287842,nan,nan,,0.04937243477412875,0.20476117006468464,0.02091488101496443,0.03922580286346075,success,clearance_ground+foot_ground_after_ready,0,8,-x6,-x1|+x1|-x1|+x2|-x2|+x1|-x1|+x1|-x2
20260719,1187,-1.0,touchdown,0.3,0.02,True,True,False,False,False,nan,nan,nan,,0.2407686994843632,0.2407686994843632,-0.032812122438808586,-0.032813207302614576,success,success,0,1,-x9,-x8|+x1
20260719,1188,-1.0,mid_cross,0.3,0.02,False,False,False,False,False,nan,nan,nan,,1.6044173827813086,0.7529996003172551,0.02250238930467245,0.01839233000081275,clearance_ground+foot_ground_before_ready,clearance_ground+foot_ground_before_ready,0,1,-x15,-x7|+x7
20260719,1189,-1.0,touchdown,0.3,0.02,True,True,False,False,False,nan,nan,nan,,0.014605555613958767,0.014605555613958767,-0.0063431696491081276,-0.0063431696491081276,success,success,0,0,-x4,-x4
20260719,1190,-1.0,touchdown,0.3,0.02,True,True,False,False,False,nan,nan,nan,,0.026816929777484556,0.026816929777484556,-0.015216426220140756,-0.015216426220140756,success,success,0,0,-x6,-x6
20260719,1191,-1.0,touchdown,0.3,0.02,True,True,True,True,True,0.015362392175459217,0.015362392175459217,0.0,False,0.005606024303821406,0.005606024303821406,0.014624382551612282,0.014624382551612282,success,success,0,0,+x5,+x5
20260719,1192,-1.0,touchdown,0.3,0.02,True,True,False,False,False,nan,nan,nan,,0.32642706841289243,0.12475651413474441,-0.025355613290964515,-0.02329831277669843,success,success,0,1,-x11,-x7|+x3
20260719,1193,-1.0,touchdown,0.3,0.02,True,True,False,False,False,nan,nan,nan,,0.0270943082641056,0.027848654965010586,-0.04546061423533297,-0.04055504388392544,success,success,0,1,+x12,+x9|-x2
20260719,1194,-1.0,touchdown,0.3,0.02,True,True,False,False,False,nan,nan,nan,,0.008808066319602915,0.13769862821592962,-0.019524619975902824,-0.01692673024804403,success,success,0,2,+x12,+x8|-x1|+x2
20260719,1195,-1.0,touchdown,0.3,0.02,True,True,False,False,False,nan,nan,nan,,0.004108663693464243,0.004108663693464243,-0.00045863619961625246,-0.00045863619961625246,success,success,0,0,+x2,+x2
20260719,1196,-1.0,touchdown,0.3,0.02,True,True,False,False,False,nan,nan,nan,,0.10866864041255535,0.10866864041255535,-0.038688961022442736,-0.038688961022442736,success,success,0,0,-x11,-x11
20260719,1197,-1.0,touchdown,0.3,0.02,True,True,False,False,False,nan,nan,nan,,0.08522170893335683,0.08522170893335683,-0.002125656989803021,-0.0021261638865197052,success,success,0,1,-x5,-x4|+x1
20260719,1198,-1.0,touchdown,0.3,0.02,True,True,False,False,False,nan,nan,nan,,0.00612117304643137,0.12094823136427778,-0.010014389583354679,-0.009541483797359841,success,success,0,2,+x11,+x9|-x1|+x1
20260719,1199,-1.0,pre_cross,0.3,0.02,False,False,False,False,False,nan,nan,nan,,3.6875571890063883,1.6355194954402594,-0.060200084468560455,-0.06151635605874255,clearance_ground+foot_ground_bad_clearance,clearance_ground+foot_ground_bad_clearance,0,1,-x22,-x19|+x3
20260719,1200,-1.0,touchdown,0.3,0.02,True,True,True,True,True,0.04538334840435197,0.04538334840435197,0.0,False,0.005972144428096607,0.005972144428096607,0.005273697042655928,0.005273697042655928,success,success,0,0,-x2,-x2
20260719,1201,-1.0,touchdown,0.35,0.0,True,True,True,True,True,0.031394343945151004,0.540949323883449,0.5095549799382979,False,0.0064881530057606645,0.13634476245762903,0.008282302368118138,0.010100974804275964,success,success,0,1,+x8,+x6|-x4
20260719,1202,-1.0,mid_cross,0.35,0.0,False,False,False,False,False,nan,nan,nan,,1.3895975648644183,0.970555278681671,-0.039487554667123476,-0.038381014174952474,clearance_ground+foot_ground_before_ready,clearance_ground+foot_ground_before_ready,0,1,-x14,-x8|+x5
20260719,1203,-1.0,touchdown,0.35,0.0,True,True,True,True,True,0.018373116501690507,0.018373116501690507,0.0,False,0.007348653709827832,0.007348653709827832,0.01602899761483912,0.01602899761483912,success,success,0,0,-x5,-x5
20260719,1204,-1.0,mid_cross,0.35,0.0,False,False,False,False,False,nan,nan,nan,,1.1579101305156632,1.1579101305156632,0.025101137350828917,0.025101137350828917,clearance_ground+foot_ground_bad_clearance,clearance_ground+foot_ground_bad_clearance,0,0,-x12,-x12
20260719,1205,-1.0,pre_cross,0.35,0.0,False,False,False,False,False,nan,nan,nan,,3.3295105700844743,1.9512481849305432,0.06593855813456223,0.06615100927838022,clearance_ground+foot_ground_bad_clearance,clearance_ground+foot_ground_bad_clearance,0,1,-x20,-x18|+x2
20260719,1206,-1.0,touchdown,0.35,0.0,True,True,False,False,False,nan,nan,nan,,0.013329505317242281,0.013329505317242281,-0.009796827599573621,-0.009796827599573621,success,success,0,0,-x6,-x6
20260719,1207,-1.0,pre_cross,0.35,0.0,False,False,False,False,False,nan,nan,nan,,1.3001160460048042,1.3001160460048042,0.05890306852953195,0.05890306852953195,clearance_ground+foot_ground_bad_clearance,clearance_ground+foot_ground_bad_clearance,0,0,-x15,-x15
20260719,1208,-1.0,mid_cross,0.35,0.0,False,False,False,False,False,nan,nan,nan,,2.2825678309478215,0.9032648479473245,0.052081765089908985,0.04637337448294586,clearance_ground+foot_ground_before_ready,clearance_ground+foot_ground_before_ready,0,1,-x17,-x10|+x8
20260719,1209,-1.0,touchdown,0.35,0.0,True,True,False,False,False,nan,nan,nan,,0.43603896919724666,0.33215209378564564,-0.03563317808805955,-0.046402943256641196,success,success,0,7,-x13,-x9|+x1|-x1|+x1|-x1|+x1|-x1|+x1
20260719,1210,-1.0,pre_cross,0.35,0.0,False,False,False,False,False,nan,nan,nan,,1.3079455648227511,1.3079455648227511,-0.013266891260140051,-0.01337060940272039,clearance_ground+foot_ground_before_ready,clearance_ground+foot_ground_before_ready,0,1,-x13,-x11|+x2
20260719,1211,-1.0,touchdown,0.35,0.0,True,True,False,False,False,nan,nan,nan,,0.030473102172031707,0.10874901997050987,-0.030522380706075745,-0.03200336340203701,success,success,0,1,+x13,+x8|-x6
20260719,1212,-1.0,touchdown,0.35,0.0,True,True,True,True,True,0.025316560454628337,0.025316560454628337,0.0,False,0.02326633236876756,0.02326633236876756,0.036830247464229506,0.036830247464229506,success,success,0,0,-x8,-x8
20260719,1213,-1.0,touchdown,0.35,0.0,True,True,True,True,True,0.05486207098708267,0.05486207098708267,0.0,False,0.012196446148108334,0.012196446148108334,0.008909278096015091,0.008909278096015091,success,success,0,0,-x6,-x6
20260719,1214,-1.0,mid_cross,0.35,0.0,False,False,False,False,False,nan,nan,nan,,1.1613619106753184,0.7879851615792007,0.04834688142695001,0.045996398192671914,clearance_ground+foot_ground_before_ready,clearance_ground+foot_ground_before_ready,0,1,-x13,-x10|+x3
20260719,1215,-1.0,mid_cross,0.35,0.0,False,False,False,False,False,nan,nan,nan,,1.8312359444167663,0.9764486521317288,-0.029761188928118375,-0.03514659124863931,clearance_ground+foot_ground_before_ready,clearance_ground+foot_ground_before_ready,0,1,-x18,-x11|+x7
20260719,1216,-1.0,touchdown,0.35,0.0,True,True,False,False,False,nan,nan,nan,,0.1443804537275807,0.11676810778049948,-0.00491396045669594,-0.0034655693210250346,success,success,0,5,+x11,+x6|-x1|+x1|-x1|+x1|-x1
20260719,1217,-1.0,mid_cross,0.35,0.0,False,False,False,False,False,nan,nan,nan,,1.4092334409161804,1.4092334409161804,-0.002308850053615169,-0.002308850053615169,clearance,clearance,0,0,-x14,-x14
20260719,1218,-1.0,touchdown,0.35,0.0,True,True,True,True,True,0.02002751115636883,0.02002751115636883,0.0,False,0.005221418464246612,0.005221418464246612,0.01044823491958169,0.01044823491958169,success,success,0,0,+x7,+x7
20260719,1219,-1.0,mid_cross,0.35,0.0,False,False,False,False,False,nan,nan,nan,,0.828369301133941,0.828369301133941,-0.014157662995048656,-0.013987661115671415,clearance_ground+foot_ground_before_ready,clearance_ground+foot_ground_before_ready,0,1,-x16,-x9|+x6
20260719,1220,-1.0,pre_cross,0.35,0.0,False,False,False,False,False,nan,nan,nan,,4.208625027155264,2.630510222017467,-0.05491071475483028,-0.055600981731034865,clearance_ground+foot_ground_bad_clearance,clearance_ground+foot_ground_bad_clearance,0,1,-x22,-x20|+x2
20260719,1221,-1.0,touchdown,0.35,0.0,True,True,False,False,False,nan,nan,nan,,0.07519411501385471,0.030816011969052128,-0.0011941681380007157,-0.0005099077891622256,success,success,0,1,+x9,+x7|-x2
20260719,1222,-1.0,touchdown,0.35,0.0,True,True,True,True,True,0.21985118023605513,0.21985118023605513,0.0,False,0.04465421644375851,0.04465421644375851,0.008139825266670411,0.008139825266670411,success,success,0,0,+x9,+x9
20260719,1223,-1.0,touchdown,0.35,0.0,False,False,False,False,False,nan,nan,nan,,0.5152460867326112,0.2848233779760598,-0.040242181259745956,-0.03930194362351524,clearance_ground+foot_ground_before_ready,clearance_ground+foot_ground_before_ready,0,1,-x14,-x11|+x3
20260719,1224,-1.0,touchdown,0.35,0.0,True,True,True,True,True,0.8475018484321143,1.30559688556106,0.4580950371289457,False,0.043411387240789814,0.09110249604812305,0.00205278951432232,0.0027964211691805935,success,success,0,3,+x11,+x7|-x1|+x1|-x1
20260719,1225,-1.0,touchdown,0.35,0.0,True,True,False,False,False,nan,nan,nan,,0.004076414136703551,0.004076414136703551,-0.0027296778050331094,-0.0027296778050331094,success,success,0,0,-x3,-x3
20260719,1226,-1.0,touchdown,0.35,0.0,True,True,False,False,False,nan,nan,nan,,0.5534515132075422,0.48674041058031775,-0.010291814041377648,-0.0114004436669993,success,success,0,2,-x11,-x10|+x1|-x1
20260719,1227,-1.0,touchdown,0.35,0.0,True,True,True,True,True,0.008239052191526234,0.022903694443677396,0.014664642252151161,False,0.0030804270428197245,0.008649275168927212,0.014983562505858528,0.015134064597417105,success,success,0,3,+x6,+x1|-x1|+x1|-x3
20260719,1228,-1.0,touchdown,0.35,0.0,True,True,False,False,False,nan,nan,nan,,0.05801710387452397,0.047029648771603316,-0.004694920038011002,-0.0035818648123022573,success,success,0,3,+x11,+x7|-x1|+x1|-x1
20260719,1229,-1.0,mid_cross,0.35,0.0,False,False,False,False,False,nan,nan,nan,,0.06131340956821557,0.06131340956821557,-0.03431262645306925,-0.03431262645306925,clearance_ground+foot_ground_before_ready,clearance_ground+foot_ground_before_ready,0,0,-x16,-x16
20260719,1230,-1.0,mid_cross,0.35,0.0,False,False,False,False,False,nan,nan,nan,,1.7602274585919346,1.1646881108229137,0.05223638690132087,0.045784373954831516,clearance_ground+foot_ground_before_ready,clearance_ground+foot_ground_before_ready,0,3,-x13,-x8|+x2|-x1|+x2
20260719,1231,-1.0,touchdown,0.35,0.0,True,True,False,False,False,nan,nan,nan,,0.13119123600239768,0.13119123600239768,-0.006897688290394412,-0.006897688290394412,success,success,0,0,-x9,-x9
20260719,1232,-1.0,touchdown,0.35,0.0,True,True,True,True,True,0.030915155294073828,0.04157632401905364,0.010661168724979811,False,0.015989772567106958,0.021262748889392,0.02072775490201112,0.020495321360475327,success,success,0,1,-x5,-x2|+x3
20260719,1233,-1.0,mid_cross,0.35,0.0,False,False,False,False,False,nan,nan,nan,,2.1233178655075644,1.0952579085010796,0.01219557904640256,0.0124692781092417,clearance_ground+foot_ground_bad_clearance,clearance_ground+foot_ground_bad_clearance,0,1,-x11,-x9|+x2
20260719,1234,-1.0,touchdown,0.35,0.0,True,True,True,True,True,0.048549202810161514,0.04836086976328724,-0.00018833304687427416,True,0.006613534988597076,0.006686194987632437,0.005459249750515191,0.005540721805307278,success,success,0,2,+x6,+x2|-x1|+x3
20260719,1235,-1.0,touchdown,0.35,0.0,True,False,False,False,False,nan,nan,nan,,0.15131690294169692,0.14453488828302538,-0.0726663913519443,-0.07421835139462529,success,clearance_ground+foot_ground_after_ready,0,2,-x15,-x11|+x4|-x1
20260719,1236,-1.0,touchdown,0.35,0.0,True,True,True,True,True,0.20373547738977554,0.20373547738977554,0.0,False,0.06492834819121936,0.06492834819121936,0.012771711614035702,0.012771711614035702,success,success,0,0,+x5,+x5
20260719,1237,-1.0,touchdown,0.35,0.0,True,True,False,False,False,nan,nan,nan,,0.04705848450185621,0.05269783975936542,-0.03763860514856962,-0.03675076096804183,success,success,0,1,+x12,+x9|-x3
20260719,1238,-1.0,touchdown,0.35,0.0,True,True,True,True,True,0.07679432931817504,0.24636649798474738,0.16957216866657235,False,0.006854939784770669,0.022007805961448867,0.0035773044507165647,0.0035799462705416243,success,success,0,1,+x10,+x9|-x1
20260719,1239,-1.0,touchdown,0.35,0.0,True,True,False,False,False,nan,nan,nan,,0.40887401352154035,0.17970075224576745,-0.03376969301443676,-0.03135428851356957,success,success,0,1,-x11,-x7|+x3
20260719,1240,-1.0,touchdown,0.35,0.0,True,True,False,False,False,nan,nan,nan,,0.034883350074212,0.034883350074212,-0.01597288191268853,-0.01597288191268853,success,success,0,0,-x7,-x7
20260719,1241,-1.0,mid_cross,0.35,0.01,False,False,False,False,False,nan,nan,nan,,1.9872653026942362,1.046316706019589,-0.015365785558271339,-0.017912500600307954,clearance_ground+foot_ground_before_ready,clearance_ground+foot_ground_before_ready,0,1,-x15,-x8|+x6
20260719,1242,-1.0,touchdown,0.35,0.01,True,True,False,False,False,nan,nan,nan,,0.019774546452687152,0.019774546452687152,-0.0226541317190789,-0.0226541317190789,success,success,0,0,-x8,-x8
20260719,1243,-1.0,pre_cross,0.35,0.01,False,False,False,False,False,nan,nan,nan,,5.150220617305888,2.226782364197595,-0.03541833149419593,-0.03932190187159966,clearance_ground+knee_ground,clearance_ground+knee_ground,0,1,-x22,-x18|+x4
20260719,1244,-1.0,touchdown,0.35,0.01,True,True,False,False,False,nan,nan,nan,,0.14541891958316655,0.25374922619845536,-0.040498758333875784,-0.040863121998167204,success,success,0,2,-x13,-x11|+x1|-x1
20260719,1245,-1.0,touchdown,0.35,0.01,True,True,False,False,False,nan,nan,nan,,0.015195370004546299,0.015195370004546299,0.000979413777005514,0.000979413777005514,success,success,0,0,-x5,-x5
20260719,1246,-1.0,mid_cross,0.35,0.01,False,False,False,False,False,nan,nan,nan,,2.7710620668096495,0.9591032288249045,-0.031069229789756958,-0.03650673637033397,clearance_ground+foot_ground_after_ready,clearance_ground+foot_ground_before_ready,0,2,-x16,-x9|+x7|-x1
20260719,1247,-1.0,touchdown,0.35,0.01,True,True,False,False,False,nan,nan,nan,,0.17376768558916558,0.0337160454172807,-0.003941864805594844,-0.004093195349911455,success,success,0,1,-x5,-x3|+x2
20260719,1248,-1.0,pre_cross,0.35,0.01,False,False,False,False,False,nan,nan,nan,,2.4530547221298775,1.801039160838341,-0.02024328104237741,-0.020275240938838507,clearance_ground+foot_ground_bad_clearance,clearance_ground+foot_ground_bad_clearance,0,1,-x18,-x17|+x1
20260719,1249,-1.0,pre_cross,0.35,0.01,False,False,False,False,False,nan,nan,nan,,2.917896666237192,1.63397025198378,0.05638769232266398,0.05650947554772913,clearance_ground+foot_ground_bad_clearance,clearance_ground+foot_ground_bad_clearance,0,1,-x18,-x16|+x2
20260719,1250,-1.0,pre_cross,0.35,0.01,False,False,False,False,False,nan,nan,nan,,2.310764575348627,1.6872923062944898,-0.004133712361964498,-0.004142660215423893,clearance_ground+foot_ground_bad_clearance,clearance_ground+foot_ground_bad_clearance,0,1,-x18,-x17|+x1
20260719,1251,-1.0,mid_cross,0.35,0.01,True,False,True,False,False,2.0527044879977776,nan,nan,,1.3760496133838775,1.0271464776040107,0.026865137722503735,0.026127030040913046,success,clearance_ground+foot_ground_before_ready,0,4,-x15,-x9|+x5|-x1|+x2|-x1
20260719,1252,-1.0,pre_cross,0.35,0.01,False,False,False,False,False,nan,nan,nan,,2.701794768090257,2.0527723141495136,-0.06513392596412503,-0.06562774201385659,clearance,clearance,0,1,-x20,-x19|+x1
20260719,1253,-1.0,touchdown,0.35,0.01,True,True,True,True,True,0.2257292643503278,0.07563550929124474,-0.15009375505908307,True,0.0852699247480356,0.028863257289663467,0.015138729324070128,0.015293293229876492,success,success,0,1,+x11,+x10|-x1
20260719,1254,-1.0,touchdown,0.35,0.01,True,True,True,True,True,0.020414730876888443,0.18049972713645937,0.16008499625957093,False,0.0076341138272530305,0.06938898285738615,0.01498636764745434,0.015406194704187831,success,success,0,5,+x7,+x1|-x1|+x2|-x1|+x1|-x1
20260719,1255,-1.0,mid_cross,0.35,0.01,False,False,False,False,False,nan,nan,nan,,1.06189757028209,0.6519719528833725,0.06131677497537524,0.05973917971158954,clearance_ground+foot_ground_before_ready,clearance_ground+foot_ground_before_ready,0,3,-x15,-x11|+x2|-x1|+x1
20260719,1256,-1.0,mid_cross,0.35,0.01,False,False,False,False,False,nan,nan,nan,,0.06839827535596782,0.06839827535596782,6.562862980363793e-05,6.562862980363793e-05,clearance,clearance,0,0,-x8,-x8
20260719,1257,-1.0,touchdown,0.35,0.01,True,True,False,False,False,nan,nan,nan,,0.034089164360106644,0.03865207570483886,-0.024966005984513817,-0.025292094741904997,success,success,0,2,-x10,-x8|+x1|-x1
20260719,1258,-1.0,mid_cross,0.35,0.01,False,False,False,False,False,nan,nan,nan,,0.9114352813548157,0.9114352813548157,-0.050803658530755226,-0.050803658530755226,clearance,clearance,0,0,-x14,-x14
20260719,1259,-1.0,touchdown,0.35,0.01,True,True,False,False,False,nan,nan,nan,,0.09101595269392845,0.04409774142686437,-0.04977762988238493,-0.044785062897281985,success,success,0,1,+x15,+x8|-x6
20260719,1260,-1.0,touchdown,0.35,0.01,True,True,True,True,True,0.014061465586030207,0.021779822090684832,0.0077183565046546245,False,0.007097053017752108,0.011048342303925453,0.02022687878232668,0.020329383278188604,success,success,0,1,+x9,+x8|-x1
20260719,1261,-1.0,touchdown,0.35,0.01,True,True,False,False,False,nan,nan,nan,,0.024525113505689398,0.0120677074367362,-0.0010887841548754273,-0.0006746438425505319,success,success,0,1,-x8,-x5|+x1
20260719,1262,-1.0,touchdown,0.35,0.01,True,True,False,False,False,nan,nan,nan,,0.012330165705458793,0.012330165705458793,-0.006321851742125309,-0.0051022574018673855,success,success,0,2,+x9,+x6|-x1|+x1
20260719,1263,-1.0,touchdown,0.35,0.01,True,True,True,True,True,0.23096106650912016,0.3452810110500363,0.11431994454091612,False,0.03879634072008698,0.07910118212480347,0.006731834011856785,0.009181035985730585,success,success,0,1,+x5,+x3|-x4
20260719,1264,-1.0,touchdown,0.35,0.01,True,True,False,False,False,nan,nan,nan,,0.13432246145210774,0.13432246145210774,-0.010086567970834584,-0.010086567970834584,success,success,0,0,-x9,-x9
20260719,1265,-1.0,touchdown,0.35,0.01,True,True,True,True,True,0.1114732238259867,0.17580865094477058,0.06433542711878387,False,0.026357150739070655,0.041581423234545264,0.009475656518565478,0.009478519747289197,success,success,0,1,+x9,+x8|-x1
20260719,1266,-1.0,touchdown,0.35,0.01,True,True,True,True,True,0.01423961086355243,0.01423961086355243,0.0,False,0.0030981031379411546,0.0030981031379411546,0.008719250621007632,0.008719250621007632,success,success,0,0,+x5,+x5
20260719,1267,-1.0,mid_cross,0.35,0.01,False,False,False,False,False,nan,nan,nan,,1.224354104413021,0.8331099346802039,-0.04477093310478753,-0.043442626452044865,clearance_ground+foot_ground_after_ready,clearance_ground+foot_ground_before_ready,0,1,-x14,-x5|+x8
20260719,1268,-1.0,touchdown,0.35,0.01,True,True,False,False,False,nan,nan,nan,,0.022248588374685577,0.022248588374685577,-0.005032185674142861,-0.005032185674142861,success,success,0,0,-x6,-x6
20260719,1269,-1.0,touchdown,0.35,0.01,True,True,False,False,False,nan,nan,nan,,0.05203670835449344,0.026884642690883524,-0.033809820159101,-0.04608979132121059,success,success,0,1,-x9,-x3|+x9
20260719,1270,-1.0,mid_cross,0.35,0.01,False,False,False,False,False,nan,nan,nan,,1.3418618299226046,0.9005181613129292,0.018436635588863253,0.014282951021117433,clearance_ground+foot_ground_before_ready,clearance_ground+foot_ground_before_ready,0,1,-x15,-x5|+x10
20260719,1271,-1.0,touchdown,0.35,0.01,True,True,True,True,True,0.08768925429364666,0.008455437129725634,-0.07923381716392103,True,0.045088462813892734,0.005593931225820948,0.02060632109793975,0.02651321957087431,success,success,0,2,-x6,-x2|+x2|-x4
20260719,1272,-1.0,touchdown,0.35,0.01,True,True,False,False,False,nan,nan,nan,,0.05166965931250784,0.05166965931250784,-0.007543764299066988,-0.007543764299066988,success,success,0,0,-x5,-x5
20260719,1273,-1.0,touchdown,0.35,0.01,True,True,False,False,False,nan,nan,nan,,0.12891048846247946,0.12891048846247946,-0.010199979248777389,-0.010199979248777389,success,success,0,0,-x10,-x10
20260719,1274,-1.0,touchdown,0.35,0.01,True,True,False,False,False,nan,nan,nan,,0.01922580496666437,0.01922580496666437,-0.01055143687078447,-0.01055143687078447,success,success,0,0,-x4,-x4
20260719,1275,-1.0,touchdown,0.35,0.01,True,True,False,False,False,nan,nan,nan,,0.0016585574833984874,0.0016585574833984874,0.00029366112988694903,0.00029366112988694903,success,success,0,0,-x2,-x2
20260719,1276,-1.0,touchdown,0.35,0.01,True,True,True,True,True,0.2982818305654831,0.2982818305654831,0.0,False,0.02163476572480855,0.02163476572480855,0.0029067441529527123,0.0029067441529527123,success,success,0,0,+x8,+x8
20260719,1277,-1.0,pre_cross,0.35,0.01,False,False,False,False,False,nan,nan,nan,,2.618151001259132,2.618151001259132,-0.021224004204252855,-0.021224004204252855,clearance_ground+foot_ground_bad_clearance,clearance_ground+foot_ground_bad_clearance,0,0,-x19,-x19
20260719,1278,-1.0,mid_cross,0.35,0.01,False,False,False,False,False,nan,nan,nan,,0.44064190218554833,0.44064190218554833,-0.019933914603179684,-0.019584356765790234,clearance_ground+foot_ground_before_ready,clearance_ground+foot_ground_before_ready,0,1,-x16,-x8|+x8
20260719,1279,-1.0,mid_cross,0.35,0.01,False,False,False,False,False,nan,nan,nan,,0.2968990931249309,0.2968990931249309,-0.0059082391257613345,-0.0059082391257613345,clearance_ground+foot_ground_before_ready,clearance_ground+foot_ground_before_ready,0,0,-x18,-x18
20260719,1280,-1.0,touchdown,0.35,0.01,True,True,True,True,True,0.1281069124275015,0.04814626074363842,-0.07996065168386307,True,0.008803417675233148,0.003306832899322732,0.0027539760155102094,0.0027525238880768826,success,success,0,1,+x2,+x1|-x1
20260719,1281,-1.0,pre_cross,0.35,0.02,False,False,False,False,False,nan,nan,nan,,5.041980110122032,2.1307636367406264,-0.0333128508128858,-0.04030605867651377,clearance_ground+knee_ground,clearance_ground+foot_ground_before_ready,0,1,-x20,-x16|+x6
20260719,1282,-1.0,mid_cross,0.35,0.02,True,False,True,False,False,6.839058975888432,nan,nan,,0.49775925588061126,0.6840150394322829,0.0029167849213569685,0.0004884370869713689,success,clearance_ground+foot_ground_after_ready,0,6,-x14,-x11|+x2|-x1|+x1|-x1|+x1|-x1
20260719,1283,-1.0,touchdown,0.35,0.02,True,True,False,False,False,nan,nan,nan,,0.016640303462170408,0.016640303462170408,-0.020518375482603178,-0.020518375482603178,success,success,0,0,-x8,-x8
20260719,1284,-1.0,mid_cross,0.35,0.02,True,False,True,False,False,2.4206173191753897,nan,nan,,1.7413289496756281,1.1097231190681665,0.028829432564627794,0.026070043829269657,success,clearance_ground+foot_ground_before_ready,0,3,-x15,-x9|+x6|-x1|+x1
20260719,1285,-1.0,mid_cross,0.35,0.02,False,False,False,False,False,nan,nan,nan,,0.2264066115040403,0.2264066115040403,0.006546618039844604,0.006546618039844604,clearance,clearance,0,0,-x11,-x11
20260719,1286,-1.0,touchdown,0.35,0.02,True,True,True,True,True,0.027123915151395242,0.027123915151395242,0.0,False,0.008523379259635847,0.008523379259635847,0.01259333762181987,0.01259333762181987,success,success,0,0,+x7,+x7
20260719,1287,-1.0,mid_cross,0.35,0.02,False,False,False,False,False,nan,nan,nan,,0.7509174881916355,0.7352038654956716,0.03019303512464011,0.028895665017736993,clearance_ground+foot_ground_before_ready,clearance_ground+foot_ground_before_ready,0,7,-x15,-x6|+x1|-x1|+x1|-x1|+x1|-x1|+x2
20260719,1288,-1.0,touchdown,0.35,0.02,True,True,True,True,True,0.19167274564546527,0.19167274564546527,0.0,False,0.012765982562055194,0.012765982562055194,0.0026691642127824183,0.0026691642127824183,success,success,0,0,+x7,+x7
20260719,1289,-1.0,mid_cross,0.35,0.02,False,False,False,False,False,nan,nan,nan,,1.2607086898062125,1.2607086898062125,0.019114511455426975,0.019114511455426975,clearance_ground+foot_ground_bad_clearance,clearance_ground+foot_ground_bad_clearance,0,0,-x11,-x11
20260719,1290,-1.0,touchdown,0.35,0.02,True,True,False,False,False,nan,nan,nan,,0.024133499275040715,0.024133499275040715,-0.017101977587930958,-0.017102885154685762,success,success,0,1,-x6,-x5|+x1
20260719,1291,-1.0,mid_cross,0.35,0.02,False,False,False,False,False,nan,nan,nan,,1.3930237239833727,0.6219246154862125,-0.026234020850989585,-0.03492575942702185,clearance_ground+foot_ground_before_ready,clearance_ground+foot_ground_before_ready,0,1,-x17,-x9|+x11
20260719,1292,-1.0,pre_cross,0.35,0.02,False,False,False,False,False,nan,nan,nan,,3.203302278822776,1.9262497037222912,0.021670277793313625,0.021129661139794975,clearance_ground+foot_ground_before_ready,clearance_ground+foot_ground_before_ready,0,1,-x16,-x14|+x2
20260719,1293,-1.0,mid_cross,0.35,0.02,False,False,False,False,False,nan,nan,nan,,1.6093286616176914,1.2982676998243854,0.020752217531622735,0.018780797397057514,clearance_ground+foot_ground_before_ready,clearance_ground+foot_ground_before_ready,0,4,-x15,-x9|+x1|-x1|+x3|-x1
20260719,1294,-1.0,pre_cross,0.35,0.02,False,False,False,False,False,nan,nan,nan,,3.365462909260399,1.635996773080492,0.07651096343505508,0.06531628357223207,clearance_ground+foot_ground_before_ready,clearance_ground+knee_ground,0,1,-x19,-x11|+x8
20260719,1295,-1.0,mid_cross,0.35,0.02,False,False,False,False,False,nan,nan,nan,,2.053172410237936,0.7720218977769322,-0.003807888408852468,-0.00504695422354871,clearance_ground+foot_ground_before_ready,clearance_ground+foot_ground_before_ready,0,1,-x13,-x10|+x3
20260719,1296,-1.0,touchdown,0.35,0.02,True,True,True,True,True,1.644883540605662,0.9684365870167815,-0.6764469535888806,True,0.13650522307508123,0.1243102928350734,0.003325795372015737,0.0051441936802176375,success,success,0,5,+x11,+x5|-x2|+x1|-x1|+x1|-x1
20260719,1297,-1.0,touchdown,0.35,0.02,True,True,True,True,True,0.10772638002277633,0.32030378592537084,0.2125774059025945,False,0.0171002838654644,0.05274501180184726,0.0063615458838955224,0.006599343471477878,success,success,0,2,+x10,+x8|-x1|+x1
20260719,1298,-1.0,mid_cross,0.35,0.02,False,False,False,False,False,nan,nan,nan,,2.100939747836899,2.100939747836899,0.0007429530268389245,0.0007429530268389245,clearance,clearance,0,0,-x15,-x15
20260719,1299,-1.0,touchdown,0.35,0.02,True,True,True,True,True,0.03163518866635076,0.031621473853793255,-1.3714812557505396e-05,True,0.006192134590011138,0.006192134590011138,0.007844248965141812,0.007847651159634983,success,success,0,1,+x8,+x6|-x2
20260719,1300,-1.0,touchdown,0.35,0.02,False,True,False,True,False,nan,0.33977223712692267,nan,,0.010855741399298603,0.08568578561819575,0.009581358044836102,0.01010653545239458,clearance_ground+foot_ground_after_ready,success,0,2,+x10,+x1|-x6|+x2
20260719,1301,-1.0,mid_cross,0.35,0.02,False,False,False,False,False,nan,nan,nan,,1.8053168607722443,1.0110783299963229,0.04853576009657202,0.047466209610227544,clearance_ground+foot_ground_before_ready,clearance_ground+foot_ground_before_ready,0,1,-x16,-x13|+x2
20260719,1302,-1.0,touchdown,0.35,0.02,True,True,False,False,False,nan,nan,nan,,0.08785935074581792,0.08785935074581792,-0.0044179230036206635,-0.0044179230036206635,success,success,0,0,-x7,-x7
20260719,1303,-1.0,mid_cross,0.35,0.02,False,False,False,False,False,nan,nan,nan,,0.8858232377434332,0.8858232377434332,0.04867689767895127,0.04688332098417401,clearance_ground+foot_ground_before_ready,clearance_ground+foot_ground_before_ready,0,1,-x15,-x7|+x8
20260719,1304,-1.0,pre_cross,0.35,0.02,False,False,False,False,False,nan,nan,nan,,3.473799920906335,1.6806983136629448,0.05948411645744812,0.05336012062514987,clearance_ground+knee_ground,clearance_ground+foot_ground_before_ready,0,1,-x18,-x12|+x6
20260719,1305,-1.0,pre_cross,0.35,0.02,False,False,False,False,False,nan,nan,nan,,0.038059612536200486,0.038059612536200486,-0.016280472334083595,-0.016280472334083595,clearance_ground+foot_ground_before_ready,clearance_ground+foot_ground_before_ready,0,0,-x6,-x6
20260719,1306,-1.0,touchdown,0.35,0.02,True,True,False,False,False,nan,nan,nan,,0.019697379031466556,0.019697379031466556,0.0003985626352268623,0.0003985626352268623,success,success,0,0,+x3,+x3
20260719,1307,-1.0,mid_cross,0.35,0.02,False,False,False,False,False,nan,nan,nan,,0.5315583849328996,0.20645082250395907,-0.07927606005314339,-0.0813904336963779,clearance_ground+foot_ground_before_ready,clearance_ground+foot_ground_before_ready,0,2,-x19,-x2|+x14|-x3
20260719,1308,-1.0,touchdown,0.35,0.02,True,True,False,False,False,nan,nan,nan,,0.4393041382811452,0.369654572374819,-0.03657396190899409,-0.03377456561630027,success,success,0,2,-x10,-x6|+x1|-x2
20260719,1309,-1.0,touchdown,0.35,0.02,True,True,False,False,False,nan,nan,nan,,0.011414786351867231,0.011414786351867231,-0.009722254819958212,-0.009722254819958212,success,success,0,0,+x6,+x6
20260719,1310,-1.0,mid_cross,0.35,0.02,False,False,False,False,False,nan,nan,nan,,0.10694394362878887,0.10694394362878887,-0.028048886303492816,-0.028048886303492816,clearance_ground+foot_ground_before_ready,clearance_ground+foot_ground_before_ready,0,0,-x18,-x18
20260719,1311,-1.0,touchdown,0.35,0.02,True,True,True,True,True,0.10479513663526362,0.10479513663526362,0.0,False,0.005036346319550706,0.005036346319550706,0.0019259981630182638,0.0019259981630182638,success,success,0,0,-x2,-x2
20260719,1312,-1.0,mid_cross,0.35,0.02,False,False,False,False,False,nan,nan,nan,,1.5613645552113968,0.8955353838284428,0.01082743902993831,0.0029116272835667117,clearance_ground+foot_ground_before_ready,clearance_ground+foot_ground_before_ready,0,5,-x16,-x8|+x2|-x1|+x2|-x1|+x1
20260719,1313,-1.0,pre_cross,0.35,0.02,False,False,False,False,False,nan,nan,nan,,2.222242399559213,1.6517734171038578,-0.06787182090110624,-0.06821653176339007,clearance_ground+foot_ground_bad_clearance,clearance_ground+foot_ground_bad_clearance,0,1,-x19,-x18|+x1
20260719,1314,-1.0,touchdown,0.35,0.02,True,True,True,True,True,0.005658752403340665,0.0056255870749759825,-3.31653283646826e-05,True,0.001232915418782084,0.001232915418782084,0.008731603422659634,0.008783080093592494,success,success,0,1,+x3,+x1|-x2
20260719,1315,-1.0,touchdown,0.35,0.02,True,True,False,False,False,nan,nan,nan,,0.07745307530386708,0.08514837067309369,-0.033988299275395574,-0.0321323791180791,success,success,0,1,+x13,+x8|-x5
20260719,1316,-1.0,touchdown,0.35,0.02,False,False,False,False,False,nan,nan,nan,,0.3209893071000422,0.3209893071000422,-0.04595367353915599,-0.04592653768431975,clearance_ground+foot_ground_before_ready,clearance_ground+foot_ground_before_ready,0,1,-x15,-x12|+x3
20260719,1317,-1.0,mid_cross,0.35,0.02,False,False,False,False,False,nan,nan,nan,,2.5907675397859826,1.331766119485637,0.03779251348462043,0.03879633290023721,clearance_ground+foot_ground_before_ready,clearance_ground+foot_ground_before_ready,0,3,-x13,-x9|+x2|-x1|+x1
20260719,1318,-1.0,mid_cross,0.35,0.02,True,False,True,False,False,0.8948675022416175,nan,nan,,0.6115588571960225,1.076042052411616,0.02738803878949883,0.02779360061613316,success,clearance_ground+foot_ground_before_ready,0,9,-x11,-x2|+x1|-x1|+x2|-x1|+x1|-x1|+x1|-x1|+x1
20260719,1319,-1.0,pre_cross,0.35,0.02,False,False,False,False,False,nan,nan,nan,,2.5483679727681765,1.5483019711182426,-0.04480317304592098,-0.04557625013583151,q1_low_limit,clearance,0,1,-x20,-x18|+x2
20260719,1320,-1.0,touchdown,0.35,0.02,False,True,False,False,False,nan,nan,nan,,0.09718516570815203,0.023399334102692376,-0.06742981452243152,-0.017514233358781824,clearance_ground+foot_ground_before_ready,success,0,1,-x19,-x4|+x1
20260719,1321,-1.0,touchdown,0.4,0.0,True,True,True,True,True,1.708739407739988,1.7281219856374472,0.01938257789745923,False,0.4002087509179164,0.4002087509179164,0.009386250828964451,0.009280974847656692,success,success,0,1,-x11,-x10|+x1
20260719,1322,-1.0,mid_cross,0.4,0.0,True,False,False,False,False,nan,nan,nan,,1.2585339853468251,1.246359051108421,-0.018416951533795377,-0.021955301387359835,success,clearance_ground+foot_ground_before_ready,0,6,-x14,-x6|+x1|-x1|+x2|-x1|+x1|-x1
20260719,1323,-1.0,touchdown,0.4,0.0,True,False,False,False,False,nan,nan,nan,,0.6186841302551108,0.3771970952547779,-0.016389668938844637,-0.02524869070960435,success,clearance_ground+foot_ground_before_ready,0,9,-x14,-x8|+x2|-x1|+x1|-x1|+x1|-x1|+x1|-x1|+x1
20260719,1324,-1.0,touchdown,0.4,0.0,True,True,False,False,False,nan,nan,nan,,0.058827590961288534,0.058827590961288534,-0.016132377459885328,-0.016132377459885328,success,success,0,0,-x7,-x7
20260719,1325,-1.0,mid_cross,0.4,0.0,False,False,False,False,False,nan,nan,nan,,0.7615685461775994,0.7615685461775994,0.005313770726788514,0.005655085893672973,clearance_ground+foot_ground_before_ready,clearance_ground+foot_ground_before_ready,0,1,-x16,-x9|+x7
20260719,1326,-1.0,mid_cross,0.4,0.0,False,False,False,False,False,nan,nan,nan,,1.6303593301879895,1.0527316467374788,0.006758731900891504,0.005286054271159621,clearance_ground+foot_ground_before_ready,clearance_ground+foot_ground_before_ready,0,2,-x14,-x9|+x4|-x1
20260719,1327,-1.0,mid_cross,0.4,0.0,False,False,False,False,False,nan,nan,nan,,1.6999548181801993,0.8400367307405175,0.018221516159493707,0.011607740271144716,clearance_ground+foot_ground_before_ready,clearance_ground+foot_ground_before_ready,0,1,-x17,-x8|+x9
20260719,1328,-1.0,touchdown,0.4,0.0,True,True,False,False,False,nan,nan,nan,,0.04738103306721218,0.04738103306721218,-0.019820388438752737,-0.019820388438752737,success,success,0,0,-x7,-x7
20260719,1329,-1.0,mid_cross,0.4,0.0,False,False,False,False,False,nan,nan,nan,,2.646799930628434,1.0873161696223097,-0.013144361020204345,-0.017260659221512306,clearance_ground+foot_ground_before_ready,clearance_ground+foot_ground_before_ready,0,1,-x17,-x11|+x6
20260719,1330,-1.0,pre_cross,0.4,0.0,False,False,False,False,False,nan,nan,nan,,0.606606254238178,0.606606254238178,0.027022920054978194,0.027022920054978194,clearance_ground+foot_ground_bad_clearance,clearance_ground+foot_ground_bad_clearance,0,0,-x13,-x13
20260719,1331,-1.0,touchdown,0.4,0.0,True,True,False,False,False,nan,nan,nan,,0.009952993784639565,0.009952993784639565,-0.0012073679496976963,-0.0012085264444925553,success,success,0,1,-x4,-x3|+x1
20260719,1332,-1.0,mid_cross,0.4,0.0,False,False,False,False,False,nan,nan,nan,,1.6103211756648355,0.7340659388529437,-0.024678980212561263,-0.024847844590616258,clearance_ground+foot_ground_after_ready,clearance_ground+foot_ground_before_ready,0,1,-x15,-x6|+x7
20260719,1333,-1.0,touchdown,0.4,0.0,True,True,False,False,False,nan,nan,nan,,0.07364476293920418,0.07364476293920418,-0.01432289482345804,-0.014454434383916193,success,success,0,1,-x7,-x6|+x1
20260719,1334,-1.0,touchdown,0.4,0.0,True,True,False,False,False,nan,nan,nan,,0.01871485496659748,0.028730432924519357,0.0009774161783625418,0.0007822563051953502,success,success,0,1,-x7,-x6|+x1
20260719,1335,-1.0,mid_cross,0.4,0.0,True,False,True,False,False,0.7315814139651635,nan,nan,,0.665810709814253,1.2498245283333287,0.0364728351395673,0.03982510565694568,success,clearance_ground+foot_ground_before_ready,0,8,-x11,-x4|+x1|-x1|+x1|-x1|+x2|-x1|+x1|-x1
20260719,1336,-1.0,touchdown,0.4,0.0,True,True,True,True,True,0.043536397228468596,0.043536397228468596,0.0,False,0.017352733872734172,0.017352733872734172,0.015973380235568012,0.015973380235568012,success,success,0,0,-x5,-x5
20260719,1337,-1.0,mid_cross,0.4,0.0,False,False,False,False,False,nan,nan,nan,,1.7857583305459908,0.9046173521488219,0.03507705337082948,0.025767977475344452,clearance_ground+foot_ground_before_ready,clearance_ground+foot_ground_before_ready,0,1,-x18,-x8|+x9
20260719,1338,-1.0,mid_cross,0.4,0.0,False,False,False,False,False,nan,nan,nan,,2.867130030634106,1.2451606112743878,0.020285694932174858,0.01653743868350207,clearance_ground+foot_ground_before_ready,clearance_ground+foot_ground_before_ready,0,1,-x15,-x10|+x5
20260719,1339,-1.0,touchdown,0.4,0.0,True,True,False,False,False,nan,nan,nan,,0.13674122781647993,0.10750755643689597,-0.011637721557943181,-0.010062883903751985,success,success,0,3,+x11,+x6|-x3|+x1|-x1
20260719,1340,-1.0,touchdown,0.4,0.0,False,False,False,False,False,nan,nan,nan,,0.12667374103628276,0.12455294971310815,0.021225215451362384,0.021347997441288583,clearance_ground+foot_ground_before_ready,clearance_ground+foot_ground_before_ready,0,2,-x10,-x2|+x1|-x7
20260719,1341,-1.0,touchdown,0.4,0.0,True,True,False,False,False,nan,nan,nan,,0.05182999457412169,0.06837404171874348,-0.011980897803744311,-0.013925038433091667,success,success,0,1,+x9,+x8|-x2
20260719,1342,-1.0,mid_cross,0.4,0.0,True,False,True,False,False,1.207901565792571,nan,nan,,1.084685336986442,1.1722359918783172,0.03598766222255777,0.039370042926822724,success,clearance_ground+foot_ground_before_ready,0,5,-x13,-x8|+x2|-x1|+x2|-x1|+x2
20260719,1343,-1.0,pre_cross,0.4,0.0,False,False,False,False,False,nan,nan,nan,,3.6106628747895124,2.42951435013269,-0.006484683817038178,-0.006981886894577766,clearance_ground+foot_ground_before_ready,clearance_ground+foot_ground_before_ready,0,1,-x21,-x19|+x1
20260719,1344,-1.0,touchdown,0.4,0.0,False,False,False,False,False,nan,nan,nan,,0.31226365584141014,0.31226365584141014,-0.04451551545391464,-0.044232129032810596,clearance_ground+foot_ground_before_ready,clearance_ground+foot_ground_before_ready,0,1,-x18,-x16|+x2
20260719,1345,-1.0,touchdown,0.4,0.0,True,True,False,False,False,nan,nan,nan,,0.06280393426593979,0.11588101442649812,-0.013239124052031481,-0.01936588884173404,success,success,0,3,+x8,+x6|-x3|+x1|-x1
20260719,1346,-1.0,touchdown,0.4,0.0,True,True,False,False,False,nan,nan,nan,,0.016527622015941913,0.016527622015941913,-0.003729213395580966,-0.003729213395580966,success,success,0,0,-x5,-x5
20260719,1347,-1.0,touchdown,0.4,0.0,True,True,True,True,True,0.13872239678047096,0.13872239678047096,0.0,False,0.024863255384824832,0.024863255384824832,0.007182784183331431,0.007182784183331431,success,success,0,0,-x7,-x7
20260719,1348,-1.0,mid_cross,0.4,0.0,True,False,True,False,False,0.8840274868725572,nan,nan,,1.0371428334916437,1.2598013796233696,0.04701692398667977,0.04009953336678802,success,clearance_ground+foot_ground_before_ready,0,9,-x14,-x4|+x2|-x1|+x2|-x1|+x1|-x1|+x1|-x1|+x1
20260719,1349,-1.0,pre_cross,0.4,0.0,False,False,False,False,False,nan,nan,nan,,1.3600441941786365,1.3600441941786365,-0.008230182563738853,-0.008230182563738853,clearance_ground+foot_ground_before_ready,clearance_ground+foot_ground_before_ready,0,0,-x17,-x17
20260719,1350,-1.0,touchdown,0.4,0.0,True,True,True,True,True,0.04655877964657275,0.04655877964657275,0.0,False,0.02967004880024038,0.02967004880024038,0.02553865860762848,0.02553865860762848,success,success,0,0,-x6,-x6
20260719,1351,-1.0,mid_cross,0.4,0.0,False,False,False,False,False,nan,nan,nan,,1.636376682696175,1.0604869891293287,0.007527567408195886,0.0030612760018839114,clearance_ground+foot_ground_before_ready,clearance_ground+foot_ground_before_ready,0,3,-x13,-x7|+x2|-x1|+x2
20260719,1352,-1.0,touchdown,0.4,0.0,True,True,True,True,True,0.20815557359285874,0.20679668652976435,-0.0013588870630943939,True,0.035551427449597564,0.035622444020144334,0.0068446368246472405,0.006903376301264641,success,success,0,1,+x5,+x2|-x3
20260719,1353,-1.0,pre_cross,0.4,0.0,False,False,False,False,False,nan,nan,nan,,3.3860755634717066,1.783465953941894,0.013899306145168558,0.011053617159673665,clearance_ground+knee_ground,clearance_ground+knee_ground,0,1,-x19,-x15|+x4
20260719,1354,-1.0,touchdown,0.4,0.0,True,True,False,False,False,nan,nan,nan,,0.2078683271124672,0.2842396247442383,-0.04444947374309477,-0.04332583671442401,success,success,0,3,+x15,+x10|-x2|+x1|-x2
20260719,1355,-1.0,mid_cross,0.4,0.0,False,False,False,False,False,nan,nan,nan,,1.699147582154343,1.2628388227142482,0.026223711112364746,0.025912245345662215,clearance_ground+foot_ground_before_ready,clearance_ground+foot_ground_before_ready,0,1,-x13,-x12|+x1
20260719,1356,-1.0,touchdown,0.4,0.0,True,True,False,False,False,nan,nan,nan,,0.01664240523672447,0.01664240523672447,-0.012270631442135416,-0.012270631442135416,success,success,0,0,-x7,-x7
20260719,1357,-1.0,touchdown,0.4,0.0,True,True,False,False,False,nan,nan,nan,,0.14093974802732173,0.14093974802732173,-0.0057703042458076975,-0.0057703042458076975,success,success,0,0,-x8,-x8
20260719,1358,-1.0,mid_cross,0.4,0.0,False,False,False,False,False,nan,nan,nan,,0.9749605943392659,1.1004063943333546,-0.013108272863885453,-0.014613392247640564,clearance_ground+foot_ground_before_ready,clearance_ground+foot_ground_before_ready,0,4,-x10,-x5|+x2|-x1|+x1|-x1
20260719,1359,-1.0,pre_cross,0.4,0.0,False,False,False,False,False,nan,nan,nan,,3.5770738933570456,2.190819564197508,0.008248866934383328,0.006792459713523144,clearance_ground+foot_ground_before_ready,clearance_ground+foot_ground_before_ready,0,1,-x19,-x16|+x3
20260719,1360,-1.0,pre_cross,0.4,0.0,False,False,False,False,False,nan,nan,nan,,3.9356010964163075,1.8228293995372529,0.06349134661159805,0.06356644395638078,clearance_ground+foot_ground_bad_clearance,clearance_ground+foot_ground_bad_clearance,0,1,-x20,-x17|+x3
20260719,1361,-1.0,pre_cross,0.4,0.01,False,False,False,False,False,nan,nan,nan,,1.9826449981544374,1.4848301498191052,-0.04101121518618772,-0.04120656464411074,clearance_ground+foot_ground_before_ready,clearance_ground+foot_ground_before_ready,0,1,-x19,-x18|+x1
20260719,1362,-1.0,touchdown,0.4,0.01,False,True,False,False,False,nan,nan,nan,,0.3772896668977329,0.11284932375242569,-0.03583269220902807,-0.03130188580504222,clearance_ground+foot_ground_before_ready,success,0,2,-x18,-x5|+x3|-x6
20260719,1363,-1.0,pre_cross,0.4,0.01,False,False,False,False,False,nan,nan,nan,,1.3695317678480503,1.3695317678480503,0.017865260627592305,0.017865260627592305,clearance_ground+foot_ground_bad_clearance,clearance_ground+foot_ground_bad_clearance,0,0,-x14,-x14
20260719,1364,-1.0,touchdown,0.4,0.01,True,True,False,False,False,nan,nan,nan,,0.00529992156243162,0.00529992156243162,-0.004033183548267011,-0.004033183548267011,success,success,0,0,-x2,-x2
20260719,1365,-1.0,touchdown,0.4,0.01,True,True,True,True,True,0.19283953366629478,0.19283953366629478,0.0,False,0.03534828286963964,0.03534828286963964,0.007346046272719481,0.007346046272719481,success,success,0,0,-x6,-x6
20260719,1366,-1.0,pre_cross,0.4,0.01,False,False,False,False,False,nan,nan,nan,,5.383246391290346,2.9959416913913164,0.07265877411428728,0.07202392520229747,clearance_ground+knee_ground,clearance_ground+knee_ground,0,1,-x21,-x18|+x3
20260719,1367,-1.0,touchdown,0.4,0.01,True,True,True,True,True,0.4656262140594299,0.4841975689624168,0.018571354902986892,False,0.10741271615396036,0.10574295647854683,0.009244846121256027,0.00875205936084962,success,success,0,2,-x9,-x7|+x1|-x1
20260719,1368,-1.0,mid_cross,0.4,0.01,False,False,False,False,False,nan,nan,nan,,1.149670902122249,1.1904417567261132,0.022713100665374186,0.019952523154946195,clearance_ground+foot_ground_before_ready,clearance_ground+foot_ground_before_ready,0,6,-x12,-x4|+x1|-x1|+x1|-x1|+x2|-x1
20260719,1369,-1.0,mid_cross,0.4,0.01,False,False,False,False,False,nan,nan,nan,,2.7590464327897726,1.9351447995780078,0.030388608735341327,0.030590199625130737,clearance_ground+foot_ground_before_ready,clearance_ground+foot_ground_before_ready,0,2,-x11,-x7|+x3|-x1
20260719,1370,-1.0,pre_cross,0.4,0.01,False,False,False,False,False,nan,nan,nan,,2.9120684959620227,1.2859750121656652,-0.06140146017979099,-0.06324563747683941,clearance_ground+foot_ground_before_ready,clearance_ground+foot_ground_before_ready,0,1,-x20,-x17|+x3
20260719,1371,-1.0,pre_cross,0.4,0.01,False,False,False,False,False,nan,nan,nan,,4.4223134903893335,2.814289187668082,0.04131550776714112,0.040310587574953656,clearance_ground+foot_ground_bad_clearance,clearance_ground+foot_ground_bad_clearance,0,1,-x21,-x19|+x2
20260719,1372,-1.0,touchdown,0.4,0.01,True,True,False,False,False,nan,nan,nan,,0.017314391255804612,0.017314391255804612,-0.0023612961400784893,-0.0023612961400784893,success,success,0,0,-x4,-x4
20260719,1373,-1.0,mid_cross,0.4,0.01,False,False,False,False,False,nan,nan,nan,,1.0824394500906205,0.7222270513110762,0.010299864889895677,0.00962298790111818,clearance_ground+foot_ground_before_ready,clearance_ground+foot_ground_before_ready,0,1,-x12,-x10|+x2
20260719,1374,-1.0,mid_cross,0.4,0.01,False,False,False,False,False,nan,nan,nan,,1.0861190238483855,0.6967481734811269,-0.016865007971089092,-0.019730381530645706,clearance_ground+foot_ground_before_ready,clearance_ground+foot_ground_before_ready,0,1,-x18,-x5|+x9
20260719,1375,-1.0,mid_cross,0.4,0.01,False,False,False,False,False,nan,nan,nan,,3.104369341542972,1.8624921112705615,0.03107573999714218,0.030543598821018342,clearance_ground+foot_ground_before_ready,clearance_ground+foot_ground_before_ready,0,1,-x14,-x12|+x2
20260719,1376,-1.0,touchdown,0.4,0.01,True,True,True,True,True,0.16488015890615004,0.050253729541346624,-0.11462642936480341,True,0.06022958810177465,0.018478259495218426,0.014639387490641836,0.014735815460057977,success,success,0,1,+x10,+x2|-x7
20260719,1377,-1.0,pre_cross,0.4,0.01,False,False,False,False,False,nan,nan,nan,,4.005907398741169,2.5396322247935705,0.019032265610692253,0.013922000568229446,clearance_ground+knee_ground,clearance_ground+knee_ground,0,1,-x20,-x15|+x6
20260719,1378,-1.0,touchdown,0.4,0.01,True,True,False,False,False,nan,nan,nan,,0.04010433508174362,0.04010433508174362,-0.025902410425966305,-0.025902410425966305,success,success,0,0,-x7,-x7
20260719,1379,-1.0,touchdown,0.4,0.01,True,True,True,True,True,0.3034055292528885,0.06589296434926323,-0.23751256490362527,True,0.05514712129122826,0.012230573843604275,0.007284181630850567,0.0074385656253111165,success,success,0,1,+x4,+x1|-x3
20260719,1380,-1.0,touchdown,0.4,0.01,True,True,True,True,True,0.35069748271512563,0.016334460884194667,-0.334363021830931,True,0.14308962647741294,0.006296626489251333,0.016351474143136036,0.015448436687600181,success,success,0,1,+x11,+x2|-x7
20260719,1381,-1.0,touchdown,0.4,0.01,True,True,True,True,True,0.009452035820231072,0.009452035820231072,0.0,False,0.005033326408645256,0.005033326408645256,0.021340822164017115,0.021340822164017115,success,success,0,0,-x6,-x6
20260719,1382,-1.0,touchdown,0.4,0.01,True,True,True,True,True,0.015253458375576612,0.015253458375576612,0.0,False,0.0032643162183696155,0.0032643162183696155,0.008576405605504628,0.008576405605504628,success,success,0,0,-x3,-x3
20260719,1383,-1.0,touchdown,0.4,0.01,True,True,False,False,False,nan,nan,nan,,0.0383812177404034,0.0383812177404034,-0.0029589982421937,-0.0029589982421937,success,success,0,0,-x8,-x8
20260719,1384,-1.0,mid_cross,0.4,0.01,False,False,False,False,False,nan,nan,nan,,1.1983154587213134,0.823932082386537,-0.009049127225372267,-0.01590713621409061,clearance_ground+foot_ground_before_ready,clearance_ground+foot_ground_before_ready,0,1,-x17,-x8|+x8
20260719,1385,-1.0,touchdown,0.4,0.01,True,True,True,True,True,0.14149954641716148,0.14158356932375088,8.402290658940381e-05,False,0.04772538933297827,0.04774990886260322,0.013516860843642883,0.013515779588529328,success,success,0,1,-x6,-x5|+x1
20260719,1386,-1.0,touchdown,0.4,0.01,True,True,True,True,True,0.5286740798943399,0.05786472438255983,-0.47080935551178005,True,0.07802645828493411,0.008645577033202772,0.00591473493263911,0.0059877203157731596,success,success,0,1,+x3,+x1|-x2
20260719,1387,-1.0,touchdown,0.4,0.01,True,True,True,True,True,0.02527940169769831,0.02527940169769831,0.0,False,0.0051981548571818255,0.0051981548571818255,0.008240694852651664,0.008240694852651664,success,success,0,0,-x4,-x4
20260719,1388,-1.0,touchdown,0.4,0.01,True,True,False,False,False,nan,nan,nan,,0.018280806574797415,0.01714118347324107,-0.0008284190490653737,-0.0007699869720212416,success,success,0,1,-x8,-x4|+x3
20260719,1389,-1.0,pre_cross,0.4,0.01,False,False,False,False,False,nan,nan,nan,,2.069831817408273,2.069831817408273,0.013141872556642877,0.013141872556642877,clearance,clearance,0,0,-x17,-x17
20260719,1390,-1.0,touchdown,0.4,0.01,True,True,False,False,False,nan,nan,nan,,0.03611728027117239,0.03611728027117239,-0.0054434666684718275,-0.0054446935572775995,success,success,0,1,-x7,-x6|+x1
20260719,1391,-1.0,touchdown,0.4,0.01,True,True,True,True,True,0.5720501357152882,0.18450219681936555,-0.38754793889592265,True,0.15481536205554322,0.055130347616761145,0.010845794472063158,0.011974864276793146,success,success,0,1,+x9,+x1|-x8
20260719,1392,-1.0,touchdown,0.4,0.01,True,True,False,True,False,nan,0.9154983071475428,nan,,0.09973857193115701,0.027987477833503936,0.0009518299786434037,0.0012251453825154746,success,success,0,1,+x5,+x1|-x4
20260719,1393,-1.0,touchdown,0.4,0.01,True,True,False,False,False,nan,nan,nan,,0.054110868590414585,0.054110868590414585,-0.02088205457846949,-0.02088205457846949,success,success,0,0,+x9,+x9
20260719,1394,-1.0,touchdown,0.4,0.01,True,True,False,False,False,nan,nan,nan,,0.11418379942716683,0.11418379942716683,-0.0246042379015963,-0.0246042379015963,success,success,0,0,-x9,-x9
20260719,1395,-1.0,pre_cross,0.4,0.01,False,False,False,False,False,nan,nan,nan,,5.893196779022492,2.615491830932785,-0.016915879133753864,-0.02258439796101963,clearance_ground+knee_ground,clearance_ground+foot_ground_before_ready,0,1,-x20,-x16|+x5
20260719,1396,-1.0,mid_cross,0.4,0.01,False,False,False,False,False,nan,nan,nan,,1.4300131469413884,0.6395573954803311,-0.016498983120003325,-0.02111062928648165,clearance_ground+foot_ground_before_ready,clearance_ground+foot_ground_before_ready,0,1,-x17,-x7|+x8
20260719,1397,-1.0,touchdown,0.4,0.01,True,True,False,False,False,nan,nan,nan,,0.12924645779922095,0.12924645779922095,-0.026368405312140096,-0.026368405312140096,success,success,0,0,-x9,-x9
20260719,1398,-1.0,touchdown,0.4,0.01,False,False,False,False,False,nan,nan,nan,,0.168029532166954,0.22510733440028077,-0.029404410890097116,-0.031020659106426443,clearance_ground+foot_ground_before_ready,clearance_ground+foot_ground_before_ready,0,2,-x17,-x12|+x1|-x4
20260719,1399,-1.0,touchdown,0.4,0.01,True,True,False,False,False,nan,nan,nan,,0.03257222588688462,0.03257222588688462,-0.01327581416227748,-0.01327581416227748,success,success,0,0,-x7,-x7
20260719,1400,-1.0,touchdown,0.4,0.01,True,True,False,False,False,nan,nan,nan,,0.342198623059634,0.10734028243728644,-0.026687057282937937,-0.030114778957636756,success,success,0,4,-x11,-x8|+x1|-x1|+x1|-x1
20260719,1401,-1.0,touchdown,0.4,0.02,False,False,False,False,False,nan,nan,nan,,0.25213230474323717,0.18034816133417392,0.00017728530390950098,-0.0003045078242739918,clearance_ground+foot_ground_after_ready,clearance_ground+foot_ground_before_ready,0,2,-x11,-x9|+x1|-x1
20260719,1402,-1.0,pre_cross,0.4,0.02,False,False,False,False,False,nan,nan,nan,,3.2464145253749006,1.063082942293326,0.038213243925238116,0.02840089372594616,clearance_ground+knee_ground,clearance_ground+knee_ground,0,1,-x19,-x11|+x8
20260719,1403,-1.0,touchdown,0.4,0.02,True,True,True,True,True,0.08776019738605727,0.08776019738605727,0.0,False,0.018917181585489173,0.018917181585489173,0.008638538075195518,0.008638538075195518,success,success,0,0,-x4,-x4
20260719,1404,-1.0,touchdown,0.4,0.02,True,True,True,True,True,0.822065739178945,0.822065739178945,0.0,False,0.026781707335366726,0.026781707335366726,0.0013056089593920794,0.0013056089593920794,success,success,0,0,-x5,-x5
20260719,1405,-1.0,touchdown,0.4,0.02,True,True,False,False,False,nan,nan,nan,,0.007973979556320239,0.007973979556320239,-0.0055096137755212965,-0.0055096137755212965,success,success,0,0,-x5,-x5
20260719,1406,-1.0,mid_cross,0.4,0.02,False,False,False,False,False,nan,nan,nan,,0.6408657884335147,0.3443640578850722,-0.019618801148565023,-0.02073092747791604,clearance_ground+foot_ground_before_ready,clearance_ground+foot_ground_before_ready,0,1,-x19,-x8|+x9
20260719,1407,-1.0,mid_cross,0.4,0.02,False,False,False,False,False,nan,nan,nan,,3.4436455394532026,1.6073588043275995,0.014579404544194742,0.013028854765141783,clearance_ground+foot_ground_before_ready,clearance_ground+foot_ground_before_ready,0,1,-x17,-x14|+x2
20260719,1408,-1.0,touchdown,0.4,0.02,True,True,True,True,True,0.8098959261777295,0.8098959261777295,0.0,False,0.07417863867759975,0.07417863867759975,0.0036705492443597915,0.0036705492443597915,success,success,0,0,-x7,-x7
20260719,1409,-1.0,mid_cross,0.4,0.02,True,False,True,False,False,2.8323522553824474,nan,nan,,1.3241849902459877,1.227582493542075,0.018736255771192298,0.016740629523706377,success,clearance_ground+foot_ground_before_ready,0,7,-x14,-x8|+x2|-x1|+x1|-x1|+x2|-x1|+x1
20260719,1410,-1.0,mid_cross,0.4,0.02,False,False,False,False,False,nan,nan,nan,,4.465864377447021,1.972338352006563,-0.0337932272799257,-0.03921000546438971,clearance_ground+knee_ground,clearance_ground+foot_ground_before_ready,0,2,-x20,-x16|+x4|-x1
20260719,1411,-1.0,mid_cross,0.4,0.02,False,False,False,False,False,nan,nan,nan,,0.9423581551158556,1.2164604381330337,0.08929206874642606,0.07220296119689447,clearance_ground+foot_ground_before_ready,clearance_ground+foot_ground_before_ready,0,6,-x17,-x6|+x3|-x1|+x1|-x1|+x2|-x1
20260719,1412,-1.0,touchdown,0.4,0.02,True,True,True,True,True,0.05017281348890457,0.05017281348890457,0.0,False,0.04434706392116793,0.04434706392116793,0.03542238729574594,0.03542238729574594,success,success,0,0,-x12,-x12
20260719,1413,-1.0,touchdown,0.4,0.02,False,False,False,False,False,nan,nan,nan,,0.234281900367904,0.234281900367904,-0.07232612631238891,-0.0722958560009767,clearance_ground+foot_ground_before_ready,clearance_ground+foot_ground_before_ready,0,2,-x21,-x18|+x2|-x1
20260719,1414,-1.0,mid_cross,0.4,0.02,True,False,True,False,False,3.290652241868802,nan,nan,,1.5377040905420942,0.9508225739867229,0.018727171683376335,0.009888978331994244,success,clearance_ground+knee_ground,0,7,-x16,-x8|+x5|-x1|+x1|-x1|+x2|-x1|+x1
20260719,1415,-1.0,pre_cross,0.4,0.02,False,False,False,False,False,nan,nan,nan,,2.3233351343561752,1.3876297450724275,0.03659599718621814,0.02973531989419767,q1_low_limit,q1_low_limit,0,1,-x18,-x13|+x5
20260719,1416,-1.0,touchdown,0.4,0.02,True,True,True,True,True,0.11226152050325898,0.11226152050325898,0.0,False,0.01675791664797429,0.01675791664797429,0.005982332069226909,0.005982332069226909,success,success,0,0,-x3,-x3
20260719,1417,-1.0,touchdown,0.4,0.02,True,True,True,True,True,0.033138060947735276,0.033138060947735276,0.0,False,0.0170297684280143,0.0170297684280143,0.020595059954476344,0.020595059954476344,success,success,0,0,-x7,-x7
20260719,1418,-1.0,touchdown,0.4,0.02,True,True,False,False,False,nan,nan,nan,,0.020666026941003585,0.020666026941003585,-0.0011763671544312154,-0.0011763671544312154,success,success,0,0,-x8,-x8
20260719,1419,-1.0,touchdown,0.4,0.02,True,True,True,True,True,0.027464190680294653,0.027464190680294653,0.0,False,0.009398989957871131,0.009398989957871131,0.013714999320200816,0.013714999320200816,success,success,0,0,-x5,-x5
20260719,1420,-1.0,mid_cross,0.4,0.02,False,False,False,False,False,nan,nan,nan,,1.327857608746996,0.579971237670026,-0.005030131598651011,-0.013024093095203117,clearance_ground+foot_ground_before_ready,clearance_ground+foot_ground_before_ready,0,1,-x17,-x7|+x11
20260719,1421,-1.0,touchdown,0.4,0.02,True,True,True,True,True,0.46808402447185754,0.4667644408962761,-0.001319583575581429,True,0.0605666181246859,0.06091297183468063,0.005185503311515627,0.005229900613334337,success,success,0,1,+x3,+x1|-x2
20260719,1422,-1.0,touchdown,0.4,0.02,False,False,False,False,False,nan,nan,nan,,0.014135870495927454,0.014135870495927454,0.0031472321157828415,0.0031472321157828415,clearance_ground+foot_ground_before_ready,clearance_ground+foot_ground_before_ready,0,0,-x3,-x3
20260719,1423,-1.0,touchdown,0.4,0.02,True,True,True,True,True,0.047050691538974114,0.06377505361367564,0.016724362074701522,False,0.011711381161951875,0.012382239191210828,0.00997524372092265,0.007780898807933825,success,success,0,2,-x8,-x3|+x1|-x3
20260719,1424,-1.0,mid_cross,0.4,0.02,False,False,False,False,False,nan,nan,nan,,0.5579857289633563,1.2366124915187364,0.013126733289454833,0.007830212267438746,clearance_ground+foot_ground_before_ready,clearance_ground+foot_ground_before_ready,0,8,-x16,-x6|+x1|-x1|+x1|-x1|+x1|-x2|+x1|-x1
20260719,1425,-1.0,touchdown,0.4,0.02,False,False,False,False,False,nan,nan,nan,,0.051135222834601625,0.42274099726162323,-0.029626446139450424,-0.029506997693855258,clearance_ground+foot_ground_before_ready,clearance_ground+foot_ground_before_ready,0,3,+x16,+x8|-x5|+x1|-x4
20260719,1426,-1.0,touchdown,0.4,0.02,True,True,True,True,True,0.11522270632511844,0.11522270632511844,0.0,False,0.012128576068797175,0.012128576068797175,0.004218452422037611,0.004218452422037611,success,success,0,0,-x5,-x5
20260719,1427,-1.0,mid_cross,0.4,0.02,False,False,False,False,False,nan,nan,nan,,1.7977846126895998,1.1786258237647977,-0.0007758233790388404,-0.010647925448345443,clearance_ground+foot_ground_before_ready,clearance_ground+foot_ground_before_ready,0,5,-x16,-x4|+x8|-x1|+x1|-x1|+x1
20260719,1428,-1.0,touchdown,0.4,0.02,True,True,False,False,False,nan,nan,nan,,0.09614158671379516,0.056453037486922694,-0.005904765858667005,-0.005087192698832732,success,success,0,3,+x5,+x1|-x2|+x1|-x1
20260719,1429,-1.0,touchdown,0.4,0.02,True,True,False,False,False,nan,nan,nan,,0.02186795092238634,0.02186795092238634,-0.012130177060842587,-0.012130177060842587,success,success,0,0,-x5,-x5
20260719,1430,-1.0,touchdown,0.4,0.02,True,True,True,True,True,0.03897471426803592,0.03897471426803592,0.0,False,0.006228965793025772,0.006228965793025772,0.006404930424425734,0.006404930424425734,success,success,0,0,-x2,-x2
20260719,1431,-1.0,touchdown,0.4,0.02,True,True,False,False,False,nan,nan,nan,,0.026972130496147627,0.07404322385982286,-0.003147604868098272,-0.005355351483762372,success,success,0,4,-x10,-x4|+x2|-x3|+x1|-x1
20260719,1432,-1.0,pre_cross,0.4,0.02,False,False,False,False,False,nan,nan,nan,,3.847027271112354,1.3978663668686486,-0.055129890329372974,-0.0625702056352296,clearance_ground+knee_ground,clearance_ground+foot_ground_before_ready,0,3,-x18,-x13|+x4|-x1|+x1
20260719,1433,-1.0,pre_cross,0.4,0.02,False,False,False,False,False,nan,nan,nan,,2.971298540944182,0.9992267121602642,-0.011089271486319635,-0.02191160798510034,clearance_ground+foot_ground_before_ready,clearance_ground+knee_ground,0,1,-x19,-x11|+x8
20260719,1434,-1.0,mid_cross,0.4,0.02,True,False,True,False,False,2.3841827496243946,nan,nan,,1.0798542970237113,1.5279321393650507,0.01815127054146046,0.010616448040980945,success,clearance_ground+foot_ground_before_ready,0,10,-x12,-x3|+x1|-x1|+x1|-x1|+x2|-x1|+x1|-x1|+x1|-x1
20260719,1435,-1.0,touchdown,0.4,0.02,True,True,False,False,False,nan,nan,nan,,0.0010730392270093072,0.0010730392270093072,-0.000737719101290335,-0.000737719101290335,success,success,0,0,+x1,+x1
20260719,1436,-1.0,touchdown,0.4,0.02,True,True,False,False,False,nan,nan,nan,,0.004679644210789364,0.004679644210789364,-0.012758216341520634,-0.012758216341520634,success,success,0,0,-x4,-x4
20260719,1437,-1.0,mid_cross,0.4,0.02,False,False,False,False,False,nan,nan,nan,,1.6464131806335918,1.0755966529016607,0.04522218485039808,0.0332926734690219,clearance_ground+foot_ground_before_ready,clearance_ground+foot_ground_before_ready,0,3,-x20,-x9|+x8|-x1|+x1
20260719,1438,-1.0,touchdown,0.4,0.02,True,False,False,False,False,nan,nan,nan,,0.4200588388347118,0.5271260597208927,-0.007558027770005332,-0.013687257958708746,success,clearance_ground+foot_ground_before_ready,0,6,-x9,-x6|+x2|-x1|+x1|-x1|+x1|-x1
20260719,1439,-1.0,touchdown,0.4,0.02,True,True,True,True,True,0.03238775159818377,0.03238775159818377,0.0,False,0.006323065130755045,0.006323065130755045,0.007823989627962005,0.007823989627962005,success,success,0,0,-x4,-x4
20260719,1440,-1.0,pre_cross,0.4,0.02,False,False,False,False,False,nan,nan,nan,,3.2098184497013724,3.2098184497013724,0.0981258189622222,0.0981258189622222,clearance_ground+foot_ground_bad_clearance,clearance_ground+foot_ground_bad_clearance,0,0,-x22,-x22
20260803,1441,1.0,mid_cross,0.3,0.0,False,False,False,False,False,nan,nan,nan,,0.34617186313572396,0.38435643419567056,0.05836393257196834,0.04370632351120042,clearance_ground+foot_ground_before_ready,clearance_ground+foot_ground_before_ready,0,1,+x16,+x5|-x9
20260803,1442,1.0,pre_cross,0.3,0.0,False,False,False,False,False,nan,nan,nan,,0.8225435092515813,0.9162915121479142,0.07237230873818418,0.10229045485954043,clearance_ground+foot_ground_before_ready,clearance_ground+foot_ground_before_ready,0,1,+x26,+x13|-x20
20260803,1443,1.0,touchdown,0.3,0.0,True,True,True,True,True,0.034676521205400164,0.034676521205400164,0.0,False,0.005364620383275405,0.005364620383275405,0.00619990284403521,0.00619990284403521,success,success,0,0,+x3,+x3
20260803,1444,1.0,touchdown,0.3,0.0,True,True,False,False,False,nan,nan,nan,,0.02435577302239853,0.02435577302239853,-0.005950535490725217,-0.005950535490725217,success,success,0,0,+x7,+x7
20260803,1445,1.0,touchdown,0.3,0.0,True,True,False,False,False,nan,nan,nan,,0.04179509623282765,0.04179509623282765,-0.003402348552875606,-0.003402348552875606,success,success,0,0,+x11,+x11
20260803,1446,1.0,touchdown,0.3,0.0,True,True,True,True,True,0.08202945973123651,0.11311956527993698,0.031090105548700467,False,0.03857135963681627,0.053180190453311564,0.018844148035486036,0.018840549768161324,success,success,0,1,+x8,+x7|-x1
20260803,1447,1.0,mid_cross,0.3,0.0,False,False,False,False,False,nan,nan,nan,,0.985416232930525,0.6909813191645507,0.09227614573618262,0.052949381597179525,clearance_ground+foot_ground_before_ready,clearance_ground+foot_ground_before_ready,0,1,+x21,+x5|-x9
20260803,1448,1.0,touchdown,0.3,0.0,True,True,True,True,True,0.06808574071017108,0.06808574071017108,0.0,False,0.02517243853019393,0.02517243853019393,0.01481666742995047,0.01481666742995047,success,success,0,0,+x5,+x5
20260803,1449,1.0,mid_cross,0.3,0.0,False,False,False,False,False,nan,nan,nan,,0.4543060661896562,0.553068865987064,0.12726070555151936,0.1027361774522578,clearance_ground+foot_ground_before_ready,clearance_ground+foot_ground_before_ready,0,2,+x19,+x5|-x9|+x2
20260803,1450,1.0,mid_cross,0.3,0.0,False,False,False,False,False,nan,nan,nan,,0.9921820213218914,0.4655592515215743,0.04825857265237676,0.03687895572105129,clearance_ground+foot_ground_before_ready,clearance_ground+foot_ground_bad_clearance,0,1,+x12,+x4|-x7
20260803,1451,1.0,mid_cross,0.3,0.0,False,False,False,False,False,nan,nan,nan,,0.2272083567112782,0.2681593334057549,0.050767293834137535,0.04365631901517471,clearance_ground+foot_ground_before_ready,clearance_ground+foot_ground_before_ready,0,1,+x16,+x6|-x8
20260803,1452,1.0,mid_cross,0.3,0.0,False,False,False,False,False,nan,nan,nan,,0.5594319222965468,0.7527763538517168,-0.023578479358535673,-0.02046938967819595,clearance_ground+foot_ground_before_ready,clearance_ground+foot_ground_before_ready,0,1,+x25,+x11|-x20
20260803,1453,1.0,mid_cross,0.3,0.0,False,False,False,False,False,nan,nan,nan,,0.25894319921923004,0.331840726238585,-0.014794148767576596,-0.011068889629463032,clearance_ground+foot_ground_before_ready,clearance_ground+foot_ground_before_ready,0,1,+x22,+x7|-x19
20260803,1454,1.0,touchdown,0.3,0.0,True,True,True,True,True,0.5540743193373413,0.5540743193373413,0.0,False,0.03445924671282172,0.03445924671282172,0.002492408182311362,0.002492408182311362,success,success,0,0,+x10,+x10
20260803,1455,1.0,mid_cross,0.3,0.0,False,False,False,False,False,nan,nan,nan,,0.13562031998292,0.13562031998292,0.02027010051886869,0.020322820236138288,clearance_ground+foot_ground_before_ready,clearance_ground+foot_ground_before_ready,0,1,+x16,+x5|-x11
20260803,1456,1.0,touchdown,0.3,0.0,False,True,False,True,False,nan,0.6731807152025986,nan,,0.02119304467656532,0.08707522657295971,0.015902755833033688,0.005183753690461368,clearance,success,0,1,+x13,+x5|-x2
20260803,1457,1.0,pre_cross,0.3,0.0,False,False,False,False,False,nan,nan,nan,,1.1740750042520114,1.426509060993516,0.006279981788154459,0.0020917694564914387,clearance_ground+foot_ground_before_ready,clearance_ground+foot_ground_before_ready,0,1,+x31,+x10|-x21
20260803,1458,1.0,touchdown,0.3,0.0,False,False,False,False,False,nan,nan,nan,,0.25730001644059336,0.25730001644059336,-0.017049402475200898,-0.017049402475200898,clearance_ground+foot_ground_before_ready,clearance_ground+foot_ground_before_ready,0,0,-x8,-x8
20260803,1459,1.0,mid_cross,0.3,0.0,False,False,False,False,False,nan,nan,nan,,1.541287519185096,0.9304388988945241,0.08331286461602708,0.06645514507314496,clearance,clearance_ground+foot_ground_bad_clearance,0,1,+x14,+x6|-x7
20260803,1460,1.0,pre_cross,0.3,0.0,False,False,False,False,False,nan,nan,nan,,1.548284619506389,1.1532149186895189,0.040025578548676555,0.03618874999754293,clearance_ground+foot_ground_bad_clearance,clearance_ground+foot_ground_before_ready,0,1,+x12,+x5|-x7
20260803,1461,1.0,mid_cross,0.3,0.0,False,False,False,False,False,nan,nan,nan,,0.10418409536894364,0.10418409536894364,-0.017154515572221585,-0.017154515572221585,clearance_ground+foot_ground_before_ready,clearance_ground+foot_ground_before_ready,0,0,-x10,-x10
20260803,1462,1.0,mid_cross,0.3,0.0,False,False,False,False,False,nan,nan,nan,,0.8159732909430828,0.7872194724580844,0.026831216620283694,0.013493314840610917,clearance_ground+foot_ground_before_ready,clearance_ground+foot_ground_before_ready,0,1,+x21,+x5|-x8
20260803,1463,1.0,touchdown,0.3,0.0,False,False,False,False,False,nan,nan,nan,,0.17326102612645428,0.17326102612645428,-0.01233730503792918,-0.01233730503792918,clearance_ground+foot_ground_before_ready,clearance_ground+foot_ground_before_ready,0,0,-x12,-x12
20260803,1464,1.0,touchdown,0.3,0.0,True,True,True,True,True,0.05018125964781774,0.05018125964781774,0.0,False,0.012596976279893823,0.012596976279893823,0.010060189543757703,0.010060189543757703,success,success,0,1,+x7,+x6|-x1
20260803,1465,1.0,mid_cross,0.3,0.0,False,False,False,False,False,nan,nan,nan,,0.8337430256390221,0.37432299855362294,-0.005780796984938719,-0.013128442902296922,clearance_ground+foot_ground_before_ready,clearance_ground+foot_ground_bad_clearance,0,1,+x11,+x3|-x8
20260803,1466,1.0,mid_cross,0.3,0.0,False,False,False,False,False,nan,nan,nan,,0.2253383554994946,0.25253536278037086,0.02984909282768287,0.03623045370661951,clearance_ground+foot_ground_before_ready,clearance_ground+foot_ground_before_ready,0,1,+x21,+x11|-x12
20260803,1467,1.0,touchdown,0.3,0.0,True,False,False,False,False,nan,nan,nan,,0.07444955915035689,0.22985434924635717,-0.0018772978657474182,-0.0024520748466120568,success,clearance_ground+foot_ground_before_ready,0,2,-x9,-x2|+x5|-x4
20260803,1468,1.0,pre_cross,0.3,0.0,False,False,False,False,False,nan,nan,nan,,1.0697546825974797,0.7490670388404671,0.051696153684295545,0.0410221320049045,clearance_ground+foot_ground_before_ready,clearance_ground+foot_ground_before_ready,0,1,+x15,+x5|-x9
20260803,1469,1.0,touchdown,0.3,0.0,False,False,False,False,False,nan,nan,nan,,0.4296621992205103,0.4296621992205103,-0.07609429961084102,-0.07609429961084102,clearance_ground+foot_ground_before_ready,clearance_ground+foot_ground_before_ready,0,0,-x15,-x15
20260803,1470,1.0,mid_cross,0.3,0.0,False,False,False,False,False,nan,nan,nan,,0.06191984007446418,0.06191984007446418,-0.006839007347250944,-0.006839007347250944,clearance_ground+foot_ground_before_ready,clearance_ground+foot_ground_before_ready,0,0,-x8,-x8
20260803,1471,1.0,mid_cross,0.3,0.0,False,False,False,False,False,nan,nan,nan,,0.44785211050888607,0.6361187794086582,-0.01553688899405481,-0.009077799273022477,clearance_ground+foot_ground_before_ready,clearance_ground+foot_ground_before_ready,0,1,+x22,+x6|-x24
20260803,1472,1.0,touchdown,0.3,0.0,True,True,True,True,True,0.011259294407273598,0.011259294407273598,0.0,False,0.011253486253361766,0.011253486253361766,0.04005505386319097,0.04005505386319097,success,success,0,1,+x8,+x6|-x2
20260803,1473,1.0,touchdown,0.3,0.0,True,True,False,False,False,nan,nan,nan,,0.07243989522243606,0.07243989522243606,-0.02148999416589431,-0.02148999416589431,success,success,0,0,-x9,-x9
20260803,1474,1.0,mid_cross,0.3,0.0,False,False,False,False,False,nan,nan,nan,,0.13008798174546438,0.17241698844946088,0.04187557797495465,0.04148215591452517,clearance_ground+foot_ground_before_ready,clearance_ground+foot_ground_before_ready,0,1,+x16,+x9|-x7
20260803,1475,1.0,touchdown,0.3,0.0,True,True,False,False,False,nan,nan,nan,,0.03885443600230527,0.03885443600230527,-0.0032831439876170876,-0.0032831439876170876,success,success,0,0,+x2,+x2
20260803,1476,1.0,touchdown,0.3,0.0,False,False,False,False,False,nan,nan,nan,,0.09545415519548847,0.09545415519548847,-0.014161235281315687,-0.014161235281315687,clearance_ground+foot_ground_before_ready,clearance_ground+foot_ground_before_ready,0,0,-x9,-x9
20260803,1477,1.0,pre_cross,0.3,0.0,False,False,False,False,False,nan,nan,nan,,0.6130732813774313,0.4185112722594092,-0.03275660331457614,-0.028699906755023014,clearance,clearance,0,1,+x10,+x5|-x4
20260803,1478,1.0,touchdown,0.3,0.0,False,False,False,False,False,nan,nan,nan,,0.06653214375123068,0.06653214375123068,-0.023746152540455034,-0.023746152540455034,clearance_ground+foot_ground_before_ready,clearance_ground+foot_ground_before_ready,0,0,-x10,-x10
20260803,1479,1.0,mid_cross,0.3,0.0,False,False,False,False,False,nan,nan,nan,,0.1039861062037442,0.08916263433831453,0.028965041370024897,0.02877100222604434,clearance_ground+foot_ground_before_ready,clearance_ground+foot_ground_before_ready,0,1,+x15,+x2|-x12
20260803,1480,1.0,touchdown,0.3,0.0,True,True,True,True,True,0.1643284200138925,0.1643284200138925,0.0,False,0.046854689828541435,0.046854689828541435,0.011426725593053189,0.011426725593053189,success,success,0,1,+x5,+x4|-x1
20260803,1481,1.0,mid_cross,0.3,0.01,False,False,False,False,False,nan,nan,nan,,0.2733513665235189,0.33836449923114126,-0.046981894457846424,-0.045021514292083786,clearance_ground+foot_ground_before_ready,clearance_ground+foot_ground_before_ready,0,1,+x21,+x2|-x20
20260803,1482,1.0,pre_cross,0.3,0.01,False,False,False,False,False,nan,nan,nan,,1.7343666512677,1.3329183981456088,0.03067575731369429,0.023997550348471508,clearance_ground+foot_ground_before_ready,clearance_ground+foot_ground_before_ready,0,1,+x14,+x6|-x7
20260803,1483,1.0,touchdown,0.3,0.01,True,True,True,True,True,0.046876504663338536,0.046876504663338536,0.0,False,0.015128699778288372,0.015128699778288372,0.012933849226916788,0.012933849226916788,success,success,0,0,+x7,+x7
20260803,1484,1.0,mid_cross,0.3,0.01,False,False,False,False,False,nan,nan,nan,,0.7787506817490942,0.525192390869489,0.04464678276225635,0.034596370196034246,clearance_ground+foot_ground_before_ready,clearance_ground+foot_ground_before_ready,0,1,+x13,+x4|-x8
20260803,1485,1.0,pre_cross,0.3,0.01,False,False,False,False,False,nan,nan,nan,,0.8554318016689071,0.8725086237474231,0.00021671959783792216,-7.542963786258405e-06,clearance_ground+foot_ground_before_ready,clearance_ground+foot_ground_before_ready,0,1,+x26,+x5|-x10
20260803,1486,1.0,pre_cross,0.3,0.01,False,False,False,False,False,nan,nan,nan,,1.396676044930603,1.0987202677266155,0.007003760912169643,0.002918820468642752,clearance_ground+foot_ground_before_ready,clearance_ground+foot_ground_bad_clearance,0,1,+x13,+x6|-x6
20260803,1487,1.0,mid_cross,0.3,0.01,False,False,False,False,False,nan,nan,nan,,0.42055555482948115,0.4698657481793018,0.026631161138945172,0.017384140129203113,clearance_ground+foot_ground_before_ready,clearance_ground+foot_ground_before_ready,0,1,+x24,+x5|-x12
20260803,1488,1.0,touchdown,0.3,0.01,True,True,False,False,False,nan,nan,nan,,0.30016926374609343,0.30016926374609343,-0.0029753825878513773,-0.0029753825878513773,success,success,0,0,-x9,-x9
20260803,1489,1.0,mid_cross,0.3,0.01,False,False,False,False,False,nan,nan,nan,,0.7509694639358385,0.8738066689582769,0.08767458359450736,0.056158986029256786,clearance_ground+foot_ground_before_ready,clearance,0,3,+x18,+x6|-x6|+x1|-x2
20260803,1490,1.0,pre_cross,0.3,0.01,False,False,False,False,False,nan,nan,nan,,0.7049257460667266,0.7049257460667266,0.02189879914292761,0.02189879914292761,clearance_ground+foot_ground_bad_clearance,clearance_ground+foot_ground_bad_clearance,0,1,+x11,+x9|-x2
20260803,1491,1.0,touchdown,0.3,0.01,False,False,False,False,False,nan,nan,nan,,0.31934499894993124,0.31934499894993124,-0.02418445459050894,-0.02418445459050894,clearance_ground+foot_ground_before_ready,clearance_ground+foot_ground_before_ready,0,0,-x11,-x11
20260803,1492,1.0,touchdown,0.3,0.01,False,False,False,False,False,nan,nan,nan,,0.25135730178152715,0.25135730178152715,-0.06010863915253013,-0.06010863915253013,clearance_ground+foot_ground_before_ready,clearance_ground+foot_ground_before_ready,0,0,-x13,-x13
20260803,1493,1.0,mid_cross,0.3,0.01,False,False,False,False,False,nan,nan,nan,,0.42451042779759207,0.4490798206578032,0.007020133072958179,0.004281932292675858,clearance_ground+foot_ground_before_ready,clearance_ground+foot_ground_before_ready,0,1,+x11,+x4|-x7
20260803,1494,1.0,mid_cross,0.3,0.01,True,False,True,False,False,0.5320953197662152,nan,nan,,0.560662337533934,0.637991331527841,0.04222730401146815,0.03335044520789557,success,clearance_ground+foot_ground_before_ready,0,1,+x12,+x5|-x8
20260803,1495,1.0,touchdown,0.3,0.01,False,False,False,False,False,nan,nan,nan,,0.04916892792861797,0.16178857075122718,0.002705328958241049,0.0002004212034317776,clearance_ground+foot_ground_before_ready,clearance_ground+foot_ground_before_ready,0,2,-x10,-x1|+x3|-x5
20260803,1496,1.0,touchdown,0.3,0.01,True,True,False,False,False,nan,nan,nan,,0.288283042240316,0.288283042240316,-0.017539583747630816,-0.017539583747630816,success,success,0,0,-x7,-x7
20260803,1497,1.0,mid_cross,0.3,0.01,False,False,False,False,False,nan,nan,nan,,0.325044863484533,0.20417417959814327,0.008552007542269702,-0.00018854983730063994,clearance_ground+foot_ground_before_ready,clearance_ground+foot_ground_before_ready,0,1,+x22,+x2|-x9
20260803,1498,1.0,pre_cross,0.3,0.01,False,False,False,False,False,nan,nan,nan,,0.8358779023341179,0.9161509024340925,-0.047699443260132646,-0.044238114662081045,clearance_ground+foot_ground_before_ready,clearance_ground+foot_ground_before_ready,0,1,+x28,+x8|-x18
20260803,1499,1.0,pre_cross,0.3,0.01,False,False,False,False,False,nan,nan,nan,,1.4982807182947797,0.9217558253603936,-0.056893100174021216,0.012661270493791954,q1_low_limit,clearance_ground+foot_ground_bad_clearance,0,1,+x40,+x10|-x7
20260803,1500,1.0,mid_cross,0.3,0.01,False,False,False,False,False,nan,nan,nan,,0.18613119186887267,0.29911526488685913,0.01925165700984213,0.017290891776924125,clearance_ground+foot_ground_before_ready,clearance_ground+foot_ground_before_ready,0,1,+x16,+x8|-x8
20260803,1501,1.0,touchdown,0.3,0.01,True,True,True,True,True,0.028777497018564937,0.028777497018564937,0.0,False,0.00943831159417358,0.00943831159417358,0.013143853318147686,0.013143853318147686,success,success,0,0,+x7,+x7
20260803,1502,1.0,pre_cross,0.3,0.01,False,False,False,False,False,nan,nan,nan,,0.5389797384972302,0.5540520555413462,-0.04654795155155077,-0.04423532743189383,clearance,clearance_ground+foot_ground_bad_clearance,0,1,+x17,+x12|-x5
20260803,1503,1.0,touchdown,0.3,0.01,True,True,True,True,True,0.08818015164411051,0.08818015164411051,0.0,False,0.022821720612274318,0.022821720612274318,0.01037191510808888,0.01037191510808888,success,success,0,0,+x4,+x4
20260803,1504,1.0,touchdown,0.3,0.01,False,False,False,False,False,nan,nan,nan,,0.012044587652421682,0.01886076794070601,0.04269706546125468,0.044300750386623816,clearance_ground+foot_ground_before_ready,clearance_ground+foot_ground_before_ready,0,2,+x13,+x5|-x7|+x1
20260803,1505,1.0,touchdown,0.3,0.01,False,False,False,False,False,nan,nan,nan,,0.17903068113158394,0.17903068113158394,-0.004796845127440191,-0.004796845127440191,clearance_ground+foot_ground_before_ready,clearance_ground+foot_ground_before_ready,0,0,-x9,-x9
20260803,1506,1.0,mid_cross,0.3,0.01,False,False,False,False,False,nan,nan,nan,,0.9565746612244476,0.6695273702781436,0.056645533883644884,0.032454141955705874,speed,clearance_ground+foot_ground_before_ready,0,1,+x17,+x4|-x8
20260803,1507,1.0,mid_cross,0.3,0.01,False,False,False,False,False,nan,nan,nan,,1.334664058725506,0.7449007380369501,0.07858082996580812,0.05815453561301098,clearance_ground+foot_ground_bad_clearance,clearance,0,1,+x14,+x6|-x6
20260803,1508,1.0,mid_cross,0.3,0.01,False,False,False,False,False,nan,nan,nan,,0.9120506446738812,0.6021091554126083,0.11440867346103908,0.0648438977667572,clearance_ground+foot_ground_before_ready,clearance_ground+foot_ground_before_ready,0,1,+x25,+x5|-x11
20260803,1509,1.0,touchdown,0.3,0.01,True,True,True,True,True,0.013036881165507596,0.013036881165507596,0.0,False,0.0022542216581790345,0.0022542216581790345,0.0069295386554106,0.0069295386554106,success,success,0,0,+x3,+x3
20260803,1510,1.0,mid_cross,0.3,0.01,False,False,False,False,False,nan,nan,nan,,0.028153485060875047,0.028153485060875047,-0.011390907419335433,-0.011390907419335433,clearance_ground+foot_ground_bad_clearance,clearance_ground+foot_ground_bad_clearance,0,0,-x5,-x5
20260803,1511,1.0,touchdown,0.3,0.01,True,True,True,True,True,0.054127630718489785,0.054127630718489785,0.0,False,0.043664387849047206,0.043664387849047206,0.032328813730315265,0.032328813730315265,success,success,0,0,+x9,+x9
20260803,1512,1.0,touchdown,0.3,0.01,True,True,True,True,True,0.41948375603242005,0.393431164098152,-0.026052591934268066,True,0.22287332876286275,0.22435165536324242,0.02129238753960941,0.022852932187046288,success,success,0,3,-x9,-x4|+x2|-x1|+x2
20260803,1513,1.0,mid_cross,0.3,0.01,False,False,False,False,False,nan,nan,nan,,0.09646069411476732,0.09646069411476732,-0.009719742359748013,-0.009719742359748013,clearance_ground+foot_ground_before_ready,clearance_ground+foot_ground_before_ready,0,0,-x10,-x10
20260803,1514,1.0,touchdown,0.3,0.01,True,True,False,False,False,nan,nan,nan,,0.036759873825984016,0.036759873825984016,-0.006698109046516465,-0.006698109046516465,success,success,0,0,-x5,-x5
20260803,1515,1.0,touchdown,0.3,0.01,True,True,False,False,False,nan,nan,nan,,0.20699987202403955,0.20699987202403955,-0.004400251697096069,-0.004400251697096069,success,success,0,0,-x8,-x8
20260803,1516,1.0,mid_cross,0.3,0.01,False,False,False,False,False,nan,nan,nan,,1.1268192085267423,0.5649266362781495,0.060177553738747,0.04704897903601479,clearance_ground+foot_ground_before_ready,clearance_ground+foot_ground_bad_clearance,0,1,+x12,+x4|-x7
20260803,1517,1.0,mid_cross,0.3,0.01,False,False,False,False,False,nan,nan,nan,,0.47597101482599824,0.5114302763701629,-0.03483630474556132,-0.024904544372984727,clearance_ground+foot_ground_before_ready,clearance_ground+foot_ground_before_ready,0,1,+x20,+x4|-x10
20260803,1518,1.0,touchdown,0.3,0.01,False,False,False,False,False,nan,nan,nan,,0.07866319972861308,0.07866319972861308,-0.0007769968218566403,-0.0007769968218566403,clearance_ground+foot_ground_before_ready,clearance_ground+foot_ground_before_ready,0,0,-x10,-x10
20260803,1519,1.0,touchdown,0.3,0.01,False,False,False,False,False,nan,nan,nan,,0.11122353868746146,0.11122353868746146,-0.032155538149915244,-0.032155538149915244,clearance_ground+foot_ground_before_ready,clearance_ground+foot_ground_before_ready,0,0,-x10,-x10
20260803,1520,1.0,touchdown,0.3,0.01,True,True,True,True,True,0.007488439595831364,0.007488439595831364,0.0,False,0.00710726408953738,0.00710726408953738,0.038035798031308354,0.038035798031308354,success,success,0,0,+x8,+x8
20260803,1521,1.0,mid_cross,0.3,0.02,False,False,False,False,False,nan,nan,nan,,0.4945204952673218,0.5530980968409384,0.052382212760633894,0.022186377706162098,clearance_ground+foot_ground_before_ready,clearance_ground+foot_ground_before_ready,0,1,+x26,+x5|-x10
20260803,1522,1.0,mid_cross,0.3,0.02,True,False,True,False,False,0.5906500020738299,nan,nan,,1.1390653318138402,0.6314595484515197,0.07728582277090568,0.06509699410662784,success,clearance_ground+foot_ground_before_ready,0,1,+x13,+x4|-x9
20260803,1523,1.0,mid_cross,0.3,0.02,False,False,False,False,False,nan,nan,nan,,0.18176148637015369,0.23688060680767495,-0.060357124163659605,-0.05997827882460031,clearance_ground+foot_ground_before_ready,clearance_ground+foot_ground_before_ready,0,1,+x17,+x2|-x17
20260803,1524,1.0,mid_cross,0.3,0.02,False,False,False,False,False,nan,nan,nan,,1.321413349825842,0.9608581289375053,0.08951878842817028,0.03038418384691287,clearance_ground+foot_ground_before_ready,clearance_ground+foot_ground_before_ready,0,1,+x25,+x5|-x8
20260803,1525,1.0,touchdown,0.3,0.02,True,True,True,True,True,0.05334830442353317,0.05334830442353317,0.0,False,0.011046604461273792,0.011046604461273792,0.008298308830770734,0.008298308830770734,success,success,0,0,+x6,+x6
20260803,1526,1.0,mid_cross,0.3,0.02,False,False,False,False,False,nan,nan,nan,,0.7316024649160656,0.866670759871474,0.02520098784050699,0.03544481106014433,clearance_ground+foot_ground_before_ready,clearance_ground+foot_ground_before_ready,0,1,+x30,+x9|-x24
20260803,1527,1.0,mid_cross,0.3,0.02,False,False,False,False,False,nan,nan,nan,,0.3836461279592995,0.15142842566036196,-0.04816396469425234,-0.02766798694306411,clearance_ground+foot_ground_before_ready,clearance_ground+foot_ground_before_ready,0,1,+x27,+x2|-x10
20260803,1528,1.0,pre_cross,0.3,0.02,False,False,False,False,False,nan,nan,nan,,0.34228115393811215,0.3205344590396797,0.03611901762706239,0.04012439985681429,clearance_ground+foot_ground_before_ready,clearance_ground+foot_ground_before_ready,0,1,+x23,+x4|-x19
20260803,1529,1.0,touchdown,0.3,0.02,True,True,False,False,False,nan,nan,nan,,0.018899528176003218,0.018899528176003218,-0.007078520404017075,-0.007078520404017075,success,success,0,0,+x8,+x8
20260803,1530,1.0,touchdown,0.3,0.02,True,True,False,False,False,nan,nan,nan,,0.38399885710570414,0.38399885710570414,-0.023131812023777926,-0.023131812023777926,success,success,0,0,-x8,-x8
20260803,1531,1.0,touchdown,0.3,0.02,True,True,False,False,False,nan,nan,nan,,0.03382533579118091,0.03382533579118091,-0.0070420119773131895,-0.0070420119773131895,success,success,0,0,-x4,-x4
20260803,1532,1.0,mid_cross,0.3,0.02,False,False,False,False,False,nan,nan,nan,,0.6203348103686727,0.6324482351961098,0.04683637319374451,0.03688190724098005,clearance_ground+foot_ground_before_ready,clearance_ground+foot_ground_before_ready,0,1,+x15,+x5|-x8
20260803,1533,1.0,mid_cross,0.3,0.02,False,False,False,False,False,nan,nan,nan,,0.4180237273129755,0.4610285981351306,0.050764610655125816,0.023796780097236212,clearance_ground+foot_ground_before_ready,clearance_ground+foot_ground_before_ready,0,1,+x28,+x5|-x12
20260803,1534,1.0,mid_cross,0.3,0.02,False,False,False,False,False,nan,nan,nan,,0.2784386369537034,0.1855680508436291,-0.00990362866553477,-0.008842395326836436,clearance_ground+foot_ground_before_ready,clearance_ground+foot_ground_before_ready,0,1,+x23,+x2|-x10
20260803,1535,1.0,mid_cross,0.3,0.02,False,False,False,False,False,nan,nan,nan,,0.11076792510416741,0.08924750152143908,0.027950508416931738,0.027938415586903603,clearance_ground+foot_ground_before_ready,clearance_ground+foot_ground_before_ready,0,1,+x14,+x3|-x11
20260803,1536,1.0,touchdown,0.3,0.02,True,True,False,False,False,nan,nan,nan,,0.45061729018392427,0.45061729018392427,-0.008206442195621472,-0.008206442195621472,success,success,0,0,-x6,-x6
20260803,1537,1.0,pre_cross,0.3,0.02,False,False,False,False,False,nan,nan,nan,,1.7165989831391062,0.408950729847518,-0.025188534540420346,-0.03079490605441465,clearance_ground+foot_ground_before_ready,clearance_ground+foot_ground_before_ready,0,1,+x10,+x3|-x6
20260803,1538,1.0,touchdown,0.3,0.02,True,True,False,False,False,nan,nan,nan,,0.3507191181753122,0.3507191181753122,-0.02677988632219727,-0.02677988632219727,success,success,0,0,-x6,-x6
20260803,1539,1.0,touchdown,0.3,0.02,False,False,False,False,False,nan,nan,nan,,0.06445891680381619,0.06445891680381619,-0.002088029832341659,-0.002088029832341659,clearance_ground+foot_ground_before_ready,clearance_ground+foot_ground_before_ready,0,0,-x12,-x12
20260803,1540,1.0,mid_cross,0.3,0.02,False,False,False,False,False,nan,nan,nan,,0.5983294805956267,0.38908837011773,0.010699140969678125,-0.002301327082089341,clearance_ground+foot_ground_before_ready,clearance_ground+foot_ground_before_ready,0,1,+x21,+x4|-x9
20260803,1541,1.0,mid_cross,0.3,0.02,False,False,False,False,False,nan,nan,nan,,0.5296689167215249,1.0409223310098628,0.0008943591501765283,0.01252534202851125,clearance_ground+foot_ground_before_ready,clearance_ground+foot_ground_before_ready,0,1,+x27,+x11|-x24
20260803,1542,1.0,mid_cross,0.3,0.02,False,False,False,False,False,nan,nan,nan,,0.43238435883867204,0.31442303601499116,-0.009612933146566652,-0.012176500166317689,clearance_ground+foot_ground_before_ready,clearance_ground+foot_ground_before_ready,0,1,+x14,+x3|-x9
20260803,1543,1.0,mid_cross,0.3,0.02,False,False,False,False,False,nan,nan,nan,,0.06301936685476543,0.06301936685476543,-0.02036793438694212,-0.02036793438694212,clearance_ground+foot_ground_before_ready,clearance_ground+foot_ground_before_ready,0,0,-x8,-x8
20260803,1544,1.0,pre_cross,0.3,0.02,False,False,False,False,False,nan,nan,nan,,1.3359718608358997,0.7038497747801202,0.04884446211905499,0.04266824545347883,clearance_ground+foot_ground_before_ready,clearance_ground+foot_ground_bad_clearance,0,1,+x12,+x5|-x7
20260803,1545,1.0,touchdown,0.3,0.02,True,True,False,False,False,nan,nan,nan,,0.09977634416221,0.09977634416221,-0.034671744138621896,-0.034671744138621896,success,success,0,0,-x9,-x9
20260803,1546,1.0,pre_cross,0.3,0.02,True,False,True,False,False,0.49178968941099277,nan,nan,,1.2453228872517976,2.1143408372718895,0.10148081842277809,0.035497252556003056,success,clearance_ground+foot_ground_before_ready,0,2,+x18,+x8|-x31|+x1
20260803,1547,1.0,mid_cross,0.3,0.02,False,False,False,False,False,nan,nan,nan,,0.8238797037328908,0.5636494405862547,0.06098339007761257,0.04391677144326667,clearance_ground+foot_ground_before_ready,clearance_ground+foot_ground_before_ready,0,1,+x12,+x4|-x6
20260803,1548,1.0,pre_cross,0.3,0.02,False,False,False,False,False,nan,nan,nan,,0.6343694889378247,0.44168936871138453,-0.008127225671069271,-0.0005173825764349937,clearance_ground+foot_ground_before_ready,clearance_ground+foot_ground_before_ready,0,1,+x26,+x4|-x10
20260803,1549,1.0,touchdown,0.3,0.02,False,False,False,False,False,nan,nan,nan,,0.1946165833299024,0.19440643045938044,-0.0029400353276576585,-0.0029621743417060087,clearance_ground+foot_ground_before_ready,clearance_ground+foot_ground_before_ready,0,2,-x10,-x3|+x2|-x5
20260803,1550,1.0,touchdown,0.3,0.02,True,True,True,True,True,0.01867203134504045,0.01867203134504045,0.0,False,0.011496317114409297,0.011496317114409297,0.02467451230926543,0.02467451230926543,success,success,0,0,+x6,+x6
20260803,1551,1.0,touchdown,0.3,0.02,True,True,True,True,True,0.057674375622350664,0.2556333319052224,0.19795895628287175,False,0.018160056976748225,0.07830572770966024,0.012618731968172398,0.012276016395023098,success,success,0,1,+x5,+x4|-x1
20260803,1552,1.0,mid_cross,0.3,0.02,False,False,False,False,False,nan,nan,nan,,0.33396458215598035,0.295168538086006,0.07097135416855194,0.04672068251790981,clearance_ground+foot_ground_before_ready,clearance_ground+foot_ground_before_ready,0,1,+x15,+x3|-x9
20260803,1553,1.0,pre_cross,0.3,0.02,False,False,False,False,False,nan,nan,nan,,1.202525803551683,0.5727177367380724,0.036935669981859424,0.0011226794711649418,clearance_ground+foot_ground_before_ready,clearance_ground+foot_ground_bad_clearance,0,1,+x27,+x4|-x8
20260803,1554,1.0,mid_cross,0.3,0.02,False,False,False,False,False,nan,nan,nan,,0.31838330991950303,0.074381120440277,-0.05742776319378917,-0.022599339924989928,clearance_ground+foot_ground_before_ready,clearance_ground+foot_ground_bad_clearance,0,1,+x21,+x1|-x7
20260803,1555,1.0,touchdown,0.3,0.02,True,True,True,True,True,0.09978346086829101,0.09978346086829101,0.0,False,0.023244932403933185,0.023244932403933185,0.009335791314816932,0.009335791314816932,success,success,0,0,+x6,+x6
20260803,1556,1.0,mid_cross,0.3,0.02,False,False,False,False,False,nan,nan,nan,,0.3454140027343681,0.10235597246610606,-0.0027937808689329907,-0.011895107846053674,clearance_ground+foot_ground_before_ready,clearance_ground+foot_ground_before_ready,0,1,+x26,+x2|-x8
20260803,1557,1.0,mid_cross,0.3,0.02,False,False,False,False,False,nan,nan,nan,,0.29931314234599804,0.3232654065778128,0.07029306336704581,0.08335733048901445,clearance_ground+foot_ground_before_ready,clearance_ground+foot_ground_before_ready,0,1,+x23,+x12|-x13
20260803,1558,1.0,mid_cross,0.3,0.02,False,False,False,False,False,nan,nan,nan,,0.6080067496046397,0.6855805489758064,0.13733417744149562,0.08173710441138175,clearance_ground+foot_ground_before_ready,clearance_ground+foot_ground_before_ready,0,1,+x26,+x4|-x12
20260803,1559,1.0,mid_cross,0.3,0.02,False,False,False,False,False,nan,nan,nan,,1.0967901455861253,0.8264602322354985,0.04823236506757422,0.04033340589451556,clearance_ground+foot_ground_bad_clearance,clearance_ground+foot_ground_bad_clearance,0,1,+x14,+x5|-x8
20260803,1560,1.0,mid_cross,0.3,0.02,False,False,False,False,False,nan,nan,nan,,0.6325023726260193,0.6785808596851085,0.09051908279255047,0.04798397199967066,clearance_ground+foot_ground_before_ready,clearance_ground+foot_ground_before_ready,0,1,+x26,+x7|-x8
20260803,1561,1.0,touchdown,0.35,0.0,True,True,False,False,False,nan,nan,nan,,0.005220667403828344,0.005220667403828344,0.000685487942425983,0.000685487942425983,success,success,0,0,+x2,+x2
20260803,1562,1.0,touchdown,0.35,0.0,True,True,False,False,False,nan,nan,nan,,0.995298374062329,0.995298374062329,-0.030931166315919134,-0.030931166315919134,success,success,0,0,-x6,-x6
20260803,1563,1.0,touchdown,0.35,0.0,True,True,False,False,False,nan,nan,nan,,0.7352743911405654,0.7352743911405654,-0.022926825151933117,-0.022926825151933117,success,success,0,0,-x8,-x8
20260803,1564,1.0,touchdown,0.35,0.0,True,True,True,True,True,1.1281785649470468,0.8565478310433114,-0.2716307339037354,True,0.1869446510650866,0.20545985380218074,0.0066407420336899725,0.009612951818117277,success,success,0,2,-x6,-x2|+x3|-x2
20260803,1565,1.0,touchdown,0.35,0.0,False,False,False,False,False,nan,nan,nan,,0.12333934144177464,0.12333934144177464,-0.019330616188943828,-0.019330616188943828,clearance_ground+foot_ground_before_ready,clearance_ground+foot_ground_before_ready,0,0,-x10,-x10
20260803,1566,1.0,mid_cross,0.35,0.0,False,False,False,False,False,nan,nan,nan,,0.4216371535619365,0.3938837253296744,0.0726769472828368,0.05137539253731846,clearance_ground+foot_ground_before_ready,clearance_ground+foot_ground_before_ready,0,1,+x20,+x8|-x7
20260803,1567,1.0,mid_cross,0.35,0.0,False,False,False,False,False,nan,nan,nan,,0.28333979332507253,0.3169535350570206,0.016830683340931588,0.014653061987521157,clearance_ground+foot_ground_before_ready,clearance_ground+foot_ground_before_ready,0,1,+x23,+x5|-x15
20260803,1568,1.0,mid_cross,0.35,0.0,False,False,False,False,False,nan,nan,nan,,0.43566979532994665,0.4349975083091442,-0.006585083772197076,-0.002236029181967719,clearance_ground+foot_ground_before_ready,clearance_ground+foot_ground_before_ready,0,1,+x20,+x11|-x12
20260803,1569,1.0,mid_cross,0.35,0.0,False,False,False,False,False,nan,nan,nan,,0.10710031982735498,0.10710031982735498,-0.015778533155554858,-0.015778533155554858,clearance_ground+foot_ground_before_ready,clearance_ground+foot_ground_before_ready,0,0,-x12,-x12
20260803,1570,1.0,mid_cross,0.35,0.0,False,False,False,False,False,nan,nan,nan,,0.8751667531735996,0.5828007368672261,0.07078184144916072,0.02389496944551417,clearance_ground+foot_ground_before_ready,clearance_ground+foot_ground_before_ready,0,1,+x23,+x5|-x8
20260803,1571,1.0,touchdown,0.35,0.0,True,True,False,False,False,nan,nan,nan,,0.355099004885308,0.355099004885308,-0.013082070134791457,-0.013082070134791457,success,success,0,0,-x7,-x7
20260803,1572,1.0,pre_cross,0.35,0.0,False,False,False,False,False,nan,nan,nan,,0.8795003792090288,0.8738959500736423,0.10836930627821682,0.057939534610551416,clearance_ground+foot_ground_before_ready,clearance_ground+foot_ground_before_ready,0,1,+x27,+x7|-x9
20260803,1573,1.0,touchdown,0.35,0.0,True,True,True,True,True,0.013625971896000377,0.20828981280921677,0.1946638409132164,False,0.0071652136722484445,0.10750199324691873,0.021073810359385547,0.020683779419215786,success,success,0,1,+x7,+x6|-x1
20260803,1574,1.0,mid_cross,0.35,0.0,False,False,False,False,False,nan,nan,nan,,0.38294615488898504,0.4534181219490728,0.014612819162307802,0.01497238481203382,clearance_ground+foot_ground_before_ready,clearance_ground+foot_ground_before_ready,0,1,+x23,+x9|-x14
20260803,1575,1.0,mid_cross,0.35,0.0,False,False,False,False,False,nan,nan,nan,,0.5582946410874405,0.5998953222154426,0.02659793049549872,0.008925342810066909,clearance_ground+foot_ground_before_ready,clearance_ground+foot_ground_before_ready,0,1,+x23,+x4|-x9
20260803,1576,1.0,touchdown,0.35,0.0,False,False,False,False,False,nan,nan,nan,,0.3077805612847219,0.3077805612847219,-0.030343829496616986,-0.030343829496616986,clearance_ground+foot_ground_before_ready,clearance_ground+foot_ground_before_ready,0,0,-x10,-x10
20260803,1577,1.0,pre_cross,0.35,0.0,False,False,False,False,False,nan,nan,nan,,0.7005860032381986,0.7005860032381986,-0.002898605595906878,-0.002898605595906878,clearance,clearance,0,1,+x10,+x6|-x4
20260803,1578,1.0,touchdown,0.35,0.0,False,False,False,False,False,nan,nan,nan,,0.38357042096568983,0.38357042096568983,-0.0454797507013881,-0.0454797507013881,clearance_ground+foot_ground_before_ready,clearance_ground+foot_ground_before_ready,0,0,-x11,-x11
20260803,1579,1.0,touchdown,0.35,0.0,False,False,False,False,False,nan,nan,nan,,0.013215804882497555,0.2036765197500088,-0.00036777786949343527,-0.003882052871642505,clearance_ground+foot_ground_before_ready,clearance_ground+foot_ground_before_ready,0,1,+x12,+x5|-x6
20260803,1580,1.0,mid_cross,0.35,0.0,False,False,False,False,False,nan,nan,nan,,0.41138864093711414,0.5988660340300174,-0.03998641717827742,-0.03695834920247723,clearance_ground+foot_ground_before_ready,clearance_ground+foot_ground_before_ready,0,1,+x23,+x6|-x19
20260803,1581,1.0,mid_cross,0.35,0.0,False,False,False,False,False,nan,nan,nan,,0.41341746988180345,0.09608441811555443,-0.02950511351424307,-0.022250926130804344,clearance_ground+foot_ground_before_ready,clearance_ground+foot_ground_bad_clearance,0,1,+x14,+x2|-x7
20260803,1582,1.0,touchdown,0.35,0.0,True,True,True,True,True,0.025275776263582322,0.025275776263582322,0.0,False,0.012563818864010718,0.012563818864010718,0.019920423839838747,0.019920423839838747,success,success,0,0,+x4,+x4
20260803,1583,1.0,pre_cross,0.35,0.0,False,False,False,False,False,nan,nan,nan,,0.962742901291046,1.0615044224951997,0.009416371958440658,0.0036970461450233968,clearance_ground+foot_ground_before_ready,clearance_ground+foot_ground_before_ready,0,1,+x28,+x6|-x16
20260803,1584,1.0,pre_cross,0.35,0.0,False,False,False,False,False,nan,nan,nan,,0.8512986519890455,0.808542205893919,0.0017327886249589829,0.0009227692356061218,clearance_ground+foot_ground_before_ready,clearance_ground+foot_ground_before_ready,0,1,+x12,+x5|-x7
20260803,1585,1.0,touchdown,0.35,0.0,True,True,False,False,False,nan,nan,nan,,0.12355170691994348,0.12355170691994348,-0.006360085323013381,-0.006360085323013381,success,success,0,0,-x3,-x3
20260803,1586,1.0,mid_cross,0.35,0.0,False,False,False,False,False,nan,nan,nan,,0.4746751504763393,0.762424967036268,-0.07480238998977601,-0.08317544365530538,clearance_ground+foot_ground_before_ready,clearance_ground+foot_ground_before_ready,0,1,+x24,+x9|-x20
20260803,1587,1.0,mid_cross,0.35,0.0,False,False,False,False,False,nan,nan,nan,,1.2729395027897612,0.7392741629417571,0.03931741018587229,0.02816889520230917,clearance_ground+foot_ground_before_ready,clearance_ground+foot_ground_bad_clearance,0,1,+x14,+x5|-x7
20260803,1588,1.0,touchdown,0.35,0.0,True,True,False,False,False,nan,nan,nan,,0.2855803691373936,0.2717076319646815,-0.0007951311583044851,0.0006749291421135617,success,success,0,4,-x7,-x2|+x2|-x1|+x1|-x1
20260803,1589,1.0,mid_cross,0.35,0.0,False,False,False,False,False,nan,nan,nan,,0.5364364201698448,0.6072820656897662,-0.0032190442187236684,-0.0052038631564512786,clearance_ground+foot_ground_before_ready,clearance_ground+foot_ground_before_ready,0,1,+x22,+x4|-x12
20260803,1590,1.0,mid_cross,0.35,0.0,False,False,False,False,False,nan,nan,nan,,0.23105305978192614,0.2419583773261753,0.026367665453381442,0.030384520791833885,clearance_ground+foot_ground_before_ready,clearance_ground+foot_ground_before_ready,0,1,+x18,+x11|-x8
20260803,1591,1.0,mid_cross,0.35,0.0,False,False,False,False,False,nan,nan,nan,,0.24263902935689752,0.3717668970983375,-0.039706983041569,-0.039545517800093466,clearance_ground+foot_ground_before_ready,clearance_ground+foot_ground_before_ready,0,1,+x21,+x3|-x22
20260803,1592,1.0,pre_cross,0.35,0.0,False,False,False,False,False,nan,nan,nan,,0.5765171075138796,0.17821248271463308,-0.007289376172031162,-0.008077479063414968,clearance_ground+foot_ground_before_ready,clearance_ground+foot_ground_bad_clearance,0,1,+x11,+x2|-x5
20260803,1593,1.0,touchdown,0.35,0.0,True,True,True,True,True,0.022857582100926366,0.3925449900703697,0.3696874079694433,False,0.011855035014123471,0.16754823085005066,0.020785188294066503,0.017105344213949797,success,success,0,1,+x9,+x6|-x2
20260803,1594,1.0,touchdown,0.35,0.0,False,False,False,False,False,nan,nan,nan,,0.33483037831331075,0.33483037831331075,-0.0026349943892935296,-0.0026349943892935296,clearance_ground+foot_ground_before_ready,clearance_ground+foot_ground_before_ready,0,0,-x11,-x11
20260803,1595,1.0,mid_cross,0.35,0.0,False,False,False,False,False,nan,nan,nan,,0.40216969382119083,0.4535026235140336,0.0019408156351412853,-0.002489715551127064,clearance_ground+foot_ground_before_ready,clearance_ground+foot_ground_before_ready,0,1,+x12,+x3|-x8
20260803,1596,1.0,touchdown,0.35,0.0,False,False,False,False,False,nan,nan,nan,,0.26784455607849855,0.26784455607849855,-0.019301137388537087,-0.019301137388537087,clearance_ground+foot_ground_before_ready,clearance_ground+foot_ground_before_ready,0,0,-x10,-x10
20260803,1597,1.0,touchdown,0.35,0.0,True,True,True,True,True,0.11949843677501298,0.11949843677501298,0.0,False,0.016840406848060204,0.016840406848060204,0.005647701904787639,0.005647701904787639,success,success,0,0,+x4,+x4
20260803,1598,1.0,touchdown,0.35,0.0,True,True,False,False,False,nan,nan,nan,,0.3095891775160982,0.3095891775160982,-0.005604843054788283,-0.005604843054788283,success,success,0,0,-x7,-x7
20260803,1599,1.0,touchdown,0.35,0.0,True,True,True,True,True,0.04885721138571591,0.04885721138571591,0.0,False,0.014258308885291863,0.014258308885291863,0.01169555280583992,0.01169555280583992,success,success,0,0,+x8,+x8
20260803,1600,1.0,mid_cross,0.35,0.0,False,False,False,False,False,nan,nan,nan,,0.7468234277406941,0.7520308429994346,0.036956484009434874,0.03982024014425807,clearance_ground+foot_ground_before_ready,clearance_ground+foot_ground_before_ready,0,1,+x23,+x10|-x15
20260803,1601,1.0,mid_cross,0.35,0.01,False,False,False,False,False,nan,nan,nan,,0.5438516559938725,0.5562873156356185,0.10863718984989829,0.128426458274843,clearance_ground+foot_ground_before_ready,clearance_ground+foot_ground_before_ready,0,1,+x24,+x11|-x16
20260803,1602,1.0,touchdown,0.35,0.01,True,True,True,True,True,0.14651351502501225,0.14651351502501225,0.0,False,0.012655990675792216,0.012655990675792216,0.003461783224159326,0.003461783224159326,success,success,0,0,+x4,+x4
20260803,1603,1.0,touchdown,0.35,0.01,True,True,True,True,True,0.007942033473632992,0.6501748183367793,0.6422327848631463,False,0.005450361119710341,0.26720548675400074,0.027502677434182193,0.016470115210773517,success,success,0,3,+x9,+x2|-x1|+x2|-x2
20260803,1604,1.0,pre_cross,0.35,0.01,False,False,False,False,False,nan,nan,nan,,1.7345949024006513,1.3109742325591829,0.053302846156035665,0.04918055784177657,clearance,clearance_ground+foot_ground_bad_clearance,0,1,+x11,+x6|-x5
20260803,1605,1.0,pre_cross,0.35,0.01,False,False,False,False,False,nan,nan,nan,,1.0728719831800506,1.1295506096433836,-0.02084691240274214,-0.021128137956193102,clearance_ground+foot_ground_before_ready,speed,0,1,+x25,+x11|-x5
20260803,1606,1.0,touchdown,0.35,0.01,False,False,False,False,False,nan,nan,nan,,0.29335047896082134,0.29335047896082134,-0.019736367749985106,-0.019736367749985106,clearance_ground+foot_ground_before_ready,clearance_ground+foot_ground_before_ready,0,0,-x11,-x11
20260803,1607,1.0,mid_cross,0.35,0.01,False,False,False,False,False,nan,nan,nan,,0.4628785354420312,0.5659490962969209,-0.006176856912316234,-0.001052680907082857,clearance_ground+foot_ground_before_ready,clearance_ground+foot_ground_before_ready,0,1,+x21,+x9|-x16
20260803,1608,1.0,touchdown,0.35,0.01,False,False,False,False,False,nan,nan,nan,,0.00799389556450976,0.11939963075236577,0.0035422253020616634,-0.00020235245920097178,clearance_ground+foot_ground_before_ready,clearance_ground+foot_ground_before_ready,0,1,+x9,+x2|-x6
20260803,1609,1.0,mid_cross,0.35,0.01,False,False,False,False,False,nan,nan,nan,,0.6692421922295289,0.6716602074575894,-0.03453717377531202,-0.02637207309467727,clearance_ground+foot_ground_before_ready,clearance_ground+foot_ground_before_ready,0,1,+x21,+x6|-x8
20260803,1610,1.0,mid_cross,0.35,0.01,False,False,False,False,False,nan,nan,nan,,0.8979798116805376,0.618255257702237,0.019997870846496166,0.001982453415870479,clearance_ground+foot_ground_before_ready,clearance_ground+foot_ground_before_ready,0,1,+x26,+x4|-x8
20260803,1611,1.0,mid_cross,0.35,0.01,False,False,False,False,False,nan,nan,nan,,0.6886558704241937,0.5439821749672716,-0.025806148304628927,-0.023776335519691154,clearance_ground+foot_ground_before_ready,clearance_ground+foot_ground_before_ready,0,1,+x29,+x4|-x11
20260803,1612,1.0,touchdown,0.35,0.01,True,True,True,True,True,0.009668902441770554,0.009668902441770554,0.0,False,0.004150004508962021,0.004150004508962021,0.017200964550142916,0.017200964550142916,success,success,0,0,+x8,+x8
20260803,1613,1.0,mid_cross,0.35,0.01,False,False,False,False,False,nan,nan,nan,,0.5748509855833488,0.35880115984850997,0.0032790685273889203,-0.0058841663559555946,clearance_ground+foot_ground_before_ready,clearance_ground+foot_ground_before_ready,0,1,+x24,+x3|-x7
20260803,1614,1.0,mid_cross,0.35,0.01,False,False,False,False,False,nan,nan,nan,,0.6015058251979776,0.6895266488715294,-0.012822068018457021,-0.007114440650425515,clearance_ground+foot_ground_before_ready,clearance_ground+foot_ground_before_ready,0,1,+x26,+x7|-x22
20260803,1615,1.0,mid_cross,0.35,0.01,False,False,False,False,False,nan,nan,nan,,0.5356399988901527,0.5534341500672817,0.027668179538356916,0.020286668700955662,clearance_ground+foot_ground_before_ready,clearance_ground+foot_ground_before_ready,0,1,+x12,+x4|-x7
20260803,1616,1.0,mid_cross,0.35,0.01,False,False,False,False,False,nan,nan,nan,,1.0827280435790723,1.1601685919974294,-0.004019581124157151,-0.04564477089410231,clearance_ground+foot_ground_before_ready,clearance_ground+foot_ground_before_ready,0,1,+x39,+x11|-x18
20260803,1617,1.0,touchdown,0.35,0.01,True,True,True,True,True,0.007413770324268412,0.007413770324268412,0.0,False,0.004452909684783412,0.004452909684783412,0.024070558635608696,0.024070558635608696,success,success,0,1,+x8,+x5|-x3
20260803,1618,1.0,touchdown,0.35,0.01,True,True,True,True,True,0.0070470097087394585,0.0070470097087394585,0.0,False,0.0028074020319435976,0.0028074020319435976,0.01596544950627063,0.01596544950627063,success,success,0,0,+x4,+x4
20260803,1619,1.0,mid_cross,0.35,0.01,False,False,False,False,False,nan,nan,nan,,0.1421937889965641,0.1479821954881313,-0.041146003606529896,-0.04482317579420966,clearance_ground+foot_ground_before_ready,clearance_ground+foot_ground_before_ready,0,1,+x16,+x5|-x14
20260803,1620,1.0,touchdown,0.35,0.01,True,True,False,False,False,nan,nan,nan,,0.3066359348566515,0.3066359348566515,-0.019658126590474806,-0.019658126590474806,success,success,0,0,-x6,-x6
20260803,1621,1.0,mid_cross,0.35,0.01,False,False,False,False,False,nan,nan,nan,,0.11661739354179454,0.10954581066663412,0.03491037197066421,0.030635547758082707,clearance_ground+foot_ground_before_ready,clearance_ground+foot_ground_before_ready,0,1,+x15,+x6|-x7
20260803,1622,1.0,mid_cross,0.35,0.01,False,False,False,False,False,nan,nan,nan,,0.6472098888026943,0.7320524212673927,0.013037135542852317,0.021654154056778896,clearance_ground+foot_ground_before_ready,clearance_ground+foot_ground_before_ready,0,1,+x23,+x7|-x20
20260803,1623,1.0,mid_cross,0.35,0.01,False,False,False,False,False,nan,nan,nan,,0.40137018450632833,0.4923198938356081,0.07920044941383972,0.04188791146810381,clearance_ground+foot_ground_before_ready,clearance_ground+foot_ground_before_ready,0,1,+x22,+x3|-x11
20260803,1624,1.0,mid_cross,0.35,0.01,False,False,False,False,False,nan,nan,nan,,0.49353032635869326,0.6767850279796679,0.04146171591225342,0.021115459791629154,clearance_ground+foot_ground_before_ready,clearance_ground+foot_ground_before_ready,0,4,+x16,+x5|-x6|+x1|-x1|+x1
20260803,1625,1.0,mid_cross,0.35,0.01,False,False,False,False,False,nan,nan,nan,,0.6459734948958353,0.7213956610364773,-0.012096932960496515,-0.012149895316011183,clearance_ground+foot_ground_before_ready,clearance_ground+foot_ground_before_ready,0,1,+x22,+x4|-x19
20260803,1626,1.0,touchdown,0.35,0.01,True,True,False,False,False,nan,nan,nan,,1.0399508927471977,1.0399508927471977,-0.024669924696184592,-0.024669924696184592,success,success,0,0,-x6,-x6
20260803,1627,1.0,mid_cross,0.35,0.01,False,False,False,False,False,nan,nan,nan,,0.27284528906341665,0.39001738945396824,-0.053272340320756534,-0.05225898973747092,clearance_ground+foot_ground_before_ready,clearance_ground+foot_ground_before_ready,0,1,+x21,+x2|-x18
20260803,1628,1.0,touchdown,0.35,0.01,True,True,False,False,False,nan,nan,nan,,0.2442553817243826,0.2442553817243826,-0.014363791856818076,-0.014363791856818076,success,success,0,0,-x5,-x5
20260803,1629,1.0,pre_cross,0.35,0.01,False,False,False,False,False,nan,nan,nan,,1.341040470202354,0.9567527158070109,0.13437544685177386,0.07009503381365967,clearance_ground+foot_ground_before_ready,clearance_ground+foot_ground_before_ready,0,1,+x26,+x6|-x10
20260803,1630,1.0,touchdown,0.35,0.01,True,True,True,True,True,0.0322650270054493,0.0322650270054493,0.0,False,0.027311607817883214,0.027311607817883214,0.033923186898951324,0.033923186898951324,success,success,0,0,+x9,+x9
20260803,1631,1.0,mid_cross,0.35,0.01,False,False,False,False,False,nan,nan,nan,,0.643495134444292,0.8052832930536766,-0.019771792341145712,-0.017038118779654818,clearance_ground+foot_ground_before_ready,clearance_ground+foot_ground_before_ready,0,1,+x24,+x8|-x20
20260803,1632,1.0,mid_cross,0.35,0.01,False,False,False,False,False,nan,nan,nan,,0.2725097358743873,0.26888754716714336,-0.00854109619830696,-0.007943994065849731,clearance_ground+foot_ground_before_ready,clearance_ground+foot_ground_before_ready,0,1,+x22,+x2|-x12
20260803,1633,1.0,pre_cross,0.35,0.01,False,False,False,False,False,nan,nan,nan,,1.2091952236008698,0.8740414765365543,0.01128288765944438,0.009145850492166104,clearance_ground+foot_ground_bad_clearance,clearance_ground+foot_ground_bad_clearance,0,1,+x10,+x5|-x5
20260803,1634,1.0,mid_cross,0.35,0.01,False,False,False,False,False,nan,nan,nan,,0.6058510456089209,0.4363820955575331,0.027140444129111374,0.01042829906894488,clearance_ground+foot_ground_before_ready,clearance_ground+foot_ground_before_ready,0,1,+x15,+x4|-x8
20260803,1635,1.0,mid_cross,0.35,0.01,False,False,False,False,False,nan,nan,nan,,0.1396477116077667,0.3153913144044034,0.026537355384865575,0.02114864439018351,clearance_ground+foot_ground_before_ready,clearance_ground+foot_ground_before_ready,0,3,+x14,+x7|-x1|+x1|-x4
20260803,1636,1.0,mid_cross,0.35,0.01,False,False,False,False,False,nan,nan,nan,,0.16852649636465972,0.19641859693730218,-0.016537414727623267,-0.00974480354419506,clearance_ground+foot_ground_before_ready,clearance_ground+foot_ground_before_ready,0,1,+x24,+x3|-x14
20260803,1637,1.0,mid_cross,0.35,0.01,False,False,False,False,False,nan,nan,nan,,1.49523924574539,1.18614024035366,0.06687996564671697,0.043145526975574694,clearance_ground+foot_ground_after_ready,clearance_ground+foot_ground_bad_clearance,0,1,+x17,+x8|-x6
20260803,1638,1.0,touchdown,0.35,0.01,True,True,True,True,True,0.08515273728381081,0.08515273728381081,0.0,False,0.01794056072479566,0.01794056072479566,0.008443428108745515,0.008443428108745515,success,success,0,0,+x8,+x8
20260803,1639,1.0,touchdown,0.35,0.01,False,False,False,False,False,nan,nan,nan,,0.01632897667146471,0.18154582516947165,0.0015771556384785446,-0.00026443985080829013,clearance_ground+foot_ground_before_ready,clearance_ground+foot_ground_before_ready,0,1,+x14,+x3|-x10
20260803,1640,1.0,touchdown,0.35,0.01,False,False,False,False,False,nan,nan,nan,,0.008453157335534924,0.30141228732694597,0.02968227643347285,0.0197237907715761,clearance_ground+foot_ground_before_ready,clearance_ground+foot_ground_before_ready,0,1,+x11,+x4|-x5
20260803,1641,1.0,mid_cross,0.35,0.02,False,False,False,False,False,nan,nan,nan,,0.30671007746098,0.33831359929737626,-0.007681123630491268,-0.009989214696022292,clearance_ground+foot_ground_before_ready,clearance_ground+foot_ground_before_ready,0,1,+x21,+x3|-x10
20260803,1642,1.0,touchdown,0.35,0.02,False,False,False,False,False,nan,nan,nan,,0.21020524875296648,0.21020524875296648,-0.0514535619815826,-0.0514535619815826,clearance_ground+foot_ground_before_ready,clearance_ground+foot_ground_before_ready,0,0,-x12,-x12
20260803,1643,1.0,mid_cross,0.35,0.02,False,False,False,False,False,nan,nan,nan,,1.355670600748041,1.0630960283482676,0.0372672034940478,0.027311255993413414,clearance_ground+foot_ground_before_ready,clearance_ground+foot_ground_bad_clearance,0,1,+x14,+x6|-x6
20260803,1644,1.0,touchdown,0.35,0.02,True,True,True,True,True,0.014219095246186775,0.014219095246186775,0.0,False,0.010300224428186032,0.010300224428186032,0.029030608209814013,0.029030608209814013,success,success,0,1,+x12,+x9|-x3
20260803,1645,1.0,touchdown,0.35,0.02,True,True,True,True,True,0.1278088062749386,0.3810020031190135,0.25319319684407493,False,0.04710152430375553,0.13734784741305794,0.014769153149307879,0.014446944648065896,success,success,0,1,+x9,+x8|-x1
20260803,1646,1.0,touchdown,0.35,0.02,False,False,False,False,False,nan,nan,nan,,0.28760331951488827,0.28760331951488827,-0.012437387556092028,-0.012437387556092028,clearance_ground+foot_ground_before_ready,clearance_ground+foot_ground_before_ready,0,0,-x10,-x10
20260803,1647,1.0,pre_cross,0.35,0.02,False,False,False,False,False,nan,nan,nan,,1.174455015068472,0.902534445815729,0.045142261364815583,0.03889810131054422,clearance_ground+foot_ground_bad_clearance,clearance_ground+foot_ground_bad_clearance,0,1,+x15,+x9|-x5
20260803,1648,1.0,mid_cross,0.35,0.02,True,False,True,False,False,0.3556553573307557,nan,nan,,0.8908498984928807,3.7990178107750006,0.10038217245366016,0.0008354512521197704,success,clearance_ground+foot_ground_before_ready,0,1,+x20,+x8|-x22
20260803,1649,1.0,pre_cross,0.35,0.02,False,False,False,False,False,nan,nan,nan,,0.6220636937830352,0.6220636937830352,-0.01772297341653331,-0.01772297341653331,clearance,clearance,0,1,+x10,+x5|-x5
20260803,1650,1.0,touchdown,0.35,0.02,True,True,False,False,False,nan,nan,nan,,0.19573091573029788,0.19573091573029788,-0.02884848389454378,-0.02884848389454378,success,success,0,0,-x7,-x7
20260803,1651,1.0,mid_cross,0.35,0.02,False,False,False,False,False,nan,nan,nan,,0.5026168653182961,0.556371875803045,0.14099034052216664,0.07446149498377122,clearance_ground+foot_ground_before_ready,clearance_ground+foot_ground_before_ready,0,7,+x27,+x6|-x1|+x1|-x1|+x1|-x1|+x2|-x3
20260803,1652,1.0,touchdown,0.35,0.02,False,False,False,False,False,nan,nan,nan,,0.2927783247102853,0.2927783247102853,-0.016538153129264294,-0.016538153129264294,clearance_ground+foot_ground_before_ready,clearance_ground+foot_ground_before_ready,0,0,-x10,-x10
20260803,1653,1.0,mid_cross,0.35,0.02,False,False,False,False,False,nan,nan,nan,,1.4499937999591554,1.222833218295462,0.2596347807895776,0.08689082831221046,q1_low_limit+q3_high_limit,clearance_ground+foot_ground_before_ready,0,1,+x32,+x7|-x8
20260803,1654,1.0,pre_cross,0.35,0.02,False,False,False,False,False,nan,nan,nan,,1.8353044819350715,0.9960182506707951,0.13222663463743117,0.058626054584782594,clearance_ground+foot_ground_before_ready,clearance_ground+foot_ground_bad_clearance,0,1,+x23,+x5|-x7
20260803,1655,1.0,mid_cross,0.35,0.02,False,False,False,False,False,nan,nan,nan,,0.4810993776975643,0.5090348691451815,0.10850585292468148,0.07557234078021613,clearance_ground+foot_ground_before_ready,clearance_ground+foot_ground_before_ready,0,1,+x23,+x4|-x13
20260803,1656,1.0,touchdown,0.35,0.02,True,True,False,False,False,nan,nan,nan,,0.25428195873778675,0.25428195873778675,-0.01176586913617797,-0.01176586913617797,success,success,0,0,-x6,-x6
20260803,1657,1.0,mid_cross,0.35,0.02,False,False,False,False,False,nan,nan,nan,,0.8194048831249474,0.848530161975695,0.06334781434351758,0.05974860126094274,clearance_ground+foot_ground_before_ready,clearance_ground+foot_ground_before_ready,0,1,+x27,+x10|-x16
20260803,1658,1.0,mid_cross,0.35,0.02,False,False,False,False,False,nan,nan,nan,,0.7252610152423344,0.7330441342353062,0.05712057674611197,0.04012055562172724,clearance_ground+foot_ground_before_ready,clearance_ground+foot_ground_bad_clearance,0,1,+x15,+x6|-x7
20260803,1659,1.0,mid_cross,0.35,0.02,False,False,False,False,False,nan,nan,nan,,0.27121975794081155,0.32849188241373684,-0.03115736972806065,-0.02904650034515601,clearance_ground+foot_ground_before_ready,clearance_ground+foot_ground_before_ready,0,1,+x20,+x10|-x12
20260803,1660,1.0,mid_cross,0.35,0.02,False,False,False,False,False,nan,nan,nan,,0.9124881703477931,0.8361787439365709,0.031295731195088564,0.010573270400275142,clearance_ground+foot_ground_before_ready,clearance_ground+foot_ground_before_ready,0,1,+x22,+x6|-x8
20260803,1661,1.0,pre_cross,0.35,0.02,False,False,False,False,False,nan,nan,nan,,1.0643234933499357,0.7353703474044355,-0.009690467412399238,-0.011150514728154533,clearance_ground+foot_ground_before_ready,clearance_ground+foot_ground_bad_clearance,0,1,+x11,+x5|-x5
20260803,1662,1.0,pre_cross,0.35,0.02,False,False,False,False,False,nan,nan,nan,,1.4236930875354878,0.7397750795960689,0.012815913699780128,0.006286585514248218,clearance_ground+foot_ground_before_ready,clearance_ground+foot_ground_bad_clearance,0,1,+x12,+x5|-x6
20260803,1663,1.0,touchdown,0.35,0.02,True,False,True,False,False,0.025936776431495258,nan,nan,,0.011293417919089868,0.1015618708300802,0.017449814385314566,0.027076629133820057,success,clearance_ground+foot_ground_before_ready,0,1,+x10,+x7|-x8
20260803,1664,1.0,mid_cross,0.35,0.02,False,False,False,False,False,nan,nan,nan,,0.8949372553600221,0.9171286606025101,-0.017612788803347018,-0.014373660427539445,clearance_ground+foot_ground_before_ready,clearance_ground+foot_ground_before_ready,0,1,+x25,+x5|-x8
20260803,1665,1.0,pre_cross,0.35,0.02,False,False,False,False,False,nan,nan,nan,,0.8779090744886845,0.820381596723714,0.035825558640547435,0.020077812650976877,speed,clearance_ground+foot_ground_before_ready,0,1,+x16,+x5|-x7
20260803,1666,1.0,touchdown,0.35,0.02,True,True,True,True,True,0.060194992506744496,0.060194992506744496,0.0,False,0.007369310199844455,0.007369310199844455,0.004906229773287085,0.004906229773287085,success,success,0,0,+x4,+x4
20260803,1667,1.0,mid_cross,0.35,0.02,False,False,False,False,False,nan,nan,nan,,0.7080111821808981,0.7950626253511501,0.11531561796195672,0.05059939878976394,q1_low_limit,clearance_ground+foot_ground_before_ready,0,1,+x23,+x5|-x8
20260803,1668,1.0,mid_cross,0.35,0.02,False,False,False,False,False,nan,nan,nan,,0.26914551706497347,0.16026596966465068,-0.023489707223872697,-0.013991666310276929,clearance_ground+foot_ground_before_ready,clearance_ground+foot_ground_before_ready,0,1,+x24,+x2|-x11
20260803,1669,1.0,touchdown,0.35,0.02,False,False,False,False,False,nan,nan,nan,,0.5207280464231505,0.5207280464231505,-0.02006617237647093,-0.02006617237647093,clearance_ground+foot_ground_before_ready,clearance_ground+foot_ground_before_ready,0,0,-x11,-x11
20260803,1670,1.0,pre_cross,0.35,0.02,False,False,False,False,False,nan,nan,nan,,1.1832414770062163,1.2724276356091504,0.043201261236487036,0.04731281721414347,clearance_ground+foot_ground_before_ready,clearance_ground+foot_ground_before_ready,0,1,+x30,+x7|-x21
20260803,1671,1.0,touchdown,0.35,0.02,False,False,False,False,False,nan,nan,nan,,0.15204626130403298,0.15204626130403298,-0.014597355982211152,-0.014597355982211152,clearance_ground+foot_ground_after_ready,clearance_ground+foot_ground_after_ready,0,0,-x8,-x8
20260803,1672,1.0,touchdown,0.35,0.02,True,True,False,False,False,nan,nan,nan,,0.10772306972039468,0.10772306972039468,-0.0028671442370024613,-0.0028671442370024613,success,success,0,0,-x5,-x5
20260803,1673,1.0,touchdown,0.35,0.02,True,True,True,True,True,0.00943569196516908,0.00943569196516908,0.0,False,0.0033873340435093035,0.0033873340435093035,0.01438684891417813,0.01438684891417813,success,success,0,0,+x4,+x4
20260803,1674,1.0,touchdown,0.35,0.02,True,True,True,True,True,0.0580373037703805,0.0580373037703805,0.0,False,0.0195975620137466,0.0195975620137466,0.013532443720616821,0.013532443720616821,success,success,0,0,+x6,+x6
20260803,1675,1.0,mid_cross,0.35,0.02,False,False,False,False,False,nan,nan,nan,,0.2383104547052343,0.32021461870146994,0.062486186280825466,0.049362866225973384,clearance_ground+foot_ground_before_ready,clearance_ground+foot_ground_before_ready,0,1,+x21,+x11|-x7
20260803,1676,1.0,touchdown,0.35,0.02,True,True,False,False,False,nan,nan,nan,,0.006602503512333267,0.0997782059156775,0.0007216247565669798,0.0004344794144783559,success,success,0,1,+x4,+x3|-x1
20260803,1677,1.0,touchdown,0.35,0.02,True,True,True,True,True,0.09748946282155171,0.09748946282155171,0.0,False,0.03295357835634432,0.03295357835634432,0.01354647543185461,0.01354647543185461,success,success,0,0,+x3,+x3
20260803,1678,1.0,mid_cross,0.35,0.02,False,False,False,False,False,nan,nan,nan,,0.6052646449699239,0.7258958123927349,-0.05249180093419763,-0.050915472416064964,clearance_ground+foot_ground_before_ready,clearance_ground+foot_ground_before_ready,0,1,+x24,+x5|-x18
20260803,1679,1.0,mid_cross,0.35,0.02,False,False,False,False,False,nan,nan,nan,,1.5781755856807156,0.9082236650774952,0.03143885205367272,0.020788565431098638,clearance_ground+foot_ground_before_ready,clearance_ground+foot_ground_bad_clearance,0,1,+x12,+x5|-x6
20260803,1680,1.0,touchdown,0.35,0.02,True,True,False,False,False,nan,nan,nan,,0.4075336881343442,0.4075336881343442,-0.025680877893895337,-0.025680877893895337,success,success,0,0,-x7,-x7
20260803,1681,1.0,touchdown,0.4,0.0,True,True,True,True,True,0.007344071984557686,0.35842629217189637,0.3510822201873387,False,0.00458607391626157,0.19709481633642636,0.025025659754844776,0.022037217256752284,success,success,0,1,+x13,+x8|-x5
20260803,1682,1.0,touchdown,0.4,0.0,True,True,True,True,True,0.06331882325359721,0.06331882325359721,0.0,False,0.024217458589916162,0.024217458589916162,0.015327705277633552,0.015327705277633552,success,success,0,0,+x7,+x7
20260803,1683,1.0,touchdown,0.4,0.0,False,False,False,False,False,nan,nan,nan,,0.39129762118484823,0.39129762118484823,-0.027205790491326237,-0.027205790491326237,clearance_ground+foot_ground_before_ready,clearance_ground+foot_ground_before_ready,0,0,-x11,-x11
20260803,1684,1.0,touchdown,0.4,0.0,True,True,True,True,True,0.030840214203866796,0.030840214203866796,0.0,False,0.009810112480896076,0.009810112480896076,0.012747881319699894,0.012747881319699894,success,success,0,0,+x8,+x8
20260803,1685,1.0,touchdown,0.4,0.0,True,True,True,True,True,0.07896628022557653,0.07896628022557653,0.0,False,0.011760755083763917,0.011760755083763917,0.0059686338245759085,0.0059686338245759085,success,success,0,0,+x6,+x6
20260803,1686,1.0,touchdown,0.4,0.0,False,True,False,False,False,nan,nan,nan,,0.01561652473075133,0.16777640503706245,0.0025197122482816525,-0.004781109779620346,clearance_ground+foot_ground_before_ready,success,0,1,+x17,+x5|-x6
20260803,1687,1.0,mid_cross,0.4,0.0,False,False,False,False,False,nan,nan,nan,,0.27235939361357997,0.3371599034180742,0.04349102993558979,0.03128801600189686,clearance_ground+foot_ground_before_ready,clearance_ground+foot_ground_before_ready,0,3,+x17,+x7|-x1|+x2|-x4
20260803,1688,1.0,touchdown,0.4,0.0,True,False,True,False,False,13.43329386776213,nan,nan,,0.6733998113554291,0.1516347828210432,0.002008962755571053,0.009119232902662366,success,clearance_ground+foot_ground_before_ready,0,1,-x5,-x2|+x6
20260803,1689,1.0,pre_cross,0.4,0.0,False,False,False,False,False,nan,nan,nan,,1.0983831910243773,1.2394333620059035,0.055913474524496846,0.0633478949075805,clearance_ground+foot_ground_before_ready,clearance_ground+foot_ground_before_ready,0,1,+x31,+x12|-x20
20260803,1690,1.0,pre_cross,0.4,0.0,False,False,False,False,False,nan,nan,nan,,1.1688299247832517,1.1447670490690045,0.02612787724081874,0.02442155546129076,clearance_ground+foot_ground_before_ready,clearance_ground+foot_ground_before_ready,0,1,+x14,+x6|-x7
20260803,1691,1.0,mid_cross,0.4,0.0,False,False,False,False,False,nan,nan,nan,,0.12463839609373428,0.12463839609373428,-0.040704146999896246,-0.040704146999896246,clearance_ground+foot_ground_before_ready,clearance_ground+foot_ground_before_ready,0,0,-x14,-x14
20260803,1692,1.0,mid_cross,0.4,0.0,False,False,False,False,False,nan,nan,nan,,0.5304381605239001,0.5585346328000558,-0.02571556319554358,-0.01832742068970791,clearance_ground+foot_ground_before_ready,clearance_ground+foot_ground_before_ready,0,1,+x25,+x4|-x10
20260803,1693,1.0,touchdown,0.4,0.0,True,True,False,False,False,nan,nan,nan,,1.011653956650956,0.3602307307924248,-0.006856778152585952,-0.0048952291125089475,success,success,0,3,-x5,-x2|+x2|-x1|+x1
20260803,1694,1.0,touchdown,0.4,0.0,False,False,False,False,False,nan,nan,nan,,0.24659677368470337,0.24659677368470337,-0.034413237201936384,-0.034413237201936384,clearance_ground+foot_ground_before_ready,clearance_ground+foot_ground_before_ready,0,0,-x14,-x14
20260803,1695,1.0,touchdown,0.4,0.0,False,False,False,False,False,nan,nan,nan,,0.34094171587984234,0.34094171587984234,0.0120198298471208,0.0120198298471208,clearance_ground+foot_ground_before_ready,clearance_ground+foot_ground_before_ready,0,0,-x11,-x11
20260803,1696,1.0,mid_cross,0.4,0.0,False,False,False,False,False,nan,nan,nan,,0.07587124400622007,0.07587124400622007,-0.038346834937284295,-0.038346834937284295,clearance_ground+foot_ground_before_ready,clearance_ground+foot_ground_before_ready,0,0,-x9,-x9
20260803,1697,1.0,touchdown,0.4,0.0,True,True,True,True,True,0.0057059581535417285,0.0057059581535417285,0.0,False,0.0016453178801549913,0.0016453178801549913,0.01155586994743471,0.01155586994743471,success,success,0,0,+x4,+x4
20260803,1698,1.0,pre_cross,0.4,0.0,False,False,False,False,False,nan,nan,nan,,1.9253868728022419,1.1990794551882384,0.039207549088323496,0.030971539633850964,clearance_ground+foot_ground_bad_clearance,clearance_ground+foot_ground_bad_clearance,0,1,+x14,+x7|-x6
20260803,1699,1.0,touchdown,0.4,0.0,True,False,False,False,False,nan,nan,nan,,0.5758309581277725,0.11128573476317775,-0.005286362409339496,-0.00196906569135763,success,clearance_ground+foot_ground_before_ready,0,1,-x5,-x2|+x8
20260803,1700,1.0,touchdown,0.4,0.0,False,False,False,False,False,nan,nan,nan,,0.4194493639490132,0.4194493639490132,-0.018973147224015663,-0.018973147224015663,clearance_ground+foot_ground_after_ready,clearance_ground+foot_ground_after_ready,0,0,-x8,-x8
20260803,1701,1.0,touchdown,0.4,0.0,True,True,False,False,False,nan,nan,nan,,0.43345103117547223,0.43345103117547223,-0.020975480381312056,-0.020975480381312056,success,success,0,0,-x4,-x4
20260803,1702,1.0,touchdown,0.4,0.0,False,True,False,True,False,nan,0.4561332960879195,nan,,0.057470404326071534,0.2553375809435835,0.04371423957074358,0.022433879084204217,clearance_ground+foot_ground_before_ready,success,0,4,+x14,+x5|-x1|+x1|-x1|+x1
20260803,1703,1.0,mid_cross,0.4,0.0,False,False,False,False,False,nan,nan,nan,,0.06847941895911105,0.06847941895911105,-0.009220158728559281,-0.009220158728559281,clearance_ground+foot_ground_before_ready,clearance_ground+foot_ground_before_ready,0,0,-x8,-x8
20260803,1704,1.0,touchdown,0.4,0.0,True,True,True,True,True,0.051057908604880964,0.051057908604880964,0.0,False,0.016566522484048034,0.016566522484048034,0.01300318505216791,0.01300318505216791,success,success,0,0,+x7,+x7
20260803,1705,1.0,touchdown,0.4,0.0,True,True,True,True,True,0.012251989950038364,0.012251989950038364,0.0,False,0.004847909250232282,0.004847909250232282,0.01585730064100932,0.01585730064100932,success,success,0,0,+x4,+x4
20260803,1706,1.0,pre_cross,0.4,0.0,False,False,False,False,False,nan,nan,nan,,1.3889303399488324,1.326938615964235,0.07147218072878177,0.034397487300801166,clearance_ground+foot_ground_before_ready,clearance_ground+foot_ground_before_ready,0,1,+x24,+x6|-x9
20260803,1707,1.0,mid_cross,0.4,0.0,True,False,True,False,False,0.4625631846112971,nan,nan,,1.8113839365772177,1.0661813907489626,0.15693537817017209,0.10009953512587025,success,clearance_ground+foot_ground_bad_clearance,0,1,+x19,+x7|-x8
20260803,1708,1.0,mid_cross,0.4,0.0,False,False,False,False,False,nan,nan,nan,,0.6282557980536267,0.7410849507379214,0.05443352084548292,0.051026979945734324,clearance_ground+foot_ground_before_ready,clearance_ground+foot_ground_before_ready,0,1,+x25,+x6|-x17
20260803,1709,1.0,pre_cross,0.4,0.0,False,False,False,False,False,nan,nan,nan,,1.127752010061454,1.1125901869056443,0.04798080327599229,0.03950340923316234,clearance_ground+foot_ground_before_ready,clearance_ground+foot_ground_before_ready,0,1,+x27,+x8|-x16
20260803,1710,1.0,mid_cross,0.4,0.0,False,False,False,False,False,nan,nan,nan,,1.0341286947020558,0.753206024493383,-0.013318251831260036,-0.017544715643787484,clearance_ground+foot_ground_before_ready,clearance_ground+foot_ground_before_ready,0,1,+x25,+x5|-x7
20260803,1711,1.0,mid_cross,0.4,0.0,False,False,False,False,False,nan,nan,nan,,0.07318671391613613,0.07318671391613613,-0.01519292426067518,-0.01519292426067518,clearance_ground+foot_ground_before_ready,clearance_ground+foot_ground_before_ready,0,0,-x11,-x11
20260803,1712,1.0,mid_cross,0.4,0.0,False,False,False,False,False,nan,nan,nan,,0.7891941232805116,0.8025543659367816,0.045393446099834506,0.038431780557704964,clearance,clearance_ground+foot_ground_bad_clearance,0,1,+x10,+x5|-x5
20260803,1713,1.0,touchdown,0.4,0.0,True,True,False,False,False,nan,nan,nan,,0.35637943696358215,0.02782112930530407,-0.0030153220853397777,0.0006348079300689258,success,success,0,1,-x5,-x2|+x4
20260803,1714,1.0,touchdown,0.4,0.0,True,True,True,True,True,0.06424338252282423,0.06424338252282423,0.0,False,0.0069308841545152175,0.0069308841545152175,0.004323561602585624,0.004323561602585624,success,success,0,1,+x7,+x6|-x1
20260803,1715,1.0,pre_cross,0.4,0.0,False,False,False,False,False,nan,nan,nan,,3.2561535798004826,1.392762305723075,-0.3256776496867742,-0.13173030021411447,q1_high_limit,clearance_ground+foot_ground_before_ready,0,1,+x40,+x13|-x10
20260803,1716,1.0,mid_cross,0.4,0.0,False,False,False,False,False,nan,nan,nan,,0.6725923431980996,0.6787265121319077,-0.012268328632588019,-0.01398103709327704,clearance_ground+foot_ground_before_ready,clearance_ground+foot_ground_before_ready,0,1,+x24,+x6|-x9
20260803,1717,1.0,mid_cross,0.4,0.0,False,False,False,False,False,nan,nan,nan,,0.9053424271762203,0.9394929723686549,0.045256437134091665,0.035281933394811754,clearance_ground+foot_ground_before_ready,clearance_ground+foot_ground_before_ready,0,1,+x14,+x6|-x7
20260803,1718,1.0,touchdown,0.4,0.0,True,True,False,False,False,nan,nan,nan,,0.6921536038134071,0.6921536038134071,-0.02206826593790359,-0.02206826593790359,success,success,0,0,-x6,-x6
20260803,1719,1.0,touchdown,0.4,0.0,False,True,False,True,False,nan,1.4819728222760178,nan,,0.008877870565212987,0.35466821292175765,0.018385356077529558,0.0095909899940744,clearance_ground+foot_ground_before_ready,success,0,3,+x10,+x3|-x1|+x2|-x2
20260803,1720,1.0,touchdown,0.4,0.0,True,True,False,False,False,nan,nan,nan,,0.29150285576324697,0.29150285576324697,-0.004338413168914701,-0.004338413168914701,success,success,0,0,-x3,-x3
20260803,1721,1.0,pre_cross,0.4,0.01,False,False,False,False,False,nan,nan,nan,,1.6097297684411835,1.541706095548145,0.021800598728958745,0.0024937820959692186,clearance_ground+foot_ground_before_ready,clearance_ground+foot_ground_before_ready,0,1,+x28,+x11|-x6
20260803,1722,1.0,mid_cross,0.4,0.01,False,False,False,False,False,nan,nan,nan,,1.0955249502129043,1.3145231401344322,0.02853586733998137,-0.06204943469927078,clearance_ground+foot_ground_before_ready,clearance_ground+foot_ground_before_ready,0,1,+x42,+x9|-x17
20260803,1723,1.0,touchdown,0.4,0.01,True,True,False,False,False,nan,nan,nan,,0.2890341808281608,0.2890341808281608,-0.014256105704950783,-0.014256105704950783,success,success,0,0,-x4,-x4
20260803,1724,1.0,mid_cross,0.4,0.01,False,False,False,False,False,nan,nan,nan,,0.11715283023252612,0.06532260502777945,0.007716267302991714,0.006798566043174817,clearance_ground+foot_ground_before_ready,clearance_ground+foot_ground_before_ready,0,1,+x19,+x2|-x14
20260803,1725,1.0,mid_cross,0.4,0.01,False,False,False,False,False,nan,nan,nan,,1.2857900468082049,1.0370031774060886,0.08179194988779395,0.06906723140571694,clearance_ground+foot_ground_bad_clearance,clearance_ground+foot_ground_bad_clearance,0,1,+x14,+x7|-x6
20260803,1726,1.0,mid_cross,0.4,0.01,False,False,False,False,False,nan,nan,nan,,0.39156531129593986,0.4490792544994675,0.04918396295813836,0.028884536250779344,clearance_ground+foot_ground_before_ready,clearance_ground+foot_ground_before_ready,0,5,+x24,+x8|-x1|+x1|-x1|+x1|-x5
20260803,1727,1.0,mid_cross,0.4,0.01,False,False,False,False,False,nan,nan,nan,,0.6237946411397184,0.6788970054543394,0.07401466873139209,0.03281896847607015,clearance_ground+foot_ground_before_ready,clearance_ground+foot_ground_before_ready,0,1,+x23,+x5|-x8
20260803,1728,1.0,touchdown,0.4,0.01,True,True,True,True,True,0.07484003499842931,0.07484003499842931,0.0,False,0.005378041768413838,0.005378041768413838,0.002879861483431445,0.002879861483431445,success,success,0,0,+x3,+x3
20260803,1729,1.0,touchdown,0.4,0.01,False,False,False,False,False,nan,nan,nan,,0.09613375575366254,0.09613375575366254,0.018460773173229333,0.018460773173229333,clearance_ground+foot_ground_before_ready,clearance_ground+foot_ground_before_ready,0,0,-x8,-x8
20260803,1730,1.0,mid_cross,0.4,0.01,False,False,False,False,False,nan,nan,nan,,0.7391669038966757,0.8625008791790453,0.03145351475327718,0.003604154538646584,clearance_ground+foot_ground_before_ready,clearance_ground+foot_ground_before_ready,0,5,+x25,+x6|-x3|+x1|-x1|+x1|-x2
20260803,1731,1.0,touchdown,0.4,0.01,True,True,False,False,False,nan,nan,nan,,0.32039128269028766,0.32039128269028766,-0.01686876675690538,-0.01686876675690538,success,success,0,0,-x4,-x4
20260803,1732,1.0,touchdown,0.4,0.01,True,True,False,False,False,nan,nan,nan,,0.2790971651595213,0.2790971651595213,-0.00881768211996714,-0.00881768211996714,success,success,0,0,-x4,-x4
20260803,1733,1.0,touchdown,0.4,0.01,True,True,True,True,True,0.030623565105881188,0.030623565105881188,0.0,False,0.017671232204734995,0.017671232204734995,0.02312557263668119,0.02312557263668119,success,success,0,0,+x7,+x7
20260803,1734,1.0,mid_cross,0.4,0.01,False,False,False,False,False,nan,nan,nan,,0.06116499557053323,0.06116499557053323,-5.1149335102071425e-05,-5.1149335102071425e-05,clearance_ground+foot_ground_before_ready,clearance_ground+foot_ground_before_ready,0,0,-x15,-x15
20260803,1735,1.0,touchdown,0.4,0.01,False,False,False,False,False,nan,nan,nan,,0.0052863256331100675,0.0052863256331100675,0.00011178099685910103,0.00011178099685910103,clearance_ground+foot_ground_after_ready,clearance_ground+foot_ground_after_ready,0,0,+x3,+x3
20260803,1736,1.0,mid_cross,0.4,0.01,False,False,False,False,False,nan,nan,nan,,0.6751853776515608,0.7044127684861998,0.11283723750653475,0.07321240790700011,clearance_ground+foot_ground_before_ready,clearance_ground+foot_ground_before_ready,0,4,+x19,+x6|-x4|+x1|-x1|+x3
20260803,1737,1.0,mid_cross,0.4,0.01,False,False,False,False,False,nan,nan,nan,,0.09429189886472372,0.09429189886472372,-0.018396233173788606,-0.018396233173788606,clearance_ground+foot_ground_before_ready,clearance_ground+foot_ground_before_ready,0,0,-x9,-x9
20260803,1738,1.0,touchdown,0.4,0.01,True,True,False,False,False,nan,nan,nan,,0.005855520147375009,0.005855520147375009,7.484379748110004e-05,7.484379748110004e-05,success,success,0,0,+x2,+x2
20260803,1739,1.0,touchdown,0.4,0.01,True,True,False,False,False,nan,nan,nan,,0.010461851002010447,0.010461851002010447,0.00034485033171388624,0.00034485033171388624,success,success,0,0,+x3,+x3
20260803,1740,1.0,touchdown,0.4,0.01,True,True,True,True,True,0.007314402852501399,0.3654695070328617,0.3581551041803603,False,0.0034422446727096177,0.16863937494399242,0.018860112148023467,0.018492228318617132,success,success,0,1,+x8,+x7|-x1
20260803,1741,1.0,touchdown,0.4,0.01,False,False,False,False,False,nan,nan,nan,,0.1992157094899737,0.1992157094899737,-0.06622874893379135,-0.06622874893379135,clearance_ground+foot_ground_before_ready,clearance_ground+foot_ground_before_ready,0,0,-x13,-x13
20260803,1742,1.0,touchdown,0.4,0.01,False,False,False,False,False,nan,nan,nan,,0.00913027868012336,0.3998362935942365,0.005710383094665289,-7.033115467097728e-06,clearance_ground+foot_ground_before_ready,clearance_ground+foot_ground_before_ready,0,1,+x11,+x4|-x5
20260803,1743,1.0,pre_cross,0.4,0.01,False,False,False,False,False,nan,nan,nan,,1.051300130433288,1.1910659280473928,0.07546561127123196,0.10210689735901932,clearance_ground+foot_ground_before_ready,clearance_ground+foot_ground_before_ready,0,1,+x27,+x11|-x22
20260803,1744,1.0,touchdown,0.4,0.01,True,True,False,False,False,nan,nan,nan,,0.6300222170330008,0.6300222170330008,-0.013339528703338766,-0.013339528703338766,success,success,0,0,-x6,-x6
20260803,1745,1.0,touchdown,0.4,0.01,False,False,False,False,False,nan,nan,nan,,0.32668939650344425,0.32668939650344425,-0.08059628061040303,-0.08059628061040303,clearance_ground+foot_ground_before_ready,clearance_ground+foot_ground_before_ready,0,0,-x14,-x14
20260803,1746,1.0,pre_cross,0.4,0.01,False,False,False,False,False,nan,nan,nan,,2.230598970552812,1.6821592839689425,0.155287722752034,0.0785052584767288,clearance_ground+foot_ground_before_ready,clearance,0,1,+x26,+x8|-x7
20260803,1747,1.0,mid_cross,0.4,0.01,False,False,False,False,False,nan,nan,nan,,0.5943760236595725,0.41269788815939273,-0.038412826118171824,-0.02298274451035321,clearance_ground+foot_ground_before_ready,clearance_ground+foot_ground_before_ready,0,1,+x21,+x3|-x8
20260803,1748,1.0,mid_cross,0.4,0.01,False,False,False,False,False,nan,nan,nan,,0.13519091313515302,0.1939597084665277,0.05712735532751566,0.0541741506445573,clearance_ground+foot_ground_before_ready,clearance_ground+foot_ground_before_ready,0,1,+x13,+x10|-x3
20260803,1749,1.0,touchdown,0.4,0.01,True,True,True,True,True,0.03214584125073138,0.03214584125073138,0.0,False,0.009174867343094098,0.009174867343094098,0.011438166352431722,0.011438166352431722,success,success,0,0,+x4,+x4
20260803,1750,1.0,pre_cross,0.4,0.01,False,False,False,False,False,nan,nan,nan,,1.2495473694442987,1.2223806006381468,0.028904950611237247,0.022884077651002383,clearance_ground+foot_ground_before_ready,clearance_ground+foot_ground_before_ready,0,1,+x26,+x7|-x14
20260803,1751,1.0,touchdown,0.4,0.01,True,True,True,True,True,0.018841897479481638,0.018841897479481638,0.0,False,0.005919922377041163,0.005919922377041163,0.01259136421147744,0.01259136421147744,success,success,0,0,+x4,+x4
20260803,1752,1.0,mid_cross,0.4,0.01,False,False,False,False,False,nan,nan,nan,,0.5988561392818923,0.5702798364567937,0.05774712219682731,0.03373616082335324,clearance_ground+foot_ground_before_ready,clearance_ground+foot_ground_before_ready,0,1,+x26,+x8|-x9
20260803,1753,1.0,touchdown,0.4,0.01,False,False,False,False,False,nan,nan,nan,,0.005053255303689936,0.1702421420128989,0.005565080910528208,-0.001710349642518011,clearance_ground+foot_ground_before_ready,clearance_ground+foot_ground_before_ready,0,1,+x15,+x2|-x11
20260803,1754,1.0,touchdown,0.4,0.01,True,True,True,True,True,0.2998272041615625,0.2998272041615625,0.0,False,0.15206458483628105,0.15206458483628105,0.020325369806219185,0.020325369806219185,success,success,0,0,-x8,-x8
20260803,1755,1.0,mid_cross,0.4,0.01,False,False,False,False,False,nan,nan,nan,,0.7518835729952019,0.7893797086024608,0.10692457948894005,0.05551967146633593,clearance_ground+foot_ground_before_ready,clearance_ground+foot_ground_before_ready,0,1,+x24,+x5|-x10
20260803,1756,1.0,touchdown,0.4,0.01,True,True,False,False,False,nan,nan,nan,,0.46082256873487454,0.46082256873487454,-0.009757824203895038,-0.009757824203895038,success,success,0,0,-x4,-x4
20260803,1757,1.0,mid_cross,0.4,0.01,False,False,False,False,False,nan,nan,nan,,0.28527431476298243,0.27297430917020915,-0.02220138814393964,-0.018733495512473594,clearance_ground+foot_ground_before_ready,clearance_ground+foot_ground_before_ready,0,1,+x24,+x3|-x21
20260803,1758,1.0,mid_cross,0.4,0.01,False,False,False,False,False,nan,nan,nan,,0.8913325941098832,0.7276522030037638,0.024972717726983562,0.0044417089098130885,q1_low_limit,clearance_ground+foot_ground_before_ready,0,1,+x27,+x5|-x9
20260803,1759,1.0,mid_cross,0.4,0.01,False,False,False,False,False,nan,nan,nan,,0.7472988747188679,0.7778739058515158,0.017859688332488785,-0.00452866790154248,clearance_ground+foot_ground_before_ready,clearance_ground+foot_ground_before_ready,0,3,+x26,+x5|-x4|+x1|-x3
20260803,1760,1.0,pre_cross,0.4,0.01,False,False,False,False,False,nan,nan,nan,,1.1047220553032897,1.0977363066278127,-0.024589014015409187,-0.024785541169602077,clearance,clearance_ground+foot_ground_bad_clearance,0,1,+x11,+x6|-x5
20260803,1761,1.0,mid_cross,0.4,0.02,False,False,False,False,False,nan,nan,nan,,0.2972165066564713,0.1857483144757505,-0.03783633584309422,-0.021752438816710462,clearance_ground+foot_ground_before_ready,clearance_ground+foot_ground_before_ready,0,1,+x23,+x2|-x11
20260803,1762,1.0,mid_cross,0.4,0.02,False,False,False,False,False,nan,nan,nan,,0.3778646171601426,0.40871089898655005,0.031019987582930925,0.02270285262555355,clearance_ground+foot_ground_before_ready,clearance_ground+foot_ground_before_ready,0,3,+x11,+x4|-x4|+x1|-x2
20260803,1763,1.0,mid_cross,0.4,0.02,False,False,False,False,False,nan,nan,nan,,0.5755644395366631,0.4452098900959349,0.08039752019301148,0.03296815351931444,clearance_ground+foot_ground_before_ready,clearance_ground+foot_ground_before_ready,0,1,+x23,+x3|-x10
20260803,1764,1.0,mid_cross,0.4,0.02,False,False,False,False,False,nan,nan,nan,,0.06632912594734913,0.06632912594734913,-0.03328985296402319,-0.03328985296402319,clearance_ground+foot_ground_before_ready,clearance_ground+foot_ground_before_ready,0,0,-x8,-x8
20260803,1765,1.0,pre_cross,0.4,0.02,False,False,False,False,False,nan,nan,nan,,0.6430142981640996,0.3996870086833758,-0.018921473214441598,-0.018091341283838908,clearance_ground+foot_ground_bad_clearance,clearance,0,1,+x9,+x4|-x4
20260803,1766,1.0,mid_cross,0.4,0.02,False,False,False,False,False,nan,nan,nan,,0.7052397290350705,0.8418514948678442,0.07613988758500592,0.09502018147933433,clearance_ground+foot_ground_before_ready,clearance_ground+foot_ground_before_ready,0,1,+x29,+x18|-x16
20260803,1767,1.0,touchdown,0.4,0.02,False,False,False,False,False,nan,nan,nan,,0.020150807609970567,0.020150807609970567,0.01792343067084884,0.01792343067084884,clearance_ground+foot_ground_before_ready,clearance_ground+foot_ground_before_ready,0,0,+x9,+x9
20260803,1768,1.0,touchdown,0.4,0.02,False,False,False,False,False,nan,nan,nan,,0.2624552234624223,0.2624552234624223,-0.032063289019152175,-0.032063289019152175,clearance_ground+foot_ground_before_ready,clearance_ground+foot_ground_before_ready,0,0,-x13,-x13
20260803,1769,1.0,touchdown,0.4,0.02,True,True,True,True,True,0.02088218531001441,0.02088218531001441,0.0,False,0.003794542878032709,0.003794542878032709,0.007282239026644238,0.007282239026644238,success,success,0,0,+x5,+x5
20260803,1770,1.0,touchdown,0.4,0.02,True,True,False,False,False,nan,nan,nan,,0.3392203427748462,0.3392203427748462,-0.0169163189587741,-0.0169163189587741,success,success,0,0,-x8,-x8
20260803,1771,1.0,touchdown,0.4,0.02,False,False,False,False,False,nan,nan,nan,,0.44986668648600214,0.44986668648600214,-0.024923210128062562,-0.024923210128062562,clearance_ground+foot_ground_before_ready,clearance_ground+foot_ground_before_ready,0,0,-x11,-x11
20260803,1772,1.0,touchdown,0.4,0.02,False,False,False,False,False,nan,nan,nan,,0.1657853692375757,0.1657853692375757,-0.038289597703974415,-0.038289597703974415,clearance_ground+foot_ground_before_ready,clearance_ground+foot_ground_before_ready,0,0,-x14,-x14
20260803,1773,1.0,mid_cross,0.4,0.02,False,False,False,False,False,nan,nan,nan,,0.2865295132447023,0.3051359943307702,-0.07960118585880775,-0.07845610529140025,clearance_ground+foot_ground_before_ready,clearance_ground+foot_ground_before_ready,0,1,+x23,+x3|-x20
20260803,1774,1.0,touchdown,0.4,0.02,True,True,True,True,True,0.019651486743884554,0.019651486743884554,0.0,False,0.02174111728835532,0.02174111728835532,0.04433715853260328,0.04433715853260328,success,success,0,0,+x9,+x9
20260803,1775,1.0,touchdown,0.4,0.02,True,True,True,True,True,0.06315728540635332,0.06315728540635332,0.0,False,0.03482812652001354,0.03482812652001354,0.022099786028296542,0.022099786028296542,success,success,0,0,+x6,+x6
20260803,1776,1.0,touchdown,0.4,0.02,False,False,False,False,False,nan,nan,nan,,0.342268270388454,0.342268270388454,-0.04827622612524385,-0.04827622612524385,clearance_ground+foot_ground_before_ready,clearance_ground+foot_ground_before_ready,0,0,-x11,-x11
20260803,1777,1.0,mid_cross,0.4,0.02,False,False,False,False,False,nan,nan,nan,,0.5318308224600761,0.5204009301077468,0.04766035516720448,0.020007793751210222,clearance_ground+foot_ground_before_ready,clearance_ground+foot_ground_before_ready,0,1,+x25,+x5|-x9
20260803,1778,1.0,touchdown,0.4,0.02,True,True,False,False,False,nan,nan,nan,,0.11915320644363313,0.11915320644363313,-0.0015928845082317233,-0.0015928845082317233,success,success,0,0,-x2,-x2
20260803,1779,1.0,mid_cross,0.4,0.02,False,False,False,False,False,nan,nan,nan,,0.3605680067407985,0.3862861338112922,-0.016734260707692728,-0.01640557168624133,clearance_ground+foot_ground_before_ready,clearance_ground+foot_ground_before_ready,0,1,+x26,+x4|-x13
20260803,1780,1.0,mid_cross,0.4,0.02,False,False,False,False,False,nan,nan,nan,,0.9567060747671549,0.7055642937430577,0.09962806750798758,0.050881340038945067,clearance_ground+foot_ground_before_ready,clearance_ground+foot_ground_bad_clearance,0,1,+x18,+x6|-x6
20260803,1781,1.0,touchdown,0.4,0.02,False,False,False,False,False,nan,nan,nan,,0.30790781040900167,0.30790781040900167,-0.009058199036718284,-0.009058199036718284,clearance_ground+foot_ground_before_ready,clearance_ground+foot_ground_before_ready,0,0,-x8,-x8
20260803,1782,1.0,touchdown,0.4,0.02,True,True,False,False,False,nan,nan,nan,,0.26978579416286363,0.26978579416286363,-0.007900692371360818,-0.007900692371360818,success,success,0,0,-x3,-x3
20260803,1783,1.0,mid_cross,0.4,0.02,False,False,False,False,False,nan,nan,nan,,0.8777613151784789,0.910909055308654,0.052897958730488526,0.052205147605644014,clearance_ground+foot_ground_before_ready,clearance_ground+foot_ground_before_ready,0,1,+x24,+x6|-x17
20260803,1784,1.0,touchdown,0.4,0.02,False,False,False,False,False,nan,nan,nan,,0.48964016375886066,0.48964016375886066,-0.016015229821114113,-0.016015229821114113,clearance_ground+foot_ground_before_ready,clearance_ground+foot_ground_before_ready,0,0,-x13,-x13
20260803,1785,1.0,mid_cross,0.4,0.02,False,False,False,False,False,nan,nan,nan,,0.8592177189139389,0.6143166365047501,0.02157310854651237,0.0005590765881662019,speed,clearance_ground+foot_ground_before_ready,0,1,+x17,+x5|-x7
20260803,1786,1.0,touchdown,0.4,0.02,True,True,True,True,True,0.045417944487819856,0.045417944487819856,0.0,False,0.025118742386738474,0.025118742386738474,0.022164188101980065,0.022164188101980065,success,success,0,0,+x5,+x5
20260803,1787,1.0,mid_cross,0.4,0.02,False,False,False,False,False,nan,nan,nan,,0.5703069182597906,0.6980395579108364,0.07695858157738049,0.02416307870572644,clearance_ground+foot_ground_before_ready,clearance_ground+foot_ground_before_ready,0,5,+x27,+x7|-x1|+x1|-x1|+x1|-x5
20260803,1788,1.0,touchdown,0.4,0.02,True,True,False,False,False,nan,nan,nan,,0.4841925094259075,0.4841925094259075,-0.023977029446579923,-0.023977029446579923,success,success,0,0,-x8,-x8
20260803,1789,1.0,mid_cross,0.4,0.02,False,False,False,False,False,nan,nan,nan,,0.22510822057849844,0.3166415253447333,0.034085432534198275,0.020373393519891043,clearance_ground+foot_ground_before_ready,clearance_ground+foot_ground_before_ready,0,7,+x16,+x3|-x2|+x1|-x1|+x2|-x1|+x2|-x1
20260803,1790,1.0,pre_cross,0.4,0.02,False,False,False,False,False,nan,nan,nan,,1.065479866093116,1.1095119478993174,-0.010019083642953508,-0.02855397129411115,clearance_ground+foot_ground_bad_clearance,speed,0,1,+x18,+x12|-x5
20260803,1791,1.0,mid_cross,0.4,0.02,False,False,False,False,False,nan,nan,nan,,0.5860992569430317,0.12390473221049839,-0.037422482390299716,-0.023487513820048093,clearance_ground+foot_ground_before_ready,clearance_ground+foot_ground_before_ready,0,1,+x24,+x1|-x8
20260803,1792,1.0,touchdown,0.4,0.02,True,True,False,False,False,nan,nan,nan,,0.3819726204760845,0.3819726204760845,-0.003050473902409062,-0.003050473902409062,success,success,0,0,-x6,-x6
20260803,1793,1.0,touchdown,0.4,0.02,True,True,True,True,True,0.02454580142805133,0.02454580142805133,0.0,False,0.008515726587479091,0.008515726587479091,0.013903556407663636,0.013903556407663636,success,success,0,0,+x8,+x8
20260803,1794,1.0,mid_cross,0.4,0.02,False,False,False,False,False,nan,nan,nan,,0.7320426278948355,1.0036514894799384,0.0031382103475751585,0.020407497008011817,clearance_ground+foot_ground_before_ready,clearance_ground+foot_ground_before_ready,0,1,+x26,+x11|-x22
20260803,1795,1.0,touchdown,0.4,0.02,True,True,False,False,False,nan,nan,nan,,0.3809605781320188,0.3809605781320188,-0.011000465475179327,-0.011000465475179327,success,success,0,0,-x3,-x3
20260803,1796,1.0,touchdown,0.4,0.02,False,False,False,False,False,nan,nan,nan,,0.47049200544631936,0.47049200544631936,-0.062357492019896224,-0.062357492019896224,clearance_ground+foot_ground_before_ready,clearance_ground+foot_ground_before_ready,0,0,-x14,-x14
20260803,1797,1.0,touchdown,0.4,0.02,True,True,False,False,False,nan,nan,nan,,0.25182613891868527,0.25182613891868527,-0.021632612598872586,-0.021632612598872586,success,success,0,0,-x4,-x4
20260803,1798,1.0,touchdown,0.4,0.02,False,False,False,False,False,nan,nan,nan,,0.007267973269451597,0.41642477695090735,0.011327477643085337,0.0040277859276857675,clearance_ground+foot_ground_before_ready,clearance_ground+foot_ground_before_ready,0,1,+x13,+x6|-x5
20260803,1799,1.0,touchdown,0.4,0.02,False,False,False,False,False,nan,nan,nan,,0.6602009597350063,0.6602009597350063,-0.03318987533958803,-0.03318987533958803,clearance_ground+foot_ground_before_ready,clearance_ground+foot_ground_before_ready,0,0,-x10,-x10
20260803,1800,1.0,touchdown,0.4,0.02,True,True,False,False,False,nan,nan,nan,,0.008284264908234338,0.4795021280383197,-0.0047721421215373705,-0.007483580417402269,success,success,0,1,+x10,+x7|-x3
20260803,1801,-1.0,mid_cross,0.3,0.0,True,True,False,False,False,nan,nan,nan,,0.13520689105373623,0.10080061663085138,-0.05251277190990969,-0.04911611866253302,success,success,0,1,-x14,-x3|+x10
20260803,1802,-1.0,touchdown,0.3,0.0,True,True,False,False,False,nan,nan,nan,,0.17421711926536726,0.17421711926536726,-0.01059079408716242,-0.01059079408716242,success,success,0,0,-x7,-x7
20260803,1803,-1.0,touchdown,0.3,0.0,False,False,False,False,False,nan,nan,nan,,0.008259712736328152,0.13076828607927202,0.017048343695863694,0.017277842150835762,clearance_ground+foot_ground_after_ready,clearance_ground+foot_ground_before_ready,0,4,+x14,+x8|-x2|+x1|-x1|+x2
20260803,1804,-1.0,mid_cross,0.3,0.0,False,False,False,False,False,nan,nan,nan,,0.533984573220999,0.533984573220999,0.004010197978610741,0.004010197978610741,clearance_ground+foot_ground_before_ready,clearance_ground+foot_ground_before_ready,0,0,-x13,-x13
20260803,1805,-1.0,touchdown,0.3,0.0,True,True,True,True,True,0.16555230806156357,0.1803156831978612,0.014763375136297635,False,0.04861512973474998,0.05229680435271644,0.011768405374092933,0.011623129069830554,success,success,0,2,-x4,-x1|+x1|-x2
20260803,1806,-1.0,touchdown,0.3,0.0,True,True,False,False,False,nan,nan,nan,,0.013553452866757769,0.013553452866757769,-0.010209615420441007,-0.010209615420441007,success,success,0,0,-x6,-x6
20260803,1807,-1.0,mid_cross,0.3,0.0,False,False,False,False,False,nan,nan,nan,,2.0848396099612794,1.1664949757600314,-0.0017312251208445803,-0.004823507949245749,clearance_ground+foot_ground_before_ready,clearance_ground+foot_ground_before_ready,0,1,-x16,-x10|+x6
20260803,1808,-1.0,touchdown,0.3,0.0,True,True,True,True,True,0.30443742383355,0.03765856102731903,-0.266778862806231,True,0.19029795449594009,0.025158607364122176,0.02505056308412179,0.026773446867928326,success,success,0,1,-x8,-x1|+x8
20260803,1809,-1.0,touchdown,0.3,0.0,True,True,False,False,False,nan,nan,nan,,0.03405930786434269,0.03405930786434269,-0.013643112392958949,-0.013643112392958949,success,success,0,0,-x8,-x8
20260803,1810,-1.0,touchdown,0.3,0.0,False,False,False,False,False,nan,nan,nan,,0.005763295407888393,0.005763295407888393,0.003927750552077336,0.003928312270308931,clearance_ground+foot_ground_after_ready,clearance_ground+foot_ground_after_ready,0,1,-x3,-x2|+x1
20260803,1811,-1.0,touchdown,0.3,0.0,False,False,False,False,False,nan,nan,nan,,0.008122365627616052,0.008122365627616052,0.0020453821776711123,0.0020453821776711123,clearance_ground+foot_ground_before_ready,clearance_ground+foot_ground_before_ready,0,0,+x3,+x3
20260803,1812,-1.0,mid_cross,0.3,0.0,False,False,False,False,False,nan,nan,nan,,1.8676027792019931,0.9450255331161431,-0.00428021206762258,-0.0051652106996667585,clearance_ground+foot_ground_before_ready,clearance_ground+foot_ground_before_ready,0,1,-x11,-x8|+x4
20260803,1813,-1.0,mid_cross,0.3,0.0,False,False,False,False,False,nan,nan,nan,,0.4155947752078787,0.13522549882760826,0.015842624323740895,0.014117088593179006,clearance_ground+foot_ground_before_ready,clearance_ground+foot_ground_before_ready,0,1,-x12,-x2|+x9
20260803,1814,-1.0,mid_cross,0.3,0.0,False,False,False,False,False,nan,nan,nan,,0.5060589509058032,0.5060589509058032,-0.00732741295133893,-0.00732741295133893,clearance_ground+foot_ground_before_ready,clearance_ground+foot_ground_before_ready,0,0,-x13,-x13
20260803,1815,-1.0,touchdown,0.3,0.0,True,True,False,False,False,nan,nan,nan,,0.013586409106565889,0.013586409106565889,-0.01828972912040852,-0.01828972912040852,success,success,0,0,-x6,-x6
20260803,1816,-1.0,touchdown,0.3,0.0,True,True,False,False,False,nan,nan,nan,,0.003951114855040672,0.003951114855040672,-0.003654961566703467,-0.003654961566703467,success,success,0,0,-x4,-x4
20260803,1817,-1.0,mid_cross,0.3,0.0,False,False,False,False,False,nan,nan,nan,,2.195754006233463,0.8791779228253429,0.05733578599285201,0.05571703680088347,clearance_ground+foot_ground_before_ready,clearance_ground+foot_ground_before_ready,0,1,-x16,-x12|+x4
20260803,1818,-1.0,touchdown,0.3,0.0,True,True,False,False,False,nan,nan,nan,,0.14167663919503973,0.14167663919503973,-0.045456443527971575,-0.045456443527971575,success,success,0,0,-x10,-x10
20260803,1819,-1.0,touchdown,0.3,0.0,True,True,False,False,False,nan,nan,nan,,0.00484183993726556,0.00484183993726556,0.0009576213502048986,0.0009576213502048986,success,success,0,0,+x6,+x6
20260803,1820,-1.0,touchdown,0.3,0.0,True,True,False,False,False,nan,nan,nan,,0.03144316638990842,0.03144316638990842,-0.008047602533932208,-0.008047602533932208,success,success,0,0,-x10,-x10
20260803,1821,-1.0,touchdown,0.3,0.0,True,True,False,False,False,nan,nan,nan,,0.07457312808889942,0.0720619224115292,0.00019262715948783343,0.0001905500554645681,success,success,0,1,-x7,-x3|+x3
20260803,1822,-1.0,mid_cross,0.3,0.0,False,False,False,False,False,nan,nan,nan,,1.0824720981146083,0.3701702825435715,0.03022093984396544,0.028609092238952735,clearance_ground+foot_ground_before_ready,clearance_ground+foot_ground_before_ready,0,1,-x10,-x5|+x5
20260803,1823,-1.0,touchdown,0.3,0.0,True,True,False,False,False,nan,nan,nan,,0.06111651888622964,0.06111651888622964,-0.013332283711437895,-0.013332283711437895,success,success,0,0,-x9,-x9
20260803,1824,-1.0,pre_cross,0.3,0.0,False,False,False,False,False,nan,nan,nan,,0.6252409282120295,0.6252409282120295,0.013395036947349448,0.013395036947349448,clearance,clearance,0,0,-x10,-x10
20260803,1825,-1.0,touchdown,0.3,0.0,True,True,True,True,True,0.024743194304200734,0.024743194304200734,0.0,False,0.012907293062855785,0.012907293062855785,0.02090551235821616,0.02090551235821616,success,success,0,0,-x8,-x8
20260803,1826,-1.0,touchdown,0.3,0.0,True,True,True,True,True,0.026662140124297715,0.026662140124297715,0.0,False,0.008921139120477393,0.008921139120477393,0.013409318797829733,0.013409318797829733,success,success,0,0,+x8,+x8
20260803,1827,-1.0,mid_cross,0.3,0.0,False,False,False,False,False,nan,nan,nan,,0.08280835485107578,0.08280835485107578,-0.036655578487118895,-0.036655578487118895,clearance_ground+foot_ground_before_ready,clearance_ground+foot_ground_before_ready,0,0,-x17,-x17
20260803,1828,-1.0,mid_cross,0.3,0.0,True,False,True,False,False,2.90197246179297,nan,nan,,1.4186192293167454,0.5975420942704057,0.019590880972438454,0.015630881703434053,success,clearance_ground+foot_ground_before_ready,0,1,-x13,-x5|+x8
20260803,1829,-1.0,touchdown,0.3,0.0,True,True,False,False,False,nan,nan,nan,,0.03684313665541691,0.03684313665541691,-0.0375766096093829,-0.0375766096093829,success,success,0,0,-x13,-x13
20260803,1830,-1.0,touchdown,0.3,0.0,False,False,False,False,False,nan,nan,nan,,0.02578108949412329,0.060567034800765945,-0.03419246304311952,-0.036284135466487594,clearance_ground+foot_ground_before_ready,clearance_ground+foot_ground_before_ready,0,3,+x14,+x2|-x2|+x4|-x7
20260803,1831,-1.0,touchdown,0.3,0.0,True,True,False,False,False,nan,nan,nan,,0.015950711706857416,0.015950711706857416,-0.024934033787035778,-0.024934033787035778,success,success,0,0,+x11,+x11
20260803,1832,-1.0,touchdown,0.3,0.0,True,True,True,True,True,0.01007499084062558,0.01007499084062558,0.0,False,0.003200388564038681,0.003200388564038681,0.012730324098135078,0.012730324098135078,success,success,0,0,+x8,+x8
20260803,1833,-1.0,mid_cross,0.3,0.0,False,False,False,False,False,nan,nan,nan,,2.718542477187615,1.2430623260148277,-0.01621115168807947,-0.01773631925659791,clearance_ground+foot_ground_before_ready,clearance_ground+foot_ground_before_ready,0,1,-x17,-x14|+x3
20260803,1834,-1.0,touchdown,0.3,0.0,True,True,True,True,True,0.009955364862504605,0.009955364862504605,0.0,False,0.002336276326190211,0.002336276326190211,0.009404775591602162,0.009404775591602162,success,success,0,0,+x8,+x8
20260803,1835,-1.0,touchdown,0.3,0.0,True,True,False,False,False,nan,nan,nan,,0.004791504902501304,0.004791504902501304,-0.004920461462957729,-0.004920461462957729,success,success,0,0,-x3,-x3
20260803,1836,-1.0,touchdown,0.3,0.0,True,True,True,True,True,0.0247299173001663,0.0247299173001663,0.0,False,0.012124968852327691,0.012124968852327691,0.019648951383466895,0.019648951383466895,success,success,0,0,+x7,+x7
20260803,1837,-1.0,mid_cross,0.3,0.0,False,False,False,False,False,nan,nan,nan,,1.5073732755281608,1.087930649257422,0.02954226539080276,0.029371069331138103,clearance_ground+foot_ground_before_ready,clearance_ground+foot_ground_before_ready,0,1,-x11,-x10|+x1
20260803,1838,-1.0,touchdown,0.3,0.0,True,True,True,True,True,0.01848614790614667,0.01848614790614667,0.0,False,0.005110139481022885,0.005110139481022885,0.011078162756948853,0.011078162756948853,success,success,0,0,+x9,+x9
20260803,1839,-1.0,touchdown,0.3,0.0,True,True,True,True,True,0.16787090492080298,1.1333877924937947,0.9655168875729918,False,0.01778819355863343,0.14089133920839758,0.004246565483672557,0.00498181019542179,success,success,0,4,+x10,+x3|-x1|+x1|-x2|+x2
20260803,1840,-1.0,mid_cross,0.3,0.0,False,False,False,False,False,nan,nan,nan,,1.9260566365940228,1.0252129640032106,0.00937447011748399,0.009339979692124939,clearance_ground+foot_ground_before_ready,clearance_ground+foot_ground_before_ready,0,1,-x13,-x11|+x2
20260803,1841,-1.0,touchdown,0.3,0.01,True,True,True,True,True,0.01715088206283869,0.01715088206283869,0.0,False,0.0052222550156191885,0.0052222550156191885,0.012202618270826865,0.012202618270826865,success,success,0,0,+x4,+x4
20260803,1842,-1.0,touchdown,0.3,0.01,True,True,True,True,True,0.06733232808190034,0.10468742989470829,0.03735510181280795,False,0.035040590009218574,0.08802552989028369,0.02085591219586467,0.03369733230368214,success,success,0,6,-x6,-x1|+x2|-x1|+x3|-x1|+x1|-x1
20260803,1843,-1.0,touchdown,0.3,0.01,True,True,False,False,False,nan,nan,nan,,0.011951000491866936,0.011951000491866936,-0.002857120267540019,-0.002857120267540019,success,success,0,0,-x6,-x6
20260803,1844,-1.0,touchdown,0.3,0.01,True,True,True,True,True,0.25931073608531235,0.25533913391007435,-0.003971602175238009,True,0.08197686045752431,0.08197686045752431,0.012669287578710144,0.012866348520116963,success,success,0,1,+x7,+x6|-x1
20260803,1845,-1.0,mid_cross,0.3,0.01,False,False,False,False,False,nan,nan,nan,,0.6461950510514686,0.6461950510514686,-0.003653221371964263,-0.0036271637304328835,clearance_ground+foot_ground_before_ready,clearance_ground+foot_ground_before_ready,0,1,-x13,-x11|+x2
20260803,1846,-1.0,touchdown,0.3,0.01,True,True,True,True,True,0.05563500394558965,0.3052947551473028,0.24965975120171316,False,0.015010948745607502,0.0869243023248531,0.010812881148315717,0.011410463360627093,success,success,0,3,-x7,-x1|+x2|-x1|+x3
20260803,1847,-1.0,touchdown,0.3,0.01,True,True,False,False,False,nan,nan,nan,,0.10365626297129411,0.10365626297129411,-0.0014485918359925798,-0.0014485918359925798,success,success,0,0,-x11,-x11
20260803,1848,-1.0,touchdown,0.3,0.01,True,True,True,True,True,0.16483421913068647,1.260987532651524,1.0961533135208377,False,0.02412900988654134,0.21214210306177478,0.005866425189861732,0.006742135673265773,success,success,0,8,+x13,+x4|-x1|+x2|-x1|+x1|-x1|+x1|-x1|+x1
20260803,1849,-1.0,touchdown,0.3,0.01,True,True,False,False,False,nan,nan,nan,,0.03768799806688131,0.03768799806688131,-0.005193820854730075,-0.005193820854730075,success,success,0,0,-x7,-x7
20260803,1850,-1.0,touchdown,0.3,0.01,True,True,True,True,True,0.06943574181884667,0.7469232996484829,0.6774875578296362,False,0.0229361229394636,0.27930884983605037,0.013237876912333569,0.014986150848705875,success,success,0,5,+x11,+x4|-x1|+x2|-x1|+x2|-x1
20260803,1851,-1.0,mid_cross,0.3,0.01,True,False,True,False,False,1.600898082253256,nan,nan,,0.8561430931304868,0.5155283389909695,0.021432068245935514,0.020202388165096313,success,clearance_ground+foot_ground_before_ready,0,1,-x11,-x4|+x10
20260803,1852,-1.0,touchdown,0.3,0.01,True,True,False,False,False,nan,nan,nan,,0.0702030763343646,0.0702030763343646,-0.007767562902876523,-0.007767562902876523,success,success,0,0,-x6,-x6
20260803,1853,-1.0,touchdown,0.3,0.01,True,True,False,False,False,nan,nan,nan,,0.02252411418016685,0.02252411418016685,-0.0077763310394598495,-0.0077763310394598495,success,success,0,0,-x3,-x3
20260803,1854,-1.0,touchdown,0.3,0.01,True,True,True,True,True,0.020362108381201675,0.020362108381201675,0.0,False,0.01561946330549741,0.01561946330549741,0.03074148006021066,0.03074148006021066,success,success,0,0,-x8,-x8
20260803,1855,-1.0,mid_cross,0.3,0.01,True,False,False,False,False,nan,nan,nan,,1.158298444717172,0.7736497194153951,-0.032667738342537854,-0.03464119835322943,success,clearance_ground+foot_ground_before_ready,0,1,-x12,-x5|+x7
20260803,1856,-1.0,mid_cross,0.3,0.01,False,False,False,False,False,nan,nan,nan,,0.4184109914676478,0.4184109914676478,0.04376906574918993,0.04376906574918993,clearance_ground+foot_ground_bad_clearance,clearance_ground+foot_ground_bad_clearance,0,0,-x12,-x12
20260803,1857,-1.0,mid_cross,0.3,0.01,False,False,False,False,False,nan,nan,nan,,2.3547745777909945,0.8993049952075656,0.046053039858867634,0.04664973250059945,clearance_ground+foot_ground_before_ready,clearance_ground+foot_ground_before_ready,0,1,-x11,-x8|+x3
20260803,1858,-1.0,mid_cross,0.3,0.01,False,False,False,False,False,nan,nan,nan,,1.6064084056636605,1.1484060846722872,0.0392644848463858,0.03814250538162646,clearance_ground+foot_ground_after_ready,clearance_ground+foot_ground_before_ready,0,4,-x15,-x9|+x4|-x1|+x2|-x1
20260803,1859,-1.0,mid_cross,0.3,0.01,False,False,False,False,False,nan,nan,nan,,1.1158170955852282,0.46196070194076533,0.016044648872456456,0.015117740656955661,clearance_ground+foot_ground_before_ready,clearance_ground+foot_ground_before_ready,0,1,-x9,-x6|+x3
20260803,1860,-1.0,touchdown,0.3,0.01,True,True,True,True,True,0.09401962096433715,0.09802459257343653,0.004004971609099378,False,0.0717772334798546,0.07327819060820467,0.030594941683354516,0.0299585715344888,success,success,0,2,-x9,-x6|+x2|-x1
20260803,1861,-1.0,touchdown,0.3,0.01,True,True,False,False,False,nan,nan,nan,,0.01552271064314503,0.01552271064314503,-0.00434498745992643,-0.00434498745992643,success,success,0,0,-x5,-x5
20260803,1862,-1.0,touchdown,0.3,0.01,True,True,False,False,False,nan,nan,nan,,0.04581724676138133,0.04581724676138133,-0.004312342813424269,-0.004312342813424269,success,success,0,0,-x3,-x3
20260803,1863,-1.0,touchdown,0.3,0.01,True,True,True,True,True,0.040243255511065314,0.7501760038864407,0.7099327483753753,False,0.006863511073812135,0.13035586586407694,0.006834939002997392,0.006963840589935429,success,success,0,1,+x12,+x10|-x1
20260803,1864,-1.0,touchdown,0.3,0.01,True,True,False,False,False,nan,nan,nan,,0.006370137639956264,0.006370137639956264,-0.0038480213995286255,-0.0038480213995286255,success,success,0,0,+x9,+x9
20260803,1865,-1.0,touchdown,0.3,0.01,True,True,True,True,True,0.06331627493481888,0.06408399230415433,0.0007677173693354522,False,0.02192996174555995,0.022535646756352237,0.013880462219229367,0.014092948906897825,success,success,0,1,+x10,+x9|-x1
20260803,1866,-1.0,mid_cross,0.3,0.01,False,False,False,False,False,nan,nan,nan,,0.5718968212455007,0.31048914253418647,0.038713324311468726,0.03185905217779933,clearance_ground+foot_ground_before_ready,clearance_ground+foot_ground_before_ready,0,3,-x13,-x2|+x3|-x1|+x6
20260803,1867,-1.0,touchdown,0.3,0.01,True,True,True,True,True,0.0252357803001429,0.07653915726730326,0.05130337696716036,False,0.0169210712800484,0.05605761407259947,0.026871538216398677,0.02935163808067301,success,success,0,4,+x11,+x7|-x1|+x1|-x1|+x2
20260803,1868,-1.0,touchdown,0.3,0.01,True,True,False,False,False,nan,nan,nan,,0.08678750943093963,0.08678750943093963,-0.0068281671813035655,-0.0068281671813035655,success,success,0,0,-x6,-x6
20260803,1869,-1.0,pre_cross,0.3,0.01,False,False,False,False,False,nan,nan,nan,,4.218623572381441,1.7985291863781656,0.018165479646724,0.014178630018542353,clearance_ground+foot_ground_before_ready,clearance_ground+foot_ground_before_ready,0,1,-x19,-x15|+x4
20260803,1870,-1.0,touchdown,0.3,0.01,True,True,True,True,True,0.4048235446785814,0.4048235446785814,0.0,False,0.07251414026897146,0.07251414026897146,0.007178576775164154,0.007178576775164154,success,success,0,0,-x8,-x8
20260803,1871,-1.0,pre_cross,0.3,0.01,False,False,False,False,False,nan,nan,nan,,3.5990639583684567,2.2111069586417043,0.07304032089214281,0.07055458110011031,clearance_ground+knee_ground,clearance_ground+foot_ground_before_ready,0,1,-x20,-x17|+x3
20260803,1872,-1.0,pre_cross,0.3,0.01,False,False,False,False,False,nan,nan,nan,,0.8933216387800565,0.8933216387800565,0.03146411789271844,0.03146411789271844,clearance,clearance,0,0,-x14,-x14
20260803,1873,-1.0,touchdown,0.3,0.01,True,True,False,False,False,nan,nan,nan,,0.1228719394511909,0.1206861952842389,-0.004226194470215952,-0.004227066287155912,success,success,0,1,-x8,-x7|+x1
20260803,1874,-1.0,touchdown,0.3,0.01,True,True,False,False,False,nan,nan,nan,,0.1443123804842681,0.006643035079339847,-0.004528692750217625,-0.005409543695634032,success,success,0,1,-x9,-x5|+x4
20260803,1875,-1.0,mid_cross,0.3,0.01,False,False,False,False,False,nan,nan,nan,,1.2908931640930448,0.5634027495646108,0.018550494331084192,0.015401139039024066,clearance_ground+foot_ground_before_ready,clearance_ground+foot_ground_before_ready,0,1,-x11,-x6|+x4
20260803,1876,-1.0,pre_cross,0.3,0.01,False,False,False,False,False,nan,nan,nan,,2.8234289311566494,2.160078535816006,-0.07639320428355294,-0.07669684536032792,clearance,clearance,0,1,-x20,-x19|+x1
20260803,1877,-1.0,touchdown,0.3,0.01,True,True,True,True,True,0.08022990704805354,0.7968000995191414,0.7165701924710879,False,0.007439253633533488,0.10446698120057957,0.003715989577569242,0.0052542541491225996,success,success,0,1,+x9,+x3|-x7
20260803,1878,-1.0,touchdown,0.3,0.01,True,True,True,True,True,0.028724397201799683,0.5274885679427017,0.498764170740902,False,0.006291457370650849,0.1202592605023521,0.008777720445719808,0.009136647876948886,success,success,0,2,+x12,+x10|-x1|+x1
20260803,1879,-1.0,touchdown,0.3,0.01,True,True,False,False,False,nan,nan,nan,,0.02533337608431225,0.017994932482536415,-0.0017611713626105585,-0.002182650962616009,success,success,0,1,-x6,-x1|+x6
20260803,1880,-1.0,touchdown,0.3,0.01,True,True,False,False,False,nan,nan,nan,,0.001293575423773183,0.001293575423773183,-0.0033610977330375234,-0.0033610977330375234,success,success,0,0,-x3,-x3
20260803,1881,-1.0,touchdown,0.3,0.02,True,True,True,True,True,0.012828617643409675,0.012828617643409675,0.0,False,0.007159300002926496,0.007159300002926496,0.022365165217014066,0.022365165217014066,success,success,0,0,-x5,-x5
20260803,1882,-1.0,mid_cross,0.3,0.02,False,False,False,False,False,nan,nan,nan,,0.5082892692031005,0.5082892692031005,0.03470280464552365,0.03470280464552365,clearance_ground+foot_ground_bad_clearance,clearance_ground+foot_ground_bad_clearance,0,0,-x11,-x11
20260803,1883,-1.0,touchdown,0.3,0.02,True,True,True,True,True,0.052364266039377085,0.41970064276546204,0.36733637672608493,False,0.012293362350308293,0.09915210304061116,0.00940842814920978,0.009467682956263587,success,success,0,2,+x12,+x9|-x1|+x1
20260803,1884,-1.0,pre_cross,0.3,0.02,False,False,False,False,False,nan,nan,nan,,2.4550431792657483,1.8506737158793447,-0.044055674005714945,-0.04433066214779603,clearance,clearance,0,1,-x18,-x17|+x1
20260803,1885,-1.0,mid_cross,0.3,0.02,False,False,False,False,False,nan,nan,nan,,1.6106063834538467,0.7544228319124051,0.018155962380206142,0.015591322469978186,clearance_ground+foot_ground_before_ready,clearance_ground+foot_ground_before_ready,0,1,-x13,-x7|+x6
20260803,1886,-1.0,touchdown,0.3,0.02,True,True,True,True,True,0.7757250908826319,0.7757250908826319,0.0,False,0.08438605134856104,0.08438605134856104,0.004359575839593212,0.004359575839593212,success,success,0,0,-x8,-x8
20260803,1887,-1.0,mid_cross,0.3,0.02,True,True,True,True,True,0.3322900611907375,0.2788664217838038,-0.05342363940693373,True,0.28618212979564495,0.24706155322318402,0.03451489608731577,0.03550506840887266,success,success,0,1,-x14,-x2|+x14
20260803,1888,-1.0,touchdown,0.3,0.02,True,True,False,False,False,nan,nan,nan,,0.06662969543365585,0.06662969543365585,-0.012877137658740446,-0.012877137658740446,success,success,0,0,-x7,-x7
20260803,1889,-1.0,touchdown,0.3,0.02,True,True,True,True,True,0.1390913129242164,2.6542647971325093,2.515173484208293,False,0.017595463518835723,0.3185807089494763,0.0050696983100305265,0.004810128048655396,success,success,0,5,+x10,+x3|-x1|+x1|-x1|+x1|-x1
20260803,1890,-1.0,touchdown,0.3,0.02,False,False,False,False,False,nan,nan,nan,,0.13819542130246076,0.13819542130246076,-0.03122016827046735,-0.03122016827046735,clearance_ground+foot_ground_after_ready,clearance_ground+foot_ground_after_ready,0,0,-x15,-x15
20260803,1891,-1.0,pre_cross,0.3,0.02,False,False,False,False,False,nan,nan,nan,,2.201964600054927,1.6995318961000887,0.014439939850483016,0.011924711312665037,clearance_ground+foot_ground_before_ready,clearance_ground+foot_ground_before_ready,0,1,-x16,-x11|+x5
20260803,1892,-1.0,touchdown,0.3,0.02,True,True,True,True,True,3.4495655211214302,3.4495655211214302,0.0,False,0.16538772129244608,0.16538772129244608,0.001921411013247283,0.001921411013247283,success,success,0,0,-x8,-x8
20260803,1893,-1.0,touchdown,0.3,0.02,True,True,False,False,False,nan,nan,nan,,0.06365415830842373,0.06365415830842373,-0.0026016202597882385,-0.0026023306865133183,success,success,0,1,-x5,-x4|+x1
20260803,1894,-1.0,pre_cross,0.3,0.02,False,False,False,False,False,nan,nan,nan,,2.310641337659795,1.7984934796618917,0.031826348163318176,0.031684220905892554,clearance_ground+foot_ground_bad_clearance,clearance_ground+foot_ground_bad_clearance,0,1,-x18,-x17|+x1
20260803,1895,-1.0,pre_cross,0.3,0.02,False,False,False,False,False,nan,nan,nan,,1.9862352961216747,1.4722487739176828,-0.0013256060722393048,-0.0013449455800763066,clearance_ground+foot_ground_bad_clearance,clearance_ground+foot_ground_bad_clearance,0,1,-x14,-x13|+x1
20260803,1896,-1.0,touchdown,0.3,0.02,True,True,False,False,False,nan,nan,nan,,0.13669635407018055,0.13669635407018055,-0.02604951889503438,-0.02604951889503438,success,success,0,0,-x10,-x10
20260803,1897,-1.0,pre_cross,0.3,0.02,False,False,False,False,False,nan,nan,nan,,4.637688670021386,2.2587563528169197,-0.028160245552442953,-0.03132151969076408,clearance_ground+knee_ground,clearance_ground+foot_ground_before_ready,0,1,-x23,-x19|+x4
20260803,1898,-1.0,touchdown,0.3,0.02,False,False,False,False,False,nan,nan,nan,,0.012695304995016829,0.0871689927674725,-0.030194540181292123,-0.030531804628502603,clearance_ground+foot_ground_before_ready,clearance_ground+foot_ground_before_ready,0,1,+x16,+x7|-x11
20260803,1899,-1.0,mid_cross,0.3,0.02,False,False,False,False,False,nan,nan,nan,,0.6392887438426007,0.6392887438426007,-0.011043987682753248,-0.011039118566868997,clearance_ground+foot_ground_before_ready,clearance_ground+foot_ground_before_ready,0,1,-x13,-x12|+x1
20260803,1900,-1.0,touchdown,0.3,0.02,True,True,False,False,False,nan,nan,nan,,0.013302885275041292,0.04851545140835911,-0.03785588712934082,-0.03312839998012164,success,success,0,1,+x15,+x9|-x5
20260803,1901,-1.0,touchdown,0.3,0.02,True,True,True,True,True,0.03556222630092441,0.03556222630092441,0.0,False,0.006538334873970382,0.006538334873970382,0.007368169862050054,0.007368169862050054,success,success,0,0,-x2,-x2
20260803,1902,-1.0,touchdown,0.3,0.02,True,True,True,True,True,0.01800580683478881,0.23576970248994283,0.21776389565515403,False,0.0131264510265694,0.1584617438669244,0.029215689909328494,0.026935053719668988,success,success,0,5,+x10,+x1|-x1|+x2|-x1|+x3|-x1
20260803,1903,-1.0,touchdown,0.3,0.02,True,True,True,True,True,0.01974718750221315,0.01974718750221315,0.0,False,0.004697741236762594,0.004697741236762594,0.009533782759759413,0.009533782759759413,success,success,0,0,+x4,+x4
20260803,1904,-1.0,pre_cross,0.3,0.02,False,False,False,False,False,nan,nan,nan,,3.42627357985548,2.6844068626962914,-0.03615180514795792,-0.036504323963155186,clearance,clearance,0,1,-x21,-x20|+x1
20260803,1905,-1.0,touchdown,0.3,0.02,False,False,False,False,False,nan,nan,nan,,0.09637876357178676,0.09637876357178676,-0.06348455711837767,-0.06348455711837767,clearance_ground+foot_ground_before_ready,clearance_ground+foot_ground_before_ready,0,0,-x17,-x17
20260803,1906,-1.0,pre_cross,0.3,0.02,False,False,False,False,False,nan,nan,nan,,3.618829696617022,1.5917765636088477,0.07931464713441723,0.07931924503284697,clearance_ground+foot_ground_bad_clearance,clearance_ground+foot_ground_bad_clearance,0,1,-x19,-x16|+x3
20260803,1907,-1.0,mid_cross,0.3,0.02,False,False,False,False,False,nan,nan,nan,,0.9918625133800144,0.6289310807960757,0.024709626339180543,0.024867185621779253,clearance_ground+foot_ground_before_ready,clearance_ground+foot_ground_before_ready,0,1,-x9,-x7|+x2
20260803,1908,-1.0,mid_cross,0.3,0.02,False,False,False,False,False,nan,nan,nan,,1.8621779403149363,1.3494184743411919,-0.013886699117302392,-0.013994618029360473,clearance,clearance,0,1,-x12,-x11|+x1
20260803,1909,-1.0,mid_cross,0.3,0.02,False,False,False,False,False,nan,nan,nan,,0.679671640074839,0.6549467489616116,0.043789760049486114,0.04076479473589757,clearance_ground+foot_ground_before_ready,clearance_ground+foot_ground_before_ready,0,1,-x16,-x4|+x11
20260803,1910,-1.0,mid_cross,0.3,0.02,False,False,False,False,False,nan,nan,nan,,2.513162641966331,0.6748543010029749,0.001228633759579427,-0.005281155535471666,clearance_ground+foot_ground_before_ready,clearance_ground+foot_ground_before_ready,0,1,-x17,-x10|+x7
20260803,1911,-1.0,touchdown,0.3,0.02,True,True,False,False,False,nan,nan,nan,,0.010057173101832574,0.17352145406961966,-0.008140583082596653,-0.00842835209606205,success,success,0,1,+x11,+x1|-x11
20260803,1912,-1.0,touchdown,0.3,0.02,True,True,True,True,True,0.14037079019166804,0.09787051696605693,-0.042500273225611104,True,0.033825382497059714,0.02356742256197716,0.009657114531795042,0.009650317829917791,success,success,0,2,-x8,-x1|+x5|-x2
20260803,1913,-1.0,touchdown,0.3,0.02,True,True,False,False,False,nan,nan,nan,,0.0107697285936845,0.0107697285936845,0.0006070371643579348,0.0006070371643579348,success,success,0,0,-x6,-x6
20260803,1914,-1.0,touchdown,0.3,0.02,True,True,True,True,True,0.04062625950869708,0.020305736902923824,-0.02032052260577326,True,0.013395762487246913,0.006697459472933769,0.013214234540566264,0.013218213125829131,success,success,0,2,-x5,-x2|+x1|-x2
20260803,1915,-1.0,touchdown,0.3,0.02,True,True,False,False,False,nan,nan,nan,,0.014881377481000328,0.014881377481000328,-0.016954147756336538,-0.016954147756336538,success,success,0,0,-x5,-x5
20260803,1916,-1.0,touchdown,0.3,0.02,True,True,True,True,True,0.26121692102099237,0.3730743627051128,0.11185744168412043,False,0.016270917966595848,0.022740784906147563,0.0024962734628680427,0.0024428199332490325,success,success,0,1,+x11,+x5|-x6
20260803,1917,-1.0,touchdown,0.3,0.02,True,True,True,True,True,0.08488789723177052,0.033840988535108515,-0.05104690869666201,True,0.012487322000624874,0.0049754658123288146,0.005895286901318219,0.00589212723065516,success,success,0,1,+x3,+x2|-x1
20260803,1918,-1.0,pre_cross,0.3,0.02,False,False,False,False,False,nan,nan,nan,,2.8152368030460058,2.132863002757525,-0.0465434934786052,-0.04666653901765981,clearance,clearance_ground+foot_ground_bad_clearance,0,1,-x19,-x18|+x1
20260803,1919,-1.0,touchdown,0.3,0.02,True,True,False,False,False,nan,nan,nan,,0.032885562472179906,0.032885562472179906,-0.02070064116102628,-0.02070064116102628,success,success,0,0,-x9,-x9
20260803,1920,-1.0,touchdown,0.3,0.02,True,True,False,False,False,nan,nan,nan,,0.014622532737626853,0.039859931952782236,-0.037538401038996624,-0.03479307760262114,success,success,0,1,+x13,+x1|-x11
20260803,1921,-1.0,touchdown,0.35,0.0,True,True,False,False,False,nan,nan,nan,,0.24652479752854692,0.24652479752854692,-0.021038087184741604,-0.021038087184741604,success,success,0,0,-x11,-x11
20260803,1922,-1.0,mid_cross,0.35,0.0,False,False,False,False,False,nan,nan,nan,,1.1808974720287662,0.7769130674311163,-0.028466958230492972,-0.02869787032387755,clearance_ground+foot_ground_bad_clearance,clearance_ground+foot_ground_bad_clearance,0,1,-x11,-x10|+x1
20260803,1923,-1.0,pre_cross,0.35,0.0,False,False,False,False,False,nan,nan,nan,,3.1251887423352076,1.9469344529679746,0.08666453664497864,0.07895119116876423,clearance_ground+knee_ground,clearance_ground+foot_ground_before_ready,0,1,-x19,-x12|+x7
20260803,1924,-1.0,mid_cross,0.35,0.0,False,False,False,False,False,nan,nan,nan,,0.6638557094948213,0.6638557094948213,0.038450152363870754,0.038450152363870754,clearance_ground+foot_ground_before_ready,clearance_ground+foot_ground_before_ready,0,0,-x16,-x16
20260803,1925,-1.0,mid_cross,0.35,0.0,False,False,False,False,False,nan,nan,nan,,0.47290692427474734,0.45807067624050873,0.00953655869540736,0.008909881766123721,clearance_ground+foot_ground_before_ready,clearance_ground+foot_ground_before_ready,0,1,-x14,-x5|+x8
20260803,1926,-1.0,pre_cross,0.35,0.0,False,False,False,False,False,nan,nan,nan,,1.5484421500467938,1.5484421500467938,0.0520912014025441,0.0520912014025441,clearance_ground+foot_ground_bad_clearance,clearance_ground+foot_ground_bad_clearance,0,0,-x17,-x17
20260803,1927,-1.0,touchdown,0.35,0.0,False,False,False,False,False,nan,nan,nan,,0.3148332286923631,0.3148332286923631,-0.038223595698936394,-0.03815597341793743,clearance_ground+foot_ground_after_ready,clearance_ground+foot_ground_after_ready,0,1,-x15,-x14|+x1
20260803,1928,-1.0,touchdown,0.35,0.0,False,False,False,False,False,nan,nan,nan,,0.07593566033961725,0.07593566033961725,0.0017135848544351118,0.0017135848544351118,clearance_ground+foot_ground_before_ready,clearance_ground+foot_ground_before_ready,0,0,-x11,-x11
20260803,1929,-1.0,touchdown,0.35,0.0,True,True,False,False,False,nan,nan,nan,,0.03750762663691346,0.03750762663691346,-0.024788011499938166,-0.024788011499938166,success,success,0,0,-x9,-x9
20260803,1930,-1.0,mid_cross,0.35,0.0,False,False,False,False,False,nan,nan,nan,,1.7812118020286163,0.9307698293015136,0.07965713143355665,0.06892154775794644,clearance_ground+foot_ground_before_ready,clearance_ground+foot_ground_before_ready,0,1,-x17,-x9|+x7
20260803,1931,-1.0,touchdown,0.35,0.0,True,True,False,False,False,nan,nan,nan,,0.011035763773463549,0.011035763773463549,-0.00836166842170247,-0.00836166842170247,success,success,0,0,-x6,-x6
20260803,1932,-1.0,mid_cross,0.35,0.0,False,False,False,False,False,nan,nan,nan,,1.574150810316942,0.7470843125696854,0.015334751134003309,0.009696855753186424,clearance_ground+foot_ground_before_ready,clearance_ground+foot_ground_before_ready,0,1,-x14,-x7|+x6
20260803,1933,-1.0,touchdown,0.35,0.0,True,True,True,True,True,0.025573520859089077,0.025573520859089077,0.0,False,0.002283926311573258,0.002283926311573258,0.003579092924652763,0.003579092924652763,success,success,0,0,-x1,-x1
20260803,1934,-1.0,pre_cross,0.35,0.0,False,False,False,False,False,nan,nan,nan,,4.402937872225964,1.9649073597399214,-0.03709311710845782,-0.04003618483390915,clearance_ground+knee_ground,clearance_ground+foot_ground_before_ready,0,1,-x20,-x16|+x4
20260803,1935,-1.0,touchdown,0.35,0.0,False,False,False,False,False,nan,nan,nan,,0.27856840998319216,0.27856840998319216,-0.08014575862020348,-0.08014020225171817,clearance_ground+foot_ground_before_ready,clearance_ground+foot_ground_before_ready,0,1,-x18,-x17|+x1
20260803,1936,-1.0,mid_cross,0.35,0.0,False,False,False,False,False,nan,nan,nan,,0.4356297790726532,0.4356297790726532,0.019621160870069126,0.019621160870069126,clearance_ground+foot_ground_before_ready,clearance_ground+foot_ground_before_ready,0,0,-x17,-x17
20260803,1937,-1.0,touchdown,0.35,0.0,True,True,False,False,False,nan,nan,nan,,0.0554494077385417,0.0554494077385417,-0.014322168840858483,-0.014322168840858483,success,success,0,0,-x9,-x9
20260803,1938,-1.0,mid_cross,0.35,0.0,False,False,False,False,False,nan,nan,nan,,0.4142885778178554,0.4142885778178554,0.012683385229122393,0.012683385229122393,clearance_ground+foot_ground_before_ready,clearance_ground+foot_ground_before_ready,0,0,-x17,-x17
20260803,1939,-1.0,touchdown,0.35,0.0,True,True,False,False,False,nan,nan,nan,,0.0013151821327905087,0.0013151821327905087,-0.005891610874448033,-0.005891610874448033,success,success,0,0,-x2,-x2
20260803,1940,-1.0,mid_cross,0.35,0.0,False,False,False,False,False,nan,nan,nan,,0.5043272905591167,0.5043272905591167,-0.035744063399102854,-0.03556633984158637,clearance_ground+foot_ground_before_ready,clearance_ground+foot_ground_before_ready,0,1,-x14,-x8|+x6
20260803,1941,-1.0,touchdown,0.35,0.0,True,True,False,False,False,nan,nan,nan,,0.010241860121636933,0.10507334574709845,-0.010835658037194454,-0.008692903206451955,success,success,0,2,+x10,+x6|-x1|+x2
20260803,1942,-1.0,touchdown,0.35,0.0,True,True,True,True,True,0.058826332694571985,0.058826332694571985,0.0,False,0.01309117501007502,0.01309117501007502,0.008918427054877035,0.008918427054877035,success,success,0,0,-x6,-x6
20260803,1943,-1.0,mid_cross,0.35,0.0,True,False,True,False,False,3.1346833697205687,nan,nan,,0.8204155882086468,0.19431387856772428,0.010488699284347723,0.007513939007158278,success,clearance_ground+foot_ground_before_ready,0,1,-x13,-x3|+x10
20260803,1944,-1.0,mid_cross,0.35,0.0,True,False,True,False,False,0.472235980409536,nan,nan,,0.6524095152483669,0.11264314396094341,0.05536593307416701,0.04784404370790282,success,clearance_ground+foot_ground_before_ready,0,2,-x12,-x4|+x7|-x1
20260803,1945,-1.0,mid_cross,0.35,0.0,True,False,False,False,False,nan,nan,nan,,0.8011443211679865,0.4300659213322124,-0.02955699311324634,-0.028913053098653323,success,clearance_ground+foot_ground_before_ready,0,1,-x15,-x5|+x9
20260803,1946,-1.0,mid_cross,0.35,0.0,True,False,True,False,False,0.6841746924140623,nan,nan,,0.47599620998400394,0.19066640560608814,0.027881613308071426,0.024709534102621934,success,clearance_ground+foot_ground_before_ready,0,1,-x12,-x2|+x11
20260803,1947,-1.0,touchdown,0.35,0.0,True,True,False,False,False,nan,nan,nan,,0.0018084761461428429,0.0018084761461428429,-0.0013645760930819512,-0.0013645760930819512,success,success,0,0,-x1,-x1
20260803,1948,-1.0,pre_cross,0.35,0.0,False,False,False,False,False,nan,nan,nan,,4.468826590757643,2.2936186962991316,0.009514946872388241,0.006532320791537408,clearance_ground+knee_ground,clearance_ground+knee_ground,0,1,-x22,-x19|+x4
20260803,1949,-1.0,touchdown,0.35,0.0,True,True,False,False,False,nan,nan,nan,,0.15901737775768554,0.150519398405596,-0.0106397164547756,-0.010824557954191877,success,success,0,1,-x12,-x11|+x1
20260803,1950,-1.0,touchdown,0.35,0.0,True,True,False,False,False,nan,nan,nan,,0.0675798594422014,0.1694864367253114,-0.023772863170277714,-0.021855796927955678,success,success,0,1,+x12,+x7|-x5
20260803,1951,-1.0,pre_cross,0.35,0.0,False,False,False,False,False,nan,nan,nan,,1.4821835810260244,1.0716389134259925,-0.03159150617079722,-0.033719185443939585,clearance_ground+foot_ground_before_ready,clearance_ground+foot_ground_before_ready,0,1,-x16,-x9|+x6
20260803,1952,-1.0,touchdown,0.35,0.0,True,True,False,False,False,nan,nan,nan,,0.04948192201827242,0.04948192201827242,-0.041255767187193995,-0.041255767187193995,success,success,0,0,-x9,-x9
20260803,1953,-1.0,touchdown,0.35,0.0,True,True,True,True,True,0.1055972754964101,0.1055972754964101,0.0,False,0.006809193626115278,0.006809193626115278,0.0025841896413237447,0.0025841896413237447,success,success,0,0,-x2,-x2
20260803,1954,-1.0,mid_cross,0.35,0.0,True,False,True,False,False,3.3228950632850847,nan,nan,,1.495525224309281,1.0770488624610821,0.018036759996939225,0.019690449703086296,success,clearance_ground+foot_ground_before_ready,0,4,-x13,-x10|+x2|-x1|+x3|-x1
20260803,1955,-1.0,mid_cross,0.35,0.0,True,False,True,False,False,0.46960174692885864,nan,nan,,0.9702648165464443,0.2805207658003191,0.08280222177843619,0.07303126759148233,success,clearance_ground+foot_ground_before_ready,0,1,-x16,-x6|+x9
20260803,1956,-1.0,pre_cross,0.35,0.0,False,False,False,False,False,nan,nan,nan,,0.5193786709071211,0.5193786709071211,-0.00315578775520102,-0.00315578775520102,clearance_ground+foot_ground_bad_clearance,clearance_ground+foot_ground_bad_clearance,0,0,-x14,-x14
20260803,1957,-1.0,pre_cross,0.35,0.0,False,False,False,False,False,nan,nan,nan,,2.456170705951051,0.9712427287869001,-0.02773072639414771,-0.02903481877910702,clearance_ground+foot_ground_before_ready,clearance_ground+foot_ground_before_ready,0,1,-x15,-x12|+x3
20260803,1958,-1.0,pre_cross,0.35,0.0,False,False,False,False,False,nan,nan,nan,,1.5987304275039227,1.5987304275039227,-0.005407692946961834,-0.005407692946961834,clearance_ground+foot_ground_bad_clearance,clearance_ground+foot_ground_bad_clearance,0,0,-x14,-x14
20260803,1959,-1.0,pre_cross,0.35,0.0,False,False,False,False,False,nan,nan,nan,,2.800563232380036,1.5321536952788488,0.04021302682225758,0.04061709202186495,clearance_ground+foot_ground_bad_clearance,clearance_ground+foot_ground_bad_clearance,0,1,-x19,-x17|+x2
20260803,1960,-1.0,mid_cross,0.35,0.0,True,False,True,False,False,0.34651704090035906,nan,nan,,0.42997891489024914,0.1710183740132368,0.049728341222430736,0.045848586751507006,success,clearance_ground+foot_ground_after_ready,0,1,-x14,-x5|+x9
20260803,1961,-1.0,touchdown,0.35,0.01,True,True,True,True,True,0.1625328955545266,0.1625328955545266,0.0,False,0.007512838250212393,0.007512838250212393,0.0018524401130554091,0.0018524401130554091,success,success,0,0,+x5,+x5
20260803,1962,-1.0,mid_cross,0.35,0.01,True,False,True,False,False,0.6044427425067739,nan,nan,,0.7617885162214909,0.15688398713053942,0.050508057310374666,0.047382250521680075,success,clearance_ground+foot_ground_before_ready,0,1,-x13,-x5|+x8
20260803,1963,-1.0,mid_cross,0.35,0.01,False,False,False,False,False,nan,nan,nan,,2.5213928193946518,1.1305371566639857,-0.02121465179172468,-0.025562304226466756,clearance_ground+foot_ground_before_ready,clearance_ground+foot_ground_before_ready,0,1,-x17,-x12|+x5
20260803,1964,-1.0,mid_cross,0.35,0.01,True,False,False,False,False,nan,nan,nan,,0.6235780509336055,0.9878528049477402,-0.003352560413199937,-0.006962423621107772,success,clearance_ground+foot_ground_before_ready,0,8,-x12,-x6|+x2|-x1|+x1|-x1|+x1|-x1|+x2|-x1
20260803,1965,-1.0,touchdown,0.35,0.01,True,True,False,False,False,nan,nan,nan,,0.0167824148297371,0.0167824148297371,-0.012125524826205616,-0.012125524826205616,success,success,0,0,-x6,-x6
20260803,1966,-1.0,mid_cross,0.35,0.01,False,False,False,False,False,nan,nan,nan,,0.19969199193155499,0.19969199193155499,-0.00961855878268178,-0.00961855878268178,clearance_ground+foot_ground_before_ready,clearance_ground+foot_ground_before_ready,0,0,-x17,-x17
20260803,1967,-1.0,touchdown,0.35,0.01,True,True,False,False,False,nan,nan,nan,,0.1690124537567012,0.1690124537567012,-0.061073904857780616,-0.061073904857780616,success,success,0,0,-x14,-x14
20260803,1968,-1.0,touchdown,0.35,0.01,False,False,False,False,False,nan,nan,nan,,0.19298061813376324,0.19298061813376324,-0.018744424287668142,-0.018744424287668142,clearance_ground+foot_ground_before_ready,clearance_ground+foot_ground_before_ready,0,0,-x12,-x12
20260803,1969,-1.0,touchdown,0.35,0.01,True,True,False,False,False,nan,nan,nan,,0.2721384423550538,0.2958113582816523,-0.006319163266293351,-0.006831771504427653,success,success,0,4,-x8,-x4|+x1|-x1|+x1|-x1
20260803,1970,-1.0,touchdown,0.35,0.01,False,False,False,False,False,nan,nan,nan,,0.4514075266532368,0.4514075266532368,-0.0529408463242866,-0.0529408463242866,clearance_ground+foot_ground_before_ready,clearance_ground+foot_ground_before_ready,0,0,-x15,-x15
20260803,1971,-1.0,touchdown,0.35,0.01,True,True,False,False,False,nan,nan,nan,,0.32999042623112274,0.25704281444797994,-0.01035176391777197,-0.0106854865156214,success,success,0,2,-x10,-x8|+x1|-x1
20260803,1972,-1.0,mid_cross,0.35,0.01,False,False,False,False,False,nan,nan,nan,,2.5060095655096073,1.5421455647378266,0.018087058389552158,0.01490609208222729,clearance_ground+foot_ground_before_ready,clearance_ground+foot_ground_before_ready,0,1,-x19,-x14|+x5
20260803,1973,-1.0,mid_cross,0.35,0.01,False,False,False,False,False,nan,nan,nan,,0.834438131777579,0.834438131777579,-0.00015701149633581823,-0.00015701149633581823,clearance,clearance,0,0,-x9,-x9
20260803,1974,-1.0,mid_cross,0.35,0.01,True,False,True,False,False,0.9014969806641946,nan,nan,,1.1073350752652602,1.0768368624542146,0.04922618625428614,0.04840232310830425,success,clearance_ground+foot_ground_before_ready,0,6,-x12,-x5|+x2|-x1|+x2|-x1|+x1|-x1
20260803,1975,-1.0,touchdown,0.35,0.01,True,True,False,False,False,nan,nan,nan,,0.056688316448602526,0.020857278121340403,-0.00533830798273463,-0.0037811010025455005,success,success,0,1,+x10,+x6|-x3
20260803,1976,-1.0,touchdown,0.35,0.01,True,True,False,False,False,nan,nan,nan,,0.028088442115877816,0.05312808335453952,-0.0041606933809946525,-0.005569164182045706,success,success,0,2,-x9,-x7|+x1|-x2
20260803,1977,-1.0,touchdown,0.35,0.01,True,True,False,False,False,nan,nan,nan,,0.02661423592644326,0.025100233186418474,-0.025422189626032765,-0.021915287996131266,success,success,0,1,+x11,+x8|-x2
20260803,1978,-1.0,touchdown,0.35,0.01,True,True,False,False,False,nan,nan,nan,,0.08596074116536931,0.08596074116536931,-0.007728975875394264,-0.007728975875394264,success,success,0,0,-x8,-x8
20260803,1979,-1.0,mid_cross,0.35,0.01,False,False,False,False,False,nan,nan,nan,,0.6406672941536391,0.641510997976332,0.012582889324806695,0.012554288527374058,clearance_ground+foot_ground_before_ready,clearance_ground+foot_ground_before_ready,0,1,-x9,-x8|+x1
20260803,1980,-1.0,touchdown,0.35,0.01,True,True,True,True,True,0.7878191713024539,0.31080513945780813,-0.4770140318446458,True,0.25691842373282753,0.07443263812839462,0.013069233410370001,0.009597467074442423,success,success,0,1,-x9,-x2|+x5
20260803,1981,-1.0,mid_cross,0.35,0.01,True,False,False,False,False,nan,nan,nan,,1.783694509140616,0.8063064476759463,-0.03679905605105227,-0.04401481513593836,success,clearance_ground+foot_ground_before_ready,0,2,-x14,-x8|+x6|-x1
20260803,1982,-1.0,mid_cross,0.35,0.01,False,False,False,False,False,nan,nan,nan,,2.056212811563605,1.109702477398448,-0.016478186152640004,-0.017302459180125455,clearance_ground+foot_ground_before_ready,clearance_ground+foot_ground_before_ready,0,1,-x14,-x12|+x2
20260803,1983,-1.0,pre_cross,0.35,0.01,False,False,False,False,False,nan,nan,nan,,3.4069914363586746,2.6412775768495638,0.05124225302558049,0.051029990693214976,clearance_ground+foot_ground_bad_clearance,clearance,0,1,-x20,-x19|+x1
20260803,1984,-1.0,touchdown,0.35,0.01,False,False,False,False,False,nan,nan,nan,,0.4381381971147133,0.4381381971147133,-0.015537493493051072,-0.015537493493051072,clearance_ground+foot_ground_after_ready,clearance_ground+foot_ground_after_ready,0,0,-x12,-x12
20260803,1985,-1.0,touchdown,0.35,0.01,True,True,False,False,False,nan,nan,nan,,0.01348499154203987,0.01348499154203987,-0.0016088715198870618,-0.0016090849586492817,success,success,0,1,-x7,-x6|+x1
20260803,1986,-1.0,touchdown,0.35,0.01,True,True,False,False,False,nan,nan,nan,,0.0749169419780141,0.0749169419780141,-0.014768717700033088,-0.014768717700033088,success,success,0,0,-x9,-x9
20260803,1987,-1.0,touchdown,0.35,0.01,True,True,False,False,False,nan,nan,nan,,0.017868187594902597,0.017868187594902597,0.00046236565679355635,0.00046236565679355635,success,success,0,0,-x4,-x4
20260803,1988,-1.0,pre_cross,0.35,0.01,False,False,False,False,False,nan,nan,nan,,3.4817911815561016,2.047912879785669,0.018290745356688315,0.01837691761414903,clearance,clearance_ground+foot_ground_bad_clearance,0,1,-x20,-x18|+x3
20260803,1989,-1.0,mid_cross,0.35,0.01,False,False,False,False,False,nan,nan,nan,,1.0450342515145288,0.6746251417957223,-0.0005817930752684344,-0.0035931861122368916,clearance_ground+foot_ground_before_ready,clearance_ground+foot_ground_before_ready,0,1,-x15,-x5|+x9
20260803,1990,-1.0,pre_cross,0.35,0.01,False,False,False,False,False,nan,nan,nan,,3.5739406465567014,1.880812696698602,-0.004717405515695015,-0.007038871316207257,clearance_ground+knee_ground,clearance_ground+foot_ground_before_ready,0,1,-x21,-x18|+x3
20260803,1991,-1.0,mid_cross,0.35,0.01,False,False,False,False,False,nan,nan,nan,,1.308306180361829,1.2102720419484707,-0.025025167552317144,-0.027092298442831682,clearance_ground+foot_ground_before_ready,clearance_ground+foot_ground_before_ready,0,2,-x13,-x8|+x3|-x1
20260803,1992,-1.0,touchdown,0.35,0.01,True,True,False,False,False,nan,nan,nan,,0.4107223812630135,0.1892224705485988,-0.009752823465997804,-0.008806237888252681,success,success,0,1,-x7,-x4|+x2
20260803,1993,-1.0,pre_cross,0.35,0.01,True,False,True,False,False,1.0641238604489214,nan,nan,,1.5606162311625646,0.9295171000837019,0.05877401353637798,0.05414377142155513,success,clearance_ground+foot_ground_before_ready,0,3,-x15,-x6|+x8|-x1|+x1
20260803,1994,-1.0,mid_cross,0.35,0.01,False,False,False,False,False,nan,nan,nan,,1.5833493298498698,1.5833493298498698,0.0014198280420110454,0.0014198280420110454,clearance_ground+foot_ground_bad_clearance,clearance_ground+foot_ground_bad_clearance,0,0,-x15,-x15
20260803,1995,-1.0,pre_cross,0.35,0.01,False,False,False,False,False,nan,nan,nan,,2.097192411294705,1.6531769534097887,-0.03621565806790408,-0.03646128976495641,clearance_ground+foot_ground_bad_clearance,clearance_ground+foot_ground_bad_clearance,0,1,-x16,-x15|+x1
20260803,1996,-1.0,touchdown,0.35,0.01,False,False,False,False,False,nan,nan,nan,,0.14254813356288673,0.14254813356288673,-0.05787334375714351,-0.05784153597380226,clearance_ground+foot_ground_before_ready,clearance_ground+foot_ground_before_ready,0,1,-x17,-x16|+x1
20260803,1997,-1.0,mid_cross,0.35,0.01,False,False,False,False,False,nan,nan,nan,,0.35718243049117454,0.46090065747540904,0.011948549344750092,0.012269240387578983,clearance_ground+foot_ground_before_ready,clearance_ground+foot_ground_before_ready,0,5,-x9,-x4|+x1|-x1|+x1|-x1|+x1
20260803,1998,-1.0,touchdown,0.35,0.01,True,True,True,True,True,0.24426466461620777,0.08028860419861948,-0.16397606041758828,True,0.026187097061524764,0.009274772894594073,0.004296433775505398,0.004629464805021466,success,success,0,1,-x7,-x3|+x5
20260803,1999,-1.0,touchdown,0.35,0.01,True,True,True,True,True,0.007240284867902075,0.007240284867902075,0.0,False,0.0023926826459430743,0.0023926826459430743,0.013243746412004015,0.013243746412004015,success,success,0,0,+x7,+x7
20260803,2000,-1.0,touchdown,0.35,0.01,True,True,False,False,False,nan,nan,nan,,0.07866940254822585,0.07866940254822585,-0.010998745445872267,-0.010998745445872267,success,success,0,0,-x7,-x7
20260803,2001,-1.0,mid_cross,0.35,0.02,False,False,False,False,False,nan,nan,nan,,0.7936059818339416,0.7936059818339416,-0.02444791818602987,-0.02444791818602987,clearance_ground+foot_ground_before_ready,clearance_ground+foot_ground_before_ready,0,0,-x13,-x13
20260803,2002,-1.0,mid_cross,0.35,0.02,True,False,True,False,False,0.6095254445602092,nan,nan,,0.5488871907685077,0.24581807727686256,0.0360888187013371,0.03589760305929563,success,clearance_ground+foot_ground_before_ready,0,1,-x14,-x5|+x11
20260803,2003,-1.0,touchdown,0.35,0.02,True,True,False,False,False,nan,nan,nan,,0.018865435681715136,0.018865435681715136,-0.010005635885001326,-0.010005635885001326,success,success,0,0,-x7,-x7
20260803,2004,-1.0,mid_cross,0.35,0.02,False,False,False,False,False,nan,nan,nan,,0.32964833810550487,0.32964833810550487,-0.04589026719340962,-0.04585812109414568,q1_low_limit,q1_low_limit,0,1,-x17,-x16|+x1
20260803,2005,-1.0,mid_cross,0.35,0.02,False,False,False,False,False,nan,nan,nan,,1.099361637453159,1.3551474432975745,0.02352754319983435,0.017650114510370414,clearance_ground+foot_ground_before_ready,clearance_ground+foot_ground_before_ready,0,5,-x13,-x4|+x1|-x1|+x1|-x1|+x6
20260803,2006,-1.0,mid_cross,0.35,0.02,False,False,False,False,False,nan,nan,nan,,0.26537274369192015,0.26537274369192015,0.028796357718778504,0.028796357718778504,clearance_ground+foot_ground_bad_clearance,clearance_ground+foot_ground_bad_clearance,0,0,-x14,-x14
20260803,2007,-1.0,touchdown,0.35,0.02,False,False,False,False,False,nan,nan,nan,,0.035775713254729384,0.035775713254729384,-0.03265803170084395,-0.03265803170084395,clearance_ground+foot_ground_before_ready,clearance_ground+foot_ground_before_ready,0,0,-x13,-x13
20260803,2008,-1.0,mid_cross,0.35,0.02,True,False,True,False,False,0.42405197487965574,nan,nan,,0.5230973767582215,0.6117960383455293,0.04943617517747807,0.04960260067552808,success,clearance_ground+foot_ground_before_ready,0,5,-x13,-x3|+x8|-x1|+x1|-x1|+x1
20260803,2009,-1.0,mid_cross,0.35,0.02,False,False,False,False,False,nan,nan,nan,,0.07311373359854255,0.07311373359854255,0.02033895093950408,0.02033895093950408,clearance,clearance,0,0,-x8,-x8
20260803,2010,-1.0,touchdown,0.35,0.02,True,True,True,True,True,0.15470595961968414,0.1564214066929937,0.0017154470733095617,False,0.006752430863234549,0.006787825574907678,0.0017491800390933149,0.0017390653303291925,success,success,0,1,+x2,+x1|-x1
20260803,2011,-1.0,mid_cross,0.35,0.02,False,False,False,False,False,nan,nan,nan,,0.4446477984089311,0.3993494473662673,0.05132897175196199,0.057906898008553156,clearance_ground+foot_ground_before_ready,clearance_ground+foot_ground_before_ready,0,3,-x15,-x3|+x3|-x1|+x10
20260803,2012,-1.0,pre_cross,0.35,0.02,False,False,False,False,False,nan,nan,nan,,4.069184622722753,2.527853332429319,-0.010169357302390464,-0.010329154210266145,clearance_ground+foot_ground_bad_clearance,clearance_ground+foot_ground_bad_clearance,0,1,-x21,-x19|+x2
20260803,2013,-1.0,mid_cross,0.35,0.02,False,False,False,False,False,nan,nan,nan,,1.413054205994808,0.660563495400931,0.004957914758324362,-0.00026362333049017445,clearance_ground+foot_ground_before_ready,clearance_ground+foot_ground_before_ready,0,1,-x15,-x7|+x7
20260803,2014,-1.0,touchdown,0.35,0.02,True,True,False,False,False,nan,nan,nan,,0.026087806372460956,0.04521659558353859,-0.007572962386459811,-0.0063032897366203655,success,success,0,2,+x9,+x3|-x4|+x1
20260803,2015,-1.0,pre_cross,0.35,0.02,False,False,False,False,False,nan,nan,nan,,2.146827645476515,1.6483641825935547,-0.035451394018783805,-0.035534631647048266,clearance_ground+foot_ground_before_ready,clearance_ground+foot_ground_before_ready,0,1,-x18,-x17|+x1
20260803,2016,-1.0,pre_cross,0.35,0.02,False,False,False,False,False,nan,nan,nan,,4.47906970356387,2.269176251782369,0.010830667529439935,0.009068070888147019,clearance_ground+foot_ground_bad_clearance,clearance_ground+foot_ground_bad_clearance,0,1,-x21,-x18|+x3
20260803,2017,-1.0,touchdown,0.35,0.02,True,True,True,True,True,0.09156409867716138,0.028141197722687535,-0.06342290095447384,True,0.04560518266667512,0.013508102106538307,0.019960452633972794,0.019236814968325036,success,success,0,3,+x10,+x1|-x1|+x6|-x1
20260803,2018,-1.0,mid_cross,0.35,0.02,True,False,True,False,False,0.6742762604945086,nan,nan,,0.5861350531894209,0.6462956473477928,0.034837039071448764,0.03414322644638299,success,clearance_ground+foot_ground_before_ready,0,4,-x13,-x4|+x8|-x1|+x1|-x1
20260803,2019,-1.0,pre_cross,0.35,0.02,False,False,False,False,False,nan,nan,nan,,2.3248273881143584,1.715123788201884,0.021731157299016757,0.021770813705375064,clearance_ground+foot_ground_bad_clearance,clearance_ground+foot_ground_bad_clearance,0,1,-x19,-x18|+x1
20260803,2020,-1.0,touchdown,0.35,0.02,True,True,False,False,False,nan,nan,nan,,0.12466826126645432,0.12466826126645432,-0.02639662109558831,-0.02639662109558831,success,success,0,0,-x9,-x9
20260803,2021,-1.0,touchdown,0.35,0.02,True,False,True,False,False,0.47356962153525917,nan,nan,,0.07333192337387899,0.42795739390707715,0.006205698200987275,0.008674700827547942,success,clearance_ground+foot_ground_before_ready,0,9,+x14,+x7|-x1|+x1|-x1|+x1|-x1|+x1|-x2|+x1|-x1
20260803,2022,-1.0,touchdown,0.35,0.02,True,True,False,False,False,nan,nan,nan,,0.06856969955317298,0.13776253346081466,-0.015456542599267861,-0.018552559077531172,success,success,0,4,+x10,+x7|-x2|+x1|-x1|+x1
20260803,2023,-1.0,mid_cross,0.35,0.02,True,False,False,False,False,nan,nan,nan,,1.0086820555728189,1.0238934660896502,-0.020094115206100105,-0.025011178653932098,success,clearance_ground+foot_ground_before_ready,0,6,-x10,-x4|+x1|-x1|+x1|-x1|+x2|-x1
20260803,2024,-1.0,mid_cross,0.35,0.02,False,False,False,False,False,nan,nan,nan,,1.006611370915016,0.34366727178397116,0.00958189179503548,0.004584782001232718,clearance_ground+foot_ground_before_ready,clearance_ground+foot_ground_before_ready,0,1,-x17,-x8|+x9
20260803,2025,-1.0,touchdown,0.35,0.02,True,True,False,False,False,nan,nan,nan,,0.05372900365226923,0.05372900365226923,-0.023368221056025602,-0.023368221056025602,success,success,0,0,-x9,-x9
20260803,2026,-1.0,touchdown,0.35,0.02,True,True,True,True,True,0.18773988741576222,0.02720601961715789,-0.16053386779860435,True,0.10897788242125125,0.014840486428594342,0.023262866167141044,0.02186072392884099,success,success,0,1,+x10,+x6|-x3
20260803,2027,-1.0,touchdown,0.35,0.02,True,True,True,True,True,0.09052537261787251,0.09052537261787251,0.0,False,0.014885990295784926,0.014885990295784926,0.006590051687882119,0.006590051687882119,success,success,0,0,+x9,+x9
20260803,2028,-1.0,mid_cross,0.35,0.02,False,False,False,False,False,nan,nan,nan,,3.001912936346821,1.1278300937695485,-0.05226297412943057,-0.06451431344266606,clearance_ground+foot_ground_before_ready,clearance_ground+knee_ground,0,4,-x20,-x11|+x7|-x1|+x1|-x1
20260803,2029,-1.0,touchdown,0.35,0.02,True,True,True,True,True,0.029118498950323476,0.029118498950323476,0.0,False,0.005008096021211383,0.005008096021211383,0.006892631716648556,0.006892631716648556,success,success,0,0,+x3,+x3
20260803,2030,-1.0,touchdown,0.35,0.02,True,True,True,True,True,0.02353498191301584,0.02353498191301584,0.0,False,0.005838992059612387,0.005838992059612387,0.009942724967855594,0.009942724967855594,success,success,0,0,+x7,+x7
20260803,2031,-1.0,touchdown,0.35,0.02,True,True,True,True,True,0.03143286124308176,0.03137115831130687,-6.170293177489017e-05,True,0.004889085615702518,0.004889085615702518,0.006233402023393966,0.006245662303233118,success,success,0,1,+x3,+x2|-x1
20260803,2032,-1.0,touchdown,0.35,0.02,True,True,False,False,False,nan,nan,nan,,0.036747700212695106,0.036747700212695106,-0.0184442580191031,-0.0184442580191031,success,success,0,0,-x9,-x9
20260803,2033,-1.0,touchdown,0.35,0.02,True,True,True,True,True,0.25718112400841536,0.25718112400841536,0.0,False,0.022359160984839352,0.022359160984839352,0.0034841578561887396,0.0034841578561887396,success,success,0,0,-x4,-x4
20260803,2034,-1.0,touchdown,0.35,0.02,True,True,False,False,False,nan,nan,nan,,0.0008090944637049285,0.0008090944637049285,0.0003392910983235492,0.0003392910983235492,success,success,0,0,-x1,-x1
20260803,2035,-1.0,mid_cross,0.35,0.02,False,False,False,False,False,nan,nan,nan,,3.3867410579474955,1.6491631308815522,0.08783643862881424,0.07922345782921775,clearance_ground+knee_ground,clearance_ground+foot_ground_before_ready,0,1,-x19,-x14|+x4
20260803,2036,-1.0,touchdown,0.35,0.02,True,True,False,False,False,nan,nan,nan,,0.14632010718153257,0.14632010718153257,-0.03282594190387325,-0.03282594190387325,success,success,0,0,-x11,-x11
20260803,2037,-1.0,touchdown,0.35,0.02,True,True,True,True,True,0.554408005566183,0.554408005566183,0.0,False,0.04407345109622889,0.04407345109622889,0.003185876791976988,0.003185876791976988,success,success,0,0,+x6,+x6
20260803,2038,-1.0,touchdown,0.35,0.02,True,True,False,False,False,nan,nan,nan,,0.03191135264100751,0.06506111492892402,-0.02901919409404732,-0.028226048673082878,success,success,0,4,+x12,+x8|-x1|+x1|-x1|+x1
20260803,2039,-1.0,mid_cross,0.35,0.02,False,False,False,False,False,nan,nan,nan,,0.526930401615435,0.526930401615435,0.03816033059276401,0.038657463284289637,clearance_ground+foot_ground_before_ready,clearance_ground+foot_ground_before_ready,0,1,-x16,-x7|+x9
20260803,2040,-1.0,touchdown,0.35,0.02,True,True,False,False,False,nan,nan,nan,,0.01595056832735211,0.01595056832735211,-0.009567998807451683,-0.009567998807451683,success,success,0,0,-x5,-x5
20260803,2041,-1.0,pre_cross,0.4,0.0,False,False,False,False,False,nan,nan,nan,,1.743596916021549,1.743596916021549,0.07790196073324909,0.07790196073324909,clearance,clearance,0,0,-x19,-x19
20260803,2042,-1.0,mid_cross,0.4,0.0,True,False,True,False,False,0.5408431209097262,nan,nan,,0.6107401397946531,1.0618241613060762,0.045254999502520016,0.042617599907736003,success,clearance_ground+foot_ground_before_ready,0,7,-x12,-x4|+x1|-x1|+x1|-x1|+x1|-x1|+x2
20260803,2043,-1.0,touchdown,0.4,0.0,True,True,False,False,False,nan,nan,nan,,0.15540107871038564,0.10870080784444164,-0.019015514031206854,-0.020023215289271867,success,success,0,2,+x11,+x6|-x5|+x1
20260803,2044,-1.0,mid_cross,0.4,0.0,False,False,False,False,False,nan,nan,nan,,1.3351794121715646,0.93595247278364,-0.0006106908089875129,-0.0006871779742088635,clearance_ground+foot_ground_before_ready,clearance_ground+foot_ground_before_ready,0,1,-x10,-x9|+x1
20260803,2045,-1.0,touchdown,0.4,0.0,True,True,False,False,False,nan,nan,nan,,0.12364738986967069,0.14396068630127878,-0.052561904031863754,-0.0562428568292838,success,success,0,5,+x13,+x8|-x2|+x1|-x1|+x1|-x1
20260803,2046,-1.0,touchdown,0.4,0.0,True,True,False,False,False,nan,nan,nan,,0.019367801006552728,0.016084550292616673,-0.007308845117137225,-0.007422196289240721,success,success,0,1,-x9,-x8|+x1
20260803,2047,-1.0,touchdown,0.4,0.0,True,True,False,False,False,nan,nan,nan,,0.06445323808162848,0.08038837374713231,-0.0018949030079898899,-0.001272743828199016,success,success,0,2,+x10,+x7|-x2|+x1
20260803,2048,-1.0,mid_cross,0.4,0.0,False,False,False,False,False,nan,nan,nan,,1.4319644749030427,1.3179492319657613,-0.006868748700897993,-0.012050705247680076,clearance_ground+foot_ground_before_ready,clearance_ground+foot_ground_before_ready,0,4,-x15,-x4|+x6|-x1|+x1|-x1
20260803,2049,-1.0,touchdown,0.4,0.0,True,True,False,False,False,nan,nan,nan,,0.02175960888920587,0.02175960888920587,-0.01378446311312706,-0.01378446311312706,success,success,0,0,-x5,-x5
20260803,2050,-1.0,touchdown,0.4,0.0,True,True,True,True,True,0.05814785630484117,0.05814785630484117,0.0,False,0.0027274317349747458,0.0027274317349747458,0.0018797564832847558,0.0018797564832847558,success,success,0,0,-x1,-x1
20260803,2051,-1.0,mid_cross,0.4,0.0,False,False,False,False,False,nan,nan,nan,,1.493839500481762,1.0534686729400846,0.013881430084040705,0.01345094420966464,clearance_ground+foot_ground_before_ready,clearance_ground+foot_ground_before_ready,0,1,-x9,-x7|+x2
20260803,2052,-1.0,mid_cross,0.4,0.0,True,False,True,False,False,0.4299448434727348,nan,nan,,0.37409507079747645,1.052840361646856,0.03486989596936481,0.03473677999280546,success,clearance_ground+foot_ground_before_ready,0,7,-x13,-x6|+x1|-x1|+x2|-x1|+x1|-x1|+x1
20260803,2053,-1.0,mid_cross,0.4,0.0,False,False,False,False,False,nan,nan,nan,,0.4710257697821041,1.8172119139769463,0.0016128719259542977,-0.003914925378861511,clearance_ground+foot_ground_before_ready,clearance_ground+foot_ground_before_ready,0,12,-x14,-x3|+x1|-x1|+x2|-x1|+x1|-x1|+x1|-x1|+x1|-x1|+x1|-x1
20260803,2054,-1.0,touchdown,0.4,0.0,True,True,False,False,False,nan,nan,nan,,0.09990421418545606,0.1538024949859252,-0.042716487175029925,-0.04384309745185739,success,success,0,3,+x15,+x8|-x5|+x1|-x2
20260803,2055,-1.0,mid_cross,0.4,0.0,False,False,False,False,False,nan,nan,nan,,0.6724205916847479,0.6724205916847479,-0.06310168173083461,-0.06296812317156075,clearance_ground+foot_ground_before_ready,clearance_ground+foot_ground_before_ready,0,2,-x17,-x13|+x3|-x1
20260803,2056,-1.0,mid_cross,0.4,0.0,False,False,False,False,False,nan,nan,nan,,0.47803831956372417,0.47803831956372417,-0.04307865136017934,-0.04307865136017934,clearance_ground+foot_ground_before_ready,clearance_ground+foot_ground_before_ready,0,0,-x16,-x16
20260803,2057,-1.0,mid_cross,0.4,0.0,False,False,False,False,False,nan,nan,nan,,0.5901118655194195,0.5764368198426854,0.07050404472232046,0.07042017959262334,clearance_ground+foot_ground_before_ready,clearance_ground+foot_ground_before_ready,0,1,-x17,-x10|+x7
20260803,2058,-1.0,touchdown,0.4,0.0,True,True,True,True,True,0.04486510052433209,0.023929429468423385,-0.020935671055908704,True,0.009058595565656356,0.004838195101442992,0.008091585653452901,0.008102750078868834,success,success,0,1,+x3,+x2|-x1
20260803,2059,-1.0,touchdown,0.4,0.0,True,True,False,False,False,nan,nan,nan,,0.07254319395108093,0.06300277080692165,-0.008461054490128073,-0.007864074300917664,success,success,0,5,+x9,+x1|-x1|+x4|-x1|+x1|-x1
20260803,2060,-1.0,mid_cross,0.4,0.0,False,False,False,False,False,nan,nan,nan,,1.585694162175612,1.234746227623349,0.062496096768373754,0.048575763149905124,clearance_ground+foot_ground_before_ready,clearance_ground+foot_ground_before_ready,0,4,-x17,-x9|+x2|-x1|+x2|-x1
20260803,2061,-1.0,touchdown,0.4,0.0,True,True,False,False,False,nan,nan,nan,,0.018532865801366642,0.018532865801366642,-0.0010609489656479287,-0.0010609489656479287,success,success,0,0,-x4,-x4
20260803,2062,-1.0,touchdown,0.4,0.0,True,True,False,False,False,nan,nan,nan,,0.18137511295640418,0.12188810074280322,-0.023173708047792174,-0.02405733597763246,success,success,0,3,+x13,+x9|-x3|+x1|-x1
20260803,2063,-1.0,mid_cross,0.4,0.0,False,False,False,False,False,nan,nan,nan,,1.9753223847425698,1.001700590407748,-0.013128231208139364,-0.021000711595348585,clearance_ground+foot_ground_before_ready,clearance_ground+foot_ground_before_ready,0,3,-x18,-x9|+x7|-x1|+x1
20260803,2064,-1.0,touchdown,0.4,0.0,True,True,False,False,False,nan,nan,nan,,0.260904674048609,0.2712204460612177,-0.0018552960006890246,-0.0024566305847048553,success,success,0,4,-x9,-x5|+x1|-x1|+x1|-x1
20260803,2065,-1.0,touchdown,0.4,0.0,True,True,False,False,False,nan,nan,nan,,0.03157928308762489,0.03157928308762489,-0.00822056178175,-0.00822056178175,success,success,0,0,+x8,+x8
20260803,2066,-1.0,mid_cross,0.4,0.0,False,False,False,False,False,nan,nan,nan,,1.6588138841997029,0.4413834618849649,-0.047597213242571865,-0.0623202319693687,clearance_ground+foot_ground_before_ready,clearance_ground+foot_ground_before_ready,0,1,-x18,-x8|+x13
20260803,2067,-1.0,mid_cross,0.4,0.0,False,False,False,False,False,nan,nan,nan,,0.8235887028021797,0.7537520487249584,0.011797439826556178,0.011636741348448582,clearance_ground+foot_ground_before_ready,clearance_ground+foot_ground_before_ready,0,3,-x9,-x6|+x1|-x1|+x1
20260803,2068,-1.0,mid_cross,0.4,0.0,False,False,False,False,False,nan,nan,nan,,1.0068712509247313,1.0068712509247313,0.004712113524839967,0.004875609977092729,clearance_ground+foot_ground_before_ready,clearance_ground+foot_ground_before_ready,0,1,-x18,-x14|+x4
20260803,2069,-1.0,mid_cross,0.4,0.0,False,False,False,False,False,nan,nan,nan,,2.108508431843864,1.2049942289215214,0.020492160684583538,0.01592964148143236,clearance_ground+foot_ground_before_ready,clearance_ground+foot_ground_before_ready,0,1,-x18,-x12|+x6
20260803,2070,-1.0,touchdown,0.4,0.0,True,True,False,False,False,nan,nan,nan,,0.00929843978559061,0.00929843978559061,-0.007113935920553011,-0.007113935920553011,success,success,0,0,-x6,-x6
20260803,2071,-1.0,mid_cross,0.4,0.0,False,False,False,False,False,nan,nan,nan,,0.9185935241419471,0.5364572562046743,0.018905196856546815,0.015945379232324426,clearance_ground+foot_ground_before_ready,clearance_ground+foot_ground_before_ready,0,1,-x18,-x6|+x10
20260803,2072,-1.0,touchdown,0.4,0.0,True,True,True,True,True,0.08773087638039274,0.08773087638039274,0.0,False,0.0060739977328349,0.0060739977328349,0.0027746203566315075,0.0027746203566315075,success,success,0,0,-x2,-x2
20260803,2073,-1.0,mid_cross,0.4,0.0,False,False,False,False,False,nan,nan,nan,,2.157368414044965,0.8158891193031641,0.02025436480862572,0.012440480912399798,clearance_ground+foot_ground_before_ready,clearance_ground+foot_ground_before_ready,0,1,-x18,-x9|+x8
20260803,2074,-1.0,touchdown,0.4,0.0,True,True,False,False,False,nan,nan,nan,,0.1800353766900194,0.0695537960923838,-0.054609789098986505,-0.04476387506097297,success,success,0,2,-x15,-x6|+x3|-x3
20260803,2075,-1.0,touchdown,0.4,0.0,True,True,False,False,False,nan,nan,nan,,0.042773068876212496,0.05067159349105134,-0.009361071954672923,-0.009470942489273007,success,success,0,1,-x8,-x7|+x1
20260803,2076,-1.0,touchdown,0.4,0.0,True,True,False,False,False,nan,nan,nan,,0.21490393579459713,0.2114181127623905,-0.021292382696164472,-0.022184255750442375,success,success,0,6,+x14,+x9|-x1|+x1|-x1|+x1|-x1|+x1
20260803,2077,-1.0,touchdown,0.4,0.0,True,True,True,True,True,0.07939169844797275,0.07939169844797275,0.0,False,0.007996495191507892,0.007996495191507892,0.004036509676294375,0.004036509676294375,success,success,0,0,-x2,-x2
20260803,2078,-1.0,touchdown,0.4,0.0,True,True,False,False,False,nan,nan,nan,,0.003658394586049147,0.003658394586049147,-0.0063778782723972055,-0.0063778782723972055,success,success,0,0,-x3,-x3
20260803,2079,-1.0,touchdown,0.4,0.0,True,True,True,True,True,0.3421904954016853,0.33727095437324517,-0.004919541028440111,True,0.04272334943171376,0.04272334943171376,0.005003555958950717,0.0050765394118955365,success,success,0,1,+x3,+x1|-x2
20260803,2080,-1.0,touchdown,0.4,0.0,True,True,True,True,True,0.024987387891433125,0.024987387891433125,0.0,False,0.0013217478247597506,0.0013217478247597506,0.0021198696455266702,0.0021198696455266702,success,success,0,0,-x1,-x1
20260803,2081,-1.0,mid_cross,0.4,0.01,False,False,False,False,False,nan,nan,nan,,0.6101715711795873,0.6093943255922469,-0.0532962679738942,-0.04411589284801865,clearance_ground+foot_ground_before_ready,clearance_ground+foot_ground_before_ready,0,1,-x17,-x4|+x10
20260803,2082,-1.0,touchdown,0.4,0.01,True,True,False,False,False,nan,nan,nan,,0.012225459567768463,0.012225459567768463,-0.0023692741881532753,-0.0023692741881532753,success,success,0,0,-x3,-x3
20260803,2083,-1.0,mid_cross,0.4,0.01,False,False,False,False,False,nan,nan,nan,,3.903406051239761,1.931831012108661,0.05883004998178035,0.05304600235247764,clearance_ground+knee_ground,clearance_ground+foot_ground_before_ready,0,1,-x19,-x14|+x5
20260803,2084,-1.0,mid_cross,0.4,0.01,False,False,False,False,False,nan,nan,nan,,1.248219480582904,1.034187795589037,0.02779737492181769,0.021079763577058028,clearance_ground+foot_ground_after_ready,clearance_ground+foot_ground_before_ready,0,5,-x12,-x4|+x1|-x1|+x2|-x1|+x2
20260803,2085,-1.0,touchdown,0.4,0.01,True,True,False,False,False,nan,nan,nan,,0.19939691719733266,0.12849151985807783,-0.014744199198578833,-0.015255501882113665,success,success,0,2,-x7,-x5|+x1|-x1
20260803,2086,-1.0,touchdown,0.4,0.01,True,True,False,False,False,nan,nan,nan,,0.015311114853299947,0.015311114853299947,-0.0023984801365424385,-0.0023984801365424385,success,success,0,0,-x7,-x7
20260803,2087,-1.0,pre_cross,0.4,0.01,False,False,False,False,False,nan,nan,nan,,5.34865480261035,2.772858954002021,0.003294405449678503,0.0013168236936178107,clearance_ground+foot_ground_before_ready,clearance_ground+foot_ground_before_ready,0,1,-x21,-x18|+x3
20260803,2088,-1.0,mid_cross,0.4,0.01,False,False,False,False,False,nan,nan,nan,,1.311812826507291,1.1201372680712147,0.0013558929220107777,-0.004156922797587691,clearance_ground+foot_ground_before_ready,clearance_ground+foot_ground_before_ready,0,5,-x15,-x6|+x2|-x1|+x2|-x1|+x1
20260803,2089,-1.0,pre_cross,0.4,0.01,False,False,False,False,False,nan,nan,nan,,0.7396455590682427,0.7396455590682427,-0.0004832319010906194,-0.0004832319010906194,clearance_ground+foot_ground_bad_clearance,clearance_ground+foot_ground_bad_clearance,0,0,-x11,-x11
20260803,2090,-1.0,touchdown,0.4,0.01,True,True,True,True,True,0.016399281976860882,0.016399281976860882,0.0,False,0.005661761998283447,0.005661761998283447,0.01383592458706831,0.01383592458706831,success,success,0,0,-x4,-x4
20260803,2091,-1.0,touchdown,0.4,0.01,True,True,True,True,True,0.22614674817285052,0.09169011977377502,-0.13445662839907552,True,0.059783341907214765,0.02198372759217711,0.010594275241157233,0.009608601991848209,success,success,0,1,+x7,+x4|-x2
20260803,2092,-1.0,touchdown,0.4,0.01,True,True,False,False,False,nan,nan,nan,,0.023945163019433523,0.023945163019433523,-0.007058885829020964,-0.007058885829020964,success,success,0,0,-x7,-x7
20260803,2093,-1.0,touchdown,0.4,0.01,False,False,False,False,False,nan,nan,nan,,0.36547608006444526,0.5279689040276149,-0.02567633535798902,-0.02784499775013758,clearance_ground+foot_ground_before_ready,clearance_ground+foot_ground_before_ready,0,6,-x14,-x7|+x1|-x1|+x1|-x1|+x1|-x1
20260803,2094,-1.0,mid_cross,0.4,0.01,False,False,False,False,False,nan,nan,nan,,1.674920994200356,1.1010179396659736,-0.02599002285618711,-0.027100174120600576,clearance_ground+foot_ground_before_ready,clearance_ground+foot_ground_before_ready,0,3,-x13,-x6|+x4|-x1|+x1
20260803,2095,-1.0,touchdown,0.4,0.01,True,True,False,False,False,nan,nan,nan,,0.07654206093137277,0.06692961988264841,-0.004476002332110207,-0.004470836374312892,success,success,0,1,-x9,-x8|+x1
20260803,2096,-1.0,touchdown,0.4,0.01,True,True,True,True,True,0.044418268806219574,0.044418268806219574,0.0,False,0.0023250557176894724,0.0023250557176894724,0.0020977471865636227,0.0020977471865636227,success,success,0,0,-x2,-x2
20260803,2097,-1.0,touchdown,0.4,0.01,True,True,True,True,True,0.22057742387879292,0.26075176644835446,0.04017434256956154,False,0.037761582034434284,0.044598916721826705,0.006860733204854655,0.006854542308852393,success,success,0,1,-x6,-x5|+x1
20260803,2098,-1.0,mid_cross,0.4,0.01,False,False,False,False,False,nan,nan,nan,,1.575783402709356,1.1131551851272925,-0.006006413292421797,-0.006259799817337083,clearance,clearance,0,1,-x11,-x10|+x1
20260803,2099,-1.0,mid_cross,0.4,0.01,False,False,False,False,False,nan,nan,nan,,2.8470930897437907,1.8502843026143776,0.012349942503734945,0.009987781338463786,clearance_ground+foot_ground_before_ready,clearance_ground+foot_ground_before_ready,0,2,-x17,-x11|+x5|-x1
20260803,2100,-1.0,touchdown,0.4,0.01,True,True,False,False,False,nan,nan,nan,,0.030307042345708222,0.030307042345708222,-0.03541973251227715,-0.03541973251227715,success,success,0,0,-x10,-x10
20260803,2101,-1.0,touchdown,0.4,0.01,True,True,False,False,False,nan,nan,nan,,0.02826801221523079,0.02826801221523079,0.0001465609588239547,0.0001465609588239547,success,success,0,0,-x8,-x8
20260803,2102,-1.0,touchdown,0.4,0.01,True,True,False,False,False,nan,nan,nan,,0.045892638936701355,0.03923685493059271,-0.0028571771572532267,-0.004826362724318162,success,success,0,2,-x7,-x3|+x3|-x3
20260803,2103,-1.0,touchdown,0.4,0.01,True,True,True,True,True,0.07286782114892157,0.07170277639929983,-0.0011650447496217436,True,0.01943322840033511,0.019367698141097518,0.010687855704288568,0.010824888855315795,success,success,0,2,+x8,+x2|-x2|+x4
20260803,2104,-1.0,touchdown,0.4,0.01,True,True,False,False,False,nan,nan,nan,,0.04592390176276222,0.04804693701213254,-0.028920172055990623,-0.028970665513494198,success,success,0,1,-x8,-x7|+x1
20260803,2105,-1.0,mid_cross,0.4,0.01,False,False,False,False,False,nan,nan,nan,,1.435924770856505,1.0470775641418057,0.00994261894767684,0.005775318408223304,clearance_ground+foot_ground_before_ready,clearance_ground+foot_ground_before_ready,0,1,-x18,-x11|+x6
20260803,2106,-1.0,mid_cross,0.4,0.01,False,False,False,False,False,nan,nan,nan,,0.4320382388053877,0.4320382388053877,0.032550074459402736,0.032550074459402736,clearance_ground+foot_ground_before_ready,clearance_ground+foot_ground_before_ready,0,0,-x18,-x18
20260803,2107,-1.0,touchdown,0.4,0.01,False,False,False,False,False,nan,nan,nan,,0.07275681314662005,0.0732536732891551,-0.0988916484358899,-0.09600558361495129,q1_low_limit,q1_low_limit,0,3,+x22,+x10|-x1|+x7|-x3
20260803,2108,-1.0,touchdown,0.4,0.01,True,True,False,False,False,nan,nan,nan,,0.05164843093287514,0.05164843093287514,-0.01882748592096989,-0.01882748592096989,success,success,0,0,-x7,-x7
20260803,2109,-1.0,mid_cross,0.4,0.01,False,False,False,False,False,nan,nan,nan,,1.2121750415194026,0.49706857384340564,0.027570553414633357,0.021713277651704763,clearance_ground+foot_ground_before_ready,clearance_ground+foot_ground_before_ready,0,1,-x19,-x11|+x8
20260803,2110,-1.0,touchdown,0.4,0.01,True,True,True,True,True,0.03184876123410739,0.03184876123410739,0.0,False,0.0019775895060706785,0.0019775895060706785,0.0024884276272638256,0.0024884276272638256,success,success,0,0,-x1,-x1
20260803,2111,-1.0,touchdown,0.4,0.01,True,True,True,True,True,0.04075240664037119,0.04075240664037119,0.0,False,0.012382675118159762,0.012382675118159762,0.012177065102123324,0.012177065102123324,success,success,0,0,-x6,-x6
20260803,2112,-1.0,mid_cross,0.4,0.01,False,False,False,False,False,nan,nan,nan,,1.8005364168989424,1.3239714166777543,0.05355321866490728,0.04423221121305872,clearance_ground+foot_ground_before_ready,clearance_ground+foot_ground_before_ready,0,6,-x16,-x8|+x1|-x1|+x1|-x1|+x2|-x1
20260803,2113,-1.0,mid_cross,0.4,0.01,False,False,False,False,False,nan,nan,nan,,0.9443474739267084,0.593523214520056,0.06544039974402885,0.05342202721702932,clearance_ground+foot_ground_before_ready,clearance_ground+foot_ground_before_ready,0,1,-x17,-x6|+x9
20260803,2114,-1.0,mid_cross,0.4,0.01,True,False,True,False,False,1.9308649581314594,nan,nan,,0.8396519625228409,0.7620276431745615,0.017427248219627142,0.012980834550388676,success,clearance_ground+foot_ground_before_ready,0,7,-x11,-x3|+x1|-x1|+x2|-x1|+x1|-x1|+x1
20260803,2115,-1.0,touchdown,0.4,0.01,False,False,False,False,False,nan,nan,nan,,0.07628846110442755,0.24542997012966475,0.01298692149876976,0.013739557754529341,clearance_ground+foot_ground_before_ready,clearance_ground+foot_ground_before_ready,0,3,+x9,+x3|-x4|+x1|-x1
20260803,2116,-1.0,mid_cross,0.4,0.01,True,False,False,False,False,nan,nan,nan,,0.7992940408686694,1.2780735957028444,-0.015774199041173137,-0.020587352377730392,success,clearance_ground+foot_ground_before_ready,0,9,-x13,-x3|+x2|-x1|+x1|-x1|+x1|-x1|+x2|-x1|+x1
20260803,2117,-1.0,mid_cross,0.4,0.01,False,False,False,False,False,nan,nan,nan,,1.8372756887559787,0.9968033686145698,0.003146825826362859,-0.005540557079236591,clearance_ground+foot_ground_before_ready,q1_low_limit,0,1,-x19,-x12|+x7
20260803,2118,-1.0,mid_cross,0.4,0.01,False,False,False,False,False,nan,nan,nan,,1.7864684144902596,1.0143203351554568,0.08903141879216372,0.07305955856949083,clearance_ground+foot_ground_before_ready,clearance_ground+knee_ground,0,5,-x20,-x10|+x5|-x1|+x1|-x1|+x2
20260803,2119,-1.0,mid_cross,0.4,0.01,False,False,False,False,False,nan,nan,nan,,1.6137066130103341,0.797708631272826,-0.026965148305955842,-0.03341757884419705,clearance_ground+foot_ground_before_ready,clearance_ground+foot_ground_before_ready,0,3,-x18,-x8|+x8|-x1|+x1
20260803,2120,-1.0,mid_cross,0.4,0.01,False,False,False,False,False,nan,nan,nan,,0.8848917616729975,0.8848917616729975,0.02671412946960279,0.02671412946960279,clearance,clearance,0,0,-x10,-x10
20260803,2121,-1.0,mid_cross,0.4,0.02,False,False,False,False,False,nan,nan,nan,,1.4487853522077017,0.8802397679223444,0.023768598340911322,0.014269109859880549,clearance_ground+foot_ground_before_ready,clearance_ground+foot_ground_before_ready,0,6,-x21,-x12|+x3|-x1|+x1|-x1|+x1|-x1
20260803,2122,-1.0,touchdown,0.4,0.02,True,True,True,True,True,0.12227640156536344,0.1383415608572271,0.016065159291863654,False,0.03433202223293897,0.03488111476260804,0.011252218220161293,0.010104599278018343,success,success,0,2,-x9,-x3|+x3|-x3
20260803,2123,-1.0,touchdown,0.4,0.02,True,True,True,True,True,0.017964310455924802,0.017964310455924802,0.0,False,0.004225374647136545,0.004225374647136545,0.009426187642640652,0.009426187642640652,success,success,0,0,-x4,-x4
20260803,2124,-1.0,touchdown,0.4,0.02,True,True,True,True,True,0.06365438590412567,0.06365438590412567,0.0,False,0.0034216595315670686,0.0034216595315670686,0.002154219095003365,0.002154219095003365,success,success,0,0,-x3,-x3
20260803,2125,-1.0,touchdown,0.4,0.02,True,True,True,True,True,0.04429205768317514,0.04429205768317514,0.0,False,0.0063280882853566645,0.0063280882853566645,0.005725693327779141,0.005725693327779141,success,success,0,0,-x2,-x2
20260803,2126,-1.0,touchdown,0.4,0.02,True,True,True,True,True,0.3004687740129917,0.2066265868392595,-0.09384218717373222,True,0.07315768924656295,0.04854441055088187,0.009757578299767186,0.009415306030707518,success,success,0,1,+x8,+x1|-x6
20260803,2127,-1.0,touchdown,0.4,0.02,True,True,True,True,True,0.028713749645375646,0.028713749645375646,0.0,False,0.004474926105228864,0.004474926105228864,0.006245646060631355,0.006245646060631355,success,success,0,0,-x2,-x2
20260803,2128,-1.0,mid_cross,0.4,0.02,False,False,False,False,False,nan,nan,nan,,1.4545647155695893,0.9432660353075535,-0.023725684001704203,-0.0259101914411535,clearance_ground+foot_ground_before_ready,clearance_ground+foot_ground_before_ready,0,3,-x16,-x6|+x6|-x1|+x2
20260803,2129,-1.0,touchdown,0.4,0.02,True,True,False,False,False,nan,nan,nan,,0.026657618544088314,0.026657618544088314,-0.0258324323787687,-0.0258324323787687,success,success,0,0,-x7,-x7
20260803,2130,-1.0,touchdown,0.4,0.02,True,True,False,False,False,nan,nan,nan,,0.05466947201233402,0.05466947201233402,-0.010192876739271876,-0.010192876739271876,success,success,0,0,-x9,-x9
20260803,2131,-1.0,mid_cross,0.4,0.02,False,False,False,False,False,nan,nan,nan,,0.7008902978363418,1.302023354287564,0.05200976699873894,0.03967819515171331,clearance_ground+foot_ground_before_ready,clearance_ground+foot_ground_before_ready,0,9,-x16,-x3|+x2|-x1|+x1|-x1|+x3|-x1|+x1|-x1|+x1
20260803,2132,-1.0,mid_cross,0.4,0.02,False,False,False,False,False,nan,nan,nan,,0.44014548655677577,0.4398391258590738,-0.015120046821040123,-0.014352736957471843,q1_low_limit,q1_low_limit,0,2,-x17,-x7|+x1|-x9
20260803,2133,-1.0,mid_cross,0.4,0.02,True,False,False,False,False,nan,nan,nan,,0.8216935666306583,0.9462131384568032,-0.010622489081225997,-0.015816844420679183,success,clearance_ground+foot_ground_before_ready,0,8,-x13,-x3|+x4|-x1|+x1|-x1|+x2|-x1|+x1|-x1
20260803,2134,-1.0,touchdown,0.4,0.02,True,True,False,False,False,nan,nan,nan,,0.10923836549395335,0.10923836549395335,0.0005477487243945728,0.0005477487243945728,success,success,0,0,-x7,-x7
20260803,2135,-1.0,touchdown,0.4,0.02,True,True,True,True,True,0.17381488507760504,0.17381488507760504,0.0,False,0.05641710433311486,0.05641710433311486,0.013007841507207282,0.013007841507207282,success,success,0,0,-x8,-x8
20260803,2136,-1.0,pre_cross,0.4,0.02,False,False,False,False,False,nan,nan,nan,,3.4509874130087663,2.552945000414755,0.10009459507984951,0.09177941157064176,clearance_ground+knee_ground,clearance_ground+foot_ground_before_ready,0,2,-x19,-x14|+x4|-x1
20260803,2137,-1.0,mid_cross,0.4,0.02,False,False,False,False,False,nan,nan,nan,,3.484499849117693,2.140824252776065,0.08102801025307799,0.07848152161268523,clearance_ground+knee_ground,clearance_ground+foot_ground_before_ready,0,1,-x17,-x14|+x3
20260803,2138,-1.0,touchdown,0.4,0.02,True,True,True,True,True,0.03749223825222389,0.03749223825222389,0.0,False,0.013375120084904175,0.013375120084904175,0.014296763473148705,0.014296763473148705,success,success,0,0,-x4,-x4
20260803,2139,-1.0,mid_cross,0.4,0.02,False,False,False,False,False,nan,nan,nan,,1.7713846551373764,0.9748609127378571,-0.04119428722998386,-0.04570660633755114,clearance_ground+foot_ground_before_ready,clearance_ground+foot_ground_before_ready,0,1,-x17,-x11|+x5
20260803,2140,-1.0,touchdown,0.4,0.02,True,True,True,True,True,0.4898034965217924,0.6366851244738233,0.1468816279520309,False,0.08524858016059458,0.0770101931489592,0.00697503970045233,0.00484735604061437,success,success,0,2,-x11,-x4|+x6|-x3
20260803,2141,-1.0,touchdown,0.4,0.02,False,False,False,False,False,nan,nan,nan,,0.35538059276578077,0.28944062443155133,-0.0866409345715013,-0.08013824468988301,clearance_ground+foot_ground_before_ready,clearance_ground+foot_ground_before_ready,0,3,-x24,-x1|+x5|-x12|+x2
20260803,2142,-1.0,touchdown,0.4,0.02,True,True,True,True,True,0.020727827967751467,0.020727827967751467,0.0,False,0.00794560550836789,0.00794560550836789,0.01536224241366159,0.01536224241366159,success,success,0,0,-x5,-x5
20260803,2143,-1.0,pre_cross,0.4,0.02,False,False,False,False,False,nan,nan,nan,,1.2875932975174096,1.2875932975174096,0.03991727779403147,0.03991727779403147,clearance,clearance,0,0,-x16,-x16
20260803,2144,-1.0,mid_cross,0.4,0.02,False,False,False,False,False,nan,nan,nan,,2.044655554134791,1.5281621952703497,0.03309510121844378,0.03318422575806307,clearance_ground+foot_ground_bad_clearance,clearance_ground+foot_ground_bad_clearance,0,1,-x9,-x8|+x1
20260803,2145,-1.0,pre_cross,0.4,0.02,False,False,False,False,False,nan,nan,nan,,2.8873315328227527,1.4161279920164473,-0.06916299436658263,-0.07139090551266658,clearance_ground+knee_ground,clearance_ground+foot_ground_before_ready,0,1,-x18,-x15|+x3
20260803,2146,-1.0,mid_cross,0.4,0.02,False,False,False,False,False,nan,nan,nan,,1.826297407934901,0.9717563092459566,0.02041345684921153,0.011945945111971154,clearance_ground+foot_ground_before_ready,clearance_ground+foot_ground_before_ready,0,1,-x18,-x9|+x8
20260803,2147,-1.0,mid_cross,0.4,0.02,False,False,False,False,False,nan,nan,nan,,0.6160458479502374,0.6127069065170806,0.009142214605769694,0.00783489006494259,clearance_ground+foot_ground_before_ready,clearance_ground+foot_ground_before_ready,0,3,-x18,-x10|+x3|-x2|+x3
20260803,2148,-1.0,pre_cross,0.4,0.02,False,False,False,False,False,nan,nan,nan,,4.874148036367554,2.46892466715385,-0.03387044481028753,-0.03457318825767025,clearance_ground+knee_ground,clearance_ground+foot_ground_before_ready,0,1,-x19,-x15|+x4
20260803,2149,-1.0,mid_cross,0.4,0.02,False,False,False,False,False,nan,nan,nan,,1.5023877271935213,1.4831431415019387,-0.0010134777241057463,-0.008803062558859105,clearance_ground+foot_ground_before_ready,clearance_ground+foot_ground_before_ready,0,7,-x15,-x4|+x2|-x1|+x1|-x1|+x1|-x1|+x2
20260803,2150,-1.0,mid_cross,0.4,0.02,False,False,False,False,False,nan,nan,nan,,0.28702500146655513,0.28702500146655513,-0.012990783840815034,-0.012990783840815034,clearance,clearance,0,0,-x12,-x12
20260803,2151,-1.0,mid_cross,0.4,0.02,False,False,False,False,False,nan,nan,nan,,1.3868911245378481,1.0003391289048953,-0.028584504675766,-0.029736929859740035,clearance_ground+foot_ground_before_ready,clearance_ground+foot_ground_before_ready,0,1,-x16,-x10|+x5
20260803,2152,-1.0,mid_cross,0.4,0.02,False,False,False,False,False,nan,nan,nan,,1.8813709583099751,1.0561879396117302,-0.006703283908622695,-0.015072664357240709,clearance_ground+foot_ground_before_ready,clearance_ground+foot_ground_before_ready,0,4,-x18,-x6|+x7|-x1|+x2|-x1
20260803,2153,-1.0,touchdown,0.4,0.02,True,False,False,False,False,nan,nan,nan,,0.0400548190635725,0.4153703134567026,-0.008427934470651065,-0.018357721888808513,success,clearance_ground+foot_ground_before_ready,0,8,-x10,-x7|+x1|-x4|+x1|-x1|+x1|-x1|+x1|-x1
20260803,2154,-1.0,touchdown,0.4,0.02,True,True,False,False,False,nan,nan,nan,,0.045272817867114075,0.045272817867114075,-0.007297203100425614,-0.007297203100425614,success,success,0,0,-x7,-x7
20260803,2155,-1.0,mid_cross,0.4,0.02,False,False,False,False,False,nan,nan,nan,,1.4767539012468207,1.179057095819144,0.01181631883165464,0.009627201017278583,clearance_ground+foot_ground_before_ready,clearance_ground+foot_ground_before_ready,0,4,-x10,-x4|+x2|-x1|+x1|-x1
20260803,2156,-1.0,touchdown,0.4,0.02,True,True,False,False,False,nan,nan,nan,,0.042150949942344654,0.042150949942344654,-0.03623009827765307,-0.03623009827765307,success,success,0,0,-x9,-x9
20260803,2157,-1.0,touchdown,0.4,0.02,True,True,False,False,False,nan,nan,nan,,0.025018034479620116,0.025018034479620116,-0.016713514099250926,-0.016713514099250926,success,success,0,0,-x9,-x9
20260803,2158,-1.0,touchdown,0.4,0.02,True,False,False,False,False,nan,nan,nan,,0.33576671556776566,0.5482489942293721,-0.024320319730833553,-0.04269823929980127,success,clearance_ground+foot_ground_before_ready,0,11,-x12,-x7|+x1|-x1|+x1|-x1|+x1|-x1|+x1|-x1|+x1|-x2|+x1
20260803,2159,-1.0,touchdown,0.4,0.02,True,True,True,True,True,0.03549792066156616,0.019623699187639742,-0.015874221473926416,True,0.01463228553763446,0.007693820670873677,0.01651926284801805,0.01571240236446743,success,success,0,2,-x6,-x2|+x1|-x3
20260803,2160,-1.0,touchdown,0.4,0.02,True,True,True,True,True,0.3966022677721166,0.3966022677721166,0.0,False,0.019665519497333545,0.019665519497333545,0.0019871545287988013,0.0019871545287988013,success,success,0,0,-x5,-x5
