seed,episode_index,schedule,steps,initial_selector_sign,initial_selector_confidence,sign_switch_count,positive_sign_steps,negative_sign_steps,sign_sequence,sign_sequence_rle
20260702,1,hold,8,+,0.7252114415168762,0,8,0,++++++++,+x8
20260702,2,hold,25,+,0.9850940704345703,0,25,0,+++++++++++++++++++++++++,+x25
20260702,3,hold,23,+,0.9961293935775757,0,23,0,+++++++++++++++++++++++,+x23
20260702,4,hold,6,+,0.7624968886375427,0,6,0,++++++,+x6
20260702,5,hold,13,+,0.9942305088043213,0,13,0,+++++++++++++,+x13
20260702,6,hold,2,+,0.7146410942077637,0,2,0,++,+x2
20260702,7,hold,13,+,0.983146607875824,0,13,0,+++++++++++++,+x13
20260702,8,hold,23,+,0.9712029099464417,0,23,0,+++++++++++++++++++++++,+x23
20260702,9,hold,3,+,0.937215268611908,0,3,0,+++,+x3
20260702,10,hold,8,-,0.9992626309394836,0,0,8,--------,-x8
20260702,11,hold,25,+,0.9933927655220032,0,25,0,+++++++++++++++++++++++++,+x25
20260702,12,hold,10,+,0.7177350521087646,0,10,0,++++++++++,+x10
20260702,13,hold,12,-,0.9970505237579346,0,0,12,------------,-x12
20260702,14,hold,7,-,0.9203827977180481,0,0,7,-------,-x7
20260702,15,hold,9,-,0.6275936961174011,0,0,9,---------,-x9
20260702,16,hold,8,+,0.7976948022842407,0,8,0,++++++++,+x8
20260702,17,hold,12,+,0.7822593450546265,0,12,0,++++++++++++,+x12
20260702,18,hold,6,+,0.8143894672393799,0,6,0,++++++,+x6
20260702,19,hold,14,+,0.9947543144226074,0,14,0,++++++++++++++,+x14
20260702,20,hold,6,+,0.7435641288757324,0,6,0,++++++,+x6
20260702,21,hold,8,-,0.9931672215461731,0,0,8,--------,-x8
20260702,22,hold,16,+,0.9940502047538757,0,16,0,++++++++++++++++,+x16
20260702,23,hold,23,+,0.595910370349884,0,23,0,+++++++++++++++++++++++,+x23
20260702,24,hold,20,+,0.986003577709198,0,20,0,++++++++++++++++++++,+x20
20260702,25,hold,14,+,0.997142493724823,0,14,0,++++++++++++++,+x14
20260702,26,hold,11,+,0.9972628355026245,0,11,0,+++++++++++,+x11
20260702,27,hold,12,+,0.9183482527732849,0,12,0,++++++++++++,+x12
20260702,28,hold,23,+,0.9789493083953857,0,23,0,+++++++++++++++++++++++,+x23
20260702,29,hold,13,+,0.9984896183013916,0,13,0,+++++++++++++,+x13
20260702,30,hold,7,-,0.977253794670105,0,0,7,-------,-x7
20260702,31,hold,7,-,0.9955912828445435,0,0,7,-------,-x7
20260702,32,hold,14,+,0.9868674278259277,0,14,0,++++++++++++++,+x14
20260702,33,hold,21,+,0.9823295474052429,0,21,0,+++++++++++++++++++++,+x21
20260702,34,hold,6,+,0.8725515604019165,0,6,0,++++++,+x6
20260702,35,hold,16,+,0.7849303483963013,0,16,0,++++++++++++++++,+x16
20260702,36,hold,12,+,0.993477463722229,0,12,0,++++++++++++,+x12
20260702,37,hold,10,-,0.974796712398529,0,0,10,----------,-x10
20260702,38,hold,9,-,0.9850157499313354,0,0,9,---------,-x9
20260702,39,hold,10,-,0.778037428855896,0,0,10,----------,-x10
20260702,40,hold,13,+,0.9953219294548035,0,13,0,+++++++++++++,+x13
20260702,41,hold,22,+,0.5624325275421143,0,22,0,++++++++++++++++++++++,+x22
20260702,42,hold,25,+,0.9973835349082947,0,25,0,+++++++++++++++++++++++++,+x25
20260702,43,hold,15,+,0.9954635500907898,0,15,0,+++++++++++++++,+x15
20260702,44,hold,9,-,0.9221453666687012,0,0,9,---------,-x9
20260702,45,hold,15,+,0.9905968904495239,0,15,0,+++++++++++++++,+x15
20260702,46,hold,14,-,0.6292269825935364,0,0,14,--------------,-x14
20260702,47,hold,7,+,0.7087686061859131,0,7,0,+++++++,+x7
20260702,48,hold,7,-,0.9990649819374084,0,0,7,-------,-x7
20260702,49,hold,7,-,0.9916658997535706,0,0,7,-------,-x7
20260702,50,hold,22,+,0.9961601495742798,0,22,0,++++++++++++++++++++++,+x22
20260702,51,hold,5,+,0.9127020239830017,0,5,0,+++++,+x5
20260702,52,hold,5,+,0.7713341116905212,0,5,0,+++++,+x5
20260702,53,hold,16,-,0.9551502466201782,0,0,16,----------------,-x16
20260702,54,hold,8,-,0.9285243153572083,0,0,8,--------,-x8
20260702,55,hold,8,-,0.7774840593338013,0,0,8,--------,-x8
20260702,56,hold,28,+,0.9826375842094421,0,28,0,++++++++++++++++++++++++++++,+x28
20260702,57,hold,13,-,0.9755229949951172,0,0,13,-------------,-x13
20260702,58,hold,29,+,0.9714937806129456,0,29,0,+++++++++++++++++++++++++++++,+x29
20260702,59,hold,12,-,0.9904065728187561,0,0,12,------------,-x12
20260702,60,hold,21,+,0.9865902662277222,0,21,0,+++++++++++++++++++++,+x21
20260702,61,hold,12,-,0.9689124822616577,0,0,12,------------,-x12
20260702,62,hold,9,-,0.9928718209266663,0,0,9,---------,-x9
20260702,63,hold,25,+,0.9893189072608948,0,25,0,+++++++++++++++++++++++++,+x25
20260702,64,hold,4,-,0.9667750000953674,0,0,4,----,-x4
20260702,65,hold,3,-,0.9884109497070312,0,0,3,---,-x3
20260702,66,hold,11,-,0.8789768815040588,0,0,11,-----------,-x11
20260702,67,hold,30,+,0.9927379488945007,0,30,0,++++++++++++++++++++++++++++++,+x30
20260702,68,hold,5,-,0.9901648163795471,0,0,5,-----,-x5
20260702,69,hold,8,-,0.6992616057395935,0,0,8,--------,-x8
20260702,70,hold,14,-,0.9797279238700867,0,0,14,--------------,-x14
20260702,71,hold,21,+,0.9832468628883362,0,21,0,+++++++++++++++++++++,+x21
20260702,72,hold,7,-,0.997379720211029,0,0,7,-------,-x7
20260702,73,hold,15,+,0.7987948656082153,0,15,0,+++++++++++++++,+x15
20260702,74,hold,12,+,0.6035149097442627,0,12,0,++++++++++++,+x12
20260702,75,hold,23,+,0.9980201721191406,0,23,0,+++++++++++++++++++++++,+x23
20260702,76,hold,3,+,0.9752464890480042,0,3,0,+++,+x3
20260702,77,hold,7,+,0.8752228021621704,0,7,0,+++++++,+x7
20260702,78,hold,19,+,0.9813157320022583,0,19,0,+++++++++++++++++++,+x19
20260702,79,hold,26,+,0.9425836205482483,0,26,0,++++++++++++++++++++++++++,+x26
20260702,80,hold,45,+,0.9905661940574646,0,45,0,+++++++++++++++++++++++++++++++++++++++++++++,+x45
20260702,81,hold,8,-,0.9734259247779846,0,0,8,--------,-x8
20260702,82,hold,4,-,0.7217906713485718,0,0,4,----,-x4
20260702,83,hold,22,+,0.9890194535255432,0,22,0,++++++++++++++++++++++,+x22
20260702,84,hold,30,+,0.9971399307250977,0,30,0,++++++++++++++++++++++++++++++,+x30
20260702,85,hold,16,+,0.996042013168335,0,16,0,++++++++++++++++,+x16
20260702,86,hold,13,+,0.978221595287323,0,13,0,+++++++++++++,+x13
20260702,87,hold,20,+,0.7365909814834595,0,20,0,++++++++++++++++++++,+x20
20260702,88,hold,6,+,0.791527509689331,0,6,0,++++++,+x6
20260702,89,hold,14,+,0.5683827996253967,0,14,0,++++++++++++++,+x14
20260702,90,hold,2,-,0.9200326204299927,0,0,2,--,-x2
20260702,91,hold,24,+,0.989854633808136,0,24,0,++++++++++++++++++++++++,+x24
20260702,92,hold,25,+,0.994601845741272,0,25,0,+++++++++++++++++++++++++,+x25
20260702,93,hold,6,-,0.6138426661491394,0,0,6,------,-x6
20260702,94,hold,12,-,0.968280017375946,0,0,12,------------,-x12
20260702,95,hold,5,+,0.9036458134651184,0,5,0,+++++,+x5
20260702,96,hold,13,-,0.9988831877708435,0,0,13,-------------,-x13
20260702,97,hold,8,+,0.857354462146759,0,8,0,++++++++,+x8
20260702,98,hold,7,-,0.8576046228408813,0,0,7,-------,-x7
20260702,99,hold,12,+,0.8987782001495361,0,12,0,++++++++++++,+x12
20260702,100,hold,7,+,0.7569807767868042,0,7,0,+++++++,+x7
20260702,101,hold,12,-,0.9792952537536621,0,0,12,------------,-x12
20260702,102,hold,7,-,0.5337106585502625,0,0,7,-------,-x7
20260702,103,hold,12,+,0.9971490502357483,0,12,0,++++++++++++,+x12
20260702,104,hold,6,+,0.9108291268348694,0,6,0,++++++,+x6
20260702,105,hold,23,+,0.9934043288230896,0,23,0,+++++++++++++++++++++++,+x23
20260702,106,hold,27,+,0.9618232846260071,0,27,0,+++++++++++++++++++++++++++,+x27
20260702,107,hold,21,+,0.9880770444869995,0,21,0,+++++++++++++++++++++,+x21
20260702,108,hold,11,+,0.9943670630455017,0,11,0,+++++++++++,+x11
20260702,109,hold,6,+,0.8394564986228943,0,6,0,++++++,+x6
20260702,110,hold,24,+,0.9978771209716797,0,24,0,++++++++++++++++++++++++,+x24
20260702,111,hold,25,+,0.9948893785476685,0,25,0,+++++++++++++++++++++++++,+x25
20260702,112,hold,31,+,0.9859659075737,0,31,0,+++++++++++++++++++++++++++++++,+x31
20260702,113,hold,29,+,0.9753589630126953,0,29,0,+++++++++++++++++++++++++++++,+x29
20260702,114,hold,18,+,0.9889953136444092,0,18,0,++++++++++++++++++,+x18
20260702,115,hold,13,+,0.9885623455047607,0,13,0,+++++++++++++,+x13
20260702,116,hold,5,-,0.9819797277450562,0,0,5,-----,-x5
20260702,117,hold,13,+,0.9951601624488831,0,13,0,+++++++++++++,+x13
20260702,118,hold,21,+,0.8530871272087097,0,21,0,+++++++++++++++++++++,+x21
20260702,119,hold,25,+,0.8238122463226318,0,25,0,+++++++++++++++++++++++++,+x25
20260702,120,hold,9,-,0.9565577507019043,0,0,9,---------,-x9
20260702,121,hold,5,-,0.7025207877159119,0,0,5,-----,-x5
20260702,122,hold,16,+,0.7601628303527832,0,16,0,++++++++++++++++,+x16
20260702,123,hold,13,+,0.6498409509658813,0,13,0,+++++++++++++,+x13
20260702,124,hold,4,+,0.6482388973236084,0,4,0,++++,+x4
20260702,125,hold,28,+,0.9889994263648987,0,28,0,++++++++++++++++++++++++++++,+x28
20260702,126,hold,22,+,0.9950196743011475,0,22,0,++++++++++++++++++++++,+x22
20260702,127,hold,8,+,0.9158784747123718,0,8,0,++++++++,+x8
20260702,128,hold,4,-,0.8195416331291199,0,0,4,----,-x4
20260702,129,hold,7,+,0.9750270247459412,0,7,0,+++++++,+x7
20260702,130,hold,6,-,0.8518269658088684,0,0,6,------,-x6
20260702,131,hold,14,+,0.9957789182662964,0,14,0,++++++++++++++,+x14
20260702,132,hold,7,-,0.9948621392250061,0,0,7,-------,-x7
20260702,133,hold,11,-,0.9391106963157654,0,0,11,-----------,-x11
20260702,134,hold,24,+,0.9969793558120728,0,24,0,++++++++++++++++++++++++,+x24
20260702,135,hold,16,+,0.9969442486763,0,16,0,++++++++++++++++,+x16
20260702,136,hold,14,+,0.9889427423477173,0,14,0,++++++++++++++,+x14
20260702,137,hold,9,-,0.9479618072509766,0,0,9,---------,-x9
20260702,138,hold,5,+,0.9059706926345825,0,5,0,+++++,+x5
20260702,139,hold,12,-,0.9669862985610962,0,0,12,------------,-x12
20260702,140,hold,24,+,0.9983676075935364,0,24,0,++++++++++++++++++++++++,+x24
20260702,141,hold,15,+,0.5826715230941772,0,15,0,+++++++++++++++,+x15
20260702,142,hold,19,+,0.9867689609527588,0,19,0,+++++++++++++++++++,+x19
20260702,143,hold,28,+,0.9953199028968811,0,28,0,++++++++++++++++++++++++++++,+x28
20260702,144,hold,6,+,0.9168999791145325,0,6,0,++++++,+x6
20260702,145,hold,6,+,0.960555911064148,0,6,0,++++++,+x6
20260702,146,hold,7,-,0.8078379034996033,0,0,7,-------,-x7
20260702,147,hold,19,-,0.9797977209091187,0,0,19,-------------------,-x19
20260702,148,hold,9,-,0.9416261315345764,0,0,9,---------,-x9
20260702,149,hold,6,+,0.9789820313453674,0,6,0,++++++,+x6
20260702,150,hold,14,+,0.9320893287658691,0,14,0,++++++++++++++,+x14
20260702,151,hold,13,+,0.9850799441337585,0,13,0,+++++++++++++,+x13
20260702,152,hold,11,+,0.9989792108535767,0,11,0,+++++++++++,+x11
20260702,153,hold,25,+,0.9952659606933594,0,25,0,+++++++++++++++++++++++++,+x25
20260702,154,hold,17,+,0.9824991226196289,0,17,0,+++++++++++++++++,+x17
20260702,155,hold,9,-,0.978124737739563,0,0,9,---------,-x9
20260702,156,hold,24,+,0.9987428784370422,0,24,0,++++++++++++++++++++++++,+x24
20260702,157,hold,23,+,0.9989718198776245,0,23,0,+++++++++++++++++++++++,+x23
20260702,158,hold,9,-,0.9125485420227051,0,0,9,---------,-x9
20260702,159,hold,11,-,0.985393226146698,0,0,11,-----------,-x11
20260702,160,hold,4,-,0.7472246289253235,0,0,4,----,-x4
20260702,161,hold,7,+,0.7877359986305237,0,7,0,+++++++,+x7
20260702,162,hold,12,-,0.587699830532074,0,0,12,------------,-x12
20260702,163,hold,6,+,0.992347240447998,0,6,0,++++++,+x6
20260702,164,hold,26,+,0.9954267740249634,0,26,0,++++++++++++++++++++++++++,+x26
20260702,165,hold,13,+,0.9983245730400085,0,13,0,+++++++++++++,+x13
20260702,166,hold,5,-,0.7165637612342834,0,0,5,-----,-x5
20260702,167,hold,20,+,0.659395158290863,0,20,0,++++++++++++++++++++,+x20
20260702,168,hold,11,+,0.7670978903770447,0,11,0,+++++++++++,+x11
20260702,169,hold,22,+,0.9971053004264832,0,22,0,++++++++++++++++++++++,+x22
20260702,170,hold,3,+,0.8617275953292847,0,3,0,+++,+x3
20260702,171,hold,13,-,0.9746329188346863,0,0,13,-------------,-x13
20260702,172,hold,7,-,0.6843876838684082,0,0,7,-------,-x7
20260702,173,hold,20,+,0.9870004057884216,0,20,0,++++++++++++++++++++,+x20
20260702,174,hold,10,-,0.6511635780334473,0,0,10,----------,-x10
20260702,175,hold,7,-,0.9945989847183228,0,0,7,-------,-x7
20260702,176,hold,6,+,0.9901579022407532,0,6,0,++++++,+x6
20260702,177,hold,14,+,0.9976375102996826,0,14,0,++++++++++++++,+x14
20260702,178,hold,11,-,0.8033297061920166,0,0,11,-----------,-x11
20260702,179,hold,9,-,0.9932304620742798,0,0,9,---------,-x9
20260702,180,hold,27,+,0.9983906745910645,0,27,0,+++++++++++++++++++++++++++,+x27
20260702,181,hold,9,+,0.8581937551498413,0,9,0,+++++++++,+x9
20260702,182,hold,6,+,0.9867033958435059,0,6,0,++++++,+x6
20260702,183,hold,24,+,0.9864469766616821,0,24,0,++++++++++++++++++++++++,+x24
20260702,184,hold,7,-,0.9824051260948181,0,0,7,-------,-x7
20260702,185,hold,4,+,0.9154762625694275,0,4,0,++++,+x4
20260702,186,hold,6,-,0.991503894329071,0,0,6,------,-x6
20260702,187,hold,5,-,0.9349848031997681,0,0,5,-----,-x5
20260702,188,hold,7,-,0.9900373220443726,0,0,7,-------,-x7
20260702,189,hold,28,+,0.9956153631210327,0,28,0,++++++++++++++++++++++++++++,+x28
20260702,190,hold,20,+,0.9844231009483337,0,20,0,++++++++++++++++++++,+x20
20260702,191,hold,44,+,0.9961714148521423,0,44,0,++++++++++++++++++++++++++++++++++++++++++++,+x44
20260702,192,hold,31,+,0.9974339604377747,0,31,0,+++++++++++++++++++++++++++++++,+x31
20260702,193,hold,16,+,0.9211345911026001,0,16,0,++++++++++++++++,+x16
20260702,194,hold,19,+,0.9945829510688782,0,19,0,+++++++++++++++++++,+x19
20260702,195,hold,24,+,0.9974580407142639,0,24,0,++++++++++++++++++++++++,+x24
20260702,196,hold,12,+,0.9997475743293762,0,12,0,++++++++++++,+x12
20260702,197,hold,33,+,0.9900680780410767,0,33,0,+++++++++++++++++++++++++++++++++,+x33
20260702,198,hold,25,+,0.809778094291687,0,25,0,+++++++++++++++++++++++++,+x25
20260702,199,hold,28,+,0.9946341514587402,0,28,0,++++++++++++++++++++++++++++,+x28
20260702,200,hold,9,-,0.9997497200965881,0,0,9,---------,-x9
20260702,201,hold,6,-,0.9110863208770752,0,0,6,------,-x6
20260702,202,hold,14,+,0.9978650212287903,0,14,0,++++++++++++++,+x14
20260702,203,hold,26,+,0.9982498288154602,0,26,0,++++++++++++++++++++++++++,+x26
20260702,204,hold,9,-,0.5230486392974854,0,0,9,---------,-x9
20260702,205,hold,9,-,0.8814806342124939,0,0,9,---------,-x9
20260702,206,hold,11,-,0.9859275817871094,0,0,11,-----------,-x11
20260702,207,hold,7,-,0.6508927345275879,0,0,7,-------,-x7
20260702,208,hold,4,-,0.8020742535591125,0,0,4,----,-x4
20260702,209,hold,5,+,0.6119316220283508,0,5,0,+++++,+x5
20260702,210,hold,26,+,0.9620042443275452,0,26,0,++++++++++++++++++++++++++,+x26
20260702,211,hold,6,+,0.8838163018226624,0,6,0,++++++,+x6
20260702,212,hold,22,+,0.9107803106307983,0,22,0,++++++++++++++++++++++,+x22
20260702,213,hold,10,-,0.9234201312065125,0,0,10,----------,-x10
20260702,214,hold,20,+,0.9971780776977539,0,20,0,++++++++++++++++++++,+x20
20260702,215,hold,6,+,0.9553212523460388,0,6,0,++++++,+x6
20260702,216,hold,13,+,0.9984363913536072,0,13,0,+++++++++++++,+x13
20260702,217,hold,14,-,0.9998237490653992,0,0,14,--------------,-x14
20260702,218,hold,24,+,0.9982693195343018,0,24,0,++++++++++++++++++++++++,+x24
20260702,219,hold,12,-,0.7231303453445435,0,0,12,------------,-x12
20260702,220,hold,21,+,0.971968948841095,0,21,0,+++++++++++++++++++++,+x21
20260702,221,hold,5,+,0.6898629665374756,0,5,0,+++++,+x5
20260702,222,hold,10,-,0.9804136157035828,0,0,10,----------,-x10
20260702,223,hold,17,+,0.992631196975708,0,17,0,+++++++++++++++++,+x17
20260702,224,hold,12,-,0.8527637720108032,0,0,12,------------,-x12
20260702,225,hold,19,+,0.8786760568618774,0,19,0,+++++++++++++++++++,+x19
20260702,226,hold,12,-,0.9858056902885437,0,0,12,------------,-x12
20260702,227,hold,14,+,0.5998766422271729,0,14,0,++++++++++++++,+x14
20260702,228,hold,25,+,0.9979890584945679,0,25,0,+++++++++++++++++++++++++,+x25
20260702,229,hold,25,+,0.9987745881080627,0,25,0,+++++++++++++++++++++++++,+x25
20260702,230,hold,1,+,0.9402992725372314,0,1,0,+,+x1
20260702,231,hold,7,-,0.9866829514503479,0,0,7,-------,-x7
20260702,232,hold,27,+,0.9719431400299072,0,27,0,+++++++++++++++++++++++++++,+x27
20260702,233,hold,40,+,0.9751805067062378,0,40,0,++++++++++++++++++++++++++++++++++++++++,+x40
20260702,234,hold,2,+,0.5439844131469727,0,2,0,++,+x2
20260702,235,hold,5,+,0.9653603434562683,0,5,0,+++++,+x5
20260702,236,hold,35,+,0.9965511560440063,0,35,0,+++++++++++++++++++++++++++++++++++,+x35
20260702,237,hold,14,+,0.8227280378341675,0,14,0,++++++++++++++,+x14
20260702,238,hold,7,-,0.6162128448486328,0,0,7,-------,-x7
20260702,239,hold,13,+,0.9990361928939819,0,13,0,+++++++++++++,+x13
20260702,240,hold,20,+,0.9968318343162537,0,20,0,++++++++++++++++++++,+x20
20260702,241,hold,7,-,0.7299167513847351,0,0,7,-------,-x7
20260702,242,hold,7,-,0.7751638889312744,0,0,7,-------,-x7
20260702,243,hold,23,+,0.9993023872375488,0,23,0,+++++++++++++++++++++++,+x23
20260702,244,hold,11,-,0.9888773560523987,0,0,11,-----------,-x11
20260702,245,hold,24,+,0.9989246726036072,0,24,0,++++++++++++++++++++++++,+x24
20260702,246,hold,5,+,0.7976756691932678,0,5,0,+++++,+x5
20260702,247,hold,20,+,0.9947368502616882,0,20,0,++++++++++++++++++++,+x20
20260702,248,hold,6,-,0.9950245022773743,0,0,6,------,-x6
20260702,249,hold,11,-,0.9395302534103394,0,0,11,-----------,-x11
20260702,250,hold,26,+,0.9724285006523132,0,26,0,++++++++++++++++++++++++++,+x26
20260702,251,hold,21,+,0.915837287902832,0,21,0,+++++++++++++++++++++,+x21
20260702,252,hold,26,+,0.9868414402008057,0,26,0,++++++++++++++++++++++++++,+x26
20260702,253,hold,18,+,0.9997811913490295,0,18,0,++++++++++++++++++,+x18
20260702,254,hold,5,-,0.9966526627540588,0,0,5,-----,-x5
20260702,255,hold,13,+,0.9993022680282593,0,13,0,+++++++++++++,+x13
20260702,256,hold,23,+,0.9992294311523438,0,23,0,+++++++++++++++++++++++,+x23
20260702,257,hold,9,+,0.600288987159729,0,9,0,+++++++++,+x9
20260702,258,hold,24,+,0.8883315324783325,0,24,0,++++++++++++++++++++++++,+x24
20260702,259,hold,22,+,0.9902254939079285,0,22,0,++++++++++++++++++++++,+x22
20260702,260,hold,14,-,0.7437649369239807,0,0,14,--------------,-x14
20260702,261,hold,14,+,0.9988188147544861,0,14,0,++++++++++++++,+x14
20260702,262,hold,13,+,0.9988127946853638,0,13,0,+++++++++++++,+x13
20260702,263,hold,22,+,0.9991464614868164,0,22,0,++++++++++++++++++++++,+x22
20260702,264,hold,22,+,0.9988947510719299,0,22,0,++++++++++++++++++++++,+x22
20260702,265,hold,20,+,0.9729952812194824,0,20,0,++++++++++++++++++++,+x20
20260702,266,hold,8,+,0.9755216240882874,0,8,0,++++++++,+x8
20260702,267,hold,5,-,0.9259617924690247,0,0,5,-----,-x5
20260702,268,hold,10,-,0.9709758758544922,0,0,10,----------,-x10
20260702,269,hold,6,-,0.9993284940719604,0,0,6,------,-x6
20260702,270,hold,6,-,0.9235339760780334,0,0,6,------,-x6
20260702,271,hold,12,+,0.9984508752822876,0,12,0,++++++++++++,+x12
20260702,272,hold,23,+,0.9963905215263367,0,23,0,+++++++++++++++++++++++,+x23
20260702,273,hold,22,+,0.9994288086891174,0,22,0,++++++++++++++++++++++,+x22
20260702,274,hold,6,-,0.5167549848556519,0,0,6,------,-x6
20260702,275,hold,25,+,0.9966539144515991,0,25,0,+++++++++++++++++++++++++,+x25
20260702,276,hold,18,+,0.9986306428909302,0,18,0,++++++++++++++++++,+x18
20260702,277,hold,7,-,0.5709071159362793,0,0,7,-------,-x7
20260702,278,hold,22,+,0.999256432056427,0,22,0,++++++++++++++++++++++,+x22
20260702,279,hold,22,+,0.9016228318214417,0,22,0,++++++++++++++++++++++,+x22
20260702,280,hold,18,+,0.8965733051300049,0,18,0,++++++++++++++++++,+x18
20260702,281,hold,20,+,0.9925547242164612,0,20,0,++++++++++++++++++++,+x20
20260702,282,hold,29,+,0.9973227381706238,0,29,0,+++++++++++++++++++++++++++++,+x29
20260702,283,hold,3,+,0.6249220967292786,0,3,0,+++,+x3
20260702,284,hold,27,+,0.8925833106040955,0,27,0,+++++++++++++++++++++++++++,+x27
20260702,285,hold,12,-,0.9272361397743225,0,0,12,------------,-x12
20260702,286,hold,10,+,0.9966611862182617,0,10,0,++++++++++,+x10
20260702,287,hold,16,+,0.999180257320404,0,16,0,++++++++++++++++,+x16
20260702,288,hold,5,-,0.5851600170135498,0,0,5,-----,-x5
20260702,289,hold,14,+,0.9982373714447021,0,14,0,++++++++++++++,+x14
20260702,290,hold,14,+,0.9994387030601501,0,14,0,++++++++++++++,+x14
20260702,291,hold,22,+,0.9979731440544128,0,22,0,++++++++++++++++++++++,+x22
20260702,292,hold,6,-,0.6628859043121338,0,0,6,------,-x6
20260702,293,hold,26,+,0.9957841038703918,0,26,0,++++++++++++++++++++++++++,+x26
20260702,294,hold,11,-,0.9939736723899841,0,0,11,-----------,-x11
20260702,295,hold,14,+,0.8149093389511108,0,14,0,++++++++++++++,+x14
20260702,296,hold,14,+,0.9887732863426208,0,14,0,++++++++++++++,+x14
20260702,297,hold,5,+,0.9595599174499512,0,5,0,+++++,+x5
20260702,298,hold,8,+,0.9871813654899597,0,8,0,++++++++,+x8
20260702,299,hold,10,-,0.9182299375534058,0,0,10,----------,-x10
20260702,300,hold,7,+,0.9830754995346069,0,7,0,+++++++,+x7
20260702,301,hold,9,-,0.8884830474853516,0,0,9,---------,-x9
20260702,302,hold,23,+,0.9983664155006409,0,23,0,+++++++++++++++++++++++,+x23
20260702,303,hold,4,-,0.5790603756904602,0,0,4,----,-x4
20260702,304,hold,22,+,0.9992819428443909,0,22,0,++++++++++++++++++++++,+x22
20260702,305,hold,28,+,0.9979885816574097,0,28,0,++++++++++++++++++++++++++++,+x28
20260702,306,hold,21,+,0.8014594316482544,0,21,0,+++++++++++++++++++++,+x21
20260702,307,hold,11,+,0.9992659687995911,0,11,0,+++++++++++,+x11
20260702,308,hold,21,+,0.9967783093452454,0,21,0,+++++++++++++++++++++,+x21
20260702,309,hold,10,+,0.7788199186325073,0,10,0,++++++++++,+x10
20260702,310,hold,22,+,0.997605562210083,0,22,0,++++++++++++++++++++++,+x22
20260702,311,hold,25,+,0.9951189756393433,0,25,0,+++++++++++++++++++++++++,+x25
20260702,312,hold,24,+,0.9930452704429626,0,24,0,++++++++++++++++++++++++,+x24
20260702,313,hold,24,+,0.9989057779312134,0,24,0,++++++++++++++++++++++++,+x24
20260702,314,hold,5,+,0.9111465215682983,0,5,0,+++++,+x5
20260702,315,hold,12,+,0.5348237752914429,0,12,0,++++++++++++,+x12
20260702,316,hold,3,+,0.7670930624008179,0,3,0,+++,+x3
20260702,317,hold,31,+,0.9694645404815674,0,31,0,+++++++++++++++++++++++++++++++,+x31
20260702,318,hold,23,+,0.9986820816993713,0,23,0,+++++++++++++++++++++++,+x23
20260702,319,hold,6,+,0.5881535410881042,0,6,0,++++++,+x6
20260702,320,hold,9,-,0.9962673783302307,0,0,9,---------,-x9
20260702,321,hold,1,-,0.9366582036018372,0,0,1,-,-x1
20260702,322,hold,16,-,0.9986577033996582,0,0,16,----------------,-x16
20260702,323,hold,33,+,0.9959926009178162,0,33,0,+++++++++++++++++++++++++++++++++,+x33
20260702,324,hold,24,+,0.9991948008537292,0,24,0,++++++++++++++++++++++++,+x24
20260702,325,hold,23,+,0.999392032623291,0,23,0,+++++++++++++++++++++++,+x23
20260702,326,hold,5,-,0.8621151447296143,0,0,5,-----,-x5
20260702,327,hold,18,+,0.8069835901260376,0,18,0,++++++++++++++++++,+x18
20260702,328,hold,8,+,0.7876380085945129,0,8,0,++++++++,+x8
20260702,329,hold,33,+,0.9980359673500061,0,33,0,+++++++++++++++++++++++++++++++++,+x33
20260702,330,hold,18,+,0.9979774355888367,0,18,0,++++++++++++++++++,+x18
20260702,331,hold,21,+,0.9722346663475037,0,21,0,+++++++++++++++++++++,+x21
20260702,332,hold,14,+,0.9967100620269775,0,14,0,++++++++++++++,+x14
20260702,333,hold,7,-,0.9256635308265686,0,0,7,-------,-x7
20260702,334,hold,7,+,0.9835422039031982,0,7,0,+++++++,+x7
20260702,335,hold,23,+,0.9998356103897095,0,23,0,+++++++++++++++++++++++,+x23
20260702,336,hold,20,+,0.9981325268745422,0,20,0,++++++++++++++++++++,+x20
20260702,337,hold,13,+,0.9993219375610352,0,13,0,+++++++++++++,+x13
20260702,338,hold,7,-,0.9655641317367554,0,0,7,-------,-x7
20260702,339,hold,6,-,0.5722005367279053,0,0,6,------,-x6
20260702,340,hold,16,+,0.995210587978363,0,16,0,++++++++++++++++,+x16
20260702,341,hold,14,+,0.9988369345664978,0,14,0,++++++++++++++,+x14
20260702,342,hold,3,+,0.9703401327133179,0,3,0,+++,+x3
20260702,343,hold,15,-,0.9826123714447021,0,0,15,---------------,-x15
20260702,344,hold,13,+,0.5619442462921143,0,13,0,+++++++++++++,+x13
20260702,345,hold,4,-,0.6203604936599731,0,0,4,----,-x4
20260702,346,hold,18,+,0.997819185256958,0,18,0,++++++++++++++++++,+x18
20260702,347,hold,7,+,0.8345889449119568,0,7,0,+++++++,+x7
20260702,348,hold,13,-,0.9838539361953735,0,0,13,-------------,-x13
20260702,349,hold,1,+,0.9142950773239136,0,1,0,+,+x1
20260702,350,hold,4,+,0.8941246867179871,0,4,0,++++,+x4
20260702,351,hold,22,+,0.9817758202552795,0,22,0,++++++++++++++++++++++,+x22
20260702,352,hold,11,+,0.954647421836853,0,11,0,+++++++++++,+x11
20260702,353,hold,12,-,0.9689772725105286,0,0,12,------------,-x12
20260702,354,hold,10,-,0.7820199728012085,0,0,10,----------,-x10
20260702,355,hold,1,+,0.9742651581764221,0,1,0,+,+x1
20260702,356,hold,3,-,0.9910321831703186,0,0,3,---,-x3
20260702,357,hold,14,-,0.9887779355049133,0,0,14,--------------,-x14
20260702,358,hold,11,-,0.9255253076553345,0,0,11,-----------,-x11
20260702,359,hold,20,+,0.9987706542015076,0,20,0,++++++++++++++++++++,+x20
20260702,360,hold,10,-,0.8208281993865967,0,0,10,----------,-x10
20260702,361,hold,12,-,0.9998805522918701,0,0,12,------------,-x12
20260702,362,hold,10,+,0.8458520770072937,0,10,0,++++++++++,+x10
20260702,363,hold,13,-,0.98870450258255,0,0,13,-------------,-x13
20260702,364,hold,20,-,0.9999998807907104,0,0,20,--------------------,-x20
20260702,365,hold,9,-,0.718985378742218,0,0,9,---------,-x9
20260702,366,hold,5,-,0.529173731803894,0,0,5,-----,-x5
20260702,367,hold,9,-,0.9905909895896912,0,0,9,---------,-x9
20260702,368,hold,7,+,0.9644156694412231,0,7,0,+++++++,+x7
20260702,369,hold,13,-,0.9999535083770752,0,0,13,-------------,-x13
20260702,370,hold,8,-,0.5335119962692261,0,0,8,--------,-x8
20260702,371,hold,16,-,0.9946228265762329,0,0,16,----------------,-x16
20260702,372,hold,13,-,0.9987673759460449,0,0,13,-------------,-x13
20260702,373,hold,8,-,0.9540999531745911,0,0,8,--------,-x8
20260702,374,hold,5,-,0.5178440809249878,0,0,5,-----,-x5
20260702,375,hold,5,-,0.8228681683540344,0,0,5,-----,-x5
20260702,376,hold,8,-,0.9993508458137512,0,0,8,--------,-x8
20260702,377,hold,6,-,0.9068863391876221,0,0,6,------,-x6
20260702,378,hold,7,-,0.9777377843856812,0,0,7,-------,-x7
20260702,379,hold,9,-,0.7355959415435791,0,0,9,---------,-x9
20260702,380,hold,11,-,0.9953959584236145,0,0,11,-----------,-x11
20260702,381,hold,8,+,0.7688247561454773,0,8,0,++++++++,+x8
20260702,382,hold,8,-,0.8262357711791992,0,0,8,--------,-x8
20260702,383,hold,4,-,0.8193256258964539,0,0,4,----,-x4
20260702,384,hold,11,-,0.9998087286949158,0,0,11,-----------,-x11
20260702,385,hold,7,+,0.714479386806488,0,7,0,+++++++,+x7
20260702,386,hold,13,+,0.6689929366111755,0,13,0,+++++++++++++,+x13
20260702,387,hold,9,+,0.5345761179924011,0,9,0,+++++++++,+x9
20260702,388,hold,10,+,0.6570142507553101,0,10,0,++++++++++,+x10
20260702,389,hold,18,-,0.9331368207931519,0,0,18,------------------,-x18
20260702,390,hold,10,-,0.7721438407897949,0,0,10,----------,-x10
20260702,391,hold,3,-,0.9526995420455933,0,0,3,---,-x3
20260702,392,hold,3,-,0.5811375379562378,0,0,3,---,-x3
20260702,393,hold,14,-,0.8890684247016907,0,0,14,--------------,-x14
20260702,394,hold,19,-,0.9999985694885254,0,0,19,-------------------,-x19
20260702,395,hold,9,-,0.6898853778839111,0,0,9,---------,-x9
20260702,396,hold,11,-,0.9997324347496033,0,0,11,-----------,-x11
20260702,397,hold,8,-,0.9620280861854553,0,0,8,--------,-x8
20260702,398,hold,8,-,0.9598355889320374,0,0,8,--------,-x8
20260702,399,hold,3,-,0.8835135102272034,0,0,3,---,-x3
20260702,400,hold,8,-,0.848673939704895,0,0,8,--------,-x8
20260702,401,hold,13,-,0.9971103668212891,0,0,13,-------------,-x13
20260702,402,hold,9,+,0.838630199432373,0,9,0,+++++++++,+x9
20260702,403,hold,8,-,0.6059627532958984,0,0,8,--------,-x8
20260702,404,hold,14,-,0.9999737739562988,0,0,14,--------------,-x14
20260702,405,hold,10,+,0.5820658802986145,0,10,0,++++++++++,+x10
20260702,406,hold,11,-,0.9999966621398926,0,0,11,-----------,-x11
20260702,407,hold,16,-,0.9974074959754944,0,0,16,----------------,-x16
20260702,408,hold,5,+,0.834732711315155,0,5,0,+++++,+x5
20260702,409,hold,12,-,0.9999669790267944,0,0,12,------------,-x12
20260702,410,hold,20,-,1.0,0,0,20,--------------------,-x20
20260702,411,hold,16,-,0.9999998807907104,0,0,16,----------------,-x16
20260702,412,hold,12,+,0.672783613204956,0,12,0,++++++++++++,+x12
20260702,413,hold,15,-,0.9999637603759766,0,0,15,---------------,-x15
20260702,414,hold,13,-,0.9987276196479797,0,0,13,-------------,-x13
20260702,415,hold,6,+,0.8924168944358826,0,6,0,++++++,+x6
20260702,416,hold,15,-,0.9999994039535522,0,0,15,---------------,-x15
20260702,417,hold,19,-,0.6848567128181458,0,0,19,-------------------,-x19
20260702,418,hold,13,-,0.9999750852584839,0,0,13,-------------,-x13
20260702,419,hold,3,+,0.5450496077537537,0,3,0,+++,+x3
20260702,420,hold,17,-,0.9990642666816711,0,0,17,-----------------,-x17
20260702,421,hold,10,-,0.9663691520690918,0,0,10,----------,-x10
20260702,422,hold,5,+,0.7437506318092346,0,5,0,+++++,+x5
20260702,423,hold,15,-,0.9997449517250061,0,0,15,---------------,-x15
20260702,424,hold,13,-,0.9776686429977417,0,0,13,-------------,-x13
20260702,425,hold,15,-,0.9997074007987976,0,0,15,---------------,-x15
20260702,426,hold,18,-,0.9999970197677612,0,0,18,------------------,-x18
20260702,427,hold,15,-,0.9999691247940063,0,0,15,---------------,-x15
20260702,428,hold,8,-,0.6086517572402954,0,0,8,--------,-x8
20260702,429,hold,22,-,0.9999998807907104,0,0,22,----------------------,-x22
20260702,430,hold,14,-,0.9993003606796265,0,0,14,--------------,-x14
20260702,431,hold,13,-,0.9989627599716187,0,0,13,-------------,-x13
20260702,432,hold,13,-,0.9983982443809509,0,0,13,-------------,-x13
20260702,433,hold,10,-,0.9998030066490173,0,0,10,----------,-x10
20260702,434,hold,10,+,0.583660900592804,0,10,0,++++++++++,+x10
20260702,435,hold,15,+,0.5389295220375061,0,15,0,+++++++++++++++,+x15
20260702,436,hold,13,-,0.9999879598617554,0,0,13,-------------,-x13
20260702,437,hold,12,-,0.9804217219352722,0,0,12,------------,-x12
20260702,438,hold,3,-,0.6222524046897888,0,0,3,---,-x3
20260702,439,hold,9,+,0.8452098369598389,0,9,0,+++++++++,+x9
20260702,440,hold,5,-,0.7850714921951294,0,0,5,-----,-x5
20260702,441,hold,10,+,0.5710707902908325,0,10,0,++++++++++,+x10
20260702,442,hold,15,-,0.9995993971824646,0,0,15,---------------,-x15
20260702,443,hold,14,-,0.9734809398651123,0,0,14,--------------,-x14
20260702,444,hold,14,-,0.9649853706359863,0,0,14,--------------,-x14
20260702,445,hold,9,+,0.9320008754730225,0,9,0,+++++++++,+x9
20260702,446,hold,18,-,0.8286368250846863,0,0,18,------------------,-x18
20260702,447,hold,12,+,0.8847159147262573,0,12,0,++++++++++++,+x12
20260702,448,hold,7,+,0.6076681017875671,0,7,0,+++++++,+x7
20260702,449,hold,13,-,0.9999995231628418,0,0,13,-------------,-x13
20260702,450,hold,12,+,0.946114718914032,0,12,0,++++++++++++,+x12
20260702,451,hold,2,-,0.8335875272750854,0,0,2,--,-x2
20260702,452,hold,10,-,0.8781682252883911,0,0,10,----------,-x10
20260702,453,hold,12,-,0.9753654599189758,0,0,12,------------,-x12
20260702,454,hold,7,+,0.8261551856994629,0,7,0,+++++++,+x7
20260702,455,hold,8,+,0.9477053284645081,0,8,0,++++++++,+x8
20260702,456,hold,11,-,0.9970818161964417,0,0,11,-----------,-x11
20260702,457,hold,5,-,0.9468027353286743,0,0,5,-----,-x5
20260702,458,hold,11,+,0.736874520778656,0,11,0,+++++++++++,+x11
20260702,459,hold,16,+,0.5515738129615784,0,16,0,++++++++++++++++,+x16
20260702,460,hold,14,-,0.9961703419685364,0,0,14,--------------,-x14
20260702,461,hold,11,+,0.7716566324234009,0,11,0,+++++++++++,+x11
20260702,462,hold,9,+,0.5784033536911011,0,9,0,+++++++++,+x9
20260702,463,hold,10,-,0.9999982118606567,0,0,10,----------,-x10
20260702,464,hold,12,+,0.7677803039550781,0,12,0,++++++++++++,+x12
20260702,465,hold,9,+,0.6302553415298462,0,9,0,+++++++++,+x9
20260702,466,hold,17,-,0.9961242079734802,0,0,17,-----------------,-x17
20260702,467,hold,12,-,0.9999892711639404,0,0,12,------------,-x12
20260702,468,hold,6,+,0.5422486066818237,0,6,0,++++++,+x6
20260702,469,hold,6,-,0.9804428219795227,0,0,6,------,-x6
20260702,470,hold,13,-,0.9999511241912842,0,0,13,-------------,-x13
20260702,471,hold,9,+,0.8287076354026794,0,9,0,+++++++++,+x9
20260702,472,hold,15,-,0.9999902248382568,0,0,15,---------------,-x15
20260702,473,hold,16,-,0.9999884366989136,0,0,16,----------------,-x16
20260702,474,hold,6,-,0.5778212547302246,0,0,6,------,-x6
20260702,475,hold,7,+,0.8805752396583557,0,7,0,+++++++,+x7
20260702,476,hold,10,+,0.9746971130371094,0,10,0,++++++++++,+x10
20260702,477,hold,8,-,0.7337524890899658,0,0,8,--------,-x8
20260702,478,hold,9,+,0.789620041847229,0,9,0,+++++++++,+x9
20260702,479,hold,12,-,0.6334079504013062,0,0,12,------------,-x12
20260702,480,hold,9,+,0.9324594140052795,0,9,0,+++++++++,+x9
20260702,481,hold,8,+,0.8443212509155273,0,8,0,++++++++,+x8
20260702,482,hold,14,-,0.9999899864196777,0,0,14,--------------,-x14
20260702,483,hold,13,-,0.9836695194244385,0,0,13,-------------,-x13
20260702,484,hold,3,-,0.5907530188560486,0,0,3,---,-x3
20260702,485,hold,17,-,0.9999966621398926,0,0,17,-----------------,-x17
20260702,486,hold,8,+,0.8872005343437195,0,8,0,++++++++,+x8
20260702,487,hold,7,+,0.6561911106109619,0,7,0,+++++++,+x7
20260702,488,hold,2,-,0.8549215197563171,0,0,2,--,-x2
20260702,489,hold,8,-,0.9999576807022095,0,0,8,--------,-x8
20260702,490,hold,16,-,0.9973660111427307,0,0,16,----------------,-x16
20260702,491,hold,12,+,0.6241479516029358,0,12,0,++++++++++++,+x12
20260702,492,hold,12,-,0.9999921321868896,0,0,12,------------,-x12
20260702,493,hold,15,-,0.998571515083313,0,0,15,---------------,-x15
20260702,494,hold,8,-,0.9605070948600769,0,0,8,--------,-x8
20260702,495,hold,10,-,0.9930002689361572,0,0,10,----------,-x10
20260702,496,hold,19,-,0.9999996423721313,0,0,19,-------------------,-x19
20260702,497,hold,14,-,0.9997578263282776,0,0,14,--------------,-x14
20260702,498,hold,13,-,0.9999885559082031,0,0,13,-------------,-x13
20260702,499,hold,8,-,0.9949536919593811,0,0,8,--------,-x8
20260702,500,hold,16,-,0.9999998807907104,0,0,16,----------------,-x16
20260702,501,hold,4,+,0.9277216196060181,0,4,0,++++,+x4
20260702,502,hold,11,-,0.6005955338478088,0,0,11,-----------,-x11
20260702,503,hold,14,-,0.9999998807907104,0,0,14,--------------,-x14
20260702,504,hold,7,+,0.5861078500747681,0,7,0,+++++++,+x7
20260702,505,hold,12,-,0.9997748732566833,0,0,12,------------,-x12
20260702,506,hold,17,-,1.0,0,0,17,-----------------,-x17
20260702,507,hold,7,-,0.9999885559082031,0,0,7,-------,-x7
20260702,508,hold,15,-,0.9621014595031738,0,0,15,---------------,-x15
20260702,509,hold,19,-,0.9999984502792358,0,0,19,-------------------,-x19
20260702,510,hold,4,-,0.5792240500450134,0,0,4,----,-x4
20260702,511,hold,7,-,0.8318649530410767,0,0,7,-------,-x7
20260702,512,hold,15,-,0.9999998807907104,0,0,15,---------------,-x15
20260702,513,hold,9,-,0.999988317489624,0,0,9,---------,-x9
20260702,514,hold,13,-,0.9999998807907104,0,0,13,-------------,-x13
20260702,515,hold,16,+,0.9670434594154358,0,16,0,++++++++++++++++,+x16
20260702,516,hold,11,-,0.9895452857017517,0,0,11,-----------,-x11
20260702,517,hold,5,+,0.8790281414985657,0,5,0,+++++,+x5
20260702,518,hold,18,-,0.9999998807907104,0,0,18,------------------,-x18
20260702,519,hold,16,-,0.9999608993530273,0,0,16,----------------,-x16
20260702,520,hold,9,-,0.7355996966362,0,0,9,---------,-x9
20260702,521,hold,10,+,0.9909067153930664,0,10,0,++++++++++,+x10
20260702,522,hold,9,-,0.9861628413200378,0,0,9,---------,-x9
20260702,523,hold,9,-,0.6807523965835571,0,0,9,---------,-x9
20260702,524,hold,13,-,0.9994199275970459,0,0,13,-------------,-x13
20260702,525,hold,14,+,0.5779986381530762,0,14,0,++++++++++++++,+x14
20260702,526,hold,8,+,0.8998317718505859,0,8,0,++++++++,+x8
20260702,527,hold,22,+,0.9637829661369324,0,22,0,++++++++++++++++++++++,+x22
20260702,528,hold,7,-,0.9632105231285095,0,0,7,-------,-x7
20260702,529,hold,18,-,0.9903960227966309,0,0,18,------------------,-x18
20260702,530,hold,11,-,0.6275557279586792,0,0,11,-----------,-x11
20260702,531,hold,8,-,0.8328852653503418,0,0,8,--------,-x8
20260702,532,hold,17,-,1.0,0,0,17,-----------------,-x17
20260702,533,hold,9,-,0.9999996423721313,0,0,9,---------,-x9
20260702,534,hold,2,-,0.7485911846160889,0,0,2,--,-x2
20260702,535,hold,5,-,0.7360700964927673,0,0,5,-----,-x5
20260702,536,hold,7,+,0.6935576796531677,0,7,0,+++++++,+x7
20260702,537,hold,8,-,0.7258430123329163,0,0,8,--------,-x8
20260702,538,hold,13,-,0.9999998807907104,0,0,13,-------------,-x13
20260702,539,hold,10,-,0.7125783562660217,0,0,10,----------,-x10
20260702,540,hold,8,+,0.9414985179901123,0,8,0,++++++++,+x8
20260702,541,hold,9,+,0.5486803650856018,0,9,0,+++++++++,+x9
20260702,542,hold,8,+,0.6392644047737122,0,8,0,++++++++,+x8
20260702,543,hold,4,-,0.9552232027053833,0,0,4,----,-x4
20260702,544,hold,7,-,0.6895432472229004,0,0,7,-------,-x7
20260702,545,hold,6,+,0.8397669196128845,0,6,0,++++++,+x6
20260702,546,hold,6,+,0.7527019381523132,0,6,0,++++++,+x6
20260702,547,hold,16,-,0.9999843835830688,0,0,16,----------------,-x16
20260702,548,hold,20,-,1.0,0,0,20,--------------------,-x20
20260702,549,hold,12,+,0.9665707945823669,0,12,0,++++++++++++,+x12
20260702,550,hold,14,-,0.9999873638153076,0,0,14,--------------,-x14
20260702,551,hold,20,-,0.9999997615814209,0,0,20,--------------------,-x20
20260702,552,hold,16,-,0.9999686479568481,0,0,16,----------------,-x16
20260702,553,hold,15,-,0.9836086630821228,0,0,15,---------------,-x15
20260702,554,hold,15,-,0.9999997615814209,0,0,15,---------------,-x15
20260702,555,hold,5,+,0.7227119207382202,0,5,0,+++++,+x5
20260702,556,hold,1,-,0.8011589050292969,0,0,1,-,-x1
20260702,557,hold,11,-,0.9997040629386902,0,0,11,-----------,-x11
20260702,558,hold,7,+,0.5036331415176392,0,7,0,+++++++,+x7
20260702,559,hold,5,-,0.7370200753211975,0,0,5,-----,-x5
20260702,560,hold,7,-,0.9926822781562805,0,0,7,-------,-x7
20260702,561,hold,9,+,0.9371059536933899,0,9,0,+++++++++,+x9
20260702,562,hold,5,-,0.6070955395698547,0,0,5,-----,-x5
20260702,563,hold,7,+,0.889572262763977,0,7,0,+++++++,+x7
20260702,564,hold,20,-,0.5660567879676819,0,0,20,--------------------,-x20
20260702,565,hold,19,-,0.9999998807907104,0,0,19,-------------------,-x19
20260702,566,hold,6,-,0.7745319604873657,0,0,6,------,-x6
20260702,567,hold,15,-,0.9999911785125732,0,0,15,---------------,-x15
20260702,568,hold,10,+,0.8285393714904785,0,10,0,++++++++++,+x10
20260702,569,hold,8,+,0.8931730389595032,0,8,0,++++++++,+x8
20260702,570,hold,16,+,0.9869511127471924,0,16,0,++++++++++++++++,+x16
20260702,571,hold,8,+,0.5817382335662842,0,8,0,++++++++,+x8
20260702,572,hold,12,+,0.8664751648902893,0,12,0,++++++++++++,+x12
20260702,573,hold,8,-,0.8221745491027832,0,0,8,--------,-x8
20260702,574,hold,5,-,0.689802348613739,0,0,5,-----,-x5
20260702,575,hold,3,-,0.821177065372467,0,0,3,---,-x3
20260702,576,hold,6,-,0.6143721342086792,0,0,6,------,-x6
20260702,577,hold,18,-,0.9999953508377075,0,0,18,------------------,-x18
20260702,578,hold,9,+,0.9525964260101318,0,9,0,+++++++++,+x9
20260702,579,hold,3,-,0.7175658941268921,0,0,3,---,-x3
20260702,580,hold,7,+,0.6175267696380615,0,7,0,+++++++,+x7
20260702,581,hold,11,+,0.8315504789352417,0,11,0,+++++++++++,+x11
20260702,582,hold,17,-,0.9960364699363708,0,0,17,-----------------,-x17
20260702,583,hold,5,-,0.6490101218223572,0,0,5,-----,-x5
20260702,584,hold,9,-,0.8718060255050659,0,0,9,---------,-x9
20260702,585,hold,4,-,0.6932281255722046,0,0,4,----,-x4
20260702,586,hold,9,-,0.9999997615814209,0,0,9,---------,-x9
20260702,587,hold,19,-,1.0,0,0,19,-------------------,-x19
20260702,588,hold,10,-,0.9885516166687012,0,0,10,----------,-x10
20260702,589,hold,16,-,0.9999933242797852,0,0,16,----------------,-x16
20260702,590,hold,7,-,0.9033879041671753,0,0,7,-------,-x7
20260702,591,hold,5,-,0.920918881893158,0,0,5,-----,-x5
20260702,592,hold,15,-,0.9999994039535522,0,0,15,---------------,-x15
20260702,593,hold,11,-,0.9992879033088684,0,0,11,-----------,-x11
20260702,594,hold,7,+,0.8891781568527222,0,7,0,+++++++,+x7
20260702,595,hold,15,-,0.998111367225647,0,0,15,---------------,-x15
20260702,596,hold,12,-,0.7129983305931091,0,0,12,------------,-x12
20260702,597,hold,3,-,0.6296352744102478,0,0,3,---,-x3
20260702,598,hold,19,-,0.9999994039535522,0,0,19,-------------------,-x19
20260702,599,hold,10,-,0.9997922778129578,0,0,10,----------,-x10
20260702,600,hold,13,-,0.7340492010116577,0,0,13,-------------,-x13
20260702,601,hold,6,-,0.8339855074882507,0,0,6,------,-x6
20260702,602,hold,9,-,1.0,0,0,9,---------,-x9
20260702,603,hold,17,-,0.9999992847442627,0,0,17,-----------------,-x17
20260702,604,hold,14,-,1.0,0,0,14,--------------,-x14
20260702,605,hold,18,-,0.9999977350234985,0,0,18,------------------,-x18
20260702,606,hold,17,-,0.9694287180900574,0,0,17,-----------------,-x17
20260702,607,hold,7,-,0.9881910085678101,0,0,7,-------,-x7
20260702,608,hold,17,-,0.9999996423721313,0,0,17,-----------------,-x17
20260702,609,hold,4,-,0.7345337867736816,0,0,4,----,-x4
20260702,610,hold,6,+,0.7716525197029114,0,6,0,++++++,+x6
20260702,611,hold,11,-,0.9826052188873291,0,0,11,-----------,-x11
20260702,612,hold,14,-,0.9635875821113586,0,0,14,--------------,-x14
20260702,613,hold,18,-,0.9999998807907104,0,0,18,------------------,-x18
20260702,614,hold,18,-,0.9999948740005493,0,0,18,------------------,-x18
20260702,615,hold,22,-,1.0,0,0,22,----------------------,-x22
20260702,616,hold,19,-,1.0,0,0,19,-------------------,-x19
20260702,617,hold,20,-,0.9999996423721313,0,0,20,--------------------,-x20
20260702,618,hold,21,-,1.0,0,0,21,---------------------,-x21
20260702,619,hold,15,-,0.8890199065208435,0,0,15,---------------,-x15
20260702,620,hold,9,-,0.7621476054191589,0,0,9,---------,-x9
20260702,621,hold,11,-,0.99998939037323,0,0,11,-----------,-x11
20260702,622,hold,16,-,1.0,0,0,16,----------------,-x16
20260702,623,hold,10,+,0.8964123725891113,0,10,0,++++++++++,+x10
20260702,624,hold,20,-,0.9999996423721313,0,0,20,--------------------,-x20
20260702,625,hold,5,-,0.9275729656219482,0,0,5,-----,-x5
20260702,626,hold,2,-,0.6147524118423462,0,0,2,--,-x2
20260702,627,hold,18,-,0.9999977350234985,0,0,18,------------------,-x18
20260702,628,hold,9,+,0.5942063331604004,0,9,0,+++++++++,+x9
20260702,629,hold,22,-,0.5531917810440063,0,0,22,----------------------,-x22
20260702,630,hold,13,-,0.6450425386428833,0,0,13,-------------,-x13
20260702,631,hold,14,+,0.8977716565132141,0,14,0,++++++++++++++,+x14
20260702,632,hold,6,-,0.6088220477104187,0,0,6,------,-x6
20260702,633,hold,13,-,0.6063475012779236,0,0,13,-------------,-x13
20260702,634,hold,6,+,0.8046104907989502,0,6,0,++++++,+x6
20260702,635,hold,15,-,0.9999984502792358,0,0,15,---------------,-x15
20260702,636,hold,22,-,1.0,0,0,22,----------------------,-x22
20260702,637,hold,10,-,0.9999998807907104,0,0,10,----------,-x10
20260702,638,hold,8,+,0.8600682020187378,0,8,0,++++++++,+x8
20260702,639,hold,20,-,1.0,0,0,20,--------------------,-x20
20260702,640,hold,13,-,0.9999996423721313,0,0,13,-------------,-x13
20260702,641,hold,14,-,0.9999990463256836,0,0,14,--------------,-x14
20260702,642,hold,3,-,0.7644515633583069,0,0,3,---,-x3
20260702,643,hold,3,-,0.77475506067276,0,0,3,---,-x3
20260702,644,hold,6,-,0.5730717182159424,0,0,6,------,-x6
20260702,645,hold,6,-,0.8670567274093628,0,0,6,------,-x6
20260702,646,hold,8,-,0.7646071910858154,0,0,8,--------,-x8
20260702,647,hold,5,-,0.6131688356399536,0,0,5,-----,-x5
20260702,648,hold,4,-,0.9040994644165039,0,0,4,----,-x4
20260702,649,hold,22,-,1.0,0,0,22,----------------------,-x22
20260702,650,hold,17,-,0.9993762373924255,0,0,17,-----------------,-x17
20260702,651,hold,3,-,0.9991812109947205,0,0,3,---,-x3
20260702,652,hold,14,-,1.0,0,0,14,--------------,-x14
20260702,653,hold,6,+,0.6478813886642456,0,6,0,++++++,+x6
20260702,654,hold,17,-,0.9994944334030151,0,0,17,-----------------,-x17
20260702,655,hold,20,-,1.0,0,0,20,--------------------,-x20
20260702,656,hold,17,-,0.9999922513961792,0,0,17,-----------------,-x17
20260702,657,hold,6,-,0.7560952305793762,0,0,6,------,-x6
20260702,658,hold,20,-,0.9906668066978455,0,0,20,--------------------,-x20
20260702,659,hold,10,+,0.8977832198143005,0,10,0,++++++++++,+x10
20260702,660,hold,15,-,0.9999133348464966,0,0,15,---------------,-x15
20260702,661,hold,10,+,0.7702609300613403,0,10,0,++++++++++,+x10
20260702,662,hold,8,-,0.9894664883613586,0,0,8,--------,-x8
20260702,663,hold,17,-,0.9999914169311523,0,0,17,-----------------,-x17
20260702,664,hold,9,+,0.5885263681411743,0,9,0,+++++++++,+x9
20260702,665,hold,16,-,0.9999805688858032,0,0,16,----------------,-x16
20260702,666,hold,18,-,0.9978020787239075,0,0,18,------------------,-x18
20260702,667,hold,18,+,0.9984917640686035,0,18,0,++++++++++++++++++,+x18
20260702,668,hold,17,-,0.9999998807907104,0,0,17,-----------------,-x17
20260702,669,hold,14,-,1.0,0,0,14,--------------,-x14
20260702,670,hold,17,-,1.0,0,0,17,-----------------,-x17
20260702,671,hold,9,-,0.8085578083992004,0,0,9,---------,-x9
20260702,672,hold,20,-,1.0,0,0,20,--------------------,-x20
20260702,673,hold,18,-,0.9999850988388062,0,0,18,------------------,-x18
20260702,674,hold,2,-,0.593146800994873,0,0,2,--,-x2
20260702,675,hold,4,-,0.5317350029945374,0,0,4,----,-x4
20260702,676,hold,18,-,0.9999991655349731,0,0,18,------------------,-x18
20260702,677,hold,3,+,0.8922597765922546,0,3,0,+++,+x3
20260702,678,hold,13,-,0.9999998807907104,0,0,13,-------------,-x13
20260702,679,hold,9,-,0.9901139736175537,0,0,9,---------,-x9
20260702,680,hold,4,+,0.5198895931243896,0,4,0,++++,+x4
20260702,681,hold,12,+,0.9752808213233948,0,12,0,++++++++++++,+x12
20260702,682,hold,4,-,0.8767029643058777,0,0,4,----,-x4
20260702,683,hold,19,-,0.9999998807907104,0,0,19,-------------------,-x19
20260702,684,hold,10,+,0.9099894165992737,0,10,0,++++++++++,+x10
20260702,685,hold,10,-,0.9999991655349731,0,0,10,----------,-x10
20260702,686,hold,16,-,0.9999990463256836,0,0,16,----------------,-x16
20260702,687,hold,19,-,0.9826070666313171,0,0,19,-------------------,-x19
20260702,688,hold,15,-,1.0,0,0,15,---------------,-x15
20260702,689,hold,11,-,0.9998496770858765,0,0,11,-----------,-x11
20260702,690,hold,20,-,1.0,0,0,20,--------------------,-x20
20260702,691,hold,19,-,1.0,0,0,19,-------------------,-x19
20260702,692,hold,12,+,0.9205431938171387,0,12,0,++++++++++++,+x12
20260702,693,hold,20,-,0.9999986886978149,0,0,20,--------------------,-x20
20260702,694,hold,12,-,0.6793913245201111,0,0,12,------------,-x12
20260702,695,hold,13,+,0.5566840767860413,0,13,0,+++++++++++++,+x13
20260702,696,hold,9,-,0.9419435262680054,0,0,9,---------,-x9
20260702,697,hold,19,-,1.0,0,0,19,-------------------,-x19
20260702,698,hold,12,+,0.968077540397644,0,12,0,++++++++++++,+x12
20260702,699,hold,7,-,0.8737475275993347,0,0,7,-------,-x7
20260702,700,hold,20,-,1.0,0,0,20,--------------------,-x20
20260702,701,hold,9,+,0.5113590955734253,0,9,0,+++++++++,+x9
20260702,702,hold,16,-,0.9999998807907104,0,0,16,----------------,-x16
20260702,703,hold,18,-,0.9998847246170044,0,0,18,------------------,-x18
20260702,704,hold,9,+,0.8312393426895142,0,9,0,+++++++++,+x9
20260702,705,hold,19,-,0.9999971389770508,0,0,19,-------------------,-x19
20260702,706,hold,7,-,0.79672771692276,0,0,7,-------,-x7
20260702,707,hold,17,-,1.0,0,0,17,-----------------,-x17
20260702,708,hold,18,-,0.8460474610328674,0,0,18,------------------,-x18
20260702,709,hold,2,-,0.952273428440094,0,0,2,--,-x2
20260702,710,hold,19,-,1.0,0,0,19,-------------------,-x19
20260702,711,hold,19,-,1.0,0,0,19,-------------------,-x19
20260702,712,hold,13,-,0.9999886751174927,0,0,13,-------------,-x13
20260702,713,hold,14,-,1.0,0,0,14,--------------,-x14
20260702,714,hold,18,-,0.9998832941055298,0,0,18,------------------,-x18
20260702,715,hold,11,-,0.9999407529830933,0,0,11,-----------,-x11
20260702,716,hold,2,+,0.5191496014595032,0,2,0,++,+x2
20260702,717,hold,14,-,0.9999998807907104,0,0,14,--------------,-x14
20260702,718,hold,3,-,0.8982365727424622,0,0,3,---,-x3
20260702,719,hold,15,+,0.9852855801582336,0,15,0,+++++++++++++++,+x15
20260702,720,hold,11,+,0.6487718224525452,0,11,0,+++++++++++,+x11
20260719,721,hold,16,+,0.9810891151428223,0,16,0,++++++++++++++++,+x16
20260719,722,hold,21,+,0.9946236610412598,0,21,0,+++++++++++++++++++++,+x21
20260719,723,hold,10,-,0.9979129433631897,0,0,10,----------,-x10
20260719,724,hold,16,-,0.886807918548584,0,0,16,----------------,-x16
20260719,725,hold,13,+,0.9961833357810974,0,13,0,+++++++++++++,+x13
20260719,726,hold,9,-,0.9645468592643738,0,0,9,---------,-x9
20260719,727,hold,5,+,0.8942489624023438,0,5,0,+++++,+x5
20260719,728,hold,3,+,0.9201613068580627,0,3,0,+++,+x3
20260719,729,hold,22,+,0.9951379895210266,0,22,0,++++++++++++++++++++++,+x22
20260719,730,hold,7,-,0.9883301258087158,0,0,7,-------,-x7
20260719,731,hold,17,+,0.9609119892120361,0,17,0,+++++++++++++++++,+x17
20260719,732,hold,10,-,0.999315619468689,0,0,10,----------,-x10
20260719,733,hold,5,+,0.9609330296516418,0,5,0,+++++,+x5
20260719,734,hold,24,+,0.992159366607666,0,24,0,++++++++++++++++++++++++,+x24
20260719,735,hold,15,+,0.9927083849906921,0,15,0,+++++++++++++++,+x15
20260719,736,hold,5,+,0.5007191300392151,0,5,0,+++++,+x5
20260719,737,hold,14,-,0.9874172210693359,0,0,14,--------------,-x14
20260719,738,hold,16,+,0.9870747327804565,0,16,0,++++++++++++++++,+x16
20260719,739,hold,5,-,0.6298460364341736,0,0,5,-----,-x5
20260719,740,hold,10,-,0.9903348088264465,0,0,10,----------,-x10
20260719,741,hold,12,+,0.9562749266624451,0,12,0,++++++++++++,+x12
20260719,742,hold,20,+,0.9813118577003479,0,20,0,++++++++++++++++++++,+x20
20260719,743,hold,6,+,0.9588411450386047,0,6,0,++++++,+x6
20260719,744,hold,7,-,0.7454018592834473,0,0,7,-------,-x7
20260719,745,hold,27,+,0.9930334091186523,0,27,0,+++++++++++++++++++++++++++,+x27
20260719,746,hold,22,+,0.992633044719696,0,22,0,++++++++++++++++++++++,+x22
20260719,747,hold,29,+,0.9872416257858276,0,29,0,+++++++++++++++++++++++++++++,+x29
20260719,748,hold,14,-,0.9896866679191589,0,0,14,--------------,-x14
20260719,749,hold,15,-,0.7962965369224548,0,0,15,---------------,-x15
20260719,750,hold,5,+,0.8942214250564575,0,5,0,+++++,+x5
20260719,751,hold,26,+,0.960891842842102,0,26,0,++++++++++++++++++++++++++,+x26
20260719,752,hold,9,+,0.7813093662261963,0,9,0,+++++++++,+x9
20260719,753,hold,8,-,0.8447176218032837,0,0,8,--------,-x8
20260719,754,hold,7,+,0.9574500918388367,0,7,0,+++++++,+x7
20260719,755,hold,23,+,0.9700100421905518,0,23,0,+++++++++++++++++++++++,+x23
20260719,756,hold,5,-,0.8412537574768066,0,0,5,-----,-x5
20260719,757,hold,9,-,0.9594812989234924,0,0,9,---------,-x9
20260719,758,hold,7,-,0.8270555734634399,0,0,7,-------,-x7
20260719,759,hold,12,+,0.8559728860855103,0,12,0,++++++++++++,+x12
20260719,760,hold,4,-,0.9797900915145874,0,0,4,----,-x4
20260719,761,hold,11,-,0.9355000257492065,0,0,11,-----------,-x11
20260719,762,hold,11,-,0.9772198796272278,0,0,11,-----------,-x11
20260719,763,hold,10,-,0.9805677533149719,0,0,10,----------,-x10
20260719,764,hold,26,+,0.5472811460494995,0,26,0,++++++++++++++++++++++++++,+x26
20260719,765,hold,24,+,0.9842958450317383,0,24,0,++++++++++++++++++++++++,+x24
20260719,766,hold,28,+,0.9909606575965881,0,28,0,++++++++++++++++++++++++++++,+x28
20260719,767,hold,5,+,0.9475824236869812,0,5,0,+++++,+x5
20260719,768,hold,22,+,0.9978208541870117,0,22,0,++++++++++++++++++++++,+x22
20260719,769,hold,14,+,0.9983633160591125,0,14,0,++++++++++++++,+x14
20260719,770,hold,12,+,0.5930498838424683,0,12,0,++++++++++++,+x12
20260719,771,hold,26,+,0.9938441514968872,0,26,0,++++++++++++++++++++++++++,+x26
20260719,772,hold,20,+,0.9804706573486328,0,20,0,++++++++++++++++++++,+x20
20260719,773,hold,21,+,0.990103006362915,0,21,0,+++++++++++++++++++++,+x21
20260719,774,hold,13,+,0.9331326484680176,0,13,0,+++++++++++++,+x13
20260719,775,hold,7,-,0.6697657108306885,0,0,7,-------,-x7
20260719,776,hold,23,+,0.9968330264091492,0,23,0,+++++++++++++++++++++++,+x23
20260719,777,hold,23,+,0.9916931986808777,0,23,0,+++++++++++++++++++++++,+x23
20260719,778,hold,16,-,0.7249506711959839,0,0,16,----------------,-x16
20260719,779,hold,16,+,0.9967378973960876,0,16,0,++++++++++++++++,+x16
20260719,780,hold,16,+,0.9946824908256531,0,16,0,++++++++++++++++,+x16
20260719,781,hold,8,+,0.9458423852920532,0,8,0,++++++++,+x8
20260719,782,hold,6,+,0.913754403591156,0,6,0,++++++,+x6
20260719,783,hold,9,-,0.9973347187042236,0,0,9,---------,-x9
20260719,784,hold,25,+,0.9689825773239136,0,25,0,+++++++++++++++++++++++++,+x25
20260719,785,hold,6,-,0.8724138140678406,0,0,6,------,-x6
20260719,786,hold,12,-,0.7709603309631348,0,0,12,------------,-x12
20260719,787,hold,22,+,0.998331606388092,0,22,0,++++++++++++++++++++++,+x22
20260719,788,hold,8,+,0.8590511679649353,0,8,0,++++++++,+x8
20260719,789,hold,8,-,0.7867722511291504,0,0,8,--------,-x8
20260719,790,hold,16,+,0.9937764406204224,0,16,0,++++++++++++++++,+x16
20260719,791,hold,25,+,0.9931862354278564,0,25,0,+++++++++++++++++++++++++,+x25
20260719,792,hold,9,+,0.8469705581665039,0,9,0,+++++++++,+x9
20260719,793,hold,10,-,0.943771481513977,0,0,10,----------,-x10
20260719,794,hold,24,+,0.9428687691688538,0,24,0,++++++++++++++++++++++++,+x24
20260719,795,hold,9,+,0.8225455284118652,0,9,0,+++++++++,+x9
20260719,796,hold,16,+,0.6511492133140564,0,16,0,++++++++++++++++,+x16
20260719,797,hold,1,+,0.8509654998779297,0,1,0,+,+x1
20260719,798,hold,7,-,0.9822959303855896,0,0,7,-------,-x7
20260719,799,hold,8,+,0.5723052024841309,0,8,0,++++++++,+x8
20260719,800,hold,10,-,0.9708515405654907,0,0,10,----------,-x10
20260719,801,hold,5,-,0.7790669202804565,0,0,5,-----,-x5
20260719,802,hold,15,-,0.9875403046607971,0,0,15,---------------,-x15
20260719,803,hold,14,-,0.9664740562438965,0,0,14,--------------,-x14
20260719,804,hold,4,-,0.5462517142295837,0,0,4,----,-x4
20260719,805,hold,14,+,0.9977885484695435,0,14,0,++++++++++++++,+x14
20260719,806,hold,26,+,0.9919346570968628,0,26,0,++++++++++++++++++++++++++,+x26
20260719,807,hold,12,+,0.9975835084915161,0,12,0,++++++++++++,+x12
20260719,808,hold,9,-,0.9447282552719116,0,0,9,---------,-x9
20260719,809,hold,34,+,0.9742801785469055,0,34,0,++++++++++++++++++++++++++++++++++,+x34
20260719,810,hold,5,+,0.7127020359039307,0,5,0,+++++,+x5
20260719,811,hold,10,-,0.9536303281784058,0,0,10,----------,-x10
20260719,812,hold,8,-,0.520083487033844,0,0,8,--------,-x8
20260719,813,hold,23,+,0.8732693791389465,0,23,0,+++++++++++++++++++++++,+x23
20260719,814,hold,2,+,0.9512346386909485,0,2,0,++,+x2
20260719,815,hold,9,-,0.9116898775100708,0,0,9,---------,-x9
20260719,816,hold,11,+,0.9981995820999146,0,11,0,+++++++++++,+x11
20260719,817,hold,2,-,0.9813678860664368,0,0,2,--,-x2
20260719,818,hold,43,+,0.9240214824676514,0,43,0,+++++++++++++++++++++++++++++++++++++++++++,+x43
20260719,819,hold,13,+,0.7252122759819031,0,13,0,+++++++++++++,+x13
20260719,820,hold,12,+,0.6471907496452332,0,12,0,++++++++++++,+x12
20260719,821,hold,12,+,0.986984133720398,0,12,0,++++++++++++,+x12
20260719,822,hold,13,-,0.6979905366897583,0,0,13,-------------,-x13
20260719,823,hold,6,-,0.8588172197341919,0,0,6,------,-x6
20260719,824,hold,10,-,0.9978716373443604,0,0,10,----------,-x10
20260719,825,hold,11,+,0.7761406302452087,0,11,0,+++++++++++,+x11
20260719,826,hold,24,+,0.9907246232032776,0,24,0,++++++++++++++++++++++++,+x24
20260719,827,hold,11,+,0.8964874744415283,0,11,0,+++++++++++,+x11
20260719,828,hold,25,+,0.9920898675918579,0,25,0,+++++++++++++++++++++++++,+x25
20260719,829,hold,25,+,0.9879041314125061,0,25,0,+++++++++++++++++++++++++,+x25
20260719,830,hold,10,-,0.9462449550628662,0,0,10,----------,-x10
20260719,831,hold,13,+,0.9846792817115784,0,13,0,+++++++++++++,+x13
20260719,832,hold,22,+,0.9975550770759583,0,22,0,++++++++++++++++++++++,+x22
20260719,833,hold,14,+,0.997028648853302,0,14,0,++++++++++++++,+x14
20260719,834,hold,11,+,0.9014462232589722,0,11,0,+++++++++++,+x11
20260719,835,hold,5,+,0.9256621599197388,0,5,0,+++++,+x5
20260719,836,hold,25,+,0.9712775945663452,0,25,0,+++++++++++++++++++++++++,+x25
20260719,837,hold,4,-,0.8751386404037476,0,0,4,----,-x4
20260719,838,hold,5,+,0.6219512820243835,0,5,0,+++++,+x5
20260719,839,hold,8,+,0.8615282773971558,0,8,0,++++++++,+x8
20260719,840,hold,4,+,0.6964627504348755,0,4,0,++++,+x4
20260719,841,hold,8,+,0.6167036890983582,0,8,0,++++++++,+x8
20260719,842,hold,12,-,0.9897183179855347,0,0,12,------------,-x12
20260719,843,hold,15,-,0.9291291236877441,0,0,15,---------------,-x15
20260719,844,hold,13,-,0.9888508915901184,0,0,13,-------------,-x13
20260719,845,hold,8,+,0.7415936589241028,0,8,0,++++++++,+x8
20260719,846,hold,7,-,0.7354291081428528,0,0,7,-------,-x7
20260719,847,hold,9,-,0.964809775352478,0,0,9,---------,-x9
20260719,848,hold,23,+,0.9975016713142395,0,23,0,+++++++++++++++++++++++,+x23
20260719,849,hold,15,-,0.9996034502983093,0,0,15,---------------,-x15
20260719,850,hold,20,+,0.9961875081062317,0,20,0,++++++++++++++++++++,+x20
20260719,851,hold,3,+,0.8880976438522339,0,3,0,+++,+x3
20260719,852,hold,5,+,0.9485759139060974,0,5,0,+++++,+x5
20260719,853,hold,25,+,0.9975827932357788,0,25,0,+++++++++++++++++++++++++,+x25
20260719,854,hold,13,+,0.9909658432006836,0,13,0,+++++++++++++,+x13
20260719,855,hold,10,+,0.962383508682251,0,10,0,++++++++++,+x10
20260719,856,hold,11,+,0.977400004863739,0,11,0,+++++++++++,+x11
20260719,857,hold,8,+,0.9876662492752075,0,8,0,++++++++,+x8
20260719,858,hold,4,+,0.9353629350662231,0,4,0,++++,+x4
20260719,859,hold,12,-,0.9828884601593018,0,0,12,------------,-x12
20260719,860,hold,3,+,0.5029892325401306,0,3,0,+++,+x3
20260719,861,hold,10,+,0.7311893105506897,0,10,0,++++++++++,+x10
20260719,862,hold,24,+,0.9920440912246704,0,24,0,++++++++++++++++++++++++,+x24
20260719,863,hold,12,+,0.6705397367477417,0,12,0,++++++++++++,+x12
20260719,864,hold,21,+,0.9986888766288757,0,21,0,+++++++++++++++++++++,+x21
20260719,865,hold,11,+,0.9977339506149292,0,11,0,+++++++++++,+x11
20260719,866,hold,13,+,0.8895522952079773,0,13,0,+++++++++++++,+x13
20260719,867,hold,20,+,0.9963169097900391,0,20,0,++++++++++++++++++++,+x20
20260719,868,hold,11,-,0.6043305993080139,0,0,11,-----------,-x11
20260719,869,hold,18,+,0.9898397922515869,0,18,0,++++++++++++++++++,+x18
20260719,870,hold,8,+,0.939448356628418,0,8,0,++++++++,+x8
20260719,871,hold,10,+,0.8371278047561646,0,10,0,++++++++++,+x10
20260719,872,hold,5,+,0.9334045052528381,0,5,0,+++++,+x5
20260719,873,hold,4,-,0.9078919887542725,0,0,4,----,-x4
20260719,874,hold,12,+,0.9994474053382874,0,12,0,++++++++++++,+x12
20260719,875,hold,4,+,0.9604593515396118,0,4,0,++++,+x4
20260719,876,hold,7,+,0.9869602918624878,0,7,0,+++++++,+x7
20260719,877,hold,11,+,0.7310402393341064,0,11,0,+++++++++++,+x11
20260719,878,hold,15,+,0.9944272041320801,0,15,0,+++++++++++++++,+x15
20260719,879,hold,4,+,0.9294474720954895,0,4,0,++++,+x4
20260719,880,hold,21,+,0.997260332107544,0,21,0,+++++++++++++++++++++,+x21
20260719,881,hold,22,+,0.9974363446235657,0,22,0,++++++++++++++++++++++,+x22
20260719,882,hold,9,+,0.7207369208335876,0,9,0,+++++++++,+x9
20260719,883,hold,11,-,0.8569568395614624,0,0,11,-----------,-x11
20260719,884,hold,11,-,0.9943845272064209,0,0,11,-----------,-x11
20260719,885,hold,13,+,0.9963900446891785,0,13,0,+++++++++++++,+x13
20260719,886,hold,5,+,0.7152419686317444,0,5,0,+++++,+x5
20260719,887,hold,7,+,0.7284892797470093,0,7,0,+++++++,+x7
20260719,888,hold,34,+,0.9957802295684814,0,34,0,++++++++++++++++++++++++++++++++++,+x34
20260719,889,hold,10,-,0.9698286056518555,0,0,10,----------,-x10
20260719,890,hold,16,+,0.9991293549537659,0,16,0,++++++++++++++++,+x16
20260719,891,hold,17,+,0.9976352453231812,0,17,0,+++++++++++++++++,+x17
20260719,892,hold,7,+,0.9972238540649414,0,7,0,+++++++,+x7
20260719,893,hold,9,+,0.6166179776191711,0,9,0,+++++++++,+x9
20260719,894,hold,8,+,0.6717805862426758,0,8,0,++++++++,+x8
20260719,895,hold,13,+,0.9901513457298279,0,13,0,+++++++++++++,+x13
20260719,896,hold,19,+,0.9975685477256775,0,19,0,+++++++++++++++++++,+x19
20260719,897,hold,13,+,0.9967787861824036,0,13,0,+++++++++++++,+x13
20260719,898,hold,22,+,0.942673921585083,0,22,0,++++++++++++++++++++++,+x22
20260719,899,hold,8,+,0.9283625483512878,0,8,0,++++++++,+x8
20260719,900,hold,24,+,0.9981064796447754,0,24,0,++++++++++++++++++++++++,+x24
20260719,901,hold,5,-,0.704613208770752,0,0,5,-----,-x5
20260719,902,hold,4,+,0.8647361993789673,0,4,0,++++,+x4
20260719,903,hold,11,-,0.9822355508804321,0,0,11,-----------,-x11
20260719,904,hold,9,-,0.9227766394615173,0,0,9,---------,-x9
20260719,905,hold,13,+,0.8481535315513611,0,13,0,+++++++++++++,+x13
20260719,906,hold,12,-,0.5518258810043335,0,0,12,------------,-x12
20260719,907,hold,12,+,0.9993909597396851,0,12,0,++++++++++++,+x12
20260719,908,hold,20,+,0.9994055032730103,0,20,0,++++++++++++++++++++,+x20
20260719,909,hold,23,+,0.9952014684677124,0,23,0,+++++++++++++++++++++++,+x23
20260719,910,hold,24,+,0.9902792572975159,0,24,0,++++++++++++++++++++++++,+x24
20260719,911,hold,8,-,0.9884940981864929,0,0,8,--------,-x8
20260719,912,hold,13,+,0.9945847392082214,0,13,0,+++++++++++++,+x13
20260719,913,hold,19,+,0.9900819659233093,0,19,0,+++++++++++++++++++,+x19
20260719,914,hold,22,+,0.9971842169761658,0,22,0,++++++++++++++++++++++,+x22
20260719,915,hold,10,-,0.9975000023841858,0,0,10,----------,-x10
20260719,916,hold,28,+,0.9972418546676636,0,28,0,++++++++++++++++++++++++++++,+x28
20260719,917,hold,6,-,0.9993727803230286,0,0,6,------,-x6
20260719,918,hold,11,+,0.9959406852722168,0,11,0,+++++++++++,+x11
20260719,919,hold,30,+,0.9908310174942017,0,30,0,++++++++++++++++++++++++++++++,+x30
20260719,920,hold,20,+,0.9467092752456665,0,20,0,++++++++++++++++++++,+x20
20260719,921,hold,17,+,0.997844934463501,0,17,0,+++++++++++++++++,+x17
20260719,922,hold,22,+,0.7664471864700317,0,22,0,++++++++++++++++++++++,+x22
20260719,923,hold,6,+,0.9563218951225281,0,6,0,++++++,+x6
20260719,924,hold,25,+,0.9959887862205505,0,25,0,+++++++++++++++++++++++++,+x25
20260719,925,hold,11,+,0.9326761960983276,0,11,0,+++++++++++,+x11
20260719,926,hold,9,+,0.5394867658615112,0,9,0,+++++++++,+x9
20260719,927,hold,13,+,0.7763605117797852,0,13,0,+++++++++++++,+x13
20260719,928,hold,27,+,0.9939980506896973,0,27,0,+++++++++++++++++++++++++++,+x27
20260719,929,hold,24,+,0.9978919625282288,0,24,0,++++++++++++++++++++++++,+x24
20260719,930,hold,24,+,0.9984095692634583,0,24,0,++++++++++++++++++++++++,+x24
20260719,931,hold,22,+,0.995398223400116,0,22,0,++++++++++++++++++++++,+x22
20260719,932,hold,2,+,0.7997955083847046,0,2,0,++,+x2
20260719,933,hold,15,+,0.9980012774467468,0,15,0,+++++++++++++++,+x15
20260719,934,hold,16,+,0.9972220659255981,0,16,0,++++++++++++++++,+x16
20260719,935,hold,7,+,0.9713703989982605,0,7,0,+++++++,+x7
20260719,936,hold,13,+,0.9986950755119324,0,13,0,+++++++++++++,+x13
20260719,937,hold,26,+,0.9930123686790466,0,26,0,++++++++++++++++++++++++++,+x26
20260719,938,hold,33,+,0.9922642707824707,0,33,0,+++++++++++++++++++++++++++++++++,+x33
20260719,939,hold,4,+,0.8806854486465454,0,4,0,++++,+x4
20260719,940,hold,8,+,0.5113018155097961,0,8,0,++++++++,+x8
20260719,941,hold,8,+,0.7306051254272461,0,8,0,++++++++,+x8
20260719,942,hold,4,+,0.9571141600608826,0,4,0,++++,+x4
20260719,943,hold,16,+,0.6815139651298523,0,16,0,++++++++++++++++,+x16
20260719,944,hold,22,+,0.9981504082679749,0,22,0,++++++++++++++++++++++,+x22
20260719,945,hold,27,+,0.9955999851226807,0,27,0,+++++++++++++++++++++++++++,+x27
20260719,946,hold,24,+,0.9992081522941589,0,24,0,++++++++++++++++++++++++,+x24
20260719,947,hold,24,+,0.776328444480896,0,24,0,++++++++++++++++++++++++,+x24
20260719,948,hold,2,+,0.6757310032844543,0,2,0,++,+x2
20260719,949,hold,13,+,0.7995383739471436,0,13,0,+++++++++++++,+x13
20260719,950,hold,23,+,0.9670525193214417,0,23,0,+++++++++++++++++++++++,+x23
20260719,951,hold,7,+,0.9055958986282349,0,7,0,+++++++,+x7
20260719,952,hold,1,+,0.9171982407569885,0,1,0,+,+x1
20260719,953,hold,14,+,0.9978055357933044,0,14,0,++++++++++++++,+x14
20260719,954,hold,20,+,0.9983939528465271,0,20,0,++++++++++++++++++++,+x20
20260719,955,hold,16,+,0.9962395429611206,0,16,0,++++++++++++++++,+x16
20260719,956,hold,26,+,0.9988951086997986,0,26,0,++++++++++++++++++++++++++,+x26
20260719,957,hold,24,+,0.5518264770507812,0,24,0,++++++++++++++++++++++++,+x24
20260719,958,hold,5,+,0.9886491298675537,0,5,0,+++++,+x5
20260719,959,hold,23,+,0.9761121273040771,0,23,0,+++++++++++++++++++++++,+x23
20260719,960,hold,6,-,0.9519391655921936,0,0,6,------,-x6
20260719,961,hold,17,+,0.992311418056488,0,17,0,+++++++++++++++++,+x17
20260719,962,hold,6,+,0.9146767258644104,0,6,0,++++++,+x6
20260719,963,hold,7,-,0.9415224194526672,0,0,7,-------,-x7
20260719,964,hold,6,+,0.9872817397117615,0,6,0,++++++,+x6
20260719,965,hold,25,+,0.9980252981185913,0,25,0,+++++++++++++++++++++++++,+x25
20260719,966,hold,11,-,0.9220559597015381,0,0,11,-----------,-x11
20260719,967,hold,7,+,0.8512243032455444,0,7,0,+++++++,+x7
20260719,968,hold,2,+,0.996694803237915,0,2,0,++,+x2
20260719,969,hold,9,-,0.9939325451850891,0,0,9,---------,-x9
20260719,970,hold,5,-,0.9903067350387573,0,0,5,-----,-x5
20260719,971,hold,14,+,0.9991029500961304,0,14,0,++++++++++++++,+x14
20260719,972,hold,5,-,0.937240481376648,0,0,5,-----,-x5
20260719,973,hold,6,-,0.6613388061523438,0,0,6,------,-x6
20260719,974,hold,17,+,0.9974372386932373,0,17,0,+++++++++++++++++,+x17
20260719,975,hold,7,-,0.9952811598777771,0,0,7,-------,-x7
20260719,976,hold,9,+,0.9490714073181152,0,9,0,+++++++++,+x9
20260719,977,hold,5,+,0.9878063797950745,0,5,0,+++++,+x5
20260719,978,hold,10,-,0.9993281364440918,0,0,10,----------,-x10
20260719,979,hold,14,-,0.987721860408783,0,0,14,--------------,-x14
20260719,980,hold,2,+,0.9703608155250549,0,2,0,++,+x2
20260719,981,hold,12,+,0.9996808767318726,0,12,0,++++++++++++,+x12
20260719,982,hold,7,+,0.974872350692749,0,7,0,+++++++,+x7
20260719,983,hold,4,-,0.9466512203216553,0,0,4,----,-x4
20260719,984,hold,28,+,0.9719154238700867,0,28,0,++++++++++++++++++++++++++++,+x28
20260719,985,hold,5,-,0.8890174627304077,0,0,5,-----,-x5
20260719,986,hold,23,+,0.9967709183692932,0,23,0,+++++++++++++++++++++++,+x23
20260719,987,hold,24,+,0.9987099170684814,0,24,0,++++++++++++++++++++++++,+x24
20260719,988,hold,17,+,0.6886386275291443,0,17,0,+++++++++++++++++,+x17
20260719,989,hold,20,+,0.9980123043060303,0,20,0,++++++++++++++++++++,+x20
20260719,990,hold,10,+,0.9928760528564453,0,10,0,++++++++++,+x10
20260719,991,hold,13,+,0.9997155070304871,0,13,0,+++++++++++++,+x13
20260719,992,hold,6,+,0.951233446598053,0,6,0,++++++,+x6
20260719,993,hold,13,+,0.9766808152198792,0,13,0,+++++++++++++,+x13
20260719,994,hold,6,+,0.9805363416671753,0,6,0,++++++,+x6
20260719,995,hold,16,+,0.7093011736869812,0,16,0,++++++++++++++++,+x16
20260719,996,hold,7,-,0.6669474244117737,0,0,7,-------,-x7
20260719,997,hold,7,-,0.9933818578720093,0,0,7,-------,-x7
20260719,998,hold,22,+,0.9989351630210876,0,22,0,++++++++++++++++++++++,+x22
20260719,999,hold,22,+,0.9992989301681519,0,22,0,++++++++++++++++++++++,+x22
20260719,1000,hold,12,-,0.9593200087547302,0,0,12,------------,-x12
20260719,1001,hold,25,+,0.9983308911323547,0,25,0,+++++++++++++++++++++++++,+x25
20260719,1002,hold,24,+,0.9988527297973633,0,24,0,++++++++++++++++++++++++,+x24
20260719,1003,hold,6,-,0.9107747673988342,0,0,6,------,-x6
20260719,1004,hold,10,-,0.9918234944343567,0,0,10,----------,-x10
20260719,1005,hold,10,+,0.5830075144767761,0,10,0,++++++++++,+x10
20260719,1006,hold,23,+,0.989266037940979,0,23,0,+++++++++++++++++++++++,+x23
20260719,1007,hold,18,+,0.5311993956565857,0,18,0,++++++++++++++++++,+x18
20260719,1008,hold,13,+,0.9972317814826965,0,13,0,+++++++++++++,+x13
20260719,1009,hold,9,-,0.6063395738601685,0,0,9,---------,-x9
20260719,1010,hold,7,+,0.8927221298217773,0,7,0,+++++++,+x7
20260719,1011,hold,13,+,0.7868150472640991,0,13,0,+++++++++++++,+x13
20260719,1012,hold,10,-,0.6688385605812073,0,0,10,----------,-x10
20260719,1013,hold,11,+,0.9995760321617126,0,11,0,+++++++++++,+x11
20260719,1014,hold,4,+,0.8849629163742065,0,4,0,++++,+x4
20260719,1015,hold,15,+,0.9926530122756958,0,15,0,+++++++++++++++,+x15
20260719,1016,hold,26,+,0.9981943964958191,0,26,0,++++++++++++++++++++++++++,+x26
20260719,1017,hold,21,+,0.9993693232536316,0,21,0,+++++++++++++++++++++,+x21
20260719,1018,hold,7,+,0.9072837829589844,0,7,0,+++++++,+x7
20260719,1019,hold,21,+,0.9901310205459595,0,21,0,+++++++++++++++++++++,+x21
20260719,1020,hold,27,+,0.9951469302177429,0,27,0,+++++++++++++++++++++++++++,+x27
20260719,1021,hold,21,+,0.9997238516807556,0,21,0,+++++++++++++++++++++,+x21
20260719,1022,hold,7,-,0.672035276889801,0,0,7,-------,-x7
20260719,1023,hold,6,+,0.9975897073745728,0,6,0,++++++,+x6
20260719,1024,hold,10,-,0.9844610095024109,0,0,10,----------,-x10
20260719,1025,hold,12,+,0.862305223941803,0,12,0,++++++++++++,+x12
20260719,1026,hold,10,-,0.9833658337593079,0,0,10,----------,-x10
20260719,1027,hold,11,-,0.9819015860557556,0,0,11,-----------,-x11
20260719,1028,hold,1,+,0.973895251750946,0,1,0,+,+x1
20260719,1029,hold,11,+,0.9039663672447205,0,11,0,+++++++++++,+x11
20260719,1030,hold,4,+,0.9847212433815002,0,4,0,++++,+x4
20260719,1031,hold,21,+,0.9671335816383362,0,21,0,+++++++++++++++++++++,+x21
20260719,1032,hold,6,+,0.9834389090538025,0,6,0,++++++,+x6
20260719,1033,hold,4,+,0.9614017605781555,0,4,0,++++,+x4
20260719,1034,hold,13,+,0.9983763694763184,0,13,0,+++++++++++++,+x13
20260719,1035,hold,8,+,0.9944438338279724,0,8,0,++++++++,+x8
20260719,1036,hold,10,+,0.9993621706962585,0,10,0,++++++++++,+x10
20260719,1037,hold,14,+,0.9984056353569031,0,14,0,++++++++++++++,+x14
20260719,1038,hold,22,+,0.9997143149375916,0,22,0,++++++++++++++++++++++,+x22
20260719,1039,hold,28,+,0.9966776371002197,0,28,0,++++++++++++++++++++++++++++,+x28
20260719,1040,hold,6,-,0.9938504695892334,0,0,6,------,-x6
20260719,1041,hold,15,+,0.9976469874382019,0,15,0,+++++++++++++++,+x15
20260719,1042,hold,26,+,0.9964085221290588,0,26,0,++++++++++++++++++++++++++,+x26
20260719,1043,hold,12,+,0.9962976574897766,0,12,0,++++++++++++,+x12
20260719,1044,hold,10,+,0.9540078043937683,0,10,0,++++++++++,+x10
20260719,1045,hold,8,+,0.5675789713859558,0,8,0,++++++++,+x8
20260719,1046,hold,1,+,0.9783953428268433,0,1,0,+,+x1
20260719,1047,hold,6,-,0.9994309544563293,0,0,6,------,-x6
20260719,1048,hold,25,+,0.9932464361190796,0,25,0,+++++++++++++++++++++++++,+x25
20260719,1049,hold,12,-,0.7471036911010742,0,0,12,------------,-x12
20260719,1050,hold,12,-,0.9750383496284485,0,0,12,------------,-x12
20260719,1051,hold,22,+,0.9966310858726501,0,22,0,++++++++++++++++++++++,+x22
20260719,1052,hold,6,-,0.542332112789154,0,0,6,------,-x6
20260719,1053,hold,9,-,0.9988942742347717,0,0,9,---------,-x9
20260719,1054,hold,24,+,0.9986469149589539,0,24,0,++++++++++++++++++++++++,+x24
20260719,1055,hold,6,+,0.9258726239204407,0,6,0,++++++,+x6
20260719,1056,hold,21,+,0.978035569190979,0,21,0,+++++++++++++++++++++,+x21
20260719,1057,hold,6,+,0.9358248114585876,0,6,0,++++++,+x6
20260719,1058,hold,6,-,0.8598259091377258,0,0,6,------,-x6
20260719,1059,hold,2,+,0.945307195186615,0,2,0,++,+x2
20260719,1060,hold,12,-,0.961717426776886,0,0,12,------------,-x12
20260719,1061,hold,23,+,0.9988099336624146,0,23,0,+++++++++++++++++++++++,+x23
20260719,1062,hold,8,+,0.8825781345367432,0,8,0,++++++++,+x8
20260719,1063,hold,19,+,0.9993953704833984,0,19,0,+++++++++++++++++++,+x19
20260719,1064,hold,10,-,0.9971240162849426,0,0,10,----------,-x10
20260719,1065,hold,32,+,0.9974420070648193,0,32,0,++++++++++++++++++++++++++++++++,+x32
20260719,1066,hold,5,-,0.8784036040306091,0,0,5,-----,-x5
20260719,1067,hold,24,+,0.9988536834716797,0,24,0,++++++++++++++++++++++++,+x24
20260719,1068,hold,3,-,0.9871664643287659,0,0,3,---,-x3
20260719,1069,hold,15,-,0.9697961807250977,0,0,15,---------------,-x15
20260719,1070,hold,6,+,0.6284213662147522,0,6,0,++++++,+x6
20260719,1071,hold,7,+,0.8522137999534607,0,7,0,+++++++,+x7
20260719,1072,hold,24,+,0.9982153177261353,0,24,0,++++++++++++++++++++++++,+x24
20260719,1073,hold,7,-,0.6266933679580688,0,0,7,-------,-x7
20260719,1074,hold,31,+,0.9838030338287354,0,31,0,+++++++++++++++++++++++++++++++,+x31
20260719,1075,hold,22,+,0.9992864727973938,0,22,0,++++++++++++++++++++++,+x22
20260719,1076,hold,14,+,0.9978922009468079,0,14,0,++++++++++++++,+x14
20260719,1077,hold,19,+,0.9987530708312988,0,19,0,+++++++++++++++++++,+x19
20260719,1078,hold,29,+,0.9992050528526306,0,29,0,+++++++++++++++++++++++++++++,+x29
20260719,1079,hold,4,+,0.9805311560630798,0,4,0,++++,+x4
20260719,1080,hold,23,+,0.9755532741546631,0,23,0,+++++++++++++++++++++++,+x23
20260719,1081,hold,12,-,0.9999896287918091,0,0,12,------------,-x12
20260719,1082,hold,3,-,0.6465449929237366,0,0,3,---,-x3
20260719,1083,hold,10,-,0.9462828040122986,0,0,10,----------,-x10
20260719,1084,hold,13,+,0.591731071472168,0,13,0,+++++++++++++,+x13
20260719,1085,hold,9,-,0.9708050489425659,0,0,9,---------,-x9
20260719,1086,hold,17,-,0.9999983310699463,0,0,17,-----------------,-x17
20260719,1087,hold,22,-,0.9999998807907104,0,0,22,----------------------,-x22
20260719,1088,hold,17,-,0.9999992847442627,0,0,17,-----------------,-x17
20260719,1089,hold,2,+,0.6576380729675293,0,2,0,++,+x2
20260719,1090,hold,4,-,0.9510477185249329,0,0,4,----,-x4
20260719,1091,hold,16,-,0.9843621253967285,0,0,16,----------------,-x16
20260719,1092,hold,13,-,0.9999961853027344,0,0,13,-------------,-x13
20260719,1093,hold,9,-,0.9770734906196594,0,0,9,---------,-x9
20260719,1094,hold,16,-,0.9999958276748657,0,0,16,----------------,-x16
20260719,1095,hold,3,-,0.9391100406646729,0,0,3,---,-x3
20260719,1096,hold,16,+,0.6898371577262878,0,16,0,++++++++++++++++,+x16
20260719,1097,hold,14,-,0.9644134640693665,0,0,14,--------------,-x14
20260719,1098,hold,7,+,0.8078263998031616,0,7,0,+++++++,+x7
20260719,1099,hold,10,-,0.8016669154167175,0,0,10,----------,-x10
20260719,1100,hold,18,+,0.5001238584518433,0,18,0,++++++++++++++++++,+x18
20260719,1101,hold,19,-,0.9999995231628418,0,0,19,-------------------,-x19
20260719,1102,hold,10,-,0.9673303961753845,0,0,10,----------,-x10
20260719,1103,hold,8,-,0.8163695931434631,0,0,8,--------,-x8
20260719,1104,hold,9,-,0.9575964212417603,0,0,9,---------,-x9
20260719,1105,hold,16,-,0.9151996970176697,0,0,16,----------------,-x16
20260719,1106,hold,4,-,0.5394759178161621,0,0,4,----,-x4
20260719,1107,hold,15,-,0.9999316930770874,0,0,15,---------------,-x15
20260719,1108,hold,9,-,0.6068618893623352,0,0,9,---------,-x9
20260719,1109,hold,7,-,0.6363975405693054,0,0,7,-------,-x7
20260719,1110,hold,16,-,0.7362701296806335,0,0,16,----------------,-x16
20260719,1111,hold,15,-,0.9999988079071045,0,0,15,---------------,-x15
20260719,1112,hold,14,-,0.9859988689422607,0,0,14,--------------,-x14
20260719,1113,hold,11,-,0.9999558925628662,0,0,11,-----------,-x11
20260719,1114,hold,8,-,0.8653699159622192,0,0,8,--------,-x8
20260719,1115,hold,8,-,0.9999878406524658,0,0,8,--------,-x8
20260719,1116,hold,13,-,0.9999961853027344,0,0,13,-------------,-x13
20260719,1117,hold,9,-,0.8032110929489136,0,0,9,---------,-x9
20260719,1118,hold,5,+,0.8674801588058472,0,5,0,+++++,+x5
20260719,1119,hold,13,-,0.9999852180480957,0,0,13,-------------,-x13
20260719,1120,hold,3,-,0.8069515824317932,0,0,3,---,-x3
20260719,1121,hold,8,-,0.9646136164665222,0,0,8,--------,-x8
20260719,1122,hold,18,-,0.9999990463256836,0,0,18,------------------,-x18
20260719,1123,hold,12,+,0.6613476872444153,0,12,0,++++++++++++,+x12
20260719,1124,hold,15,-,0.9999841451644897,0,0,15,---------------,-x15
20260719,1125,hold,16,-,0.8830649852752686,0,0,16,----------------,-x16
20260719,1126,hold,17,-,0.5305467247962952,0,0,17,-----------------,-x17
20260719,1127,hold,21,+,0.5136749744415283,0,21,0,+++++++++++++++++++++,+x21
20260719,1128,hold,17,-,0.9999945163726807,0,0,17,-----------------,-x17
20260719,1129,hold,10,-,0.9965758919715881,0,0,10,----------,-x10
20260719,1130,hold,6,-,0.6397138237953186,0,0,6,------,-x6
20260719,1131,hold,14,-,0.996907651424408,0,0,14,--------------,-x14
20260719,1132,hold,11,-,0.837036669254303,0,0,11,-----------,-x11
20260719,1133,hold,8,-,0.8616399168968201,0,0,8,--------,-x8
20260719,1134,hold,16,+,0.6086670160293579,0,16,0,++++++++++++++++,+x16
20260719,1135,hold,2,-,0.5864443182945251,0,0,2,--,-x2
20260719,1136,hold,15,-,0.9998565912246704,0,0,15,---------------,-x15
20260719,1137,hold,14,+,0.9737729430198669,0,14,0,++++++++++++++,+x14
20260719,1138,hold,6,-,0.8176361322402954,0,0,6,------,-x6
20260719,1139,hold,13,-,0.9999642372131348,0,0,13,-------------,-x13
20260719,1140,hold,22,-,0.9999998807907104,0,0,22,----------------------,-x22
20260719,1141,hold,18,-,0.849815845489502,0,0,18,------------------,-x18
20260719,1142,hold,10,-,0.9580952525138855,0,0,10,----------,-x10
20260719,1143,hold,4,-,0.631941020488739,0,0,4,----,-x4
20260719,1144,hold,11,+,0.7905061841011047,0,11,0,+++++++++++,+x11
20260719,1145,hold,7,-,0.8143272995948792,0,0,7,-------,-x7
20260719,1146,hold,4,-,0.9519566893577576,0,0,4,----,-x4
20260719,1147,hold,10,-,0.9336759448051453,0,0,10,----------,-x10
20260719,1148,hold,19,-,0.9999866485595703,0,0,19,-------------------,-x19
20260719,1149,hold,17,-,0.9999996423721313,0,0,17,-----------------,-x17
20260719,1150,hold,12,+,0.8458424806594849,0,12,0,++++++++++++,+x12
20260719,1151,hold,17,-,0.9999858140945435,0,0,17,-----------------,-x17
20260719,1152,hold,8,-,0.8638672232627869,0,0,8,--------,-x8
20260719,1153,hold,12,-,0.9999204874038696,0,0,12,------------,-x12
20260719,1154,hold,18,-,0.9999998807907104,0,0,18,------------------,-x18
20260719,1155,hold,13,+,0.7540830969810486,0,13,0,+++++++++++++,+x13
20260719,1156,hold,6,-,0.7691388130187988,0,0,6,------,-x6
20260719,1157,hold,10,-,0.7956246733665466,0,0,10,----------,-x10
20260719,1158,hold,8,-,0.9511684775352478,0,0,8,--------,-x8
20260719,1159,hold,20,-,0.9999996423721313,0,0,20,--------------------,-x20
20260719,1160,hold,16,-,0.9999780654907227,0,0,16,----------------,-x16
20260719,1161,hold,2,-,0.9179033637046814,0,0,2,--,-x2
20260719,1162,hold,20,-,0.9999998807907104,0,0,20,--------------------,-x20
20260719,1163,hold,10,-,0.9999951124191284,0,0,10,----------,-x10
20260719,1164,hold,7,+,0.9611078500747681,0,7,0,+++++++,+x7
20260719,1165,hold,6,-,0.8362141251564026,0,0,6,------,-x6
20260719,1166,hold,11,+,0.5810243487358093,0,11,0,+++++++++++,+x11
20260719,1167,hold,4,-,0.9552528262138367,0,0,4,----,-x4
20260719,1168,hold,12,-,0.9999957084655762,0,0,12,------------,-x12
20260719,1169,hold,16,-,0.9889712929725647,0,0,16,----------------,-x16
20260719,1170,hold,9,+,0.8453706502914429,0,9,0,+++++++++,+x9
20260719,1171,hold,17,-,0.9999998807907104,0,0,17,-----------------,-x17
20260719,1172,hold,14,-,0.9999442100524902,0,0,14,--------------,-x14
20260719,1173,hold,9,-,0.9320987462997437,0,0,9,---------,-x9
20260719,1174,hold,15,-,0.994559109210968,0,0,15,---------------,-x15
20260719,1175,hold,11,-,0.9924518465995789,0,0,11,-----------,-x11
20260719,1176,hold,19,-,1.0,0,0,19,-------------------,-x19
20260719,1177,hold,19,+,0.6091538667678833,0,19,0,+++++++++++++++++++,+x19
20260719,1178,hold,2,-,0.762981116771698,0,0,2,--,-x2
20260719,1179,hold,15,-,0.9998778104782104,0,0,15,---------------,-x15
20260719,1180,hold,9,-,0.596193253993988,0,0,9,---------,-x9
20260719,1181,hold,8,-,0.9450287222862244,0,0,8,--------,-x8
20260719,1182,hold,6,-,0.9036516547203064,0,0,6,------,-x6
20260719,1183,hold,9,-,0.9996734857559204,0,0,9,---------,-x9
20260719,1184,hold,3,-,0.646914005279541,0,0,3,---,-x3
20260719,1185,hold,16,-,0.999993085861206,0,0,16,----------------,-x16
20260719,1186,hold,6,-,0.6672468781471252,0,0,6,------,-x6
20260719,1187,hold,9,-,0.9553110003471375,0,0,9,---------,-x9
20260719,1188,hold,15,-,0.9999948740005493,0,0,15,---------------,-x15
20260719,1189,hold,4,-,0.8431306481361389,0,0,4,----,-x4
20260719,1190,hold,6,-,0.7717540264129639,0,0,6,------,-x6
20260719,1191,hold,5,+,0.9424505233764648,0,5,0,+++++,+x5
20260719,1192,hold,11,-,0.9097940921783447,0,0,11,-----------,-x11
20260719,1193,hold,12,+,0.8755137324333191,0,12,0,++++++++++++,+x12
20260719,1194,hold,12,+,0.8590531945228577,0,12,0,++++++++++++,+x12
20260719,1195,hold,2,+,0.5059574842453003,0,2,0,++,+x2
20260719,1196,hold,11,-,0.8275273442268372,0,0,11,-----------,-x11
20260719,1197,hold,5,-,0.8544768691062927,0,0,5,-----,-x5
20260719,1198,hold,11,+,0.8011587262153625,0,11,0,+++++++++++,+x11
20260719,1199,hold,22,-,1.0,0,0,22,----------------------,-x22
20260719,1200,hold,2,-,0.8873288035392761,0,0,2,--,-x2
20260719,1201,hold,8,+,0.8274117112159729,0,8,0,++++++++,+x8
20260719,1202,hold,14,-,0.9999879598617554,0,0,14,--------------,-x14
20260719,1203,hold,5,-,0.7351125478744507,0,0,5,-----,-x5
20260719,1204,hold,12,-,0.9999994039535522,0,0,12,------------,-x12
20260719,1205,hold,20,-,0.9999997615814209,0,0,20,--------------------,-x20
20260719,1206,hold,6,-,0.8760378956794739,0,0,6,------,-x6
20260719,1207,hold,15,-,0.9999942779541016,0,0,15,---------------,-x15
20260719,1208,hold,17,-,0.9999969005584717,0,0,17,-----------------,-x17
20260719,1209,hold,13,-,0.9521629810333252,0,0,13,-------------,-x13
20260719,1210,hold,13,-,0.9999980926513672,0,0,13,-------------,-x13
20260719,1211,hold,13,+,0.6242997050285339,0,13,0,+++++++++++++,+x13
20260719,1212,hold,8,-,0.875388503074646,0,0,8,--------,-x8
20260719,1213,hold,6,-,0.6131767630577087,0,0,6,------,-x6
20260719,1214,hold,13,-,0.9995527863502502,0,0,13,-------------,-x13
20260719,1215,hold,18,-,0.99998939037323,0,0,18,------------------,-x18
20260719,1216,hold,11,+,0.9543142914772034,0,11,0,+++++++++++,+x11
20260719,1217,hold,14,-,0.9999998807907104,0,0,14,--------------,-x14
20260719,1218,hold,7,+,0.605842113494873,0,7,0,+++++++,+x7
20260719,1219,hold,16,-,0.9999922513961792,0,0,16,----------------,-x16
20260719,1220,hold,22,-,1.0,0,0,22,----------------------,-x22
20260719,1221,hold,9,+,0.663950502872467,0,9,0,+++++++++,+x9
20260719,1222,hold,9,+,0.9276970624923706,0,9,0,+++++++++,+x9
20260719,1223,hold,14,-,0.9811811447143555,0,0,14,--------------,-x14
20260719,1224,hold,11,+,0.7957538366317749,0,11,0,+++++++++++,+x11
20260719,1225,hold,3,-,0.951333224773407,0,0,3,---,-x3
20260719,1226,hold,11,-,0.9915319085121155,0,0,11,-----------,-x11
20260719,1227,hold,6,+,0.6069890260696411,0,6,0,++++++,+x6
20260719,1228,hold,11,+,0.6738340854644775,0,11,0,+++++++++++,+x11
20260719,1229,hold,16,-,0.994279146194458,0,0,16,----------------,-x16
20260719,1230,hold,13,-,0.9999557733535767,0,0,13,-------------,-x13
20260719,1231,hold,9,-,0.9724611043930054,0,0,9,---------,-x9
20260719,1232,hold,5,-,0.6914501190185547,0,0,5,-----,-x5
20260719,1233,hold,11,-,0.9999996423721313,0,0,11,-----------,-x11
20260719,1234,hold,6,+,0.7120572328567505,0,6,0,++++++,+x6
20260719,1235,hold,15,-,0.9365680813789368,0,0,15,---------------,-x15
20260719,1236,hold,5,+,0.864422082901001,0,5,0,+++++,+x5
20260719,1237,hold,12,+,0.7567237615585327,0,12,0,++++++++++++,+x12
20260719,1238,hold,10,+,0.6475125551223755,0,10,0,++++++++++,+x10
20260719,1239,hold,11,-,0.9901942610740662,0,0,11,-----------,-x11
20260719,1240,hold,7,-,0.6641870737075806,0,0,7,-------,-x7
20260719,1241,hold,15,-,0.9999994039535522,0,0,15,---------------,-x15
20260719,1242,hold,8,-,0.8004213571548462,0,0,8,--------,-x8
20260719,1243,hold,22,-,1.0,0,0,22,----------------------,-x22
20260719,1244,hold,13,-,0.9667710661888123,0,0,13,-------------,-x13
20260719,1245,hold,5,-,0.6340005397796631,0,0,5,-----,-x5
20260719,1246,hold,16,-,0.9999977350234985,0,0,16,----------------,-x16
20260719,1247,hold,5,-,0.9866494536399841,0,0,5,-----,-x5
20260719,1248,hold,18,-,1.0,0,0,18,------------------,-x18
20260719,1249,hold,18,-,1.0,0,0,18,------------------,-x18
20260719,1250,hold,18,-,1.0,0,0,18,------------------,-x18
20260719,1251,hold,15,-,0.9993002414703369,0,0,15,---------------,-x15
20260719,1252,hold,20,-,1.0,0,0,20,--------------------,-x20
20260719,1253,hold,11,+,0.91086345911026,0,11,0,+++++++++++,+x11
20260719,1254,hold,7,+,0.719927966594696,0,7,0,+++++++,+x7
20260719,1255,hold,15,-,0.9950968623161316,0,0,15,---------------,-x15
20260719,1256,hold,8,-,0.9999998807907104,0,0,8,--------,-x8
20260719,1257,hold,10,-,0.7814931273460388,0,0,10,----------,-x10
20260719,1258,hold,14,-,0.9999994039535522,0,0,14,--------------,-x14
20260719,1259,hold,15,+,0.9865567088127136,0,15,0,+++++++++++++++,+x15
20260719,1260,hold,9,+,0.8270216584205627,0,9,0,+++++++++,+x9
20260719,1261,hold,8,-,0.7814072370529175,0,0,8,--------,-x8
20260719,1262,hold,9,+,0.719086766242981,0,9,0,+++++++++,+x9
20260719,1263,hold,5,+,0.7404119968414307,0,5,0,+++++,+x5
20260719,1264,hold,9,-,0.9749906659126282,0,0,9,---------,-x9
20260719,1265,hold,9,+,0.6643477082252502,0,9,0,+++++++++,+x9
20260719,1266,hold,5,+,0.8546477556228638,0,5,0,+++++,+x5
20260719,1267,hold,14,-,0.9999880790710449,0,0,14,--------------,-x14
20260719,1268,hold,6,-,0.9299201369285583,0,0,6,------,-x6
20260719,1269,hold,9,-,0.5917546153068542,0,0,9,---------,-x9
20260719,1270,hold,15,-,0.9999991655349731,0,0,15,---------------,-x15
20260719,1271,hold,6,-,0.6338618993759155,0,0,6,------,-x6
20260719,1272,hold,5,-,0.9843474626541138,0,0,5,-----,-x5
20260719,1273,hold,10,-,0.9784138202667236,0,0,10,----------,-x10
20260719,1274,hold,4,-,0.8158089518547058,0,0,4,----,-x4
20260719,1275,hold,2,-,0.5744233727455139,0,0,2,--,-x2
20260719,1276,hold,8,+,0.780181348323822,0,8,0,++++++++,+x8
20260719,1277,hold,19,-,1.0,0,0,19,-------------------,-x19
20260719,1278,hold,16,-,0.9998635053634644,0,0,16,----------------,-x16
20260719,1279,hold,18,-,0.9999079704284668,0,0,18,------------------,-x18
20260719,1280,hold,2,+,0.5498850345611572,0,2,0,++,+x2
20260719,1281,hold,20,-,1.0,0,0,20,--------------------,-x20
20260719,1282,hold,14,-,0.9843161702156067,0,0,14,--------------,-x14
20260719,1283,hold,8,-,0.9575527310371399,0,0,8,--------,-x8
20260719,1284,hold,15,-,0.9999955892562866,0,0,15,---------------,-x15
20260719,1285,hold,11,-,0.9999998807907104,0,0,11,-----------,-x11
20260719,1286,hold,7,+,0.9612450003623962,0,7,0,+++++++,+x7
20260719,1287,hold,15,-,0.9944755434989929,0,0,15,---------------,-x15
20260719,1288,hold,7,+,0.8106958270072937,0,7,0,+++++++,+x7
20260719,1289,hold,11,-,1.0,0,0,11,-----------,-x11
20260719,1290,hold,6,-,0.6185174584388733,0,0,6,------,-x6
20260719,1291,hold,17,-,0.9999796152114868,0,0,17,-----------------,-x17
20260719,1292,hold,16,-,1.0,0,0,16,----------------,-x16
20260719,1293,hold,15,-,0.9999586343765259,0,0,15,---------------,-x15
20260719,1294,hold,19,-,1.0,0,0,19,-------------------,-x19
20260719,1295,hold,13,-,0.9999977350234985,0,0,13,-------------,-x13
20260719,1296,hold,11,+,0.9115762114524841,0,11,0,+++++++++++,+x11
20260719,1297,hold,10,+,0.926639199256897,0,10,0,++++++++++,+x10
20260719,1298,hold,15,-,0.9999998807907104,0,0,15,---------------,-x15
20260719,1299,hold,8,+,0.7496346831321716,0,8,0,++++++++,+x8
20260719,1300,hold,10,+,0.5138322114944458,0,10,0,++++++++++,+x10
20260719,1301,hold,16,-,0.9999992847442627,0,0,16,----------------,-x16
20260719,1302,hold,7,-,0.9850885272026062,0,0,7,-------,-x7
20260719,1303,hold,15,-,0.9999995231628418,0,0,15,---------------,-x15
20260719,1304,hold,18,-,1.0,0,0,18,------------------,-x18
20260719,1305,hold,6,-,0.9999995231628418,0,0,6,------,-x6
20260719,1306,hold,3,+,0.9758259654045105,0,3,0,+++,+x3
20260719,1307,hold,19,-,0.9980236291885376,0,0,19,-------------------,-x19
20260719,1308,hold,10,-,0.9937505125999451,0,0,10,----------,-x10
20260719,1309,hold,6,+,0.5126214027404785,0,6,0,++++++,+x6
20260719,1310,hold,18,-,0.9057952761650085,0,0,18,------------------,-x18
20260719,1311,hold,2,-,0.7085747122764587,0,0,2,--,-x2
20260719,1312,hold,16,-,0.9999819993972778,0,0,16,----------------,-x16
20260719,1313,hold,19,-,1.0,0,0,19,-------------------,-x19
20260719,1314,hold,3,+,0.7544909715652466,0,3,0,+++,+x3
20260719,1315,hold,13,+,0.9498529434204102,0,13,0,+++++++++++++,+x13
20260719,1316,hold,15,-,0.9916400909423828,0,0,15,---------------,-x15
20260719,1317,hold,13,-,0.9999856948852539,0,0,13,-------------,-x13
20260719,1318,hold,11,-,0.9980734586715698,0,0,11,-----------,-x11
20260719,1319,hold,20,-,1.0,0,0,20,--------------------,-x20
20260719,1320,hold,19,-,0.7056694626808167,0,0,19,-------------------,-x19
20260719,1321,hold,11,-,0.8078672885894775,0,0,11,-----------,-x11
20260719,1322,hold,14,-,0.9999804496765137,0,0,14,--------------,-x14
20260719,1323,hold,14,-,0.9934497475624084,0,0,14,--------------,-x14
20260719,1324,hold,7,-,0.8951067328453064,0,0,7,-------,-x7
20260719,1325,hold,16,-,0.9999843835830688,0,0,16,----------------,-x16
20260719,1326,hold,14,-,0.9999998807907104,0,0,14,--------------,-x14
20260719,1327,hold,17,-,0.9999995231628418,0,0,17,-----------------,-x17
20260719,1328,hold,7,-,0.7793170809745789,0,0,7,-------,-x7
20260719,1329,hold,17,-,0.9999998807907104,0,0,17,-----------------,-x17
20260719,1330,hold,13,-,0.9999997615814209,0,0,13,-------------,-x13
20260719,1331,hold,4,-,0.6118154525756836,0,0,4,----,-x4
20260719,1332,hold,15,-,0.9999990463256836,0,0,15,---------------,-x15
20260719,1333,hold,7,-,0.9976980090141296,0,0,7,-------,-x7
20260719,1334,hold,7,-,0.8844020962715149,0,0,7,-------,-x7
20260719,1335,hold,11,-,0.9952568411827087,0,0,11,-----------,-x11
20260719,1336,hold,5,-,0.9009052515029907,0,0,5,-----,-x5
20260719,1337,hold,18,-,0.9999997615814209,0,0,18,------------------,-x18
20260719,1338,hold,15,-,1.0,0,0,15,---------------,-x15
20260719,1339,hold,11,+,0.9662479162216187,0,11,0,+++++++++++,+x11
20260719,1340,hold,10,-,0.5713017582893372,0,0,10,----------,-x10
20260719,1341,hold,9,+,0.8670048117637634,0,9,0,+++++++++,+x9
20260719,1342,hold,13,-,0.9948232173919678,0,0,13,-------------,-x13
20260719,1343,hold,21,-,1.0,0,0,21,---------------------,-x21
20260719,1344,hold,18,-,0.9863132238388062,0,0,18,------------------,-x18
20260719,1345,hold,8,+,0.9424626231193542,0,8,0,++++++++,+x8
20260719,1346,hold,5,-,0.6975850462913513,0,0,5,-----,-x5
20260719,1347,hold,7,-,0.7638657689094543,0,0,7,-------,-x7
20260719,1348,hold,14,-,0.9999992847442627,0,0,14,--------------,-x14
20260719,1349,hold,17,-,1.0,0,0,17,-----------------,-x17
20260719,1350,hold,6,-,0.8142073154449463,0,0,6,------,-x6
20260719,1351,hold,13,-,0.9999983310699463,0,0,13,-------------,-x13
20260719,1352,hold,5,+,0.7161468267440796,0,5,0,+++++,+x5
20260719,1353,hold,19,-,1.0,0,0,19,-------------------,-x19
20260719,1354,hold,15,+,0.9904518127441406,0,15,0,+++++++++++++++,+x15
20260719,1355,hold,13,-,0.9999998807907104,0,0,13,-------------,-x13
20260719,1356,hold,7,-,0.966115415096283,0,0,7,-------,-x7
20260719,1357,hold,8,-,0.9710950255393982,0,0,8,--------,-x8
20260719,1358,hold,10,-,0.9999926090240479,0,0,10,----------,-x10
20260719,1359,hold,19,-,0.9999998807907104,0,0,19,-------------------,-x19
20260719,1360,hold,20,-,1.0,0,0,20,--------------------,-x20
20260719,1361,hold,19,-,1.0,0,0,19,-------------------,-x19
20260719,1362,hold,18,-,0.7091683149337769,0,0,18,------------------,-x18
20260719,1363,hold,14,-,1.0,0,0,14,--------------,-x14
20260719,1364,hold,2,-,0.9929749965667725,0,0,2,--,-x2
20260719,1365,hold,6,-,0.8682636022567749,0,0,6,------,-x6
20260719,1366,hold,21,-,1.0,0,0,21,---------------------,-x21
20260719,1367,hold,9,-,0.9159038662910461,0,0,9,---------,-x9
20260719,1368,hold,12,-,0.9999994039535522,0,0,12,------------,-x12
20260719,1369,hold,11,-,0.9999998807907104,0,0,11,-----------,-x11
20260719,1370,hold,20,-,1.0,0,0,20,--------------------,-x20
20260719,1371,hold,21,-,1.0,0,0,21,---------------------,-x21
20260719,1372,hold,4,-,0.7169961929321289,0,0,4,----,-x4
20260719,1373,hold,12,-,0.9999978542327881,0,0,12,------------,-x12
20260719,1374,hold,18,-,0.9999918937683105,0,0,18,------------------,-x18
20260719,1375,hold,14,-,1.0,0,0,14,--------------,-x14
20260719,1376,hold,10,+,0.6508110761642456,0,10,0,++++++++++,+x10
20260719,1377,hold,20,-,1.0,0,0,20,--------------------,-x20
20260719,1378,hold,7,-,0.8982362747192383,0,0,7,-------,-x7
20260719,1379,hold,4,+,0.5824633240699768,0,4,0,++++,+x4
20260719,1380,hold,11,+,0.6801769733428955,0,11,0,+++++++++++,+x11
20260719,1381,hold,6,-,0.9341184496879578,0,0,6,------,-x6
20260719,1382,hold,3,-,0.7816404104232788,0,0,3,---,-x3
20260719,1383,hold,8,-,0.8944430947303772,0,0,8,--------,-x8
20260719,1384,hold,17,-,0.9999829530715942,0,0,17,-----------------,-x17
20260719,1385,hold,6,-,0.5868759155273438,0,0,6,------,-x6
20260719,1386,hold,3,+,0.7224390506744385,0,3,0,+++,+x3
20260719,1387,hold,4,-,0.6481026411056519,0,0,4,----,-x4
20260719,1388,hold,8,-,0.694035530090332,0,0,8,--------,-x8
20260719,1389,hold,17,-,1.0,0,0,17,-----------------,-x17
20260719,1390,hold,7,-,0.8057975769042969,0,0,7,-------,-x7
20260719,1391,hold,9,+,0.6960393786430359,0,9,0,+++++++++,+x9
20260719,1392,hold,5,+,0.8214913606643677,0,5,0,+++++,+x5
20260719,1393,hold,9,+,0.5922528505325317,0,9,0,+++++++++,+x9
20260719,1394,hold,9,-,0.971038818359375,0,0,9,---------,-x9
20260719,1395,hold,20,-,1.0,0,0,20,--------------------,-x20
20260719,1396,hold,17,-,0.9999978542327881,0,0,17,-----------------,-x17
20260719,1397,hold,9,-,0.982932448387146,0,0,9,---------,-x9
20260719,1398,hold,17,-,0.9863883852958679,0,0,17,-----------------,-x17
20260719,1399,hold,7,-,0.899104654788971,0,0,7,-------,-x7
20260719,1400,hold,11,-,0.9886547327041626,0,0,11,-----------,-x11
20260719,1401,hold,11,-,0.9778408408164978,0,0,11,-----------,-x11
20260719,1402,hold,19,-,1.0,0,0,19,-------------------,-x19
20260719,1403,hold,4,-,0.7318711280822754,0,0,4,----,-x4
20260719,1404,hold,5,-,0.7872694730758667,0,0,5,-----,-x5
20260719,1405,hold,5,-,0.9833985567092896,0,0,5,-----,-x5
20260719,1406,hold,19,-,0.9995346069335938,0,0,19,-------------------,-x19
20260719,1407,hold,17,-,0.9999998807907104,0,0,17,-----------------,-x17
20260719,1408,hold,7,-,0.9529065489768982,0,0,7,-------,-x7
20260719,1409,hold,14,-,0.9998231530189514,0,0,14,--------------,-x14
20260719,1410,hold,20,-,1.0,0,0,20,--------------------,-x20
20260719,1411,hold,17,-,0.9999815225601196,0,0,17,-----------------,-x17
20260719,1412,hold,12,-,0.8885406851768494,0,0,12,------------,-x12
20260719,1413,hold,21,-,0.9645048379898071,0,0,21,---------------------,-x21
20260719,1414,hold,16,-,0.9996070265769958,0,0,16,----------------,-x16
20260719,1415,hold,18,-,1.0,0,0,18,------------------,-x18
20260719,1416,hold,3,-,0.9273573160171509,0,0,3,---,-x3
20260719,1417,hold,7,-,0.8433361053466797,0,0,7,-------,-x7
20260719,1418,hold,8,-,0.9356706142425537,0,0,8,--------,-x8
20260719,1419,hold,5,-,0.8820006847381592,0,0,5,-----,-x5
20260719,1420,hold,17,-,0.9999841451644897,0,0,17,-----------------,-x17
20260719,1421,hold,3,+,0.505193829536438,0,3,0,+++,+x3
20260719,1422,hold,3,-,0.9268446564674377,0,0,3,---,-x3
20260719,1423,hold,8,-,0.7515686750411987,0,0,8,--------,-x8
20260719,1424,hold,16,-,0.999834418296814,0,0,16,----------------,-x16
20260719,1425,hold,16,+,0.5713956952095032,0,16,0,++++++++++++++++,+x16
20260719,1426,hold,5,-,0.8284910917282104,0,0,5,-----,-x5
20260719,1427,hold,16,-,0.9999996423721313,0,0,16,----------------,-x16
20260719,1428,hold,5,+,0.8709487915039062,0,5,0,+++++,+x5
20260719,1429,hold,5,-,0.9589698314666748,0,0,5,-----,-x5
20260719,1430,hold,2,-,0.8767176270484924,0,0,2,--,-x2
20260719,1431,hold,10,-,0.6128664016723633,0,0,10,----------,-x10
20260719,1432,hold,18,-,0.9999996423721313,0,0,18,------------------,-x18
20260719,1433,hold,19,-,0.9999997615814209,0,0,19,-------------------,-x19
20260719,1434,hold,12,-,0.9999926090240479,0,0,12,------------,-x12
20260719,1435,hold,1,+,0.7964123487472534,0,1,0,+,+x1
20260719,1436,hold,4,-,0.9812139272689819,0,0,4,----,-x4
20260719,1437,hold,20,-,0.9999991655349731,0,0,20,--------------------,-x20
20260719,1438,hold,9,-,0.999539852142334,0,0,9,---------,-x9
20260719,1439,hold,4,-,0.6908547878265381,0,0,4,----,-x4
20260719,1440,hold,22,-,1.0,0,0,22,----------------------,-x22
20260803,1441,hold,16,+,0.9873151779174805,0,16,0,++++++++++++++++,+x16
20260803,1442,hold,26,+,0.9905956983566284,0,26,0,++++++++++++++++++++++++++,+x26
20260803,1443,hold,3,+,0.9303597211837769,0,3,0,+++,+x3
20260803,1444,hold,7,+,0.5493823885917664,0,7,0,+++++++,+x7
20260803,1445,hold,11,+,0.7655465602874756,0,11,0,+++++++++++,+x11
20260803,1446,hold,8,+,0.9506956934928894,0,8,0,++++++++,+x8
20260803,1447,hold,21,+,0.9969053864479065,0,21,0,+++++++++++++++++++++,+x21
20260803,1448,hold,5,+,0.9312839508056641,0,5,0,+++++,+x5
20260803,1449,hold,19,+,0.9081918001174927,0,19,0,+++++++++++++++++++,+x19
20260803,1450,hold,12,+,0.9956929087638855,0,12,0,++++++++++++,+x12
20260803,1451,hold,16,+,0.9932748079299927,0,16,0,++++++++++++++++,+x16
20260803,1452,hold,25,+,0.9920090436935425,0,25,0,+++++++++++++++++++++++++,+x25
20260803,1453,hold,22,+,0.9760457873344421,0,22,0,++++++++++++++++++++++,+x22
20260803,1454,hold,10,+,0.882832407951355,0,10,0,++++++++++,+x10
20260803,1455,hold,16,+,0.9671461582183838,0,16,0,++++++++++++++++,+x16
20260803,1456,hold,13,+,0.8046197295188904,0,13,0,+++++++++++++,+x13
20260803,1457,hold,31,+,0.9948945045471191,0,31,0,+++++++++++++++++++++++++++++++,+x31
20260803,1458,hold,8,-,0.9992039799690247,0,0,8,--------,-x8
20260803,1459,hold,14,+,0.9936363697052002,0,14,0,++++++++++++++,+x14
20260803,1460,hold,12,+,0.9990338087081909,0,12,0,++++++++++++,+x12
20260803,1461,hold,10,-,0.5823497176170349,0,0,10,----------,-x10
20260803,1462,hold,21,+,0.9982346296310425,0,21,0,+++++++++++++++++++++,+x21
20260803,1463,hold,12,-,0.8903005719184875,0,0,12,------------,-x12
20260803,1464,hold,7,+,0.8865403532981873,0,7,0,+++++++,+x7
20260803,1465,hold,11,+,0.994852602481842,0,11,0,+++++++++++,+x11
20260803,1466,hold,21,+,0.9889386892318726,0,21,0,+++++++++++++++++++++,+x21
20260803,1467,hold,9,-,0.5108208656311035,0,0,9,---------,-x9
20260803,1468,hold,15,+,0.9950616955757141,0,15,0,+++++++++++++++,+x15
20260803,1469,hold,15,-,0.9882142543792725,0,0,15,---------------,-x15
20260803,1470,hold,8,-,0.9690080881118774,0,0,8,--------,-x8
20260803,1471,hold,22,+,0.9923080205917358,0,22,0,++++++++++++++++++++++,+x22
20260803,1472,hold,8,+,0.7766166925430298,0,8,0,++++++++,+x8
20260803,1473,hold,9,-,0.6829596161842346,0,0,9,---------,-x9
20260803,1474,hold,16,+,0.9804948568344116,0,16,0,++++++++++++++++,+x16
20260803,1475,hold,2,+,0.6301937103271484,0,2,0,++,+x2
20260803,1476,hold,9,-,0.9766371250152588,0,0,9,---------,-x9
20260803,1477,hold,10,+,0.9734190702438354,0,10,0,++++++++++,+x10
20260803,1478,hold,10,-,0.9345130920410156,0,0,10,----------,-x10
20260803,1479,hold,15,+,0.6662847995758057,0,15,0,+++++++++++++++,+x15
20260803,1480,hold,5,+,0.9784325361251831,0,5,0,+++++,+x5
20260803,1481,hold,21,+,0.918934166431427,0,21,0,+++++++++++++++++++++,+x21
20260803,1482,hold,14,+,0.9981386661529541,0,14,0,++++++++++++++,+x14
20260803,1483,hold,7,+,0.9612550139427185,0,7,0,+++++++,+x7
20260803,1484,hold,13,+,0.9983478784561157,0,13,0,+++++++++++++,+x13
20260803,1485,hold,26,+,0.9880648255348206,0,26,0,++++++++++++++++++++++++++,+x26
20260803,1486,hold,13,+,0.9960659146308899,0,13,0,+++++++++++++,+x13
20260803,1487,hold,24,+,0.9911439418792725,0,24,0,++++++++++++++++++++++++,+x24
20260803,1488,hold,9,-,0.957535445690155,0,0,9,---------,-x9
20260803,1489,hold,18,+,0.9887557625770569,0,18,0,++++++++++++++++++,+x18
20260803,1490,hold,11,+,0.9951192140579224,0,11,0,+++++++++++,+x11
20260803,1491,hold,11,-,0.9958764314651489,0,0,11,-----------,-x11
20260803,1492,hold,13,-,0.9981339573860168,0,0,13,-------------,-x13
20260803,1493,hold,11,+,0.9941019415855408,0,11,0,+++++++++++,+x11
20260803,1494,hold,12,+,0.9945161938667297,0,12,0,++++++++++++,+x12
20260803,1495,hold,10,-,0.5681067705154419,0,0,10,----------,-x10
20260803,1496,hold,7,-,0.9943065047264099,0,0,7,-------,-x7
20260803,1497,hold,22,+,0.9308291673660278,0,22,0,++++++++++++++++++++++,+x22
20260803,1498,hold,28,+,0.9786309003829956,0,28,0,++++++++++++++++++++++++++++,+x28
20260803,1499,hold,40,+,0.9884825348854065,0,40,0,++++++++++++++++++++++++++++++++++++++++,+x40
20260803,1500,hold,16,+,0.9917129278182983,0,16,0,++++++++++++++++,+x16
20260803,1501,hold,7,+,0.9255430698394775,0,7,0,+++++++,+x7
20260803,1502,hold,17,+,0.9947270750999451,0,17,0,+++++++++++++++++,+x17
20260803,1503,hold,4,+,0.9480856657028198,0,4,0,++++,+x4
20260803,1504,hold,13,+,0.6264347434043884,0,13,0,+++++++++++++,+x13
20260803,1505,hold,9,-,0.9710499048233032,0,0,9,---------,-x9
20260803,1506,hold,17,+,0.9988777041435242,0,17,0,+++++++++++++++++,+x17
20260803,1507,hold,14,+,0.994608998298645,0,14,0,++++++++++++++,+x14
20260803,1508,hold,25,+,0.9943615198135376,0,25,0,+++++++++++++++++++++++++,+x25
20260803,1509,hold,3,+,0.9515023231506348,0,3,0,+++,+x3
20260803,1510,hold,5,-,0.6056864857673645,0,0,5,-----,-x5
20260803,1511,hold,9,+,0.9489667415618896,0,9,0,+++++++++,+x9
20260803,1512,hold,9,-,0.5415670275688171,0,0,9,---------,-x9
20260803,1513,hold,10,-,0.8434997200965881,0,0,10,----------,-x10
20260803,1514,hold,5,-,0.7419072985649109,0,0,5,-----,-x5
20260803,1515,hold,8,-,0.9632365107536316,0,0,8,--------,-x8
20260803,1516,hold,12,+,0.9941587448120117,0,12,0,++++++++++++,+x12
20260803,1517,hold,20,+,0.9930902123451233,0,20,0,++++++++++++++++++++,+x20
20260803,1518,hold,10,-,0.6459083557128906,0,0,10,----------,-x10
20260803,1519,hold,10,-,0.9947899580001831,0,0,10,----------,-x10
20260803,1520,hold,8,+,0.5797973871231079,0,8,0,++++++++,+x8
20260803,1521,hold,26,+,0.9969882369041443,0,26,0,++++++++++++++++++++++++++,+x26
20260803,1522,hold,13,+,0.9933755993843079,0,13,0,+++++++++++++,+x13
20260803,1523,hold,17,+,0.8198285698890686,0,17,0,+++++++++++++++++,+x17
20260803,1524,hold,25,+,0.9946381449699402,0,25,0,+++++++++++++++++++++++++,+x25
20260803,1525,hold,6,+,0.9323035478591919,0,6,0,++++++,+x6
20260803,1526,hold,30,+,0.9861185550689697,0,30,0,++++++++++++++++++++++++++++++,+x30
20260803,1527,hold,27,+,0.870206892490387,0,27,0,+++++++++++++++++++++++++++,+x27
20260803,1528,hold,23,+,0.9930729269981384,0,23,0,+++++++++++++++++++++++,+x23
20260803,1529,hold,8,+,0.5728128552436829,0,8,0,++++++++,+x8
20260803,1530,hold,8,-,0.9985610842704773,0,0,8,--------,-x8
20260803,1531,hold,4,-,0.9838685393333435,0,0,4,----,-x4
20260803,1532,hold,15,+,0.9960505366325378,0,15,0,+++++++++++++++,+x15
20260803,1533,hold,28,+,0.982459306716919,0,28,0,++++++++++++++++++++++++++++,+x28
20260803,1534,hold,23,+,0.9319754838943481,0,23,0,+++++++++++++++++++++++,+x23
20260803,1535,hold,14,+,0.9210518598556519,0,14,0,++++++++++++++,+x14
20260803,1536,hold,6,-,0.9196282625198364,0,0,6,------,-x6
20260803,1537,hold,10,+,0.952006995677948,0,10,0,++++++++++,+x10
20260803,1538,hold,6,-,0.9908146262168884,0,0,6,------,-x6
20260803,1539,hold,12,-,0.6970165371894836,0,0,12,------------,-x12
20260803,1540,hold,21,+,0.9956716299057007,0,21,0,+++++++++++++++++++++,+x21
20260803,1541,hold,27,+,0.986906111240387,0,27,0,+++++++++++++++++++++++++++,+x27
20260803,1542,hold,14,+,0.9608379006385803,0,14,0,++++++++++++++,+x14
20260803,1543,hold,8,-,0.9204012751579285,0,0,8,--------,-x8
20260803,1544,hold,12,+,0.9985681772232056,0,12,0,++++++++++++,+x12
20260803,1545,hold,9,-,0.5553348064422607,0,0,9,---------,-x9
20260803,1546,hold,18,+,0.9873124957084656,0,18,0,++++++++++++++++++,+x18
20260803,1547,hold,12,+,0.9930879473686218,0,12,0,++++++++++++,+x12
20260803,1548,hold,26,+,0.9880009293556213,0,26,0,++++++++++++++++++++++++++,+x26
20260803,1549,hold,10,-,0.7244217395782471,0,0,10,----------,-x10
20260803,1550,hold,6,+,0.8854868412017822,0,6,0,++++++,+x6
20260803,1551,hold,5,+,0.7992690205574036,0,5,0,+++++,+x5
20260803,1552,hold,15,+,0.9952760934829712,0,15,0,+++++++++++++++,+x15
20260803,1553,hold,27,+,0.9772478938102722,0,27,0,+++++++++++++++++++++++++++,+x27
20260803,1554,hold,21,+,0.8318240642547607,0,21,0,+++++++++++++++++++++,+x21
20260803,1555,hold,6,+,0.9811026453971863,0,6,0,++++++,+x6
20260803,1556,hold,26,+,0.8574689030647278,0,26,0,++++++++++++++++++++++++++,+x26
20260803,1557,hold,23,+,0.9719343781471252,0,23,0,+++++++++++++++++++++++,+x23
20260803,1558,hold,26,+,0.9825239777565002,0,26,0,++++++++++++++++++++++++++,+x26
20260803,1559,hold,14,+,0.9982014894485474,0,14,0,++++++++++++++,+x14
20260803,1560,hold,26,+,0.9923950433731079,0,26,0,++++++++++++++++++++++++++,+x26
20260803,1561,hold,2,+,0.8592517971992493,0,2,0,++,+x2
20260803,1562,hold,6,-,0.9992132186889648,0,0,6,------,-x6
20260803,1563,hold,8,-,0.9188282489776611,0,0,8,--------,-x8
20260803,1564,hold,6,-,0.6773031949996948,0,0,6,------,-x6
20260803,1565,hold,10,-,0.7679899334907532,0,0,10,----------,-x10
20260803,1566,hold,20,+,0.9924200177192688,0,20,0,++++++++++++++++++++,+x20
20260803,1567,hold,23,+,0.997454822063446,0,23,0,+++++++++++++++++++++++,+x23
20260803,1568,hold,20,+,0.9939776659011841,0,20,0,++++++++++++++++++++,+x20
20260803,1569,hold,12,-,0.9925958514213562,0,0,12,------------,-x12
20260803,1570,hold,23,+,0.9986559152603149,0,23,0,+++++++++++++++++++++++,+x23
20260803,1571,hold,7,-,0.9990498423576355,0,0,7,-------,-x7
20260803,1572,hold,27,+,0.989403486251831,0,27,0,+++++++++++++++++++++++++++,+x27
20260803,1573,hold,7,+,0.8641586303710938,0,7,0,+++++++,+x7
20260803,1574,hold,23,+,0.9958284497261047,0,23,0,+++++++++++++++++++++++,+x23
20260803,1575,hold,23,+,0.9980636239051819,0,23,0,+++++++++++++++++++++++,+x23
20260803,1576,hold,10,-,0.9881872534751892,0,0,10,----------,-x10
20260803,1577,hold,10,+,0.9987700581550598,0,10,0,++++++++++,+x10
20260803,1578,hold,11,-,0.9984763264656067,0,0,11,-----------,-x11
20260803,1579,hold,12,+,0.6489444971084595,0,12,0,++++++++++++,+x12
20260803,1580,hold,23,+,0.9931831955909729,0,23,0,+++++++++++++++++++++++,+x23
20260803,1581,hold,14,+,0.9277829527854919,0,14,0,++++++++++++++,+x14
20260803,1582,hold,4,+,0.8807730674743652,0,4,0,++++,+x4
20260803,1583,hold,28,+,0.995420515537262,0,28,0,++++++++++++++++++++++++++++,+x28
20260803,1584,hold,12,+,0.998808741569519,0,12,0,++++++++++++,+x12
20260803,1585,hold,3,-,0.8953332304954529,0,0,3,---,-x3
20260803,1586,hold,24,+,0.9787308573722839,0,24,0,++++++++++++++++++++++++,+x24
20260803,1587,hold,14,+,0.9996519088745117,0,14,0,++++++++++++++,+x14
20260803,1588,hold,7,-,0.891076922416687,0,0,7,-------,-x7
20260803,1589,hold,22,+,0.996941864490509,0,22,0,++++++++++++++++++++++,+x22
20260803,1590,hold,18,+,0.9930697083473206,0,18,0,++++++++++++++++++,+x18
20260803,1591,hold,21,+,0.9497745037078857,0,21,0,+++++++++++++++++++++,+x21
20260803,1592,hold,11,+,0.9305691123008728,0,11,0,+++++++++++,+x11
20260803,1593,hold,9,+,0.9763954877853394,0,9,0,+++++++++,+x9
20260803,1594,hold,11,-,0.5750935673713684,0,0,11,-----------,-x11
20260803,1595,hold,12,+,0.9901190996170044,0,12,0,++++++++++++,+x12
20260803,1596,hold,10,-,0.9164634346961975,0,0,10,----------,-x10
20260803,1597,hold,4,+,0.9887732863426208,0,4,0,++++,+x4
20260803,1598,hold,7,-,0.8226197957992554,0,0,7,-------,-x7
20260803,1599,hold,8,+,0.9800816178321838,0,8,0,++++++++,+x8
20260803,1600,hold,23,+,0.9982863068580627,0,23,0,+++++++++++++++++++++++,+x23
20260803,1601,hold,24,+,0.99460768699646,0,24,0,++++++++++++++++++++++++,+x24
20260803,1602,hold,4,+,0.8032910227775574,0,4,0,++++,+x4
20260803,1603,hold,9,+,0.6925510764122009,0,9,0,+++++++++,+x9
20260803,1604,hold,11,+,0.997342050075531,0,11,0,+++++++++++,+x11
20260803,1605,hold,25,+,0.9986056685447693,0,25,0,+++++++++++++++++++++++++,+x25
20260803,1606,hold,11,-,0.8748454451560974,0,0,11,-----------,-x11
20260803,1607,hold,21,+,0.9980369210243225,0,21,0,+++++++++++++++++++++,+x21
20260803,1608,hold,9,+,0.5338442325592041,0,9,0,+++++++++,+x9
20260803,1609,hold,21,+,0.9947887659072876,0,21,0,+++++++++++++++++++++,+x21
20260803,1610,hold,26,+,0.9917003512382507,0,26,0,++++++++++++++++++++++++++,+x26
20260803,1611,hold,29,+,0.9640295505523682,0,29,0,+++++++++++++++++++++++++++++,+x29
20260803,1612,hold,8,+,0.9253330826759338,0,8,0,++++++++,+x8
20260803,1613,hold,24,+,0.9286561012268066,0,24,0,++++++++++++++++++++++++,+x24
20260803,1614,hold,26,+,0.9857282042503357,0,26,0,++++++++++++++++++++++++++,+x26
20260803,1615,hold,12,+,0.9966124892234802,0,12,0,++++++++++++,+x12
20260803,1616,hold,39,+,0.9945196509361267,0,39,0,+++++++++++++++++++++++++++++++++++++++,+x39
20260803,1617,hold,8,+,0.9559182524681091,0,8,0,++++++++,+x8
20260803,1618,hold,4,+,0.8737912774085999,0,4,0,++++,+x4
20260803,1619,hold,16,+,0.9284459948539734,0,16,0,++++++++++++++++,+x16
20260803,1620,hold,6,-,0.944973886013031,0,0,6,------,-x6
20260803,1621,hold,15,+,0.9662712216377258,0,15,0,+++++++++++++++,+x15
20260803,1622,hold,23,+,0.9967501163482666,0,23,0,+++++++++++++++++++++++,+x23
20260803,1623,hold,22,+,0.9992688298225403,0,22,0,++++++++++++++++++++++,+x22
20260803,1624,hold,16,+,0.9968247413635254,0,16,0,++++++++++++++++,+x16
20260803,1625,hold,22,+,0.9975705742835999,0,22,0,++++++++++++++++++++++,+x22
20260803,1626,hold,6,-,0.9988558292388916,0,0,6,------,-x6
20260803,1627,hold,21,+,0.8355510234832764,0,21,0,+++++++++++++++++++++,+x21
20260803,1628,hold,5,-,0.9638863801956177,0,0,5,-----,-x5
20260803,1629,hold,26,+,0.9941462278366089,0,26,0,++++++++++++++++++++++++++,+x26
20260803,1630,hold,9,+,0.9154589176177979,0,9,0,+++++++++,+x9
20260803,1631,hold,24,+,0.9971502423286438,0,24,0,++++++++++++++++++++++++,+x24
20260803,1632,hold,22,+,0.9364910125732422,0,22,0,++++++++++++++++++++++,+x22
20260803,1633,hold,10,+,0.9959383010864258,0,10,0,++++++++++,+x10
20260803,1634,hold,15,+,0.9991219639778137,0,15,0,+++++++++++++++,+x15
20260803,1635,hold,14,+,0.9947945475578308,0,14,0,++++++++++++++,+x14
20260803,1636,hold,24,+,0.9699516296386719,0,24,0,++++++++++++++++++++++++,+x24
20260803,1637,hold,17,+,0.9984649419784546,0,17,0,+++++++++++++++++,+x17
20260803,1638,hold,8,+,0.9900374412536621,0,8,0,++++++++,+x8
20260803,1639,hold,14,+,0.5587881207466125,0,14,0,++++++++++++++,+x14
20260803,1640,hold,11,+,0.9310140609741211,0,11,0,+++++++++++,+x11
20260803,1641,hold,21,+,0.9877771735191345,0,21,0,+++++++++++++++++++++,+x21
20260803,1642,hold,12,-,0.9409604668617249,0,0,12,------------,-x12
20260803,1643,hold,14,+,0.9992077946662903,0,14,0,++++++++++++++,+x14
20260803,1644,hold,12,+,0.9238453507423401,0,12,0,++++++++++++,+x12
20260803,1645,hold,9,+,0.8549598455429077,0,9,0,+++++++++,+x9
20260803,1646,hold,10,-,0.7467195391654968,0,0,10,----------,-x10
20260803,1647,hold,15,+,0.9995019435882568,0,15,0,+++++++++++++++,+x15
20260803,1648,hold,20,+,0.9959343671798706,0,20,0,++++++++++++++++++++,+x20
20260803,1649,hold,10,+,0.9889664053916931,0,10,0,++++++++++,+x10
20260803,1650,hold,7,-,0.962052583694458,0,0,7,-------,-x7
20260803,1651,hold,27,+,0.9863333106040955,0,27,0,+++++++++++++++++++++++++++,+x27
20260803,1652,hold,10,-,0.9739158749580383,0,0,10,----------,-x10
20260803,1653,hold,32,+,0.9855831861495972,0,32,0,++++++++++++++++++++++++++++++++,+x32
20260803,1654,hold,23,+,0.9978551268577576,0,23,0,+++++++++++++++++++++++,+x23
20260803,1655,hold,23,+,0.9963372945785522,0,23,0,+++++++++++++++++++++++,+x23
20260803,1656,hold,6,-,0.8538541197776794,0,0,6,------,-x6
20260803,1657,hold,27,+,0.9941744208335876,0,27,0,+++++++++++++++++++++++++++,+x27
20260803,1658,hold,15,+,0.9958194494247437,0,15,0,+++++++++++++++,+x15
20260803,1659,hold,20,+,0.9885355830192566,0,20,0,++++++++++++++++++++,+x20
20260803,1660,hold,22,+,0.9986287355422974,0,22,0,++++++++++++++++++++++,+x22
20260803,1661,hold,11,+,0.9859025478363037,0,11,0,+++++++++++,+x11
20260803,1662,hold,12,+,0.9938749670982361,0,12,0,++++++++++++,+x12
20260803,1663,hold,10,+,0.9646714329719543,0,10,0,++++++++++,+x10
20260803,1664,hold,25,+,0.9869598746299744,0,25,0,+++++++++++++++++++++++++,+x25
20260803,1665,hold,16,+,0.9994459748268127,0,16,0,++++++++++++++++,+x16
20260803,1666,hold,4,+,0.9950756430625916,0,4,0,++++,+x4
20260803,1667,hold,23,+,0.9950344562530518,0,23,0,+++++++++++++++++++++++,+x23
20260803,1668,hold,24,+,0.8808779716491699,0,24,0,++++++++++++++++++++++++,+x24
20260803,1669,hold,11,-,0.9790562987327576,0,0,11,-----------,-x11
20260803,1670,hold,30,+,0.9930996894836426,0,30,0,++++++++++++++++++++++++++++++,+x30
20260803,1671,hold,8,-,0.8394033908843994,0,0,8,--------,-x8
20260803,1672,hold,5,-,0.9116092324256897,0,0,5,-----,-x5
20260803,1673,hold,4,+,0.9675737619400024,0,4,0,++++,+x4
20260803,1674,hold,6,+,0.9946867227554321,0,6,0,++++++,+x6
20260803,1675,hold,21,+,0.9910829067230225,0,21,0,+++++++++++++++++++++,+x21
20260803,1676,hold,4,+,0.5696917176246643,0,4,0,++++,+x4
20260803,1677,hold,3,+,0.866174578666687,0,3,0,+++,+x3
20260803,1678,hold,24,+,0.990587055683136,0,24,0,++++++++++++++++++++++++,+x24
20260803,1679,hold,12,+,0.9991076588630676,0,12,0,++++++++++++,+x12
20260803,1680,hold,7,-,0.9988045692443848,0,0,7,-------,-x7
20260803,1681,hold,13,+,0.9674088358879089,0,13,0,+++++++++++++,+x13
20260803,1682,hold,7,+,0.9957477450370789,0,7,0,+++++++,+x7
20260803,1683,hold,11,-,0.9955151677131653,0,0,11,-----------,-x11
20260803,1684,hold,8,+,0.9874903559684753,0,8,0,++++++++,+x8
20260803,1685,hold,6,+,0.9228362441062927,0,6,0,++++++,+x6
20260803,1686,hold,17,+,0.5124808549880981,0,17,0,+++++++++++++++++,+x17
20260803,1687,hold,17,+,0.9979519248008728,0,17,0,+++++++++++++++++,+x17
20260803,1688,hold,5,-,0.9589214324951172,0,0,5,-----,-x5
20260803,1689,hold,31,+,0.995296061038971,0,31,0,+++++++++++++++++++++++++++++++,+x31
20260803,1690,hold,14,+,0.9989664554595947,0,14,0,++++++++++++++,+x14
20260803,1691,hold,14,-,0.9405982494354248,0,0,14,--------------,-x14
20260803,1692,hold,25,+,0.9730599522590637,0,25,0,+++++++++++++++++++++++++,+x25
20260803,1693,hold,5,-,0.965489387512207,0,0,5,-----,-x5
20260803,1694,hold,14,-,0.9887477159500122,0,0,14,--------------,-x14
20260803,1695,hold,11,-,0.992986261844635,0,0,11,-----------,-x11
20260803,1696,hold,9,-,0.9568526744842529,0,0,9,---------,-x9
20260803,1697,hold,4,+,0.9884880185127258,0,4,0,++++,+x4
20260803,1698,hold,14,+,0.9991064667701721,0,14,0,++++++++++++++,+x14
20260803,1699,hold,5,-,0.7527512907981873,0,0,5,-----,-x5
20260803,1700,hold,8,-,0.9983339905738831,0,0,8,--------,-x8
20260803,1701,hold,4,-,0.99368816614151,0,0,4,----,-x4
20260803,1702,hold,14,+,0.7487412095069885,0,14,0,++++++++++++++,+x14
20260803,1703,hold,8,-,0.543957531452179,0,0,8,--------,-x8
20260803,1704,hold,7,+,0.9948729872703552,0,7,0,+++++++,+x7
20260803,1705,hold,4,+,0.9606335163116455,0,4,0,++++,+x4
20260803,1706,hold,24,+,0.997464656829834,0,24,0,++++++++++++++++++++++++,+x24
20260803,1707,hold,19,+,0.9903870224952698,0,19,0,+++++++++++++++++++,+x19
20260803,1708,hold,25,+,0.9988818764686584,0,25,0,+++++++++++++++++++++++++,+x25
20260803,1709,hold,27,+,0.9989480376243591,0,27,0,+++++++++++++++++++++++++++,+x27
20260803,1710,hold,25,+,0.9886372685432434,0,25,0,+++++++++++++++++++++++++,+x25
20260803,1711,hold,11,-,0.5488014221191406,0,0,11,-----------,-x11
20260803,1712,hold,10,+,0.9981299042701721,0,10,0,++++++++++,+x10
20260803,1713,hold,5,-,0.6794254183769226,0,0,5,-----,-x5
20260803,1714,hold,7,+,0.8596022129058838,0,7,0,+++++++,+x7
20260803,1715,hold,40,+,0.9886950850486755,0,40,0,++++++++++++++++++++++++++++++++++++++++,+x40
20260803,1716,hold,24,+,0.9932467937469482,0,24,0,++++++++++++++++++++++++,+x24
20260803,1717,hold,14,+,0.9996026158332825,0,14,0,++++++++++++++,+x14
20260803,1718,hold,6,-,0.9975948929786682,0,0,6,------,-x6
20260803,1719,hold,10,+,0.6718803644180298,0,10,0,++++++++++,+x10
20260803,1720,hold,3,-,0.9666593670845032,0,0,3,---,-x3
20260803,1721,hold,28,+,0.9974700212478638,0,28,0,++++++++++++++++++++++++++++,+x28
20260803,1722,hold,42,+,0.9889528751373291,0,42,0,++++++++++++++++++++++++++++++++++++++++++,+x42
20260803,1723,hold,4,-,0.9855782389640808,0,0,4,----,-x4
20260803,1724,hold,19,+,0.6925733685493469,0,19,0,+++++++++++++++++++,+x19
20260803,1725,hold,14,+,0.9982838034629822,0,14,0,++++++++++++++,+x14
20260803,1726,hold,24,+,0.9989954829216003,0,24,0,++++++++++++++++++++++++,+x24
20260803,1727,hold,23,+,0.9993663430213928,0,23,0,+++++++++++++++++++++++,+x23
20260803,1728,hold,3,+,0.9971554279327393,0,3,0,+++,+x3
20260803,1729,hold,8,-,0.9877611398696899,0,0,8,--------,-x8
20260803,1730,hold,25,+,0.9983395338058472,0,25,0,+++++++++++++++++++++++++,+x25
20260803,1731,hold,4,-,0.9213792681694031,0,0,4,----,-x4
20260803,1732,hold,4,-,0.9420936107635498,0,0,4,----,-x4
20260803,1733,hold,7,+,0.9376454949378967,0,7,0,+++++++,+x7
20260803,1734,hold,15,-,0.9043686389923096,0,0,15,---------------,-x15
20260803,1735,hold,3,+,0.9960514903068542,0,3,0,+++,+x3
20260803,1736,hold,19,+,0.99434894323349,0,19,0,+++++++++++++++++++,+x19
20260803,1737,hold,9,-,0.9419329166412354,0,0,9,---------,-x9
20260803,1738,hold,2,+,0.8010032176971436,0,2,0,++,+x2
20260803,1739,hold,3,+,0.9834676384925842,0,3,0,+++,+x3
20260803,1740,hold,8,+,0.83076012134552,0,8,0,++++++++,+x8
20260803,1741,hold,13,-,0.994907796382904,0,0,13,-------------,-x13
20260803,1742,hold,11,+,0.6225982308387756,0,11,0,+++++++++++,+x11
20260803,1743,hold,27,+,0.9922564029693604,0,27,0,+++++++++++++++++++++++++++,+x27
20260803,1744,hold,6,-,0.9977732300758362,0,0,6,------,-x6
20260803,1745,hold,14,-,0.9998584985733032,0,0,14,--------------,-x14
20260803,1746,hold,26,+,0.9963493347167969,0,26,0,++++++++++++++++++++++++++,+x26
20260803,1747,hold,21,+,0.9713044762611389,0,21,0,+++++++++++++++++++++,+x21
20260803,1748,hold,13,+,0.9890756607055664,0,13,0,+++++++++++++,+x13
20260803,1749,hold,4,+,0.8981746435165405,0,4,0,++++,+x4
20260803,1750,hold,26,+,0.9976275563240051,0,26,0,++++++++++++++++++++++++++,+x26
20260803,1751,hold,4,+,0.9073525071144104,0,4,0,++++,+x4
20260803,1752,hold,26,+,0.9970982074737549,0,26,0,++++++++++++++++++++++++++,+x26
20260803,1753,hold,15,+,0.5132242441177368,0,15,0,+++++++++++++++,+x15
20260803,1754,hold,8,-,0.806089460849762,0,0,8,--------,-x8
20260803,1755,hold,24,+,0.9983585476875305,0,24,0,++++++++++++++++++++++++,+x24
20260803,1756,hold,4,-,0.9688600301742554,0,0,4,----,-x4
20260803,1757,hold,24,+,0.9618035554885864,0,24,0,++++++++++++++++++++++++,+x24
20260803,1758,hold,27,+,0.9978598952293396,0,27,0,+++++++++++++++++++++++++++,+x27
20260803,1759,hold,26,+,0.9884618520736694,0,26,0,++++++++++++++++++++++++++,+x26
20260803,1760,hold,11,+,0.9969745874404907,0,11,0,+++++++++++,+x11
20260803,1761,hold,23,+,0.9307657480239868,0,23,0,+++++++++++++++++++++++,+x23
20260803,1762,hold,11,+,0.9976562261581421,0,11,0,+++++++++++,+x11
20260803,1763,hold,23,+,0.9998090863227844,0,23,0,+++++++++++++++++++++++,+x23
20260803,1764,hold,8,-,0.9519129395484924,0,0,8,--------,-x8
20260803,1765,hold,9,+,0.9899634718894958,0,9,0,+++++++++,+x9
20260803,1766,hold,29,+,0.9954476952552795,0,29,0,+++++++++++++++++++++++++++++,+x29
20260803,1767,hold,9,+,0.9981845021247864,0,9,0,+++++++++,+x9
20260803,1768,hold,13,-,0.9965128302574158,0,0,13,-------------,-x13
20260803,1769,hold,5,+,0.9374037981033325,0,5,0,+++++,+x5
20260803,1770,hold,8,-,0.8029579520225525,0,0,8,--------,-x8
20260803,1771,hold,11,-,0.9978688955307007,0,0,11,-----------,-x11
20260803,1772,hold,14,-,0.9393454194068909,0,0,14,--------------,-x14
20260803,1773,hold,23,+,0.9521946310997009,0,23,0,+++++++++++++++++++++++,+x23
20260803,1774,hold,9,+,0.9663569331169128,0,9,0,+++++++++,+x9
20260803,1775,hold,6,+,0.9450808763504028,0,6,0,++++++,+x6
20260803,1776,hold,11,-,0.964126467704773,0,0,11,-----------,-x11
20260803,1777,hold,25,+,0.9989998936653137,0,25,0,+++++++++++++++++++++++++,+x25
20260803,1778,hold,2,-,0.5134116411209106,0,0,2,--,-x2
20260803,1779,hold,26,+,0.9872801899909973,0,26,0,++++++++++++++++++++++++++,+x26
20260803,1780,hold,18,+,0.9989547729492188,0,18,0,++++++++++++++++++,+x18
20260803,1781,hold,8,-,0.8084084391593933,0,0,8,--------,-x8
20260803,1782,hold,3,-,0.9740831255912781,0,0,3,---,-x3
20260803,1783,hold,24,+,0.999360978603363,0,24,0,++++++++++++++++++++++++,+x24
20260803,1784,hold,13,-,0.9253550171852112,0,0,13,-------------,-x13
20260803,1785,hold,17,+,0.999555766582489,0,17,0,+++++++++++++++++,+x17
20260803,1786,hold,5,+,0.8573421835899353,0,5,0,+++++,+x5
20260803,1787,hold,27,+,0.9971539974212646,0,27,0,+++++++++++++++++++++++++++,+x27
20260803,1788,hold,8,-,0.998480498790741,0,0,8,--------,-x8
20260803,1789,hold,16,+,0.9975246787071228,0,16,0,++++++++++++++++,+x16
20260803,1790,hold,18,+,0.9991839528083801,0,18,0,++++++++++++++++++,+x18
20260803,1791,hold,24,+,0.6954631209373474,0,24,0,++++++++++++++++++++++++,+x24
20260803,1792,hold,6,-,0.8875306844711304,0,0,6,------,-x6
20260803,1793,hold,8,+,0.9868583679199219,0,8,0,++++++++,+x8
20260803,1794,hold,26,+,0.9992740750312805,0,26,0,++++++++++++++++++++++++++,+x26
20260803,1795,hold,3,-,0.9876722097396851,0,0,3,---,-x3
20260803,1796,hold,14,-,0.9888268709182739,0,0,14,--------------,-x14
20260803,1797,hold,4,-,0.9874310493469238,0,0,4,----,-x4
20260803,1798,hold,13,+,0.7538670301437378,0,13,0,+++++++++++++,+x13
20260803,1799,hold,10,-,0.9596256613731384,0,0,10,----------,-x10
20260803,1800,hold,10,+,0.6078888177871704,0,10,0,++++++++++,+x10
20260803,1801,hold,14,-,0.9855055212974548,0,0,14,--------------,-x14
20260803,1802,hold,7,-,0.9795798063278198,0,0,7,-------,-x7
20260803,1803,hold,14,+,0.9484285712242126,0,14,0,++++++++++++++,+x14
20260803,1804,hold,13,-,0.9998408555984497,0,0,13,-------------,-x13
20260803,1805,hold,4,-,0.6749159097671509,0,0,4,----,-x4
20260803,1806,hold,6,-,0.9041734933853149,0,0,6,------,-x6
20260803,1807,hold,16,-,0.9999768733978271,0,0,16,----------------,-x16
20260803,1808,hold,8,-,0.7871173620223999,0,0,8,--------,-x8
20260803,1809,hold,8,-,0.9815497994422913,0,0,8,--------,-x8
20260803,1810,hold,3,-,0.695135772228241,0,0,3,---,-x3
20260803,1811,hold,3,+,0.8213631510734558,0,3,0,+++,+x3
20260803,1812,hold,11,-,0.9999575614929199,0,0,11,-----------,-x11
20260803,1813,hold,12,-,0.9990143775939941,0,0,12,------------,-x12
20260803,1814,hold,13,-,0.9995342493057251,0,0,13,-------------,-x13
20260803,1815,hold,6,-,0.8923677802085876,0,0,6,------,-x6
20260803,1816,hold,4,-,0.9139231443405151,0,0,4,----,-x4
20260803,1817,hold,16,-,0.9991338849067688,0,0,16,----------------,-x16
20260803,1818,hold,10,-,0.7465867400169373,0,0,10,----------,-x10
20260803,1819,hold,6,+,0.5444116592407227,0,6,0,++++++,+x6
20260803,1820,hold,10,-,0.9292294979095459,0,0,10,----------,-x10
20260803,1821,hold,7,-,0.8316079378128052,0,0,7,-------,-x7
20260803,1822,hold,10,-,0.9995837807655334,0,0,10,----------,-x10
20260803,1823,hold,9,-,0.5384961366653442,0,0,9,---------,-x9
20260803,1824,hold,10,-,0.9999979734420776,0,0,10,----------,-x10
20260803,1825,hold,8,-,0.7817620038986206,0,0,8,--------,-x8
20260803,1826,hold,8,+,0.9868966937065125,0,8,0,++++++++,+x8
20260803,1827,hold,17,-,0.8367337584495544,0,0,17,-----------------,-x17
20260803,1828,hold,13,-,0.9999881982803345,0,0,13,-------------,-x13
20260803,1829,hold,13,-,0.5450717806816101,0,0,13,-------------,-x13
20260803,1830,hold,14,+,0.5499246716499329,0,14,0,++++++++++++++,+x14
20260803,1831,hold,11,+,0.5428757071495056,0,11,0,+++++++++++,+x11
20260803,1832,hold,8,+,0.9565241932868958,0,8,0,++++++++,+x8
20260803,1833,hold,17,-,0.9999922513961792,0,0,17,-----------------,-x17
20260803,1834,hold,8,+,0.9318408966064453,0,8,0,++++++++,+x8
20260803,1835,hold,3,-,0.894527792930603,0,0,3,---,-x3
20260803,1836,hold,7,+,0.7747057676315308,0,7,0,+++++++,+x7
20260803,1837,hold,11,-,0.9999958276748657,0,0,11,-----------,-x11
20260803,1838,hold,9,+,0.6125469207763672,0,9,0,+++++++++,+x9
20260803,1839,hold,10,+,0.5966672897338867,0,10,0,++++++++++,+x10
20260803,1840,hold,13,-,0.9999910593032837,0,0,13,-------------,-x13
20260803,1841,hold,4,+,0.7457457780838013,0,4,0,++++,+x4
20260803,1842,hold,6,-,0.5283704400062561,0,0,6,------,-x6
20260803,1843,hold,6,-,0.608715295791626,0,0,6,------,-x6
20260803,1844,hold,7,+,0.6908472180366516,0,7,0,+++++++,+x7
20260803,1845,hold,13,-,0.999934196472168,0,0,13,-------------,-x13
20260803,1846,hold,7,-,0.578276515007019,0,0,7,-------,-x7
20260803,1847,hold,11,-,0.8420951962471008,0,0,11,-----------,-x11
20260803,1848,hold,13,+,0.7233325839042664,0,13,0,+++++++++++++,+x13
20260803,1849,hold,7,-,0.7927282452583313,0,0,7,-------,-x7
20260803,1850,hold,11,+,0.7630043625831604,0,11,0,+++++++++++,+x11
20260803,1851,hold,11,-,0.9997239708900452,0,0,11,-----------,-x11
20260803,1852,hold,6,-,0.9832406640052795,0,0,6,------,-x6
20260803,1853,hold,3,-,0.9590657949447632,0,0,3,---,-x3
20260803,1854,hold,8,-,0.8613936305046082,0,0,8,--------,-x8
20260803,1855,hold,12,-,0.9999549388885498,0,0,12,------------,-x12
20260803,1856,hold,12,-,0.9999294281005859,0,0,12,------------,-x12
20260803,1857,hold,11,-,0.9998452663421631,0,0,11,-----------,-x11
20260803,1858,hold,15,-,0.9975167512893677,0,0,15,---------------,-x15
20260803,1859,hold,9,-,0.9989956021308899,0,0,9,---------,-x9
20260803,1860,hold,9,-,0.8247091770172119,0,0,9,---------,-x9
20260803,1861,hold,5,-,0.8660858869552612,0,0,5,-----,-x5
20260803,1862,hold,3,-,0.9543857574462891,0,0,3,---,-x3
20260803,1863,hold,12,+,0.9059652090072632,0,12,0,++++++++++++,+x12
20260803,1864,hold,9,+,0.6990225315093994,0,9,0,+++++++++,+x9
20260803,1865,hold,10,+,0.906701385974884,0,10,0,++++++++++,+x10
20260803,1866,hold,13,-,0.9993460774421692,0,0,13,-------------,-x13
20260803,1867,hold,11,+,0.8393304347991943,0,11,0,+++++++++++,+x11
20260803,1868,hold,6,-,0.972252607345581,0,0,6,------,-x6
20260803,1869,hold,19,-,0.9999996423721313,0,0,19,-------------------,-x19
20260803,1870,hold,8,-,0.7366222143173218,0,0,8,--------,-x8
20260803,1871,hold,20,-,0.9999991655349731,0,0,20,--------------------,-x20
20260803,1872,hold,14,-,0.9999980926513672,0,0,14,--------------,-x14
20260803,1873,hold,8,-,0.8932036757469177,0,0,8,--------,-x8
20260803,1874,hold,9,-,0.7029653787612915,0,0,9,---------,-x9
20260803,1875,hold,11,-,0.9996997117996216,0,0,11,-----------,-x11
20260803,1876,hold,20,-,0.9999998807907104,0,0,20,--------------------,-x20
20260803,1877,hold,9,+,0.5347694754600525,0,9,0,+++++++++,+x9
20260803,1878,hold,12,+,0.9203377366065979,0,12,0,++++++++++++,+x12
20260803,1879,hold,6,-,0.9429705142974854,0,0,6,------,-x6
20260803,1880,hold,3,-,0.9612149000167847,0,0,3,---,-x3
20260803,1881,hold,5,-,0.7345811724662781,0,0,5,-----,-x5
20260803,1882,hold,11,-,0.9999611377716064,0,0,11,-----------,-x11
20260803,1883,hold,12,+,0.8257040977478027,0,12,0,++++++++++++,+x12
20260803,1884,hold,18,-,0.9999992847442627,0,0,18,------------------,-x18
20260803,1885,hold,13,-,0.9999972581863403,0,0,13,-------------,-x13
20260803,1886,hold,8,-,0.6971182823181152,0,0,8,--------,-x8
20260803,1887,hold,14,-,0.9990068078041077,0,0,14,--------------,-x14
20260803,1888,hold,7,-,0.9929514527320862,0,0,7,-------,-x7
20260803,1889,hold,10,+,0.6129173636436462,0,10,0,++++++++++,+x10
20260803,1890,hold,15,-,0.863372266292572,0,0,15,---------------,-x15
20260803,1891,hold,16,-,0.9999972581863403,0,0,16,----------------,-x16
20260803,1892,hold,8,-,0.958470344543457,0,0,8,--------,-x8
20260803,1893,hold,5,-,0.9118086099624634,0,0,5,-----,-x5
20260803,1894,hold,18,-,1.0,0,0,18,------------------,-x18
20260803,1895,hold,14,-,0.999996542930603,0,0,14,--------------,-x14
20260803,1896,hold,10,-,0.9059263467788696,0,0,10,----------,-x10
20260803,1897,hold,23,-,0.9999998807907104,0,0,23,-----------------------,-x23
20260803,1898,hold,16,+,0.7767879962921143,0,16,0,++++++++++++++++,+x16
20260803,1899,hold,13,-,0.9986234903335571,0,0,13,-------------,-x13
20260803,1900,hold,15,+,0.9479336738586426,0,15,0,+++++++++++++++,+x15
20260803,1901,hold,2,-,0.8442333340644836,0,0,2,--,-x2
20260803,1902,hold,10,+,0.6022245287895203,0,10,0,++++++++++,+x10
20260803,1903,hold,4,+,0.7965779900550842,0,4,0,++++,+x4
20260803,1904,hold,21,-,1.0,0,0,21,---------------------,-x21
20260803,1905,hold,17,-,0.6119316816329956,0,0,17,-----------------,-x17
20260803,1906,hold,19,-,0.9999992847442627,0,0,19,-------------------,-x19
20260803,1907,hold,9,-,0.9841572642326355,0,0,9,---------,-x9
20260803,1908,hold,12,-,0.9999926090240479,0,0,12,------------,-x12
20260803,1909,hold,16,-,0.9999676942825317,0,0,16,----------------,-x16
20260803,1910,hold,17,-,0.9999628067016602,0,0,17,-----------------,-x17
20260803,1911,hold,11,+,0.5663974285125732,0,11,0,+++++++++++,+x11
20260803,1912,hold,8,-,0.896426260471344,0,0,8,--------,-x8
20260803,1913,hold,6,-,0.5009569525718689,0,0,6,------,-x6
20260803,1914,hold,5,-,0.8421679735183716,0,0,5,-----,-x5
20260803,1915,hold,5,-,0.6722087264060974,0,0,5,-----,-x5
20260803,1916,hold,11,+,0.5093627572059631,0,11,0,+++++++++++,+x11
20260803,1917,hold,3,+,0.5761652588844299,0,3,0,+++,+x3
20260803,1918,hold,19,-,0.9999996423721313,0,0,19,-------------------,-x19
20260803,1919,hold,9,-,0.6796445250511169,0,0,9,---------,-x9
20260803,1920,hold,13,+,0.5690287351608276,0,13,0,+++++++++++++,+x13
20260803,1921,hold,11,-,0.9953964352607727,0,0,11,-----------,-x11
20260803,1922,hold,11,-,0.9999978542327881,0,0,11,-----------,-x11
20260803,1923,hold,19,-,1.0,0,0,19,-------------------,-x19
20260803,1924,hold,16,-,0.9997767806053162,0,0,16,----------------,-x16
20260803,1925,hold,14,-,0.9999562501907349,0,0,14,--------------,-x14
20260803,1926,hold,17,-,0.9999991655349731,0,0,17,-----------------,-x17
20260803,1927,hold,15,-,0.979596734046936,0,0,15,---------------,-x15
20260803,1928,hold,11,-,0.9929630160331726,0,0,11,-----------,-x11
20260803,1929,hold,9,-,0.8283706307411194,0,0,9,---------,-x9
20260803,1930,hold,17,-,0.9999998807907104,0,0,17,-----------------,-x17
20260803,1931,hold,6,-,0.9818068742752075,0,0,6,------,-x6
20260803,1932,hold,14,-,0.9999890327453613,0,0,14,--------------,-x14
20260803,1933,hold,1,-,0.9078493714332581,0,0,1,-,-x1
20260803,1934,hold,20,-,0.9999998807907104,0,0,20,--------------------,-x20
20260803,1935,hold,18,-,0.8930253982543945,0,0,18,------------------,-x18
20260803,1936,hold,17,-,0.9836956262588501,0,0,17,-----------------,-x17
20260803,1937,hold,9,-,0.5260737538337708,0,0,9,---------,-x9
20260803,1938,hold,17,-,0.9997106194496155,0,0,17,-----------------,-x17
20260803,1939,hold,2,-,0.9786890149116516,0,0,2,--,-x2
20260803,1940,hold,14,-,0.9997989535331726,0,0,14,--------------,-x14
20260803,1941,hold,10,+,0.7350619435310364,0,10,0,++++++++++,+x10
20260803,1942,hold,6,-,0.5394200086593628,0,0,6,------,-x6
20260803,1943,hold,13,-,0.9999754428863525,0,0,13,-------------,-x13
20260803,1944,hold,12,-,0.9964118599891663,0,0,12,------------,-x12
20260803,1945,hold,15,-,0.9999213218688965,0,0,15,---------------,-x15
20260803,1946,hold,12,-,0.9996740818023682,0,0,12,------------,-x12
20260803,1947,hold,1,-,0.9502493143081665,0,0,1,-,-x1
20260803,1948,hold,22,-,1.0,0,0,22,----------------------,-x22
20260803,1949,hold,12,-,0.9765449166297913,0,0,12,------------,-x12
20260803,1950,hold,12,+,0.8942888379096985,0,12,0,++++++++++++,+x12
20260803,1951,hold,16,-,0.9999953508377075,0,0,16,----------------,-x16
20260803,1952,hold,9,-,0.698696494102478,0,0,9,---------,-x9
20260803,1953,hold,2,-,0.6472107768058777,0,0,2,--,-x2
20260803,1954,hold,13,-,0.9919708967208862,0,0,13,-------------,-x13
20260803,1955,hold,16,-,0.999934196472168,0,0,16,----------------,-x16
20260803,1956,hold,14,-,0.9999998807907104,0,0,14,--------------,-x14
20260803,1957,hold,15,-,0.999998927116394,0,0,15,---------------,-x15
20260803,1958,hold,14,-,1.0,0,0,14,--------------,-x14
20260803,1959,hold,19,-,1.0,0,0,19,-------------------,-x19
20260803,1960,hold,14,-,0.9764285683631897,0,0,14,--------------,-x14
20260803,1961,hold,5,+,0.795863926410675,0,5,0,+++++,+x5
20260803,1962,hold,13,-,0.9999772310256958,0,0,13,-------------,-x13
20260803,1963,hold,17,-,0.9999991655349731,0,0,17,-----------------,-x17
20260803,1964,hold,12,-,0.9987510442733765,0,0,12,------------,-x12
20260803,1965,hold,6,-,0.813122570514679,0,0,6,------,-x6
20260803,1966,hold,17,-,0.9984921216964722,0,0,17,-----------------,-x17
20260803,1967,hold,14,-,0.8608779907226562,0,0,14,--------------,-x14
20260803,1968,hold,12,-,0.9988090991973877,0,0,12,------------,-x12
20260803,1969,hold,8,-,0.9708540439605713,0,0,8,--------,-x8
20260803,1970,hold,15,-,0.9529034495353699,0,0,15,---------------,-x15
20260803,1971,hold,10,-,0.9690027236938477,0,0,10,----------,-x10
20260803,1972,hold,19,-,0.9999996423721313,0,0,19,-------------------,-x19
20260803,1973,hold,9,-,0.9999995231628418,0,0,9,---------,-x9
20260803,1974,hold,12,-,0.9999241828918457,0,0,12,------------,-x12
20260803,1975,hold,10,+,0.6107143759727478,0,10,0,++++++++++,+x10
20260803,1976,hold,9,-,0.6615312099456787,0,0,9,---------,-x9
20260803,1977,hold,11,+,0.5864280462265015,0,11,0,+++++++++++,+x11
20260803,1978,hold,8,-,0.9546349048614502,0,0,8,--------,-x8
20260803,1979,hold,9,-,0.9999818801879883,0,0,9,---------,-x9
20260803,1980,hold,9,-,0.7961317896842957,0,0,9,---------,-x9
20260803,1981,hold,14,-,0.9999847412109375,0,0,14,--------------,-x14
20260803,1982,hold,14,-,0.9999991655349731,0,0,14,--------------,-x14
20260803,1983,hold,20,-,1.0,0,0,20,--------------------,-x20
20260803,1984,hold,12,-,0.9969989061355591,0,0,12,------------,-x12
20260803,1985,hold,7,-,0.9462332725524902,0,0,7,-------,-x7
20260803,1986,hold,9,-,0.9954759478569031,0,0,9,---------,-x9
20260803,1987,hold,4,-,0.7392911911010742,0,0,4,----,-x4
20260803,1988,hold,20,-,1.0,0,0,20,--------------------,-x20
20260803,1989,hold,15,-,0.9999815225601196,0,0,15,---------------,-x15
20260803,1990,hold,21,-,1.0,0,0,21,---------------------,-x21
20260803,1991,hold,13,-,0.9999921321868896,0,0,13,-------------,-x13
20260803,1992,hold,7,-,0.9963405132293701,0,0,7,-------,-x7
20260803,1993,hold,15,-,0.9999997615814209,0,0,15,---------------,-x15
20260803,1994,hold,15,-,0.9999998807907104,0,0,15,---------------,-x15
20260803,1995,hold,16,-,0.9999998807907104,0,0,16,----------------,-x16
20260803,1996,hold,17,-,0.8144041895866394,0,0,17,-----------------,-x17
20260803,1997,hold,9,-,0.9583410024642944,0,0,9,---------,-x9
20260803,1998,hold,7,-,0.7764529585838318,0,0,7,-------,-x7
20260803,1999,hold,7,+,0.8664281368255615,0,7,0,+++++++,+x7
20260803,2000,hold,7,-,0.9904984831809998,0,0,7,-------,-x7
20260803,2001,hold,13,-,0.9999841451644897,0,0,13,-------------,-x13
20260803,2002,hold,14,-,0.9998996257781982,0,0,14,--------------,-x14
20260803,2003,hold,7,-,0.8826647400856018,0,0,7,-------,-x7
20260803,2004,hold,17,-,0.9973983764648438,0,0,17,-----------------,-x17
20260803,2005,hold,13,-,0.9999760389328003,0,0,13,-------------,-x13
20260803,2006,hold,14,-,0.9999879598617554,0,0,14,--------------,-x14
20260803,2007,hold,13,-,0.8776273727416992,0,0,13,-------------,-x13
20260803,2008,hold,13,-,0.9998588562011719,0,0,13,-------------,-x13
20260803,2009,hold,8,-,0.9999818801879883,0,0,8,--------,-x8
20260803,2010,hold,2,+,0.5584540367126465,0,2,0,++,+x2
20260803,2011,hold,15,-,0.9999841451644897,0,0,15,---------------,-x15
20260803,2012,hold,21,-,1.0,0,0,21,---------------------,-x21
20260803,2013,hold,15,-,0.9999877214431763,0,0,15,---------------,-x15
20260803,2014,hold,9,+,0.6252816915512085,0,9,0,+++++++++,+x9
20260803,2015,hold,18,-,1.0,0,0,18,------------------,-x18
20260803,2016,hold,21,-,1.0,0,0,21,---------------------,-x21
20260803,2017,hold,10,+,0.645632266998291,0,10,0,++++++++++,+x10
20260803,2018,hold,13,-,0.9964545965194702,0,0,13,-------------,-x13
20260803,2019,hold,19,-,1.0,0,0,19,-------------------,-x19
20260803,2020,hold,9,-,0.9389827251434326,0,0,9,---------,-x9
20260803,2021,hold,14,+,0.5318853259086609,0,14,0,++++++++++++++,+x14
20260803,2022,hold,10,+,0.9517393708229065,0,10,0,++++++++++,+x10
20260803,2023,hold,10,-,0.9999037981033325,0,0,10,----------,-x10
20260803,2024,hold,17,-,0.9997643828392029,0,0,17,-----------------,-x17
20260803,2025,hold,9,-,0.6470045447349548,0,0,9,---------,-x9
20260803,2026,hold,10,+,0.7748878002166748,0,10,0,++++++++++,+x10
20260803,2027,hold,9,+,0.735400915145874,0,9,0,+++++++++,+x9
20260803,2028,hold,20,-,0.9999977350234985,0,0,20,--------------------,-x20
20260803,2029,hold,3,+,0.8851935863494873,0,3,0,+++,+x3
20260803,2030,hold,7,+,0.8616425395011902,0,7,0,+++++++,+x7
20260803,2031,hold,3,+,0.7962830662727356,0,3,0,+++,+x3
20260803,2032,hold,9,-,0.966589629650116,0,0,9,---------,-x9
20260803,2033,hold,4,-,0.6868107914924622,0,0,4,----,-x4
20260803,2034,hold,1,-,0.9352356195449829,0,0,1,-,-x1
20260803,2035,hold,19,-,0.9999996423721313,0,0,19,-------------------,-x19
20260803,2036,hold,11,-,0.9310334920883179,0,0,11,-----------,-x11
20260803,2037,hold,6,+,0.9549998641014099,0,6,0,++++++,+x6
20260803,2038,hold,12,+,0.9639708995819092,0,12,0,++++++++++++,+x12
20260803,2039,hold,16,-,0.998163640499115,0,0,16,----------------,-x16
20260803,2040,hold,5,-,0.6994048953056335,0,0,5,-----,-x5
20260803,2041,hold,19,-,0.9999997615814209,0,0,19,-------------------,-x19
20260803,2042,hold,12,-,0.9994736313819885,0,0,12,------------,-x12
20260803,2043,hold,11,+,0.987417459487915,0,11,0,+++++++++++,+x11
20260803,2044,hold,10,-,0.9999995231628418,0,0,10,----------,-x10
20260803,2045,hold,13,+,0.7948824167251587,0,13,0,+++++++++++++,+x13
20260803,2046,hold,9,-,0.97018963098526,0,0,9,---------,-x9
20260803,2047,hold,10,+,0.9670906066894531,0,10,0,++++++++++,+x10
20260803,2048,hold,15,-,0.999997615814209,0,0,15,---------------,-x15
20260803,2049,hold,5,-,0.6606486439704895,0,0,5,-----,-x5
20260803,2050,hold,1,-,0.8511625528335571,0,0,1,-,-x1
20260803,2051,hold,9,-,0.9999998807907104,0,0,9,---------,-x9
20260803,2052,hold,13,-,0.9988875985145569,0,0,13,-------------,-x13
20260803,2053,hold,14,-,0.9999271631240845,0,0,14,--------------,-x14
20260803,2054,hold,15,+,0.931618332862854,0,15,0,+++++++++++++++,+x15
20260803,2055,hold,17,-,0.9999043941497803,0,0,17,-----------------,-x17
20260803,2056,hold,16,-,0.9998148083686829,0,0,16,----------------,-x16
20260803,2057,hold,17,-,0.9998717308044434,0,0,17,-----------------,-x17
20260803,2058,hold,3,+,0.5188565850257874,0,3,0,+++,+x3
20260803,2059,hold,9,+,0.9694004654884338,0,9,0,+++++++++,+x9
20260803,2060,hold,17,-,0.9999939203262329,0,0,17,-----------------,-x17
20260803,2061,hold,4,-,0.6777380108833313,0,0,4,----,-x4
20260803,2062,hold,13,+,0.8943793177604675,0,13,0,+++++++++++++,+x13
20260803,2063,hold,18,-,0.9999994039535522,0,0,18,------------------,-x18
20260803,2064,hold,9,-,0.9723066687583923,0,0,9,---------,-x9
20260803,2065,hold,8,+,0.7774890065193176,0,8,0,++++++++,+x8
20260803,2066,hold,18,-,0.9999862909317017,0,0,18,------------------,-x18
20260803,2067,hold,9,-,0.9999558925628662,0,0,9,---------,-x9
20260803,2068,hold,18,-,0.9999990463256836,0,0,18,------------------,-x18
20260803,2069,hold,18,-,0.9999997615814209,0,0,18,------------------,-x18
20260803,2070,hold,6,-,0.9835145473480225,0,0,6,------,-x6
20260803,2071,hold,18,-,0.9999967813491821,0,0,18,------------------,-x18
20260803,2072,hold,2,-,0.5448948740959167,0,0,2,--,-x2
20260803,2073,hold,18,-,0.9999998807907104,0,0,18,------------------,-x18
20260803,2074,hold,15,-,0.9227817058563232,0,0,15,---------------,-x15
20260803,2075,hold,8,-,0.632990300655365,0,0,8,--------,-x8
20260803,2076,hold,14,+,0.998596727848053,0,14,0,++++++++++++++,+x14
20260803,2077,hold,2,-,0.7332155704498291,0,0,2,--,-x2
20260803,2078,hold,3,-,0.9588112235069275,0,0,3,---,-x3
20260803,2079,hold,3,+,0.7249224781990051,0,3,0,+++,+x3
20260803,2080,hold,1,-,0.5124701261520386,0,0,1,-,-x1
20260803,2081,hold,17,-,0.9999525547027588,0,0,17,-----------------,-x17
20260803,2082,hold,3,-,0.5123242735862732,0,0,3,---,-x3
20260803,2083,hold,19,-,1.0,0,0,19,-------------------,-x19
20260803,2084,hold,12,-,0.9999959468841553,0,0,12,------------,-x12
20260803,2085,hold,7,-,0.9987943172454834,0,0,7,-------,-x7
20260803,2086,hold,7,-,0.8822314739227295,0,0,7,-------,-x7
20260803,2087,hold,21,-,1.0,0,0,21,---------------------,-x21
20260803,2088,hold,15,-,0.9999994039535522,0,0,15,---------------,-x15
20260803,2089,hold,11,-,1.0,0,0,11,-----------,-x11
20260803,2090,hold,4,-,0.7131867408752441,0,0,4,----,-x4
20260803,2091,hold,7,+,0.5518280267715454,0,7,0,+++++++,+x7
20260803,2092,hold,7,-,0.966757595539093,0,0,7,-------,-x7
20260803,2093,hold,14,-,0.9982637763023376,0,0,14,--------------,-x14
20260803,2094,hold,13,-,0.9999986886978149,0,0,13,-------------,-x13
20260803,2095,hold,9,-,0.6576552391052246,0,0,9,---------,-x9
20260803,2096,hold,2,-,0.8468859195709229,0,0,2,--,-x2
20260803,2097,hold,6,-,0.6647335886955261,0,0,6,------,-x6
20260803,2098,hold,11,-,0.9999997615814209,0,0,11,-----------,-x11
20260803,2099,hold,17,-,0.9999997615814209,0,0,17,-----------------,-x17
20260803,2100,hold,10,-,0.945245087146759,0,0,10,----------,-x10
20260803,2101,hold,8,-,0.6966502070426941,0,0,8,--------,-x8
20260803,2102,hold,7,-,0.5970910787582397,0,0,7,-------,-x7
20260803,2103,hold,8,+,0.7588253617286682,0,8,0,++++++++,+x8
20260803,2104,hold,8,-,0.8911435008049011,0,0,8,--------,-x8
20260803,2105,hold,18,-,0.9999983310699463,0,0,18,------------------,-x18
20260803,2106,hold,18,-,0.9998999834060669,0,0,18,------------------,-x18
20260803,2107,hold,22,+,0.67232745885849,0,22,0,++++++++++++++++++++++,+x22
20260803,2108,hold,7,-,0.7324894666671753,0,0,7,-------,-x7
20260803,2109,hold,19,-,0.9999489784240723,0,0,19,-------------------,-x19
20260803,2110,hold,1,-,0.7537275552749634,0,0,1,-,-x1
20260803,2111,hold,6,-,0.6037753224372864,0,0,6,------,-x6
20260803,2112,hold,16,-,0.999366819858551,0,0,16,----------------,-x16
20260803,2113,hold,17,-,0.9999994039535522,0,0,17,-----------------,-x17
20260803,2114,hold,11,-,0.9998431205749512,0,0,11,-----------,-x11
20260803,2115,hold,9,+,0.8687970042228699,0,9,0,+++++++++,+x9
20260803,2116,hold,13,-,0.9999915361404419,0,0,13,-------------,-x13
20260803,2117,hold,19,-,0.9999991655349731,0,0,19,-------------------,-x19
20260803,2118,hold,20,-,0.9999299049377441,0,0,20,--------------------,-x20
20260803,2119,hold,18,-,0.999991774559021,0,0,18,------------------,-x18
20260803,2120,hold,10,-,0.9999997615814209,0,0,10,----------,-x10
20260803,2121,hold,21,-,0.9989739656448364,0,0,21,---------------------,-x21
20260803,2122,hold,9,-,0.7009804248809814,0,0,9,---------,-x9
20260803,2123,hold,4,-,0.8625131249427795,0,0,4,----,-x4
20260803,2124,hold,3,-,0.8110063672065735,0,0,3,---,-x3
20260803,2125,hold,2,-,0.8704190850257874,0,0,2,--,-x2
20260803,2126,hold,8,+,0.5035148859024048,0,8,0,++++++++,+x8
20260803,2127,hold,2,-,0.8537865877151489,0,0,2,--,-x2
20260803,2128,hold,16,-,0.9999996423721313,0,0,16,----------------,-x16
20260803,2129,hold,7,-,0.8279433846473694,0,0,7,-------,-x7
20260803,2130,hold,9,-,0.9598782062530518,0,0,9,---------,-x9
20260803,2131,hold,16,-,0.9999945163726807,0,0,16,----------------,-x16
20260803,2132,hold,17,-,0.9998607635498047,0,0,17,-----------------,-x17
20260803,2133,hold,13,-,0.9999860525131226,0,0,13,-------------,-x13
20260803,2134,hold,7,-,0.9767951369285583,0,0,7,-------,-x7
20260803,2135,hold,8,-,0.637823224067688,0,0,8,--------,-x8
20260803,2136,hold,19,-,1.0,0,0,19,-------------------,-x19
20260803,2137,hold,17,-,0.9999982118606567,0,0,17,-----------------,-x17
20260803,2138,hold,4,-,0.8216313719749451,0,0,4,----,-x4
20260803,2139,hold,17,-,0.9999980926513672,0,0,17,-----------------,-x17
20260803,2140,hold,11,-,0.6988779306411743,0,0,11,-----------,-x11
20260803,2141,hold,24,-,0.5117720365524292,0,0,24,------------------------,-x24
20260803,2142,hold,5,-,0.8732240796089172,0,0,5,-----,-x5
20260803,2143,hold,16,-,0.9999997615814209,0,0,16,----------------,-x16
20260803,2144,hold,9,-,0.9999998807907104,0,0,9,---------,-x9
20260803,2145,hold,18,-,0.9999997615814209,0,0,18,------------------,-x18
20260803,2146,hold,18,-,0.9999996423721313,0,0,18,------------------,-x18
20260803,2147,hold,18,-,0.9999679327011108,0,0,18,------------------,-x18
20260803,2148,hold,19,-,1.0,0,0,19,-------------------,-x19
20260803,2149,hold,15,-,0.9999984502792358,0,0,15,---------------,-x15
20260803,2150,hold,12,-,1.0,0,0,12,------------,-x12
20260803,2151,hold,16,-,0.9999947547912598,0,0,16,----------------,-x16
20260803,2152,hold,18,-,0.9999996423721313,0,0,18,------------------,-x18
20260803,2153,hold,10,-,0.9831644892692566,0,0,10,----------,-x10
20260803,2154,hold,7,-,0.671118974685669,0,0,7,-------,-x7
20260803,2155,hold,10,-,0.9999997615814209,0,0,10,----------,-x10
20260803,2156,hold,9,-,0.8582181930541992,0,0,9,---------,-x9
20260803,2157,hold,9,-,0.9445656538009644,0,0,9,---------,-x9
20260803,2158,hold,12,-,0.9934362173080444,0,0,12,------------,-x12
20260803,2159,hold,6,-,0.6076613664627075,0,0,6,------,-x6
20260803,2160,hold,5,-,0.9218939542770386,0,0,5,-----,-x5
20260702,1,requery,8,+,0.7252114415168762,1,6,2,++++++--,+x6|-x2
20260702,2,requery,27,+,0.9850940704345703,1,8,19,++++++++-------------------,+x8|-x19
20260702,3,requery,26,+,0.9961293935775757,1,7,19,+++++++-------------------,+x7|-x19
20260702,4,requery,6,+,0.7624968886375427,0,6,0,++++++,+x6
20260702,5,requery,12,+,0.9942305088043213,1,5,7,+++++-------,+x5|-x7
20260702,6,requery,2,+,0.7146410942077637,0,2,0,++,+x2
20260702,7,requery,12,+,0.983146607875824,1,4,8,++++--------,+x4|-x8
20260702,8,requery,10,+,0.9712029099464417,1,3,7,+++-------,+x3|-x7
20260702,9,requery,3,+,0.937215268611908,0,3,0,+++,+x3
20260702,10,requery,8,-,0.9992626309394836,0,0,8,--------,-x8
20260702,11,requery,22,+,0.9933927655220032,1,6,16,++++++----------------,+x6|-x16
20260702,12,requery,10,+,0.7177350521087646,1,8,2,++++++++--,+x8|-x2
20260702,13,requery,12,-,0.9970505237579346,0,0,12,------------,-x12
20260702,14,requery,7,-,0.9203827977180481,0,0,7,-------,-x7
20260702,15,requery,10,-,0.6275936961174011,2,2,8,----++----,-x4|+x2|-x4
20260702,16,requery,8,+,0.7976948022842407,0,8,0,++++++++,+x8
20260702,17,requery,7,+,0.7822593450546265,1,1,6,+------,+x1|-x6
20260702,18,requery,6,+,0.8143894672393799,0,6,0,++++++,+x6
20260702,19,requery,13,+,0.9947543144226074,1,5,8,+++++--------,+x5|-x8
20260702,20,requery,6,+,0.7435641288757324,0,6,0,++++++,+x6
20260702,21,requery,8,-,0.9931672215461731,0,0,8,--------,-x8
20260702,22,requery,12,+,0.9940502047538757,1,4,8,++++--------,+x4|-x8
20260702,23,requery,12,+,0.595910370349884,1,1,11,+-----------,+x1|-x11
20260702,24,requery,18,+,0.986003577709198,1,9,9,+++++++++---------,+x9|-x9
20260702,25,requery,13,+,0.997142493724823,1,4,9,++++---------,+x4|-x9
20260702,26,requery,11,+,0.9972628355026245,1,4,7,++++-------,+x4|-x7
20260702,27,requery,9,+,0.9183482527732849,1,3,6,+++------,+x3|-x6
20260702,28,requery,27,+,0.9789493083953857,1,7,20,+++++++--------------------,+x7|-x20
20260702,29,requery,12,+,0.9984896183013916,1,5,7,+++++-------,+x5|-x7
20260702,30,requery,7,-,0.977253794670105,0,0,7,-------,-x7
20260702,31,requery,9,-,0.9955912828445435,2,1,8,----+----,-x4|+x1|-x4
20260702,32,requery,14,+,0.9868674278259277,1,8,6,++++++++------,+x8|-x6
20260702,33,requery,13,+,0.9823295474052429,1,3,10,+++----------,+x3|-x10
20260702,34,requery,6,+,0.8725515604019165,1,4,2,++++--,+x4|-x2
20260702,35,requery,12,+,0.7849303483963013,1,4,8,++++--------,+x4|-x8
20260702,36,requery,11,+,0.993477463722229,1,5,6,+++++------,+x5|-x6
20260702,37,requery,10,-,0.974796712398529,0,0,10,----------,-x10
20260702,38,requery,9,-,0.9850157499313354,0,0,9,---------,-x9
20260702,39,requery,10,-,0.778037428855896,0,0,10,----------,-x10
20260702,40,requery,13,+,0.9953219294548035,1,8,5,++++++++-----,+x8|-x5
20260702,41,requery,10,+,0.5624325275421143,1,1,9,+---------,+x1|-x9
20260702,42,requery,15,+,0.9973835349082947,1,5,10,+++++----------,+x5|-x10
20260702,43,requery,13,+,0.9954635500907898,1,5,8,+++++--------,+x5|-x8
20260702,44,requery,9,-,0.9221453666687012,0,0,9,---------,-x9
20260702,45,requery,15,+,0.9905968904495239,1,7,8,+++++++--------,+x7|-x8
20260702,46,requery,14,-,0.6292269825935364,0,0,14,--------------,-x14
20260702,47,requery,7,+,0.7087686061859131,0,7,0,+++++++,+x7
20260702,48,requery,7,-,0.9990649819374084,0,0,7,-------,-x7
20260702,49,requery,7,-,0.9916658997535706,0,0,7,-------,-x7
20260702,50,requery,17,+,0.9961601495742798,1,8,9,++++++++---------,+x8|-x9
20260702,51,requery,5,+,0.9127020239830017,0,5,0,+++++,+x5
20260702,52,requery,5,+,0.7713341116905212,0,5,0,+++++,+x5
20260702,53,requery,16,-,0.9551502466201782,0,0,16,----------------,-x16
20260702,54,requery,8,-,0.9285243153572083,0,0,8,--------,-x8
20260702,55,requery,8,-,0.7774840593338013,0,0,8,--------,-x8
20260702,56,requery,17,+,0.9826375842094421,3,9,8,++++++++----+----,+x8|-x4|+x1|-x4
20260702,57,requery,13,-,0.9755229949951172,0,0,13,-------------,-x13
20260702,58,requery,20,+,0.9714937806129456,1,5,15,+++++---------------,+x5|-x15
20260702,59,requery,12,-,0.9904065728187561,0,0,12,------------,-x12
20260702,60,requery,24,+,0.9865902662277222,1,4,20,++++--------------------,+x4|-x20
20260702,61,requery,12,-,0.9689124822616577,0,0,12,------------,-x12
20260702,62,requery,9,-,0.9928718209266663,0,0,9,---------,-x9
20260702,63,requery,17,+,0.9893189072608948,1,4,13,++++-------------,+x4|-x13
20260702,64,requery,4,-,0.9667750000953674,0,0,4,----,-x4
20260702,65,requery,3,-,0.9884109497070312,0,0,3,---,-x3
20260702,66,requery,11,-,0.8789768815040588,0,0,11,-----------,-x11
20260702,67,requery,15,+,0.9927379488945007,1,7,8,+++++++--------,+x7|-x8
20260702,68,requery,5,-,0.9901648163795471,0,0,5,-----,-x5
20260702,69,requery,8,-,0.6992616057395935,0,0,8,--------,-x8
20260702,70,requery,14,-,0.9797279238700867,0,0,14,--------------,-x14
20260702,71,requery,31,+,0.9832468628883362,1,9,22,+++++++++----------------------,+x9|-x22
20260702,72,requery,7,-,0.997379720211029,0,0,7,-------,-x7
20260702,73,requery,14,+,0.7987948656082153,1,1,13,+-------------,+x1|-x13
20260702,74,requery,8,+,0.6035149097442627,3,3,5,++---+--,+x2|-x3|+x1|-x2
20260702,75,requery,22,+,0.9980201721191406,1,4,18,++++------------------,+x4|-x18
20260702,76,requery,3,+,0.9752464890480042,0,3,0,+++,+x3
20260702,77,requery,7,+,0.8752228021621704,1,5,2,+++++--,+x5|-x2
20260702,78,requery,13,+,0.9813157320022583,1,6,7,++++++-------,+x6|-x7
20260702,79,requery,14,+,0.9425836205482483,1,3,11,+++-----------,+x3|-x11
20260702,80,requery,31,+,0.9905661940574646,1,10,21,++++++++++---------------------,+x10|-x21
20260702,81,requery,8,-,0.9734259247779846,0,0,8,--------,-x8
20260702,82,requery,4,-,0.7217906713485718,0,0,4,----,-x4
20260702,83,requery,28,+,0.9890194535255432,1,11,17,+++++++++++-----------------,+x11|-x17
20260702,84,requery,37,+,0.9971399307250977,1,11,26,+++++++++++--------------------------,+x11|-x26
20260702,85,requery,14,+,0.996042013168335,1,4,10,++++----------,+x4|-x10
20260702,86,requery,12,+,0.978221595287323,3,9,3,++++++++-+--,+x8|-x1|+x1|-x2
20260702,87,requery,14,+,0.7365909814834595,1,2,12,++------------,+x2|-x12
20260702,88,requery,6,+,0.791527509689331,0,6,0,++++++,+x6
20260702,89,requery,14,+,0.5683827996253967,1,2,12,++------------,+x2|-x12
20260702,90,requery,2,-,0.9200326204299927,0,0,2,--,-x2
20260702,91,requery,20,+,0.989854633808136,1,4,16,++++----------------,+x4|-x16
20260702,92,requery,13,+,0.994601845741272,1,4,9,++++---------,+x4|-x9
20260702,93,requery,6,-,0.6138426661491394,1,4,2,--++++,-x2|+x4
20260702,94,requery,12,-,0.968280017375946,0,0,12,------------,-x12
20260702,95,requery,5,+,0.9036458134651184,0,5,0,+++++,+x5
20260702,96,requery,13,-,0.9988831877708435,0,0,13,-------------,-x13
20260702,97,requery,8,+,0.857354462146759,1,6,2,++++++--,+x6|-x2
20260702,98,requery,7,-,0.8576046228408813,0,0,7,-------,-x7
20260702,99,requery,12,+,0.8987782001495361,2,9,3,++++++---+++,+x6|-x3|+x3
20260702,100,requery,7,+,0.7569807767868042,0,7,0,+++++++,+x7
20260702,101,requery,12,-,0.9792952537536621,0,0,12,------------,-x12
20260702,102,requery,7,-,0.5337106585502625,2,1,6,---+---,-x3|+x1|-x3
20260702,103,requery,11,+,0.9971490502357483,1,5,6,+++++------,+x5|-x6
20260702,104,requery,6,+,0.9108291268348694,0,6,0,++++++,+x6
20260702,105,requery,27,+,0.9934043288230896,1,11,16,+++++++++++----------------,+x11|-x16
20260702,106,requery,14,+,0.9618232846260071,1,4,10,++++----------,+x4|-x10
20260702,107,requery,11,+,0.9880770444869995,1,4,7,++++-------,+x4|-x7
20260702,108,requery,11,+,0.9943670630455017,1,5,6,+++++------,+x5|-x6
20260702,109,requery,6,+,0.8394564986228943,0,6,0,++++++,+x6
20260702,110,requery,15,+,0.9978771209716797,1,6,9,++++++---------,+x6|-x9
20260702,111,requery,17,+,0.9948893785476685,1,6,11,++++++-----------,+x6|-x11
20260702,112,requery,13,+,0.9859659075737,1,6,7,++++++-------,+x6|-x7
20260702,113,requery,15,+,0.9753589630126953,1,6,9,++++++---------,+x6|-x9
20260702,114,requery,13,+,0.9889953136444092,5,6,7,+++--+-++----,+x3|-x2|+x1|-x1|+x2|-x4
20260702,115,requery,12,+,0.9885623455047607,3,6,6,+++++-----+-,+x5|-x5|+x1|-x1
20260702,116,requery,5,-,0.9819797277450562,0,0,5,-----,-x5
20260702,117,requery,13,+,0.9951601624488831,1,6,7,++++++-------,+x6|-x7
20260702,118,requery,14,+,0.8530871272087097,1,2,12,++------------,+x2|-x12
20260702,119,requery,9,+,0.8238122463226318,1,1,8,+--------,+x1|-x8
20260702,120,requery,9,-,0.9565577507019043,0,0,9,---------,-x9
20260702,121,requery,5,-,0.7025207877159119,0,0,5,-----,-x5
20260702,122,requery,15,+,0.7601628303527832,1,1,14,+--------------,+x1|-x14
20260702,123,requery,9,+,0.6498409509658813,2,8,1,+++++-+++,+x5|-x1|+x3
20260702,124,requery,4,+,0.6482388973236084,0,4,0,++++,+x4
20260702,125,requery,31,+,0.9889994263648987,1,12,19,++++++++++++-------------------,+x12|-x19
20260702,126,requery,28,+,0.9950196743011475,1,10,18,++++++++++------------------,+x10|-x18
20260702,127,requery,8,+,0.9158784747123718,0,8,0,++++++++,+x8
20260702,128,requery,4,-,0.8195416331291199,0,0,4,----,-x4
20260702,129,requery,7,+,0.9750270247459412,0,7,0,+++++++,+x7
20260702,130,requery,6,-,0.8518269658088684,1,1,5,-----+,-x5|+x1
20260702,131,requery,13,+,0.9957789182662964,5,10,3,+++++++-++-+-,+x7|-x1|+x2|-x1|+x1|-x1
20260702,132,requery,7,-,0.9948621392250061,0,0,7,-------,-x7
20260702,133,requery,11,-,0.9391106963157654,0,0,11,-----------,-x11
20260702,134,requery,14,+,0.9969793558120728,1,5,9,+++++---------,+x5|-x9
20260702,135,requery,15,+,0.9969442486763,1,8,7,++++++++-------,+x8|-x7
20260702,136,requery,13,+,0.9889427423477173,2,6,7,++++-------++,+x4|-x7|+x2
20260702,137,requery,9,-,0.9479618072509766,0,0,9,---------,-x9
20260702,138,requery,5,+,0.9059706926345825,1,3,2,+++--,+x3|-x2
20260702,139,requery,12,-,0.9669862985610962,0,0,12,------------,-x12
20260702,140,requery,14,+,0.9983676075935364,3,4,10,+++-------+---,+x3|-x7|+x1|-x3
20260702,141,requery,14,+,0.5826715230941772,1,1,13,+-------------,+x1|-x13
20260702,142,requery,16,+,0.9867689609527588,1,6,10,++++++----------,+x6|-x10
20260702,143,requery,37,+,0.9953199028968811,1,9,28,+++++++++----------------------------,+x9|-x28
20260702,144,requery,6,+,0.9168999791145325,0,6,0,++++++,+x6
20260702,145,requery,6,+,0.960555911064148,0,6,0,++++++,+x6
20260702,146,requery,7,-,0.8078379034996033,0,0,7,-------,-x7
20260702,147,requery,19,-,0.9797977209091187,0,0,19,-------------------,-x19
20260702,148,requery,9,-,0.9416261315345764,0,0,9,---------,-x9
20260702,149,requery,6,+,0.9789820313453674,0,6,0,++++++,+x6
20260702,150,requery,13,+,0.9320893287658691,1,7,6,+++++++------,+x7|-x6
20260702,151,requery,12,+,0.9850799441337585,5,9,3,++++++-+-++-,+x6|-x1|+x1|-x1|+x2|-x1
20260702,152,requery,11,+,0.9989792108535767,1,5,6,+++++------,+x5|-x6
20260702,153,requery,17,+,0.9952659606933594,1,7,10,+++++++----------,+x7|-x10
20260702,154,requery,14,+,0.9824991226196289,2,8,6,+++++------+++,+x5|-x6|+x3
20260702,155,requery,9,-,0.978124737739563,0,0,9,---------,-x9
20260702,156,requery,21,+,0.9987428784370422,1,6,15,++++++---------------,+x6|-x15
20260702,157,requery,13,+,0.9989718198776245,1,5,8,+++++--------,+x5|-x8
20260702,158,requery,9,-,0.9125485420227051,0,0,9,---------,-x9
20260702,159,requery,11,-,0.985393226146698,0,0,11,-----------,-x11
20260702,160,requery,4,-,0.7472246289253235,0,0,4,----,-x4
20260702,161,requery,7,+,0.7877359986305237,1,5,2,+++++--,+x5|-x2
20260702,162,requery,12,-,0.587699830532074,0,0,12,------------,-x12
20260702,163,requery,6,+,0.992347240447998,0,6,0,++++++,+x6
20260702,164,requery,15,+,0.9954267740249634,1,4,11,++++-----------,+x4|-x11
20260702,165,requery,13,+,0.9983245730400085,1,6,7,++++++-------,+x6|-x7
20260702,166,requery,5,-,0.7165637612342834,0,0,5,-----,-x5
20260702,167,requery,16,+,0.659395158290863,1,1,15,+---------------,+x1|-x15
20260702,168,requery,11,+,0.7670978903770447,1,5,6,+++++------,+x5|-x6
20260702,169,requery,24,+,0.9971053004264832,1,7,17,+++++++-----------------,+x7|-x17
20260702,170,requery,3,+,0.8617275953292847,0,3,0,+++,+x3
20260702,171,requery,13,-,0.9746329188346863,0,0,13,-------------,-x13
20260702,172,requery,8,-,0.6843876838684082,2,2,6,---++---,-x3|+x2|-x3
20260702,173,requery,26,+,0.9870004057884216,1,9,17,+++++++++-----------------,+x9|-x17
20260702,174,requery,10,-,0.6511635780334473,0,0,10,----------,-x10
20260702,175,requery,7,-,0.9945989847183228,0,0,7,-------,-x7
20260702,176,requery,6,+,0.9901579022407532,0,6,0,++++++,+x6
20260702,177,requery,13,+,0.9976375102996826,1,6,7,++++++-------,+x6|-x7
20260702,178,requery,11,-,0.8033297061920166,0,0,11,-----------,-x11
20260702,179,requery,9,-,0.9932304620742798,0,0,9,---------,-x9
20260702,180,requery,15,+,0.9983906745910645,1,7,8,+++++++--------,+x7|-x8
20260702,181,requery,8,+,0.8581937551498413,2,7,1,++++++-+,+x6|-x1|+x1
20260702,182,requery,6,+,0.9867033958435059,1,3,3,+++---,+x3|-x3
20260702,183,requery,26,+,0.9864469766616821,1,14,12,++++++++++++++------------,+x14|-x12
20260702,184,requery,7,-,0.9824051260948181,0,0,7,-------,-x7
20260702,185,requery,4,+,0.9154762625694275,0,4,0,++++,+x4
20260702,186,requery,6,-,0.991503894329071,0,0,6,------,-x6
20260702,187,requery,11,-,0.9349848031997681,1,10,1,-++++++++++,-x1|+x10
20260702,188,requery,7,-,0.9900373220443726,0,0,7,-------,-x7
20260702,189,requery,16,+,0.9956153631210327,1,6,10,++++++----------,+x6|-x10
20260702,190,requery,13,+,0.9844231009483337,1,3,10,+++----------,+x3|-x10
20260702,191,requery,30,+,0.9961714148521423,1,13,17,+++++++++++++-----------------,+x13|-x17
20260702,192,requery,37,+,0.9974339604377747,1,14,23,++++++++++++++-----------------------,+x14|-x23
20260702,193,requery,16,+,0.9211345911026001,1,3,13,+++-------------,+x3|-x13
20260702,194,requery,16,+,0.9945829510688782,1,6,10,++++++----------,+x6|-x10
20260702,195,requery,21,+,0.9974580407142639,1,6,15,++++++---------------,+x6|-x15
20260702,196,requery,11,+,0.9997475743293762,1,4,7,++++-------,+x4|-x7
20260702,197,requery,37,+,0.9900680780410767,1,21,16,+++++++++++++++++++++----------------,+x21|-x16
20260702,198,requery,7,+,0.809778094291687,1,2,5,++-----,+x2|-x5
20260702,199,requery,21,+,0.9946341514587402,1,8,13,++++++++-------------,+x8|-x13
20260702,200,requery,9,-,0.9997497200965881,0,0,9,---------,-x9
20260702,201,requery,6,-,0.9110863208770752,0,0,6,------,-x6
20260702,202,requery,13,+,0.9978650212287903,1,6,7,++++++-------,+x6|-x7
20260702,203,requery,16,+,0.9982498288154602,1,5,11,+++++-----------,+x5|-x11
20260702,204,requery,10,-,0.5230486392974854,2,3,7,-+++------,-x1|+x3|-x6
20260702,205,requery,9,-,0.8814806342124939,0,0,9,---------,-x9
20260702,206,requery,11,-,0.9859275817871094,0,0,11,-----------,-x11
20260702,207,requery,7,-,0.6508927345275879,0,0,7,-------,-x7
20260702,208,requery,4,-,0.8020742535591125,0,0,4,----,-x4
20260702,209,requery,5,+,0.6119316220283508,0,5,0,+++++,+x5
20260702,210,requery,19,+,0.9620042443275452,1,9,10,+++++++++----------,+x9|-x10
20260702,211,requery,6,+,0.8838163018226624,0,6,0,++++++,+x6
20260702,212,requery,11,+,0.9107803106307983,1,2,9,++---------,+x2|-x9
20260702,213,requery,10,-,0.9234201312065125,0,0,10,----------,-x10
20260702,214,requery,23,+,0.9971780776977539,1,13,10,+++++++++++++----------,+x13|-x10
20260702,215,requery,6,+,0.9553212523460388,0,6,0,++++++,+x6
20260702,216,requery,13,+,0.9984363913536072,1,6,7,++++++-------,+x6|-x7
20260702,217,requery,14,-,0.9998237490653992,0,0,14,--------------,-x14
20260702,218,requery,27,+,0.9982693195343018,1,6,21,++++++---------------------,+x6|-x21
20260702,219,requery,12,-,0.7231303453445435,0,0,12,------------,-x12
20260702,220,requery,13,+,0.971968948841095,1,3,10,+++----------,+x3|-x10
20260702,221,requery,5,+,0.6898629665374756,0,5,0,+++++,+x5
20260702,222,requery,10,-,0.9804136157035828,0,0,10,----------,-x10
20260702,223,requery,13,+,0.992631196975708,1,6,7,++++++-------,+x6|-x7
20260702,224,requery,12,-,0.8527637720108032,0,0,12,------------,-x12
20260702,225,requery,17,+,0.8786760568618774,1,2,15,++---------------,+x2|-x15
20260702,226,requery,12,-,0.9858056902885437,0,0,12,------------,-x12
20260702,227,requery,11,+,0.5998766422271729,1,3,8,+++--------,+x3|-x8
20260702,228,requery,17,+,0.9979890584945679,1,8,9,++++++++---------,+x8|-x9
20260702,229,requery,13,+,0.9987745881080627,1,5,8,+++++--------,+x5|-x8
20260702,230,requery,1,+,0.9402992725372314,0,1,0,+,+x1
20260702,231,requery,7,-,0.9866829514503479,0,0,7,-------,-x7
20260702,232,requery,14,+,0.9719431400299072,1,4,10,++++----------,+x4|-x10
20260702,233,requery,16,+,0.9751805067062378,3,8,8,+++++++----+----,+x7|-x4|+x1|-x4
20260702,234,requery,2,+,0.5439844131469727,0,2,0,++,+x2
20260702,235,requery,5,+,0.9653603434562683,0,5,0,+++++,+x5
20260702,236,requery,33,+,0.9965511560440063,1,18,15,++++++++++++++++++---------------,+x18|-x15
20260702,237,requery,8,+,0.8227280378341675,1,2,6,++------,+x2|-x6
20260702,238,requery,8,-,0.6162128448486328,2,4,4,-++++---,-x1|+x4|-x3
20260702,239,requery,13,+,0.9990361928939819,1,6,7,++++++-------,+x6|-x7
20260702,240,requery,23,+,0.9968318343162537,1,8,15,++++++++---------------,+x8|-x15
20260702,241,requery,9,-,0.7299167513847351,3,4,5,----+++-+,-x4|+x3|-x1|+x1
20260702,242,requery,7,-,0.7751638889312744,0,0,7,-------,-x7
20260702,243,requery,18,+,0.9993023872375488,1,5,13,+++++-------------,+x5|-x13
20260702,244,requery,11,-,0.9888773560523987,0,0,11,-----------,-x11
20260702,245,requery,20,+,0.9989246726036072,3,9,11,++++++++--+---------,+x8|-x2|+x1|-x9
20260702,246,requery,5,+,0.7976756691932678,0,5,0,+++++,+x5
20260702,247,requery,16,+,0.9947368502616882,1,9,7,+++++++++-------,+x9|-x7
20260702,248,requery,6,-,0.9950245022773743,0,0,6,------,-x6
20260702,249,requery,11,-,0.9395302534103394,0,0,11,-----------,-x11
20260702,250,requery,13,+,0.9724285006523132,1,5,8,+++++--------,+x5|-x8
20260702,251,requery,16,+,0.915837287902832,1,2,14,++--------------,+x2|-x14
20260702,252,requery,22,+,0.9868414402008057,1,5,17,+++++-----------------,+x5|-x17
20260702,253,requery,17,+,0.9997811913490295,1,10,7,++++++++++-------,+x10|-x7
20260702,254,requery,5,-,0.9966526627540588,0,0,5,-----,-x5
20260702,255,requery,11,+,0.9993022680282593,1,5,6,+++++------,+x5|-x6
20260702,256,requery,12,+,0.9992294311523438,1,4,8,++++--------,+x4|-x8
20260702,257,requery,9,+,0.600288987159729,0,9,0,+++++++++,+x9
20260702,258,requery,18,+,0.8883315324783325,1,2,16,++----------------,+x2|-x16
20260702,259,requery,23,+,0.9902254939079285,1,5,18,+++++------------------,+x5|-x18
20260702,260,requery,14,-,0.7437649369239807,0,0,14,--------------,-x14
20260702,261,requery,14,+,0.9988188147544861,1,11,3,+++++++++++---,+x11|-x3
20260702,262,requery,11,+,0.9988127946853638,1,4,7,++++-------,+x4|-x7
20260702,263,requery,14,+,0.9991464614868164,1,6,8,++++++--------,+x6|-x8
20260702,264,requery,23,+,0.9988947510719299,1,9,14,+++++++++--------------,+x9|-x14
20260702,265,requery,12,+,0.9729952812194824,1,3,9,+++---------,+x3|-x9
20260702,266,requery,8,+,0.9755216240882874,0,8,0,++++++++,+x8
20260702,267,requery,5,-,0.9259617924690247,0,0,5,-----,-x5
20260702,268,requery,10,-,0.9709758758544922,0,0,10,----------,-x10
20260702,269,requery,6,-,0.9993284940719604,0,0,6,------,-x6
20260702,270,requery,6,-,0.9235339760780334,0,0,6,------,-x6
20260702,271,requery,11,+,0.9984508752822876,3,5,6,++++----+--,+x4|-x4|+x1|-x2
20260702,272,requery,26,+,0.9963905215263367,1,7,19,+++++++-------------------,+x7|-x19
20260702,273,requery,23,+,0.9994288086891174,1,5,18,+++++------------------,+x5|-x18
20260702,274,requery,7,-,0.5167549848556519,1,6,1,-++++++,-x1|+x6
20260702,275,requery,14,+,0.9966539144515991,1,6,8,++++++--------,+x6|-x8
20260702,276,requery,14,+,0.9986306428909302,1,7,7,+++++++-------,+x7|-x7
20260702,277,requery,9,-,0.5709071159362793,2,3,6,--+++----,-x2|+x3|-x4
20260702,278,requery,13,+,0.999256432056427,1,5,8,+++++--------,+x5|-x8
20260702,279,requery,10,+,0.9016228318214417,1,2,8,++--------,+x2|-x8
20260702,280,requery,12,+,0.8965733051300049,1,2,10,++----------,+x2|-x10
20260702,281,requery,18,+,0.9925547242164612,1,9,9,+++++++++---------,+x9|-x9
20260702,282,requery,27,+,0.9973227381706238,1,7,20,+++++++--------------------,+x7|-x20
20260702,283,requery,3,+,0.6249220967292786,0,3,0,+++,+x3
20260702,284,requery,11,+,0.8925833106040955,1,3,8,+++--------,+x3|-x8
20260702,285,requery,12,-,0.9272361397743225,0,0,12,------------,-x12
20260702,286,requery,10,+,0.9966611862182617,1,5,5,+++++-----,+x5|-x5
20260702,287,requery,14,+,0.999180257320404,1,9,5,+++++++++-----,+x9|-x5
20260702,288,requery,6,-,0.5851600170135498,2,3,3,--+++-,-x2|+x3|-x1
20260702,289,requery,12,+,0.9982373714447021,1,4,8,++++--------,+x4|-x8
20260702,290,requery,11,+,0.9994387030601501,1,4,7,++++-------,+x4|-x7
20260702,291,requery,18,+,0.9979731440544128,3,10,8,+++++++++-+-------,+x9|-x1|+x1|-x7
20260702,292,requery,6,-,0.6628859043121338,0,0,6,------,-x6
20260702,293,requery,17,+,0.9957841038703918,1,8,9,++++++++---------,+x8|-x9
20260702,294,requery,11,-,0.9939736723899841,0,0,11,-----------,-x11
20260702,295,requery,12,+,0.8149093389511108,1,5,7,+++++-------,+x5|-x7
20260702,296,requery,11,+,0.9887732863426208,1,5,6,+++++------,+x5|-x6
20260702,297,requery,5,+,0.9595599174499512,0,5,0,+++++,+x5
20260702,298,requery,8,+,0.9871813654899597,0,8,0,++++++++,+x8
20260702,299,requery,10,-,0.9182299375534058,0,0,10,----------,-x10
20260702,300,requery,7,+,0.9830754995346069,0,7,0,+++++++,+x7
20260702,301,requery,9,-,0.8884830474853516,0,0,9,---------,-x9
20260702,302,requery,25,+,0.9983664155006409,1,11,14,+++++++++++--------------,+x11|-x14
20260702,303,requery,5,-,0.5790603756904602,2,3,2,-+++-,-x1|+x3|-x1
20260702,304,requery,14,+,0.9992819428443909,1,6,8,++++++--------,+x6|-x8
20260702,305,requery,28,+,0.9979885816574097,1,6,22,++++++----------------------,+x6|-x22
20260702,306,requery,18,+,0.8014594316482544,1,2,16,++----------------,+x2|-x16
20260702,307,requery,11,+,0.9992659687995911,1,5,6,+++++------,+x5|-x6
20260702,308,requery,25,+,0.9967783093452454,1,12,13,++++++++++++-------------,+x12|-x13
20260702,309,requery,9,+,0.7788199186325073,1,6,3,++++++---,+x6|-x3
20260702,310,requery,27,+,0.997605562210083,1,4,23,++++-----------------------,+x4|-x23
20260702,311,requery,14,+,0.9951189756393433,2,8,6,++++++------++,+x6|-x6|+x2
20260702,312,requery,13,+,0.9930452704429626,1,4,9,++++---------,+x4|-x9
20260702,313,requery,14,+,0.9989057779312134,5,7,7,+++++----+-+--,+x5|-x4|+x1|-x1|+x1|-x2
20260702,314,requery,5,+,0.9111465215682983,0,5,0,+++++,+x5
20260702,315,requery,10,+,0.5348237752914429,1,5,5,+++++-----,+x5|-x5
20260702,316,requery,3,+,0.7670930624008179,0,3,0,+++,+x3
20260702,317,requery,19,+,0.9694645404815674,1,8,11,++++++++-----------,+x8|-x11
20260702,318,requery,18,+,0.9986820816993713,1,8,10,++++++++----------,+x8|-x10
20260702,319,requery,6,+,0.5881535410881042,1,4,2,++++--,+x4|-x2
20260702,320,requery,9,-,0.9962673783302307,0,0,9,---------,-x9
20260702,321,requery,1,-,0.9366582036018372,0,0,1,-,-x1
20260702,322,requery,16,-,0.9986577033996582,0,0,16,----------------,-x16
20260702,323,requery,15,+,0.9959926009178162,1,9,6,+++++++++------,+x9|-x6
20260702,324,requery,14,+,0.9991948008537292,1,4,10,++++----------,+x4|-x10
20260702,325,requery,14,+,0.999392032623291,1,6,8,++++++--------,+x6|-x8
20260702,326,requery,5,-,0.8621151447296143,0,0,5,-----,-x5
20260702,327,requery,15,+,0.8069835901260376,1,2,13,++-------------,+x2|-x13
20260702,328,requery,8,+,0.7876380085945129,0,8,0,++++++++,+x8
20260702,329,requery,38,+,0.9980359673500061,1,15,23,+++++++++++++++-----------------------,+x15|-x23
20260702,330,requery,13,+,0.9979774355888367,1,4,9,++++---------,+x4|-x9
20260702,331,requery,22,+,0.9722346663475037,1,4,18,++++------------------,+x4|-x18
20260702,332,requery,14,+,0.9967100620269775,1,7,7,+++++++-------,+x7|-x7
20260702,333,requery,7,-,0.9256635308265686,0,0,7,-------,-x7
20260702,334,requery,7,+,0.9835422039031982,0,7,0,+++++++,+x7
20260702,335,requery,22,+,0.9998356103897095,1,7,15,+++++++---------------,+x7|-x15
20260702,336,requery,25,+,0.9981325268745422,1,8,17,++++++++-----------------,+x8|-x17
20260702,337,requery,12,+,0.9993219375610352,1,5,7,+++++-------,+x5|-x7
20260702,338,requery,7,-,0.9655641317367554,0,0,7,-------,-x7
20260702,339,requery,6,-,0.5722005367279053,0,0,6,------,-x6
20260702,340,requery,13,+,0.995210587978363,1,6,7,++++++-------,+x6|-x7
20260702,341,requery,12,+,0.9988369345664978,1,5,7,+++++-------,+x5|-x7
20260702,342,requery,3,+,0.9703401327133179,0,3,0,+++,+x3
20260702,343,requery,15,-,0.9826123714447021,0,0,15,---------------,-x15
20260702,344,requery,10,+,0.5619442462921143,1,6,4,++++++----,+x6|-x4
20260702,345,requery,4,-,0.6203604936599731,0,0,4,----,-x4
20260702,346,requery,16,+,0.997819185256958,1,8,8,++++++++--------,+x8|-x8
20260702,347,requery,6,+,0.8345889449119568,1,4,2,++++--,+x4|-x2
20260702,348,requery,13,-,0.9838539361953735,0,0,13,-------------,-x13
20260702,349,requery,1,+,0.9142950773239136,0,1,0,+,+x1
20260702,350,requery,4,+,0.8941246867179871,0,4,0,++++,+x4
20260702,351,requery,11,+,0.9817758202552795,1,3,8,+++--------,+x3|-x8
20260702,352,requery,11,+,0.954647421836853,1,9,2,+++++++++--,+x9|-x2
20260702,353,requery,12,-,0.9689772725105286,0,0,12,------------,-x12
20260702,354,requery,10,-,0.7820199728012085,0,0,10,----------,-x10
20260702,355,requery,1,+,0.9742651581764221,0,1,0,+,+x1
20260702,356,requery,3,-,0.9910321831703186,0,0,3,---,-x3
20260702,357,requery,14,-,0.9887779355049133,0,0,14,--------------,-x14
20260702,358,requery,11,-,0.9255253076553345,0,0,11,-----------,-x11
20260702,359,requery,23,+,0.9987706542015076,1,12,11,++++++++++++-----------,+x12|-x11
20260702,360,requery,10,-,0.8208281993865967,0,0,10,----------,-x10
20260702,361,requery,13,-,0.9998805522918701,1,5,8,--------+++++,-x8|+x5
20260702,362,requery,10,+,0.8458520770072937,3,8,2,+++++-+++-,+x5|-x1|+x3|-x1
20260702,363,requery,12,-,0.98870450258255,1,8,4,----++++++++,-x4|+x8
20260702,364,requery,20,-,0.9999998807907104,1,2,18,------------------++,-x18|+x2
20260702,365,requery,9,-,0.718985378742218,1,1,8,--------+,-x8|+x1
20260702,366,requery,5,-,0.529173731803894,2,2,3,-++--,-x1|+x2|-x2
20260702,367,requery,11,-,0.9905909895896912,5,7,4,--++++-+-++,-x2|+x4|-x1|+x1|-x1|+x2
20260702,368,requery,7,+,0.9644156694412231,0,7,0,+++++++,+x7
20260702,369,requery,13,-,0.9999535083770752,1,7,6,------+++++++,-x6|+x7
20260702,370,requery,8,-,0.5335119962692261,0,0,8,--------,-x8
20260702,371,requery,16,-,0.9946228265762329,1,3,13,-------------+++,-x13|+x3
20260702,372,requery,15,-,0.9987673759460449,2,7,8,-------+++++++-,-x7|+x7|-x1
20260702,373,requery,8,-,0.9540999531745911,0,0,8,--------,-x8
20260702,374,requery,5,-,0.5178440809249878,1,3,2,--+++,-x2|+x3
20260702,375,requery,5,-,0.8228681683540344,0,0,5,-----,-x5
20260702,376,requery,8,-,0.9993508458137512,1,3,5,-----+++,-x5|+x3
20260702,377,requery,6,-,0.9068863391876221,0,0,6,------,-x6
20260702,378,requery,7,-,0.9777377843856812,0,0,7,-------,-x7
20260702,379,requery,9,-,0.7355959415435791,0,0,9,---------,-x9
20260702,380,requery,10,-,0.9953959584236145,1,6,4,----++++++,-x4|+x6
20260702,381,requery,8,+,0.7688247561454773,1,7,1,+++++++-,+x7|-x1
20260702,382,requery,8,-,0.8262357711791992,0,0,8,--------,-x8
20260702,383,requery,4,-,0.8193256258964539,1,2,2,--++,-x2|+x2
20260702,384,requery,10,-,0.9998087286949158,1,7,3,---+++++++,-x3|+x7
20260702,385,requery,7,+,0.714479386806488,0,7,0,+++++++,+x7
20260702,386,requery,13,+,0.6689929366111755,4,11,2,++-++++++++-+,+x2|-x1|+x8|-x1|+x1
20260702,387,requery,9,+,0.5345761179924011,1,8,1,++++++++-,+x8|-x1
20260702,388,requery,10,+,0.6570142507553101,0,10,0,++++++++++,+x10
20260702,389,requery,18,-,0.9331368207931519,0,0,18,------------------,-x18
20260702,390,requery,10,-,0.7721438407897949,0,0,10,----------,-x10
20260702,391,requery,3,-,0.9526995420455933,0,0,3,---,-x3
20260702,392,requery,3,-,0.5811375379562378,1,2,1,-++,-x1|+x2
20260702,393,requery,14,-,0.8890684247016907,0,0,14,--------------,-x14
20260702,394,requery,19,-,0.9999985694885254,1,3,16,----------------+++,-x16|+x3
20260702,395,requery,9,-,0.6898853778839111,0,0,9,---------,-x9
20260702,396,requery,13,-,0.9997324347496033,1,10,3,---++++++++++,-x3|+x10
20260702,397,requery,8,-,0.9620280861854553,0,0,8,--------,-x8
20260702,398,requery,8,-,0.9598355889320374,2,1,7,------+-,-x6|+x1|-x1
20260702,399,requery,3,-,0.8835135102272034,0,0,3,---,-x3
20260702,400,requery,8,-,0.848673939704895,1,1,7,-------+,-x7|+x1
20260702,401,requery,13,-,0.9971103668212891,1,3,10,----------+++,-x10|+x3
20260702,402,requery,9,+,0.838630199432373,2,8,1,+++++++-+,+x7|-x1|+x1
20260702,403,requery,8,-,0.6059627532958984,0,0,8,--------,-x8
20260702,404,requery,14,-,0.9999737739562988,0,0,14,--------------,-x14
20260702,405,requery,10,+,0.5820658802986145,1,3,7,+++-------,+x3|-x7
20260702,406,requery,11,-,0.9999966621398926,1,1,10,----------+,-x10|+x1
20260702,407,requery,16,-,0.9974074959754944,1,2,14,--------------++,-x14|+x2
20260702,408,requery,5,+,0.834732711315155,0,5,0,+++++,+x5
20260702,409,requery,12,-,0.9999669790267944,1,8,4,----++++++++,-x4|+x8
20260702,410,requery,20,-,1.0,1,2,18,------------------++,-x18|+x2
20260702,411,requery,16,-,0.9999998807907104,1,4,12,------------++++,-x12|+x4
20260702,412,requery,12,+,0.672783613204956,1,10,2,++++++++++--,+x10|-x2
20260702,413,requery,15,-,0.9999637603759766,1,5,10,----------+++++,-x10|+x5
20260702,414,requery,12,-,0.9987276196479797,1,9,3,---+++++++++,-x3|+x9
20260702,415,requery,6,+,0.8924168944358826,0,6,0,++++++,+x6
20260702,416,requery,15,-,0.9999994039535522,0,0,15,---------------,-x15
20260702,417,requery,19,-,0.6848567128181458,0,0,19,-------------------,-x19
20260702,418,requery,13,-,0.9999750852584839,1,3,10,----------+++,-x10|+x3
20260702,419,requery,3,+,0.5450496077537537,1,1,2,+--,+x1|-x2
20260702,420,requery,17,-,0.9990642666816711,0,0,17,-----------------,-x17
20260702,421,requery,10,-,0.9663691520690918,0,0,10,----------,-x10
20260702,422,requery,5,+,0.7437506318092346,0,5,0,+++++,+x5
20260702,423,requery,15,-,0.9997449517250061,1,13,2,--+++++++++++++,-x2|+x13
20260702,424,requery,13,-,0.9776686429977417,0,0,13,-------------,-x13
20260702,425,requery,15,-,0.9997074007987976,1,8,7,-------++++++++,-x7|+x8
20260702,426,requery,18,-,0.9999970197677612,1,3,15,---------------+++,-x15|+x3
20260702,427,requery,14,-,0.9999691247940063,1,5,9,---------+++++,-x9|+x5
20260702,428,requery,8,-,0.6086517572402954,0,0,8,--------,-x8
20260702,429,requery,22,-,0.9999998807907104,1,2,20,--------------------++,-x20|+x2
20260702,430,requery,14,-,0.9993003606796265,0,0,14,--------------,-x14
20260702,431,requery,14,-,0.9989627599716187,1,8,6,------++++++++,-x6|+x8
20260702,432,requery,12,-,0.9983982443809509,1,10,2,--++++++++++,-x2|+x10
20260702,433,requery,12,-,0.9998030066490173,4,8,4,--++++++-++-,-x2|+x6|-x1|+x2|-x1
20260702,434,requery,9,+,0.583660900592804,2,7,2,+++--++++,+x3|-x2|+x4
20260702,435,requery,15,+,0.5389295220375061,1,5,10,+++++----------,+x5|-x10
20260702,436,requery,12,-,0.9999879598617554,1,5,7,-------+++++,-x7|+x5
20260702,437,requery,12,-,0.9804217219352722,0,0,12,------------,-x12
20260702,438,requery,3,-,0.6222524046897888,2,1,2,-+-,-x1|+x1|-x1
20260702,439,requery,9,+,0.8452098369598389,6,6,3,+++-+-+-+,+x3|-x1|+x1|-x1|+x1|-x1|+x1
20260702,440,requery,5,-,0.7850714921951294,0,0,5,-----,-x5
20260702,441,requery,8,+,0.5710707902908325,4,6,2,+-+++-++,+x1|-x1|+x3|-x1|+x2
20260702,442,requery,17,-,0.9995993971824646,1,13,4,----+++++++++++++,-x4|+x13
20260702,443,requery,13,-,0.9734809398651123,1,10,3,---++++++++++,-x3|+x10
20260702,444,requery,14,-,0.9649853706359863,0,0,14,--------------,-x14
20260702,445,requery,9,+,0.9320008754730225,1,8,1,++++++++-,+x8|-x1
20260702,446,requery,18,-,0.8286368250846863,0,0,18,------------------,-x18
20260702,447,requery,12,+,0.8847159147262573,0,12,0,++++++++++++,+x12
20260702,448,requery,7,+,0.6076681017875671,2,6,1,+++++-+,+x5|-x1|+x1
20260702,449,requery,13,-,0.9999995231628418,0,0,13,-------------,-x13
20260702,450,requery,13,+,0.946114718914032,5,9,4,+++++++-+--+-,+x7|-x1|+x1|-x2|+x1|-x1
20260702,451,requery,2,-,0.8335875272750854,0,0,2,--,-x2
20260702,452,requery,10,-,0.8781682252883911,1,2,8,--------++,-x8|+x2
20260702,453,requery,14,-,0.9753654599189758,1,12,2,--++++++++++++,-x2|+x12
20260702,454,requery,7,+,0.8261551856994629,2,6,1,+++++-+,+x5|-x1|+x1
20260702,455,requery,8,+,0.9477053284645081,0,8,0,++++++++,+x8
20260702,456,requery,11,-,0.9970818161964417,1,6,5,-----++++++,-x5|+x6
20260702,457,requery,5,-,0.9468027353286743,0,0,5,-----,-x5
20260702,458,requery,11,+,0.736874520778656,0,11,0,+++++++++++,+x11
20260702,459,requery,17,+,0.5515738129615784,2,8,9,+++++---------+++,+x5|-x9|+x3
20260702,460,requery,14,-,0.9961703419685364,0,0,14,--------------,-x14
20260702,461,requery,11,+,0.7716566324234009,3,9,2,++++++++-+-,+x8|-x1|+x1|-x1
20260702,462,requery,9,+,0.5784033536911011,3,7,2,++++++-+-,+x6|-x1|+x1|-x1
20260702,463,requery,10,-,0.9999982118606567,0,0,10,----------,-x10
20260702,464,requery,12,+,0.7677803039550781,4,10,2,+++-+++++-++,+x3|-x1|+x5|-x1|+x2
20260702,465,requery,8,+,0.6302553415298462,3,6,2,+++++-+-,+x5|-x1|+x1|-x1
20260702,466,requery,17,-,0.9961242079734802,0,0,17,-----------------,-x17
20260702,467,requery,15,-,0.9999892711639404,1,11,4,----+++++++++++,-x4|+x11
20260702,468,requery,7,+,0.5422486066818237,1,5,2,+++++--,+x5|-x2
20260702,469,requery,6,-,0.9804428219795227,0,0,6,------,-x6
20260702,470,requery,13,-,0.9999511241912842,1,5,8,--------+++++,-x8|+x5
20260702,471,requery,9,+,0.8287076354026794,5,6,3,+++-+-++-,+x3|-x1|+x1|-x1|+x2|-x1
20260702,472,requery,14,-,0.9999902248382568,1,7,7,-------+++++++,-x7|+x7
20260702,473,requery,16,-,0.9999884366989136,1,7,9,---------+++++++,-x9|+x7
20260702,474,requery,6,-,0.5778212547302246,1,1,5,-----+,-x5|+x1
20260702,475,requery,7,+,0.8805752396583557,0,7,0,+++++++,+x7
20260702,476,requery,14,+,0.9746971130371094,5,8,6,++++++-+---+--,+x6|-x1|+x1|-x3|+x1|-x2
20260702,477,requery,9,-,0.7337524890899658,4,3,6,--++-+---,-x2|+x2|-x1|+x1|-x3
20260702,478,requery,8,+,0.789620041847229,1,7,1,+++++++-,+x7|-x1
20260702,479,requery,12,-,0.6334079504013062,0,0,12,------------,-x12
20260702,480,requery,12,+,0.9324594140052795,7,7,5,++++-+-+--+-,+x4|-x1|+x1|-x1|+x1|-x2|+x1|-x1
20260702,481,requery,8,+,0.8443212509155273,0,8,0,++++++++,+x8
20260702,482,requery,14,-,0.9999899864196777,1,2,12,------------++,-x12|+x2
20260702,483,requery,13,-,0.9836695194244385,0,0,13,-------------,-x13
20260702,484,requery,3,-,0.5907530188560486,0,0,3,---,-x3
20260702,485,requery,18,-,0.9999966621398926,1,7,11,-----------+++++++,-x11|+x7
20260702,486,requery,8,+,0.8872005343437195,0,8,0,++++++++,+x8
20260702,487,requery,7,+,0.6561911106109619,4,5,2,+-+-+++,+x1|-x1|+x1|-x1|+x3
20260702,488,requery,2,-,0.8549215197563171,0,0,2,--,-x2
20260702,489,requery,8,-,0.9999576807022095,3,3,5,----++-+,-x4|+x2|-x1|+x1
20260702,490,requery,16,-,0.9973660111427307,0,0,16,----------------,-x16
20260702,491,requery,11,+,0.6241479516029358,1,7,4,+++++++----,+x7|-x4
20260702,492,requery,12,-,0.9999921321868896,1,5,7,-------+++++,-x7|+x5
20260702,493,requery,15,-,0.998571515083313,1,7,8,--------+++++++,-x8|+x7
20260702,494,requery,8,-,0.9605070948600769,0,0,8,--------,-x8
20260702,495,requery,10,-,0.9930002689361572,0,0,10,----------,-x10
20260702,496,requery,19,-,0.9999996423721313,1,6,13,-------------++++++,-x13|+x6
20260702,497,requery,14,-,0.9997578263282776,0,0,14,--------------,-x14
20260702,498,requery,15,-,0.9999885559082031,1,12,3,---++++++++++++,-x3|+x12
20260702,499,requery,8,-,0.9949536919593811,0,0,8,--------,-x8
20260702,500,requery,16,-,0.9999998807907104,0,0,16,----------------,-x16
20260702,501,requery,4,+,0.9277216196060181,0,4,0,++++,+x4
20260702,502,requery,10,-,0.6005955338478088,1,2,8,--------++,-x8|+x2
20260702,503,requery,14,-,0.9999998807907104,0,0,14,--------------,-x14
20260702,504,requery,6,+,0.5861078500747681,3,2,4,+--+--,+x1|-x2|+x1|-x2
20260702,505,requery,12,-,0.9997748732566833,1,7,5,-----+++++++,-x5|+x7
20260702,506,requery,17,-,1.0,0,0,17,-----------------,-x17
20260702,507,requery,7,-,0.9999885559082031,1,4,3,---++++,-x3|+x4
20260702,508,requery,15,-,0.9621014595031738,0,0,15,---------------,-x15
20260702,509,requery,19,-,0.9999984502792358,1,7,12,------------+++++++,-x12|+x7
20260702,510,requery,4,-,0.5792240500450134,1,1,3,---+,-x3|+x1
20260702,511,requery,6,-,0.8318649530410767,2,1,5,----+-,-x4|+x1|-x1
20260702,512,requery,15,-,0.9999998807907104,0,0,15,---------------,-x15
20260702,513,requery,9,-,0.999988317489624,1,5,4,----+++++,-x4|+x5
20260702,514,requery,13,-,0.9999998807907104,0,0,13,-------------,-x13
20260702,515,requery,16,+,0.9670434594154358,2,12,4,+++++++++----+++,+x9|-x4|+x3
20260702,516,requery,11,-,0.9895452857017517,0,0,11,-----------,-x11
20260702,517,requery,5,+,0.8790281414985657,0,5,0,+++++,+x5
20260702,518,requery,18,-,0.9999998807907104,0,0,18,------------------,-x18
20260702,519,requery,18,-,0.9999608993530273,1,11,7,-------+++++++++++,-x7|+x11
20260702,520,requery,10,-,0.7355996966362,4,2,8,--+-+-----,-x2|+x1|-x1|+x1|-x5
20260702,521,requery,10,+,0.9909067153930664,5,7,3,+++++-+-+-,+x5|-x1|+x1|-x1|+x1|-x1
20260702,522,requery,9,-,0.9861628413200378,1,1,8,--------+,-x8|+x1
20260702,523,requery,8,-,0.6807523965835571,1,4,4,----++++,-x4|+x4
20260702,524,requery,14,-,0.9994199275970459,2,6,8,-----++++++---,-x5|+x6|-x3
20260702,525,requery,14,+,0.5779986381530762,1,10,4,++++++++++----,+x10|-x4
20260702,526,requery,8,+,0.8998317718505859,1,6,2,++++++--,+x6|-x2
20260702,527,requery,21,+,0.9637829661369324,5,16,5,++++++++-+-+++++++---,+x8|-x1|+x1|-x1|+x7|-x3
20260702,528,requery,7,-,0.9632105231285095,0,0,7,-------,-x7
20260702,529,requery,18,-,0.9903960227966309,0,0,18,------------------,-x18
20260702,530,requery,12,-,0.6275557279586792,3,2,10,---------+-+,-x9|+x1|-x1|+x1
20260702,531,requery,8,-,0.8328852653503418,1,3,5,-----+++,-x5|+x3
20260702,532,requery,17,-,1.0,1,2,15,---------------++,-x15|+x2
20260702,533,requery,9,-,0.9999996423721313,0,0,9,---------,-x9
20260702,534,requery,2,-,0.7485911846160889,0,0,2,--,-x2
20260702,535,requery,5,-,0.7360700964927673,0,0,5,-----,-x5
20260702,536,requery,7,+,0.6935576796531677,0,7,0,+++++++,+x7
20260702,537,requery,8,-,0.7258430123329163,1,3,5,-----+++,-x5|+x3
20260702,538,requery,13,-,0.9999998807907104,1,8,5,-----++++++++,-x5|+x8
20260702,539,requery,10,-,0.7125783562660217,0,0,10,----------,-x10
20260702,540,requery,8,+,0.9414985179901123,0,8,0,++++++++,+x8
20260702,541,requery,9,+,0.5486803650856018,1,6,3,++++++---,+x6|-x3
20260702,542,requery,8,+,0.6392644047737122,4,5,3,++--+-++,+x2|-x2|+x1|-x1|+x2
20260702,543,requery,4,-,0.9552232027053833,0,0,4,----,-x4
20260702,544,requery,7,-,0.6895432472229004,0,0,7,-------,-x7
20260702,545,requery,6,+,0.8397669196128845,0,6,0,++++++,+x6
20260702,546,requery,6,+,0.7527019381523132,0,6,0,++++++,+x6
20260702,547,requery,15,-,0.9999843835830688,1,7,8,--------+++++++,-x8|+x7
20260702,548,requery,20,-,1.0,1,3,17,-----------------+++,-x17|+x3
20260702,549,requery,14,+,0.9665707945823669,3,8,6,+++++++----+--,+x7|-x4|+x1|-x2
20260702,550,requery,13,-,0.9999873638153076,1,8,5,-----++++++++,-x5|+x8
20260702,551,requery,19,-,0.9999997615814209,1,6,13,-------------++++++,-x13|+x6
20260702,552,requery,16,-,0.9999686479568481,1,6,10,----------++++++,-x10|+x6
20260702,553,requery,18,-,0.9836086630821228,4,6,12,----------+++++-+-,-x10|+x5|-x1|+x1|-x1
20260702,554,requery,15,-,0.9999997615814209,1,3,12,------------+++,-x12|+x3
20260702,555,requery,6,+,0.7227119207382202,1,4,2,++++--,+x4|-x2
20260702,556,requery,1,-,0.8011589050292969,0,0,1,-,-x1
20260702,557,requery,10,-,0.9997040629386902,5,4,6,----+-+-++,-x4|+x1|-x1|+x1|-x1|+x2
20260702,558,requery,6,+,0.5036331415176392,1,1,5,+-----,+x1|-x5
20260702,559,requery,5,-,0.7370200753211975,0,0,5,-----,-x5
20260702,560,requery,7,-,0.9926822781562805,1,1,6,------+,-x6|+x1
20260702,561,requery,9,+,0.9371059536933899,2,8,1,+++++++-+,+x7|-x1|+x1
20260702,562,requery,5,-,0.6070955395698547,0,0,5,-----,-x5
20260702,563,requery,7,+,0.889572262763977,1,6,1,++++++-,+x6|-x1
20260702,564,requery,18,-,0.5660567879676819,4,2,16,------+-+---------,-x6|+x1|-x1|+x1|-x9
20260702,565,requery,19,-,0.9999998807907104,1,4,15,---------------++++,-x15|+x4
20260702,566,requery,6,-,0.7745319604873657,0,0,6,------,-x6
20260702,567,requery,14,-,0.9999911785125732,1,11,3,---+++++++++++,-x3|+x11
20260702,568,requery,10,+,0.8285393714904785,3,8,2,+++++++-+-,+x7|-x1|+x1|-x1
20260702,569,requery,8,+,0.8931730389595032,0,8,0,++++++++,+x8
20260702,570,requery,17,+,0.9869511127471924,4,10,7,+++++++-+------++,+x7|-x1|+x1|-x6|+x2
20260702,571,requery,7,+,0.5817382335662842,3,2,5,+---+--,+x1|-x3|+x1|-x2
20260702,572,requery,11,+,0.8664751648902893,3,9,2,++++++++-+-,+x8|-x1|+x1|-x1
20260702,573,requery,8,-,0.8221745491027832,0,0,8,--------,-x8
20260702,574,requery,6,-,0.689802348613739,2,1,5,--+---,-x2|+x1|-x3
20260702,575,requery,3,-,0.821177065372467,0,0,3,---,-x3
20260702,576,requery,6,-,0.6143721342086792,1,1,5,-----+,-x5|+x1
20260702,577,requery,17,-,0.9999953508377075,1,7,10,----------+++++++,-x10|+x7
20260702,578,requery,9,+,0.9525964260101318,2,7,2,++++++--+,+x6|-x2|+x1
20260702,579,requery,3,-,0.7175658941268921,0,0,3,---,-x3
20260702,580,requery,7,+,0.6175267696380615,0,7,0,+++++++,+x7
20260702,581,requery,10,+,0.8315504789352417,4,5,5,+++---+--+,+x3|-x3|+x1|-x2|+x1
20260702,582,requery,17,-,0.9960364699363708,0,0,17,-----------------,-x17
20260702,583,requery,4,-,0.6490101218223572,2,2,2,-++-,-x1|+x2|-x1
20260702,584,requery,9,-,0.8718060255050659,0,0,9,---------,-x9
20260702,585,requery,4,-,0.6932281255722046,1,3,1,-+++,-x1|+x3
20260702,586,requery,9,-,0.9999997615814209,0,0,9,---------,-x9
20260702,587,requery,19,-,1.0,1,1,18,------------------+,-x18|+x1
20260702,588,requery,10,-,0.9885516166687012,0,0,10,----------,-x10
20260702,589,requery,15,-,0.9999933242797852,1,6,9,---------++++++,-x9|+x6
20260702,590,requery,7,-,0.9033879041671753,0,0,7,-------,-x7
20260702,591,requery,5,-,0.920918881893158,0,0,5,-----,-x5
20260702,592,requery,15,-,0.9999994039535522,1,1,14,--------------+,-x14|+x1
20260702,593,requery,11,-,0.9992879033088684,0,0,11,-----------,-x11
20260702,594,requery,7,+,0.8891781568527222,0,7,0,+++++++,+x7
20260702,595,requery,15,-,0.998111367225647,1,1,14,--------------+,-x14|+x1
20260702,596,requery,11,-,0.7129983305931091,4,2,9,-----+-+---,-x5|+x1|-x1|+x1|-x3
20260702,597,requery,3,-,0.6296352744102478,0,0,3,---,-x3
20260702,598,requery,20,-,0.9999994039535522,2,8,12,-----------++++++++-,-x11|+x8|-x1
20260702,599,requery,14,-,0.9997922778129578,10,6,8,---+-++-+-+-+-,-x3|+x1|-x1|+x2|-x1|+x1|-x1|+x1|-x1|+x1|-x1
20260702,600,requery,13,-,0.7340492010116577,0,0,13,-------------,-x13
20260702,601,requery,6,-,0.8339855074882507,0,0,6,------,-x6
20260702,602,requery,9,-,1.0,0,0,9,---------,-x9
20260702,603,requery,16,-,0.9999992847442627,1,4,12,------------++++,-x12|+x4
20260702,604,requery,14,-,1.0,0,0,14,--------------,-x14
20260702,605,requery,18,-,0.9999977350234985,1,8,10,----------++++++++,-x10|+x8
20260702,606,requery,17,-,0.9694287180900574,0,0,17,-----------------,-x17
20260702,607,requery,7,-,0.9881910085678101,0,0,7,-------,-x7
20260702,608,requery,17,-,0.9999996423721313,1,4,13,-------------++++,-x13|+x4
20260702,609,requery,4,-,0.7345337867736816,0,0,4,----,-x4
20260702,610,requery,6,+,0.7716525197029114,0,6,0,++++++,+x6
20260702,611,requery,15,-,0.9826052188873291,7,4,11,--------+-+-+-+,-x8|+x1|-x1|+x1|-x1|+x1|-x1|+x1
20260702,612,requery,16,-,0.9635875821113586,3,3,13,------------+-++,-x12|+x1|-x1|+x2
20260702,613,requery,18,-,0.9999998807907104,1,4,14,--------------++++,-x14|+x4
20260702,614,requery,19,-,0.9999948740005493,1,9,10,----------+++++++++,-x10|+x9
20260702,615,requery,22,-,1.0,1,5,17,-----------------+++++,-x17|+x5
20260702,616,requery,19,-,1.0,0,0,19,-------------------,-x19
20260702,617,requery,21,-,0.9999996423721313,1,7,14,--------------+++++++,-x14|+x7
20260702,618,requery,21,-,1.0,2,1,20,-------------------+-,-x19|+x1|-x1
20260702,619,requery,15,-,0.8890199065208435,3,2,13,------+-------+,-x6|+x1|-x7|+x1
20260702,620,requery,9,-,0.7621476054191589,0,0,9,---------,-x9
20260702,621,requery,10,-,0.99998939037323,6,4,6,---+-++-+-,-x3|+x1|-x1|+x2|-x1|+x1|-x1
20260702,622,requery,16,-,1.0,1,2,14,--------------++,-x14|+x2
20260702,623,requery,11,+,0.8964123725891113,2,8,3,+++++++---+,+x7|-x3|+x1
20260702,624,requery,20,-,0.9999996423721313,1,9,11,-----------+++++++++,-x11|+x9
20260702,625,requery,5,-,0.9275729656219482,0,0,5,-----,-x5
20260702,626,requery,2,-,0.6147524118423462,0,0,2,--,-x2
20260702,627,requery,18,-,0.9999977350234985,4,7,11,---------++++++-+-,-x9|+x6|-x1|+x1|-x1
20260702,628,requery,10,+,0.5942063331604004,1,6,4,++++++----,+x6|-x4
20260702,629,requery,18,-,0.5531917810440063,3,7,11,--++++++---------+,-x2|+x6|-x9|+x1
20260702,630,requery,13,-,0.6450425386428833,1,1,12,------------+,-x12|+x1
20260702,631,requery,16,+,0.8977716565132141,3,10,6,+++++++++-----+-,+x9|-x5|+x1|-x1
20260702,632,requery,8,-,0.6088220477104187,2,3,5,--+++---,-x2|+x3|-x3
20260702,633,requery,12,-,0.6063475012779236,4,5,7,--++++---+--,-x2|+x4|-x3|+x1|-x2
20260702,634,requery,6,+,0.8046104907989502,2,3,3,++---+,+x2|-x3|+x1
20260702,635,requery,14,-,0.9999984502792358,1,6,8,--------++++++,-x8|+x6
20260702,636,requery,22,-,1.0,1,2,20,--------------------++,-x20|+x2
20260702,637,requery,10,-,0.9999998807907104,0,0,10,----------,-x10
20260702,638,requery,9,+,0.8600682020187378,3,2,7,+----+---,+x1|-x4|+x1|-x3
20260702,639,requery,20,-,1.0,0,0,20,--------------------,-x20
20260702,640,requery,13,-,0.9999996423721313,1,3,10,----------+++,-x10|+x3
20260702,641,requery,13,-,0.9999990463256836,1,3,10,----------+++,-x10|+x3
20260702,642,requery,3,-,0.7644515633583069,0,0,3,---,-x3
20260702,643,requery,3,-,0.77475506067276,0,0,3,---,-x3
20260702,644,requery,6,-,0.5730717182159424,2,1,5,----+-,-x4|+x1|-x1
20260702,645,requery,6,-,0.8670567274093628,0,0,6,------,-x6
20260702,646,requery,8,-,0.7646071910858154,1,1,7,-------+,-x7|+x1
20260702,647,requery,5,-,0.6131688356399536,0,0,5,-----,-x5
20260702,648,requery,4,-,0.9040994644165039,0,0,4,----,-x4
20260702,649,requery,23,-,1.0,1,6,17,-----------------++++++,-x17|+x6
20260702,650,requery,17,-,0.9993762373924255,0,0,17,-----------------,-x17
20260702,651,requery,3,-,0.9991812109947205,0,0,3,---,-x3
20260702,652,requery,14,-,1.0,1,1,13,-------------+,-x13|+x1
20260702,653,requery,5,+,0.6478813886642456,1,1,4,+----,+x1|-x4
20260702,654,requery,16,-,0.9994944334030151,2,7,9,--------+++++++-,-x8|+x7|-x1
20260702,655,requery,20,-,1.0,1,1,19,-------------------+,-x19|+x1
20260702,656,requery,17,-,0.9999922513961792,1,6,11,-----------++++++,-x11|+x6
20260702,657,requery,6,-,0.7560952305793762,1,2,4,----++,-x4|+x2
20260702,658,requery,18,-,0.9906668066978455,4,2,16,-----------+-+----,-x11|+x1|-x1|+x1|-x4
20260702,659,requery,10,+,0.8977832198143005,2,6,4,+++++----+,+x5|-x4|+x1
20260702,660,requery,14,-,0.9999133348464966,1,10,4,----++++++++++,-x4|+x10
20260702,661,requery,10,+,0.7702609300613403,3,2,8,+-----+---,+x1|-x5|+x1|-x3
20260702,662,requery,8,-,0.9894664883613586,0,0,8,--------,-x8
20260702,663,requery,16,-,0.9999914169311523,1,10,6,------++++++++++,-x6|+x10
20260702,664,requery,9,+,0.5885263681411743,1,6,3,++++++---,+x6|-x3
20260702,665,requery,16,-,0.9999805688858032,1,7,9,---------+++++++,-x9|+x7
20260702,666,requery,18,-,0.9978020787239075,0,0,18,------------------,-x18
20260702,667,requery,19,+,0.9984917640686035,3,11,8,++++++++++------+--,+x10|-x6|+x1|-x2
20260702,668,requery,14,-,0.9999998807907104,1,10,4,----++++++++++,-x4|+x10
20260702,669,requery,14,-,1.0,0,0,14,--------------,-x14
20260702,670,requery,16,-,1.0,4,9,7,-----++++++++-+-,-x5|+x8|-x1|+x1|-x1
20260702,671,requery,9,-,0.8085578083992004,0,0,9,---------,-x9
20260702,672,requery,20,-,1.0,1,9,11,-----------+++++++++,-x11|+x9
20260702,673,requery,18,-,0.9999850988388062,1,6,12,------------++++++,-x12|+x6
20260702,674,requery,2,-,0.593146800994873,0,0,2,--,-x2
20260702,675,requery,4,-,0.5317350029945374,0,0,4,----,-x4
20260702,676,requery,16,-,0.9999991655349731,1,9,7,-------+++++++++,-x7|+x9
20260702,677,requery,4,+,0.8922597765922546,1,1,3,+---,+x1|-x3
20260702,678,requery,13,-,0.9999998807907104,1,2,11,-----------++,-x11|+x2
20260702,679,requery,9,-,0.9901139736175537,0,0,9,---------,-x9
20260702,680,requery,4,+,0.5198895931243896,1,2,2,++--,+x2|-x2
20260702,681,requery,12,+,0.9752808213233948,2,6,6,+++++------+,+x5|-x6|+x1
20260702,682,requery,4,-,0.8767029643058777,0,0,4,----,-x4
20260702,683,requery,20,-,0.9999998807907104,1,7,13,-------------+++++++,-x13|+x7
20260702,684,requery,10,+,0.9099894165992737,2,6,4,+++++----+,+x5|-x4|+x1
20260702,685,requery,10,-,0.9999991655349731,1,1,9,---------+,-x9|+x1
20260702,686,requery,14,-,0.9999990463256836,8,6,8,----+-++-+-++-,-x4|+x1|-x1|+x2|-x1|+x1|-x1|+x2|-x1
20260702,687,requery,18,-,0.9826070666313171,4,2,16,------------+---+-,-x12|+x1|-x3|+x1|-x1
20260702,688,requery,16,-,1.0,1,4,12,------------++++,-x12|+x4
20260702,689,requery,15,-,0.9998496770858765,12,7,8,--+-+-+-++-+-+-,-x2|+x1|-x1|+x1|-x1|+x1|-x1|+x2|-x1|+x1|-x1|+x1|-x1
20260702,690,requery,20,-,1.0,1,3,17,-----------------+++,-x17|+x3
20260702,691,requery,19,-,1.0,0,0,19,-------------------,-x19
20260702,692,requery,11,+,0.9205431938171387,3,3,8,++------+--,+x2|-x6|+x1|-x2
20260702,693,requery,20,-,0.9999986886978149,4,9,11,---------++++++++-+-,-x9|+x8|-x1|+x1|-x1
20260702,694,requery,12,-,0.6793913245201111,0,0,12,------------,-x12
20260702,695,requery,14,+,0.5566840767860413,2,10,4,+++++++++----+,+x9|-x4|+x1
20260702,696,requery,8,-,0.9419435262680054,3,2,6,-----+-+,-x5|+x1|-x1|+x1
20260702,697,requery,19,-,1.0,0,0,19,-------------------,-x19
20260702,698,requery,12,+,0.968077540397644,3,5,7,++++------+-,+x4|-x6|+x1|-x1
20260702,699,requery,7,-,0.8737475275993347,1,1,6,------+,-x6|+x1
20260702,700,requery,20,-,1.0,1,5,15,---------------+++++,-x15|+x5
20260702,701,requery,9,+,0.5113590955734253,1,4,5,++++-----,+x4|-x5
20260702,702,requery,16,-,0.9999998807907104,5,5,11,---------+++-+-+,-x9|+x3|-x1|+x1|-x1|+x1
20260702,703,requery,18,-,0.9998847246170044,0,0,18,------------------,-x18
20260702,704,requery,9,+,0.8312393426895142,1,3,6,+++------,+x3|-x6
20260702,705,requery,18,-,0.9999971389770508,1,9,9,---------+++++++++,-x9|+x9
20260702,706,requery,7,-,0.79672771692276,1,1,6,------+,-x6|+x1
20260702,707,requery,17,-,1.0,1,2,15,---------------++,-x15|+x2
20260702,708,requery,18,-,0.8460474610328674,1,1,17,-----------------+,-x17|+x1
20260702,709,requery,2,-,0.952273428440094,0,0,2,--,-x2
20260702,710,requery,18,-,1.0,1,4,14,--------------++++,-x14|+x4
20260702,711,requery,19,-,1.0,1,1,18,------------------+,-x18|+x1
20260702,712,requery,12,-,0.9999886751174927,1,4,8,--------++++,-x8|+x4
20260702,713,requery,14,-,1.0,0,0,14,--------------,-x14
20260702,714,requery,17,-,0.9998832941055298,6,8,9,------++++++-+-+-,-x6|+x6|-x1|+x1|-x1|+x1|-x1
20260702,715,requery,12,-,0.9999407529830933,7,5,7,----++-+-+-+,-x4|+x2|-x1|+x1|-x1|+x1|-x1|+x1
20260702,716,requery,2,+,0.5191496014595032,1,1,1,+-,+x1|-x1
20260702,717,requery,14,-,0.9999998807907104,0,0,14,--------------,-x14
20260702,718,requery,3,-,0.8982365727424622,0,0,3,---,-x3
20260702,719,requery,14,+,0.9852855801582336,3,10,4,+++++++++--+--,+x9|-x2|+x1|-x2
20260702,720,requery,11,+,0.6487718224525452,2,9,2,++++++++--+,+x8|-x2|+x1
20260719,721,requery,14,+,0.9810891151428223,1,5,9,+++++---------,+x5|-x9
20260719,722,requery,15,+,0.9946236610412598,1,6,9,++++++---------,+x6|-x9
20260719,723,requery,10,-,0.9979129433631897,0,0,10,----------,-x10
20260719,724,requery,16,-,0.886807918548584,0,0,16,----------------,-x16
20260719,725,requery,12,+,0.9961833357810974,1,4,8,++++--------,+x4|-x8
20260719,726,requery,9,-,0.9645468592643738,0,0,9,---------,-x9
20260719,727,requery,5,+,0.8942489624023438,0,5,0,+++++,+x5
20260719,728,requery,3,+,0.9201613068580627,0,3,0,+++,+x3
20260719,729,requery,25,+,0.9951379895210266,1,8,17,++++++++-----------------,+x8|-x17
20260719,730,requery,7,-,0.9883301258087158,0,0,7,-------,-x7
20260719,731,requery,13,+,0.9609119892120361,1,3,10,+++----------,+x3|-x10
20260719,732,requery,10,-,0.999315619468689,0,0,10,----------,-x10
20260719,733,requery,5,+,0.9609330296516418,0,5,0,+++++,+x5
20260719,734,requery,21,+,0.992159366607666,1,4,17,++++-----------------,+x4|-x17
20260719,735,requery,14,+,0.9927083849906921,1,6,8,++++++--------,+x6|-x8
20260719,736,requery,5,+,0.5007191300392151,0,5,0,+++++,+x5
20260719,737,requery,14,-,0.9874172210693359,0,0,14,--------------,-x14
20260719,738,requery,14,+,0.9870747327804565,3,10,4,++++++++-++---,+x8|-x1|+x2|-x3
20260719,739,requery,5,-,0.6298460364341736,2,2,3,--++-,-x2|+x2|-x1
20260719,740,requery,10,-,0.9903348088264465,0,0,10,----------,-x10
20260719,741,requery,12,+,0.9562749266624451,1,2,10,++----------,+x2|-x10
20260719,742,requery,28,+,0.9813118577003479,1,5,23,+++++-----------------------,+x5|-x23
20260719,743,requery,6,+,0.9588411450386047,0,6,0,++++++,+x6
20260719,744,requery,7,-,0.7454018592834473,0,0,7,-------,-x7
20260719,745,requery,31,+,0.9930334091186523,1,8,23,++++++++-----------------------,+x8|-x23
20260719,746,requery,22,+,0.992633044719696,1,4,18,++++------------------,+x4|-x18
20260719,747,requery,16,+,0.9872416257858276,1,7,9,+++++++---------,+x7|-x9
20260719,748,requery,14,-,0.9896866679191589,0,0,14,--------------,-x14
20260719,749,requery,15,-,0.7962965369224548,0,0,15,---------------,-x15
20260719,750,requery,5,+,0.8942214250564575,0,5,0,+++++,+x5
20260719,751,requery,18,+,0.960891842842102,1,5,13,+++++-------------,+x5|-x13
20260719,752,requery,9,+,0.7813093662261963,0,9,0,+++++++++,+x9
20260719,753,requery,8,-,0.8447176218032837,0,0,8,--------,-x8
20260719,754,requery,7,+,0.9574500918388367,2,6,1,++++-++,+x4|-x1|+x2
20260719,755,requery,15,+,0.9700100421905518,1,3,12,+++------------,+x3|-x12
20260719,756,requery,5,-,0.8412537574768066,0,0,5,-----,-x5
20260719,757,requery,9,-,0.9594812989234924,0,0,9,---------,-x9
20260719,758,requery,7,-,0.8270555734634399,0,0,7,-------,-x7
20260719,759,requery,11,+,0.8559728860855103,1,2,9,++---------,+x2|-x9
20260719,760,requery,4,-,0.9797900915145874,0,0,4,----,-x4
20260719,761,requery,11,-,0.9355000257492065,0,0,11,-----------,-x11
20260719,762,requery,11,-,0.9772198796272278,0,0,11,-----------,-x11
20260719,763,requery,10,-,0.9805677533149719,0,0,10,----------,-x10
20260719,764,requery,6,+,0.5472811460494995,1,1,5,+-----,+x1|-x5
20260719,765,requery,13,+,0.9842958450317383,1,5,8,+++++--------,+x5|-x8
20260719,766,requery,16,+,0.9909606575965881,2,9,7,++++++++-------+,+x8|-x7|+x1
20260719,767,requery,5,+,0.9475824236869812,0,5,0,+++++,+x5
20260719,768,requery,19,+,0.9978208541870117,1,7,12,+++++++------------,+x7|-x12
20260719,769,requery,13,+,0.9983633160591125,1,6,7,++++++-------,+x6|-x7
20260719,770,requery,11,+,0.5930498838424683,1,3,8,+++--------,+x3|-x8
20260719,771,requery,24,+,0.9938441514968872,1,4,20,++++--------------------,+x4|-x20
20260719,772,requery,25,+,0.9804706573486328,1,4,21,++++---------------------,+x4|-x21
20260719,773,requery,23,+,0.990103006362915,1,9,14,+++++++++--------------,+x9|-x14
20260719,774,requery,13,+,0.9331326484680176,0,13,0,+++++++++++++,+x13
20260719,775,requery,7,-,0.6697657108306885,0,0,7,-------,-x7
20260719,776,requery,14,+,0.9968330264091492,1,5,9,+++++---------,+x5|-x9
20260719,777,requery,16,+,0.9916931986808777,1,7,9,+++++++---------,+x7|-x9
20260719,778,requery,16,-,0.7249506711959839,0,0,16,----------------,-x16
20260719,779,requery,14,+,0.9967378973960876,1,7,7,+++++++-------,+x7|-x7
20260719,780,requery,16,+,0.9946824908256531,1,10,6,++++++++++------,+x10|-x6
20260719,781,requery,8,+,0.9458423852920532,0,8,0,++++++++,+x8
20260719,782,requery,6,+,0.913754403591156,0,6,0,++++++,+x6
20260719,783,requery,9,-,0.9973347187042236,0,0,9,---------,-x9
20260719,784,requery,31,+,0.9689825773239136,1,10,21,++++++++++---------------------,+x10|-x21
20260719,785,requery,6,-,0.8724138140678406,0,0,6,------,-x6
20260719,786,requery,12,-,0.7709603309631348,0,0,12,------------,-x12
20260719,787,requery,14,+,0.998331606388092,1,4,10,++++----------,+x4|-x10
20260719,788,requery,8,+,0.8590511679649353,0,8,0,++++++++,+x8
20260719,789,requery,8,-,0.7867722511291504,0,0,8,--------,-x8
20260719,790,requery,14,+,0.9937764406204224,1,7,7,+++++++-------,+x7|-x7
20260719,791,requery,30,+,0.9931862354278564,1,6,24,++++++------------------------,+x6|-x24
20260719,792,requery,9,+,0.8469705581665039,2,8,1,+++++++-+,+x7|-x1|+x1
20260719,793,requery,10,-,0.943771481513977,0,0,10,----------,-x10
20260719,794,requery,11,+,0.9428687691688538,1,2,9,++---------,+x2|-x9
20260719,795,requery,9,+,0.8225455284118652,0,9,0,+++++++++,+x9
20260719,796,requery,7,+,0.6511492133140564,2,6,1,++++-++,+x4|-x1|+x2
20260719,797,requery,1,+,0.8509654998779297,0,1,0,+,+x1
20260719,798,requery,7,-,0.9822959303855896,0,0,7,-------,-x7
20260719,799,requery,8,+,0.5723052024841309,0,8,0,++++++++,+x8
20260719,800,requery,10,-,0.9708515405654907,0,0,10,----------,-x10
20260719,801,requery,5,-,0.7790669202804565,0,0,5,-----,-x5
20260719,802,requery,15,-,0.9875403046607971,0,0,15,---------------,-x15
20260719,803,requery,14,-,0.9664740562438965,0,0,14,--------------,-x14
20260719,804,requery,4,-,0.5462517142295837,0,0,4,----,-x4
20260719,805,requery,13,+,0.9977885484695435,1,4,9,++++---------,+x4|-x9
20260719,806,requery,14,+,0.9919346570968628,1,6,8,++++++--------,+x6|-x8
20260719,807,requery,12,+,0.9975835084915161,1,4,8,++++--------,+x4|-x8
20260719,808,requery,7,-,0.9447282552719116,1,4,3,---++++,-x3|+x4
20260719,809,requery,40,+,0.9742801785469055,1,19,21,+++++++++++++++++++---------------------,+x19|-x21
20260719,810,requery,4,+,0.7127020359039307,1,2,2,++--,+x2|-x2
20260719,811,requery,10,-,0.9536303281784058,0,0,10,----------,-x10
20260719,812,requery,8,-,0.520083487033844,4,2,6,----+-+-,-x4|+x1|-x1|+x1|-x1
20260719,813,requery,9,+,0.8732693791389465,1,2,7,++-------,+x2|-x7
20260719,814,requery,2,+,0.9512346386909485,0,2,0,++,+x2
20260719,815,requery,9,-,0.9116898775100708,0,0,9,---------,-x9
20260719,816,requery,10,+,0.9981995820999146,1,4,6,++++------,+x4|-x6
20260719,817,requery,2,-,0.9813678860664368,0,0,2,--,-x2
20260719,818,requery,17,+,0.9240214824676514,2,15,2,++++++++++++++--+,+x14|-x2|+x1
20260719,819,requery,13,+,0.7252122759819031,2,5,8,++++--------+,+x4|-x8|+x1
20260719,820,requery,11,+,0.6471907496452332,1,2,9,++---------,+x2|-x9
20260719,821,requery,12,+,0.986984133720398,1,7,5,+++++++-----,+x7|-x5
20260719,822,requery,13,-,0.6979905366897583,0,0,13,-------------,-x13
20260719,823,requery,6,-,0.8588172197341919,0,0,6,------,-x6
20260719,824,requery,10,-,0.9978716373443604,0,0,10,----------,-x10
20260719,825,requery,11,+,0.7761406302452087,0,11,0,+++++++++++,+x11
20260719,826,requery,31,+,0.9907246232032776,1,12,19,++++++++++++-------------------,+x12|-x19
20260719,827,requery,8,+,0.8964874744415283,1,2,6,++------,+x2|-x6
20260719,828,requery,28,+,0.9920898675918579,1,8,20,++++++++--------------------,+x8|-x20
20260719,829,requery,28,+,0.9879041314125061,1,10,18,++++++++++------------------,+x10|-x18
20260719,830,requery,10,-,0.9462449550628662,0,0,10,----------,-x10
20260719,831,requery,12,+,0.9846792817115784,5,9,3,+++++++-+-+-,+x7|-x1|+x1|-x1|+x1|-x1
20260719,832,requery,22,+,0.9975550770759583,1,7,15,+++++++---------------,+x7|-x15
20260719,833,requery,13,+,0.997028648853302,1,5,8,+++++--------,+x5|-x8
20260719,834,requery,12,+,0.9014462232589722,2,5,7,++++-------+,+x4|-x7|+x1
20260719,835,requery,5,+,0.9256621599197388,0,5,0,+++++,+x5
20260719,836,requery,22,+,0.9712775945663452,1,14,8,++++++++++++++--------,+x14|-x8
20260719,837,requery,4,-,0.8751386404037476,0,0,4,----,-x4
20260719,838,requery,5,+,0.6219512820243835,1,4,1,++++-,+x4|-x1
20260719,839,requery,8,+,0.8615282773971558,0,8,0,++++++++,+x8
20260719,840,requery,4,+,0.6964627504348755,0,4,0,++++,+x4
20260719,841,requery,8,+,0.6167036890983582,0,8,0,++++++++,+x8
20260719,842,requery,12,-,0.9897183179855347,0,0,12,------------,-x12
20260719,843,requery,15,-,0.9291291236877441,0,0,15,---------------,-x15
20260719,844,requery,13,-,0.9888508915901184,0,0,13,-------------,-x13
20260719,845,requery,7,+,0.7415936589241028,3,5,2,++-+++-,+x2|-x1|+x3|-x1
20260719,846,requery,7,-,0.7354291081428528,0,0,7,-------,-x7
20260719,847,requery,9,-,0.964809775352478,0,0,9,---------,-x9
20260719,848,requery,13,+,0.9975016713142395,1,5,8,+++++--------,+x5|-x8
20260719,849,requery,15,-,0.9996034502983093,0,0,15,---------------,-x15
20260719,850,requery,17,+,0.9961875081062317,1,10,7,++++++++++-------,+x10|-x7
20260719,851,requery,3,+,0.8880976438522339,0,3,0,+++,+x3
20260719,852,requery,5,+,0.9485759139060974,0,5,0,+++++,+x5
20260719,853,requery,28,+,0.9975827932357788,1,8,20,++++++++--------------------,+x8|-x20
20260719,854,requery,13,+,0.9909658432006836,1,8,5,++++++++-----,+x8|-x5
20260719,855,requery,9,+,0.962383508682251,2,8,1,++++++-++,+x6|-x1|+x2
20260719,856,requery,11,+,0.977400004863739,1,3,8,+++--------,+x3|-x8
20260719,857,requery,8,+,0.9876662492752075,0,8,0,++++++++,+x8
20260719,858,requery,4,+,0.9353629350662231,0,4,0,++++,+x4
20260719,859,requery,12,-,0.9828884601593018,0,0,12,------------,-x12
20260719,860,requery,3,+,0.5029892325401306,0,3,0,+++,+x3
20260719,861,requery,10,+,0.7311893105506897,1,5,5,+++++-----,+x5|-x5
20260719,862,requery,13,+,0.9920440912246704,1,4,9,++++---------,+x4|-x9
20260719,863,requery,11,+,0.6705397367477417,1,4,7,++++-------,+x4|-x7
20260719,864,requery,16,+,0.9986888766288757,1,6,10,++++++----------,+x6|-x10
20260719,865,requery,10,+,0.9977339506149292,1,3,7,+++-------,+x3|-x7
20260719,866,requery,12,+,0.8895522952079773,1,10,2,++++++++++--,+x10|-x2
20260719,867,requery,23,+,0.9963169097900391,1,12,11,++++++++++++-----------,+x12|-x11
20260719,868,requery,11,-,0.6043305993080139,0,0,11,-----------,-x11
20260719,869,requery,13,+,0.9898397922515869,5,7,6,+++++--+-+---,+x5|-x2|+x1|-x1|+x1|-x3
20260719,870,requery,8,+,0.939448356628418,0,8,0,++++++++,+x8
20260719,871,requery,10,+,0.8371278047561646,1,8,2,++++++++--,+x8|-x2
20260719,872,requery,5,+,0.9334045052528381,0,5,0,+++++,+x5
20260719,873,requery,6,-,0.9078919887542725,3,4,2,-+++-+,-x1|+x3|-x1|+x1
20260719,874,requery,12,+,0.9994474053382874,1,6,6,++++++------,+x6|-x6
20260719,875,requery,4,+,0.9604593515396118,0,4,0,++++,+x4
20260719,876,requery,7,+,0.9869602918624878,0,7,0,+++++++,+x7
20260719,877,requery,11,+,0.7310402393341064,1,8,3,++++++++---,+x8|-x3
20260719,878,requery,14,+,0.9944272041320801,3,6,8,+++++------+--,+x5|-x6|+x1|-x2
20260719,879,requery,4,+,0.9294474720954895,0,4,0,++++,+x4
20260719,880,requery,24,+,0.997260332107544,1,13,11,+++++++++++++-----------,+x13|-x11
20260719,881,requery,26,+,0.9974363446235657,1,11,15,+++++++++++---------------,+x11|-x15
20260719,882,requery,9,+,0.7207369208335876,1,8,1,++++++++-,+x8|-x1
20260719,883,requery,11,-,0.8569568395614624,0,0,11,-----------,-x11
20260719,884,requery,11,-,0.9943845272064209,0,0,11,-----------,-x11
20260719,885,requery,11,+,0.9963900446891785,1,5,6,+++++------,+x5|-x6
20260719,886,requery,5,+,0.7152419686317444,0,5,0,+++++,+x5
20260719,887,requery,7,+,0.7284892797470093,1,4,3,++++---,+x4|-x3
20260719,888,requery,17,+,0.9957802295684814,1,7,10,+++++++----------,+x7|-x10
20260719,889,requery,10,-,0.9698286056518555,0,0,10,----------,-x10
20260719,890,requery,14,+,0.9991293549537659,1,7,7,+++++++-------,+x7|-x7
20260719,891,requery,14,+,0.9976352453231812,1,7,7,+++++++-------,+x7|-x7
20260719,892,requery,7,+,0.9972238540649414,0,7,0,+++++++,+x7
20260719,893,requery,9,+,0.6166179776191711,1,8,1,++++++++-,+x8|-x1
20260719,894,requery,6,+,0.6717805862426758,1,2,4,++----,+x2|-x4
20260719,895,requery,13,+,0.9901513457298279,1,5,8,+++++--------,+x5|-x8
20260719,896,requery,21,+,0.9975685477256775,1,13,8,+++++++++++++--------,+x13|-x8
20260719,897,requery,12,+,0.9967787861824036,1,6,6,++++++------,+x6|-x6
20260719,898,requery,16,+,0.942673921585083,1,2,14,++--------------,+x2|-x14
20260719,899,requery,8,+,0.9283625483512878,2,7,1,++++++-+,+x6|-x1|+x1
20260719,900,requery,17,+,0.9981064796447754,1,7,10,+++++++----------,+x7|-x10
20260719,901,requery,6,-,0.704613208770752,2,4,2,-++++-,-x1|+x4|-x1
20260719,902,requery,4,+,0.8647361993789673,0,4,0,++++,+x4
20260719,903,requery,11,-,0.9822355508804321,0,0,11,-----------,-x11
20260719,904,requery,9,-,0.9227766394615173,0,0,9,---------,-x9
20260719,905,requery,12,+,0.8481535315513611,1,4,8,++++--------,+x4|-x8
20260719,906,requery,12,-,0.5518258810043335,0,0,12,------------,-x12
20260719,907,requery,11,+,0.9993909597396851,1,5,6,+++++------,+x5|-x6
20260719,908,requery,16,+,0.9994055032730103,1,5,11,+++++-----------,+x5|-x11
20260719,909,requery,25,+,0.9952014684677124,1,7,18,+++++++------------------,+x7|-x18
20260719,910,requery,15,+,0.9902792572975159,1,4,11,++++-----------,+x4|-x11
20260719,911,requery,8,-,0.9884940981864929,0,0,8,--------,-x8
20260719,912,requery,11,+,0.9945847392082214,1,5,6,+++++------,+x5|-x6
20260719,913,requery,16,+,0.9900819659233093,4,9,7,+++++------++-++,+x5|-x6|+x2|-x1|+x2
20260719,914,requery,13,+,0.9971842169761658,1,5,8,+++++--------,+x5|-x8
20260719,915,requery,10,-,0.9975000023841858,0,0,10,----------,-x10
20260719,916,requery,16,+,0.9972418546676636,1,6,10,++++++----------,+x6|-x10
20260719,917,requery,6,-,0.9993727803230286,0,0,6,------,-x6
20260719,918,requery,11,+,0.9959406852722168,1,7,4,+++++++----,+x7|-x4
20260719,919,requery,16,+,0.9908310174942017,1,5,11,+++++-----------,+x5|-x11
20260719,920,requery,17,+,0.9467092752456665,1,2,15,++---------------,+x2|-x15
20260719,921,requery,13,+,0.997844934463501,5,6,7,+++----+-++--,+x3|-x4|+x1|-x1|+x2|-x2
20260719,922,requery,14,+,0.7664471864700317,1,1,13,+-------------,+x1|-x13
20260719,923,requery,6,+,0.9563218951225281,0,6,0,++++++,+x6
20260719,924,requery,14,+,0.9959887862205505,5,9,5,+++++++-+-+---,+x7|-x1|+x1|-x1|+x1|-x3
20260719,925,requery,11,+,0.9326761960983276,1,5,6,+++++------,+x5|-x6
20260719,926,requery,8,+,0.5394867658615112,2,7,1,+++++-++,+x5|-x1|+x2
20260719,927,requery,13,+,0.7763605117797852,1,6,7,++++++-------,+x6|-x7
20260719,928,requery,26,+,0.9939980506896973,1,10,16,++++++++++----------------,+x10|-x16
20260719,929,requery,13,+,0.9978919625282288,1,5,8,+++++--------,+x5|-x8
20260719,930,requery,13,+,0.9984095692634583,1,4,9,++++---------,+x4|-x9
20260719,931,requery,16,+,0.995398223400116,1,6,10,++++++----------,+x6|-x10
20260719,932,requery,2,+,0.7997955083847046,0,2,0,++,+x2
20260719,933,requery,14,+,0.9980012774467468,1,8,6,++++++++------,+x8|-x6
20260719,934,requery,15,+,0.9972220659255981,1,9,6,+++++++++------,+x9|-x6
20260719,935,requery,7,+,0.9713703989982605,1,6,1,++++++-,+x6|-x1
20260719,936,requery,12,+,0.9986950755119324,1,6,6,++++++------,+x6|-x6
20260719,937,requery,22,+,0.9930123686790466,1,5,17,+++++-----------------,+x5|-x17
20260719,938,requery,32,+,0.9922642707824707,1,11,21,+++++++++++---------------------,+x11|-x21
20260719,939,requery,4,+,0.8806854486465454,0,4,0,++++,+x4
20260719,940,requery,6,+,0.5113018155097961,3,4,2,+-+++-,+x1|-x1|+x3|-x1
20260719,941,requery,6,+,0.7306051254272461,3,4,2,++-++-,+x2|-x1|+x2|-x1
20260719,942,requery,4,+,0.9571141600608826,0,4,0,++++,+x4
20260719,943,requery,12,+,0.6815139651298523,1,1,11,+-----------,+x1|-x11
20260719,944,requery,12,+,0.9981504082679749,1,4,8,++++--------,+x4|-x8
20260719,945,requery,15,+,0.9955999851226807,5,8,7,++++++-----+-+-,+x6|-x5|+x1|-x1|+x1|-x1
20260719,946,requery,18,+,0.9992081522941589,1,4,14,++++--------------,+x4|-x14
20260719,947,requery,6,+,0.776328444480896,1,1,5,+-----,+x1|-x5
20260719,948,requery,2,+,0.6757310032844543,0,2,0,++,+x2
20260719,949,requery,11,+,0.7995383739471436,3,5,6,+++-++-----,+x3|-x1|+x2|-x5
20260719,950,requery,21,+,0.9670525193214417,1,2,19,++-------------------,+x2|-x19
20260719,951,requery,7,+,0.9055958986282349,0,7,0,+++++++,+x7
20260719,952,requery,1,+,0.9171982407569885,0,1,0,+,+x1
20260719,953,requery,13,+,0.9978055357933044,1,6,7,++++++-------,+x6|-x7
20260719,954,requery,21,+,0.9983939528465271,1,6,15,++++++---------------,+x6|-x15
20260719,955,requery,14,+,0.9962395429611206,1,8,6,++++++++------,+x8|-x6
20260719,956,requery,35,+,0.9988951086997986,3,14,21,+++++++++----------+++++-----------,+x9|-x10|+x5|-x11
20260719,957,requery,10,+,0.5518264770507812,1,1,9,+---------,+x1|-x9
20260719,958,requery,5,+,0.9886491298675537,0,5,0,+++++,+x5
20260719,959,requery,14,+,0.9761121273040771,1,3,11,+++-----------,+x3|-x11
20260719,960,requery,6,-,0.9519391655921936,0,0,6,------,-x6
20260719,961,requery,13,+,0.992311418056488,1,6,7,++++++-------,+x6|-x7
20260719,962,requery,6,+,0.9146767258644104,1,4,2,++++--,+x4|-x2
20260719,963,requery,7,-,0.9415224194526672,0,0,7,-------,-x7
20260719,964,requery,6,+,0.9872817397117615,0,6,0,++++++,+x6
20260719,965,requery,15,+,0.9980252981185913,1,8,7,++++++++-------,+x8|-x7
20260719,966,requery,11,-,0.9220559597015381,0,0,11,-----------,-x11
20260719,967,requery,7,+,0.8512243032455444,1,6,1,++++++-,+x6|-x1
20260719,968,requery,2,+,0.996694803237915,0,2,0,++,+x2
20260719,969,requery,9,-,0.9939325451850891,0,0,9,---------,-x9
20260719,970,requery,5,-,0.9903067350387573,0,0,5,-----,-x5
20260719,971,requery,12,+,0.9991029500961304,1,8,4,++++++++----,+x8|-x4
20260719,972,requery,5,-,0.937240481376648,0,0,5,-----,-x5
20260719,973,requery,6,-,0.6613388061523438,0,0,6,------,-x6
20260719,974,requery,15,+,0.9974372386932373,1,7,8,+++++++--------,+x7|-x8
20260719,975,requery,7,-,0.9952811598777771,0,0,7,-------,-x7
20260719,976,requery,9,+,0.9490714073181152,1,7,2,+++++++--,+x7|-x2
20260719,977,requery,5,+,0.9878063797950745,0,5,0,+++++,+x5
20260719,978,requery,10,-,0.9993281364440918,0,0,10,----------,-x10
20260719,979,requery,14,-,0.987721860408783,0,0,14,--------------,-x14
20260719,980,requery,2,+,0.9703608155250549,0,2,0,++,+x2
20260719,981,requery,11,+,0.9996808767318726,1,5,6,+++++------,+x5|-x6
20260719,982,requery,7,+,0.974872350692749,1,6,1,++++++-,+x6|-x1
20260719,983,requery,4,-,0.9466512203216553,0,0,4,----,-x4
20260719,984,requery,15,+,0.9719154238700867,1,6,9,++++++---------,+x6|-x9
20260719,985,requery,6,-,0.8890174627304077,2,4,2,-++++-,-x1|+x4|-x1
20260719,986,requery,16,+,0.9967709183692932,1,7,9,+++++++---------,+x7|-x9
20260719,987,requery,14,+,0.9987099170684814,1,5,9,+++++---------,+x5|-x9
20260719,988,requery,10,+,0.6886386275291443,1,1,9,+---------,+x1|-x9
20260719,989,requery,24,+,0.9980123043060303,1,7,17,+++++++-----------------,+x7|-x17
20260719,990,requery,10,+,0.9928760528564453,1,5,5,+++++-----,+x5|-x5
20260719,991,requery,12,+,0.9997155070304871,1,4,8,++++--------,+x4|-x8
20260719,992,requery,6,+,0.951233446598053,0,6,0,++++++,+x6
20260719,993,requery,13,+,0.9766808152198792,1,5,8,+++++--------,+x5|-x8
20260719,994,requery,6,+,0.9805363416671753,0,6,0,++++++,+x6
20260719,995,requery,14,+,0.7093011736869812,1,6,8,++++++--------,+x6|-x8
20260719,996,requery,9,-,0.6669474244117737,3,6,3,--++++-++,-x2|+x4|-x1|+x2
20260719,997,requery,7,-,0.9933818578720093,0,0,7,-------,-x7
20260719,998,requery,13,+,0.9989351630210876,1,4,9,++++---------,+x4|-x9
20260719,999,requery,16,+,0.9992989301681519,1,8,8,++++++++--------,+x8|-x8
20260719,1000,requery,12,-,0.9593200087547302,0,0,12,------------,-x12
20260719,1001,requery,17,+,0.9983308911323547,1,8,9,++++++++---------,+x8|-x9
20260719,1002,requery,15,+,0.9988527297973633,1,8,7,++++++++-------,+x8|-x7
20260719,1003,requery,6,-,0.9107747673988342,0,0,6,------,-x6
20260719,1004,requery,10,-,0.9918234944343567,0,0,10,----------,-x10
20260719,1005,requery,8,+,0.5830075144767761,3,5,3,+++-++--,+x3|-x1|+x2|-x2
20260719,1006,requery,26,+,0.989266037940979,1,13,13,+++++++++++++-------------,+x13|-x13
20260719,1007,requery,18,+,0.5311993956565857,1,1,17,+-----------------,+x1|-x17
20260719,1008,requery,12,+,0.9972317814826965,1,6,6,++++++------,+x6|-x6
20260719,1009,requery,9,-,0.6063395738601685,0,0,9,---------,-x9
20260719,1010,requery,7,+,0.8927221298217773,0,7,0,+++++++,+x7
20260719,1011,requery,13,+,0.7868150472640991,1,8,5,++++++++-----,+x8|-x5
20260719,1012,requery,10,-,0.6688385605812073,0,0,10,----------,-x10
20260719,1013,requery,11,+,0.9995760321617126,1,4,7,++++-------,+x4|-x7
20260719,1014,requery,4,+,0.8849629163742065,0,4,0,++++,+x4
20260719,1015,requery,13,+,0.9926530122756958,1,6,7,++++++-------,+x6|-x7
20260719,1016,requery,24,+,0.9981943964958191,1,5,19,+++++-------------------,+x5|-x19
20260719,1017,requery,27,+,0.9993693232536316,1,11,16,+++++++++++----------------,+x11|-x16
20260719,1018,requery,7,+,0.9072837829589844,0,7,0,+++++++,+x7
20260719,1019,requery,15,+,0.9901310205459595,1,5,10,+++++----------,+x5|-x10
20260719,1020,requery,16,+,0.9951469302177429,5,10,6,++++++++-+-+----,+x8|-x1|+x1|-x1|+x1|-x4
20260719,1021,requery,14,+,0.9997238516807556,1,5,9,+++++---------,+x5|-x9
20260719,1022,requery,7,-,0.672035276889801,0,0,7,-------,-x7
20260719,1023,requery,6,+,0.9975897073745728,0,6,0,++++++,+x6
20260719,1024,requery,10,-,0.9844610095024109,0,0,10,----------,-x10
20260719,1025,requery,11,+,0.862305223941803,1,5,6,+++++------,+x5|-x6
20260719,1026,requery,10,-,0.9833658337593079,0,0,10,----------,-x10
20260719,1027,requery,11,-,0.9819015860557556,0,0,11,-----------,-x11
20260719,1028,requery,1,+,0.973895251750946,0,1,0,+,+x1
20260719,1029,requery,10,+,0.9039663672447205,1,4,6,++++------,+x4|-x6
20260719,1030,requery,4,+,0.9847212433815002,0,4,0,++++,+x4
20260719,1031,requery,24,+,0.9671335816383362,1,3,21,+++---------------------,+x3|-x21
20260719,1032,requery,6,+,0.9834389090538025,0,6,0,++++++,+x6
20260719,1033,requery,4,+,0.9614017605781555,0,4,0,++++,+x4
20260719,1034,requery,12,+,0.9983763694763184,1,5,7,+++++-------,+x5|-x7
20260719,1035,requery,8,+,0.9944438338279724,0,8,0,++++++++,+x8
20260719,1036,requery,10,+,0.9993621706962585,1,5,5,+++++-----,+x5|-x5
20260719,1037,requery,13,+,0.9984056353569031,1,8,5,++++++++-----,+x8|-x5
20260719,1038,requery,14,+,0.9997143149375916,1,5,9,+++++---------,+x5|-x9
20260719,1039,requery,16,+,0.9966776371002197,1,8,8,++++++++--------,+x8|-x8
20260719,1040,requery,6,-,0.9938504695892334,0,0,6,------,-x6
20260719,1041,requery,14,+,0.9976469874382019,1,7,7,+++++++-------,+x7|-x7
20260719,1042,requery,18,+,0.9964085221290588,5,11,7,+++++++++-+-+-----,+x9|-x1|+x1|-x1|+x1|-x5
20260719,1043,requery,12,+,0.9962976574897766,1,5,7,+++++-------,+x5|-x7
20260719,1044,requery,10,+,0.9540078043937683,0,10,0,++++++++++,+x10
20260719,1045,requery,8,+,0.5675789713859558,1,7,1,+++++++-,+x7|-x1
20260719,1046,requery,1,+,0.9783953428268433,0,1,0,+,+x1
20260719,1047,requery,6,-,0.9994309544563293,0,0,6,------,-x6
20260719,1048,requery,22,+,0.9932464361190796,3,10,12,+++++++++-+-----------,+x9|-x1|+x1|-x11
20260719,1049,requery,12,-,0.7471036911010742,0,0,12,------------,-x12
20260719,1050,requery,12,-,0.9750383496284485,0,0,12,------------,-x12
20260719,1051,requery,28,+,0.9966310858726501,1,6,22,++++++----------------------,+x6|-x22
20260719,1052,requery,7,-,0.542332112789154,2,3,4,--+++--,-x2|+x3|-x2
20260719,1053,requery,9,-,0.9988942742347717,0,0,9,---------,-x9
20260719,1054,requery,13,+,0.9986469149589539,1,6,7,++++++-------,+x6|-x7
20260719,1055,requery,6,+,0.9258726239204407,0,6,0,++++++,+x6
20260719,1056,requery,27,+,0.978035569190979,1,7,20,+++++++--------------------,+x7|-x20
20260719,1057,requery,6,+,0.9358248114585876,0,6,0,++++++,+x6
20260719,1058,requery,6,-,0.8598259091377258,0,0,6,------,-x6
20260719,1059,requery,2,+,0.945307195186615,0,2,0,++,+x2
20260719,1060,requery,12,-,0.961717426776886,0,0,12,------------,-x12
20260719,1061,requery,15,+,0.9988099336624146,1,6,9,++++++---------,+x6|-x9
20260719,1062,requery,7,+,0.8825781345367432,2,6,1,+++++-+,+x5|-x1|+x1
20260719,1063,requery,18,+,0.9993953704833984,1,14,4,++++++++++++++----,+x14|-x4
20260719,1064,requery,10,-,0.9971240162849426,0,0,10,----------,-x10
20260719,1065,requery,27,+,0.9974420070648193,1,10,17,++++++++++-----------------,+x10|-x17
20260719,1066,requery,5,-,0.8784036040306091,0,0,5,-----,-x5
20260719,1067,requery,14,+,0.9988536834716797,1,6,8,++++++--------,+x6|-x8
20260719,1068,requery,3,-,0.9871664643287659,0,0,3,---,-x3
20260719,1069,requery,15,-,0.9697961807250977,0,0,15,---------------,-x15
20260719,1070,requery,6,+,0.6284213662147522,0,6,0,++++++,+x6
20260719,1071,requery,7,+,0.8522137999534607,1,6,1,++++++-,+x6|-x1
20260719,1072,requery,19,+,0.9982153177261353,3,10,9,+++++++++-+--------,+x9|-x1|+x1|-x8
20260719,1073,requery,7,-,0.6266933679580688,0,0,7,-------,-x7
20260719,1074,requery,37,+,0.9838030338287354,1,18,19,++++++++++++++++++-------------------,+x18|-x19
20260719,1075,requery,13,+,0.9992864727973938,1,4,9,++++---------,+x4|-x9
20260719,1076,requery,11,+,0.9978922009468079,1,5,6,+++++------,+x5|-x6
20260719,1077,requery,17,+,0.9987530708312988,4,12,5,++++++++++----+-+,+x10|-x4|+x1|-x1|+x1
20260719,1078,requery,30,+,0.9992050528526306,3,13,17,++++++++++++-+----------------,+x12|-x1|+x1|-x16
20260719,1079,requery,4,+,0.9805311560630798,0,4,0,++++,+x4
20260719,1080,requery,15,+,0.9755532741546631,1,4,11,++++-----------,+x4|-x11
20260719,1081,requery,12,-,0.9999896287918091,0,0,12,------------,-x12
20260719,1082,requery,3,-,0.6465449929237366,2,1,2,-+-,-x1|+x1|-x1
20260719,1083,requery,10,-,0.9462828040122986,0,0,10,----------,-x10
20260719,1084,requery,13,+,0.591731071472168,1,10,3,++++++++++---,+x10|-x3
20260719,1085,requery,9,-,0.9708050489425659,0,0,9,---------,-x9
20260719,1086,requery,17,-,0.9999983310699463,1,2,15,---------------++,-x15|+x2
20260719,1087,requery,23,-,0.9999998807907104,1,4,19,-------------------++++,-x19|+x4
20260719,1088,requery,17,-,0.9999992847442627,0,0,17,-----------------,-x17
20260719,1089,requery,2,+,0.6576380729675293,0,2,0,++,+x2
20260719,1090,requery,4,-,0.9510477185249329,0,0,4,----,-x4
20260719,1091,requery,16,-,0.9843621253967285,0,0,16,----------------,-x16
20260719,1092,requery,13,-,0.9999961853027344,0,0,13,-------------,-x13
20260719,1093,requery,9,-,0.9770734906196594,0,0,9,---------,-x9
20260719,1094,requery,16,-,0.9999958276748657,1,3,13,-------------+++,-x13|+x3
20260719,1095,requery,3,-,0.9391100406646729,0,0,3,---,-x3
20260719,1096,requery,9,+,0.6898371577262878,6,6,3,+++-+-+-+,+x3|-x1|+x1|-x1|+x1|-x1|+x1
20260719,1097,requery,14,-,0.9644134640693665,0,0,14,--------------,-x14
20260719,1098,requery,7,+,0.8078263998031616,2,6,1,++++-++,+x4|-x1|+x2
20260719,1099,requery,10,-,0.8016669154167175,0,0,10,----------,-x10
20260719,1100,requery,19,+,0.5001238584518433,12,13,6,++++++-+-+-++-+-+-+,+x6|-x1|+x1|-x1|+x1|-x1|+x2|-x1|+x1|-x1|+x1|-x1|+x1
20260719,1101,requery,19,-,0.9999995231628418,1,3,16,----------------+++,-x16|+x3
20260719,1102,requery,10,-,0.9673303961753845,0,0,10,----------,-x10
20260719,1103,requery,8,-,0.8163695931434631,0,0,8,--------,-x8
20260719,1104,requery,9,-,0.9575964212417603,0,0,9,---------,-x9
20260719,1105,requery,16,-,0.9151996970176697,2,9,7,------+++++++++-,-x6|+x9|-x1
20260719,1106,requery,4,-,0.5394759178161621,0,0,4,----,-x4
20260719,1107,requery,16,-,0.9999316930770874,1,5,11,-----------+++++,-x11|+x5
20260719,1108,requery,9,-,0.6068618893623352,0,0,9,---------,-x9
20260719,1109,requery,7,-,0.6363975405693054,0,0,7,-------,-x7
20260719,1110,requery,17,-,0.7362701296806335,3,5,12,-----------++++-+,-x11|+x4|-x1|+x1
20260719,1111,requery,15,-,0.9999988079071045,0,0,15,---------------,-x15
20260719,1112,requery,14,-,0.9859988689422607,0,0,14,--------------,-x14
20260719,1113,requery,12,-,0.9999558925628662,1,9,3,---+++++++++,-x3|+x9
20260719,1114,requery,8,-,0.8653699159622192,1,1,7,-------+,-x7|+x1
20260719,1115,requery,8,-,0.9999878406524658,1,1,7,-------+,-x7|+x1
20260719,1116,requery,13,-,0.9999961853027344,1,3,10,----------+++,-x10|+x3
20260719,1117,requery,10,-,0.8032110929489136,2,1,9,------+---,-x6|+x1|-x3
20260719,1118,requery,5,+,0.8674801588058472,0,5,0,+++++,+x5
20260719,1119,requery,13,-,0.9999852180480957,1,6,7,-------++++++,-x7|+x6
20260719,1120,requery,3,-,0.8069515824317932,0,0,3,---,-x3
20260719,1121,requery,8,-,0.9646136164665222,0,0,8,--------,-x8
20260719,1122,requery,18,-,0.9999990463256836,1,5,13,-------------+++++,-x13|+x5
20260719,1123,requery,11,+,0.6613476872444153,1,4,7,++++-------,+x4|-x7
20260719,1124,requery,16,-,0.9999841451644897,1,5,11,-----------+++++,-x11|+x5
20260719,1125,requery,16,-,0.8830649852752686,0,0,16,----------------,-x16
20260719,1126,requery,17,-,0.5305467247962952,0,0,17,-----------------,-x17
20260719,1127,requery,21,+,0.5136749744415283,1,20,1,++++++++++++++++++++-,+x20|-x1
20260719,1128,requery,16,-,0.9999945163726807,1,4,12,------------++++,-x12|+x4
20260719,1129,requery,12,-,0.9965758919715881,1,10,2,--++++++++++,-x2|+x10
20260719,1130,requery,6,-,0.6397138237953186,1,4,2,--++++,-x2|+x4
20260719,1131,requery,14,-,0.996907651424408,1,7,7,-------+++++++,-x7|+x7
20260719,1132,requery,11,-,0.837036669254303,0,0,11,-----------,-x11
20260719,1133,requery,7,-,0.8616399168968201,1,3,4,----+++,-x4|+x3
20260719,1134,requery,16,+,0.6086670160293579,1,9,7,+++++++++-------,+x9|-x7
20260719,1135,requery,2,-,0.5864443182945251,1,1,1,-+,-x1|+x1
20260719,1136,requery,14,-,0.9998565912246704,1,6,8,--------++++++,-x8|+x6
20260719,1137,requery,15,+,0.9737729430198669,7,11,4,++++++++-+-+-+-,+x8|-x1|+x1|-x1|+x1|-x1|+x1|-x1
20260719,1138,requery,6,-,0.8176361322402954,1,5,1,-+++++,-x1|+x5
20260719,1139,requery,14,-,0.9999642372131348,1,11,3,---+++++++++++,-x3|+x11
20260719,1140,requery,22,-,0.9999998807907104,1,4,18,------------------++++,-x18|+x4
20260719,1141,requery,18,-,0.849815845489502,0,0,18,------------------,-x18
20260719,1142,requery,10,-,0.9580952525138855,0,0,10,----------,-x10
20260719,1143,requery,5,-,0.631941020488739,3,2,3,--+-+,-x2|+x1|-x1|+x1
20260719,1144,requery,11,+,0.7905061841011047,3,9,2,++++++++-+-,+x8|-x1|+x1|-x1
20260719,1145,requery,7,-,0.8143272995948792,0,0,7,-------,-x7
20260719,1146,requery,4,-,0.9519566893577576,0,0,4,----,-x4
20260719,1147,requery,10,-,0.9336759448051453,0,0,10,----------,-x10
20260719,1148,requery,19,-,0.9999866485595703,1,6,13,-------------++++++,-x13|+x6
20260719,1149,requery,17,-,0.9999996423721313,1,1,16,----------------+,-x16|+x1
20260719,1150,requery,12,+,0.8458424806594849,7,8,4,++++-++-+-+-,+x4|-x1|+x2|-x1|+x1|-x1|+x1|-x1
20260719,1151,requery,17,-,0.9999858140945435,0,0,17,-----------------,-x17
20260719,1152,requery,8,-,0.8638672232627869,0,0,8,--------,-x8
20260719,1153,requery,13,-,0.9999204874038696,1,9,4,----+++++++++,-x4|+x9
20260719,1154,requery,18,-,0.9999998807907104,0,0,18,------------------,-x18
20260719,1155,requery,12,+,0.7540830969810486,2,11,1,++++++++++-+,+x10|-x1|+x1
20260719,1156,requery,6,-,0.7691388130187988,1,3,3,---+++,-x3|+x3
20260719,1157,requery,10,-,0.7956246733665466,0,0,10,----------,-x10
20260719,1158,requery,8,-,0.9511684775352478,0,0,8,--------,-x8
20260719,1159,requery,20,-,0.9999996423721313,1,4,16,----------------++++,-x16|+x4
20260719,1160,requery,15,-,0.9999780654907227,1,12,3,---++++++++++++,-x3|+x12
20260719,1161,requery,2,-,0.9179033637046814,0,0,2,--,-x2
20260719,1162,requery,20,-,0.9999998807907104,1,2,18,------------------++,-x18|+x2
20260719,1163,requery,10,-,0.9999951124191284,1,1,9,---------+,-x9|+x1
20260719,1164,requery,7,+,0.9611078500747681,0,7,0,+++++++,+x7
20260719,1165,requery,6,-,0.8362141251564026,1,2,4,----++,-x4|+x2
20260719,1166,requery,9,+,0.5810243487358093,1,3,6,+++------,+x3|-x6
20260719,1167,requery,4,-,0.9552528262138367,0,0,4,----,-x4
20260719,1168,requery,12,-,0.9999957084655762,1,1,11,-----------+,-x11|+x1
20260719,1169,requery,16,-,0.9889712929725647,1,2,14,--------------++,-x14|+x2
20260719,1170,requery,9,+,0.8453706502914429,0,9,0,+++++++++,+x9
20260719,1171,requery,17,-,0.9999998807907104,1,3,14,--------------+++,-x14|+x3
20260719,1172,requery,14,-,0.9999442100524902,1,3,11,-----------+++,-x11|+x3
20260719,1173,requery,9,-,0.9320987462997437,0,0,9,---------,-x9
20260719,1174,requery,15,-,0.994559109210968,0,0,15,---------------,-x15
20260719,1175,requery,11,-,0.9924518465995789,1,4,7,-------++++,-x7|+x4
20260719,1176,requery,19,-,1.0,1,2,17,-----------------++,-x17|+x2
20260719,1177,requery,17,+,0.6091538667678833,1,2,15,++---------------,+x2|-x15
20260719,1178,requery,2,-,0.762981116771698,0,0,2,--,-x2
20260719,1179,requery,13,-,0.9998778104782104,1,7,6,------+++++++,-x6|+x7
20260719,1180,requery,9,-,0.596193253993988,5,6,3,-++-+-+++,-x1|+x2|-x1|+x1|-x1|+x3
20260719,1181,requery,8,-,0.9450287222862244,0,0,8,--------,-x8
20260719,1182,requery,6,-,0.9036516547203064,0,0,6,------,-x6
20260719,1183,requery,9,-,0.9996734857559204,3,3,6,-----++-+,-x5|+x2|-x1|+x1
20260719,1184,requery,3,-,0.646914005279541,0,0,3,---,-x3
20260719,1185,requery,15,-,0.999993085861206,1,8,7,-------++++++++,-x7|+x8
20260719,1186,requery,12,-,0.6672468781471252,8,5,7,-+-++--+-+--,-x1|+x1|-x1|+x2|-x2|+x1|-x1|+x1|-x2
20260719,1187,requery,9,-,0.9553110003471375,1,1,8,--------+,-x8|+x1
20260719,1188,requery,14,-,0.9999948740005493,1,7,7,-------+++++++,-x7|+x7
20260719,1189,requery,4,-,0.8431306481361389,0,0,4,----,-x4
20260719,1190,requery,6,-,0.7717540264129639,0,0,6,------,-x6
20260719,1191,requery,5,+,0.9424505233764648,0,5,0,+++++,+x5
20260719,1192,requery,10,-,0.9097940921783447,1,3,7,-------+++,-x7|+x3
20260719,1193,requery,11,+,0.8755137324333191,1,9,2,+++++++++--,+x9|-x2
20260719,1194,requery,11,+,0.8590531945228577,2,10,1,++++++++-++,+x8|-x1|+x2
20260719,1195,requery,2,+,0.5059574842453003,0,2,0,++,+x2
20260719,1196,requery,11,-,0.8275273442268372,0,0,11,-----------,-x11
20260719,1197,requery,5,-,0.8544768691062927,1,1,4,----+,-x4|+x1
20260719,1198,requery,11,+,0.8011587262153625,2,10,1,+++++++++-+,+x9|-x1|+x1
20260719,1199,requery,22,-,1.0,1,3,19,-------------------+++,-x19|+x3
20260719,1200,requery,2,-,0.8873288035392761,0,0,2,--,-x2
20260719,1201,requery,10,+,0.8274117112159729,1,6,4,++++++----,+x6|-x4
20260719,1202,requery,13,-,0.9999879598617554,1,5,8,--------+++++,-x8|+x5
20260719,1203,requery,5,-,0.7351125478744507,0,0,5,-----,-x5
20260719,1204,requery,12,-,0.9999994039535522,0,0,12,------------,-x12
20260719,1205,requery,20,-,0.9999997615814209,1,2,18,------------------++,-x18|+x2
20260719,1206,requery,6,-,0.8760378956794739,0,0,6,------,-x6
20260719,1207,requery,15,-,0.9999942779541016,0,0,15,---------------,-x15
20260719,1208,requery,18,-,0.9999969005584717,1,8,10,----------++++++++,-x10|+x8
20260719,1209,requery,16,-,0.9521629810333252,7,4,12,---------+-+-+-+,-x9|+x1|-x1|+x1|-x1|+x1|-x1|+x1
20260719,1210,requery,13,-,0.9999980926513672,1,2,11,-----------++,-x11|+x2
20260719,1211,requery,14,+,0.6242997050285339,1,8,6,++++++++------,+x8|-x6
20260719,1212,requery,8,-,0.875388503074646,0,0,8,--------,-x8
20260719,1213,requery,6,-,0.6131767630577087,0,0,6,------,-x6
20260719,1214,requery,13,-,0.9995527863502502,1,3,10,----------+++,-x10|+x3
20260719,1215,requery,18,-,0.99998939037323,1,7,11,-----------+++++++,-x11|+x7
20260719,1216,requery,11,+,0.9543142914772034,5,8,3,++++++-+-+-,+x6|-x1|+x1|-x1|+x1|-x1
20260719,1217,requery,14,-,0.9999998807907104,0,0,14,--------------,-x14
20260719,1218,requery,7,+,0.605842113494873,0,7,0,+++++++,+x7
20260719,1219,requery,15,-,0.9999922513961792,1,6,9,---------++++++,-x9|+x6
20260719,1220,requery,22,-,1.0,1,2,20,--------------------++,-x20|+x2
20260719,1221,requery,9,+,0.663950502872467,1,7,2,+++++++--,+x7|-x2
20260719,1222,requery,9,+,0.9276970624923706,0,9,0,+++++++++,+x9
20260719,1223,requery,14,-,0.9811811447143555,1,3,11,-----------+++,-x11|+x3
20260719,1224,requery,10,+,0.7957538366317749,3,8,2,+++++++-+-,+x7|-x1|+x1|-x1
20260719,1225,requery,3,-,0.951333224773407,0,0,3,---,-x3
20260719,1226,requery,12,-,0.9915319085121155,2,1,11,----------+-,-x10|+x1|-x1
20260719,1227,requery,6,+,0.6069890260696411,3,2,4,+-+---,+x1|-x1|+x1|-x3
20260719,1228,requery,10,+,0.6738340854644775,3,8,2,+++++++-+-,+x7|-x1|+x1|-x1
20260719,1229,requery,16,-,0.994279146194458,0,0,16,----------------,-x16
20260719,1230,requery,13,-,0.9999557733535767,3,4,9,--------++-++,-x8|+x2|-x1|+x2
20260719,1231,requery,9,-,0.9724611043930054,0,0,9,---------,-x9
20260719,1232,requery,5,-,0.6914501190185547,1,3,2,--+++,-x2|+x3
20260719,1233,requery,11,-,0.9999996423721313,1,2,9,---------++,-x9|+x2
20260719,1234,requery,6,+,0.7120572328567505,2,5,1,++-+++,+x2|-x1|+x3
20260719,1235,requery,16,-,0.9365680813789368,2,4,12,-----------++++-,-x11|+x4|-x1
20260719,1236,requery,5,+,0.864422082901001,0,5,0,+++++,+x5
20260719,1237,requery,12,+,0.7567237615585327,1,9,3,+++++++++---,+x9|-x3
20260719,1238,requery,10,+,0.6475125551223755,1,9,1,+++++++++-,+x9|-x1
20260719,1239,requery,10,-,0.9901942610740662,1,3,7,-------+++,-x7|+x3
20260719,1240,requery,7,-,0.6641870737075806,0,0,7,-------,-x7
20260719,1241,requery,14,-,0.9999994039535522,1,6,8,--------++++++,-x8|+x6
20260719,1242,requery,8,-,0.8004213571548462,0,0,8,--------,-x8
20260719,1243,requery,22,-,1.0,1,4,18,------------------++++,-x18|+x4
20260719,1244,requery,13,-,0.9667710661888123,2,1,12,-----------+-,-x11|+x1|-x1
20260719,1245,requery,5,-,0.6340005397796631,0,0,5,-----,-x5
20260719,1246,requery,17,-,0.9999977350234985,2,7,10,---------+++++++-,-x9|+x7|-x1
20260719,1247,requery,5,-,0.9866494536399841,1,2,3,---++,-x3|+x2
20260719,1248,requery,18,-,1.0,1,1,17,-----------------+,-x17|+x1
20260719,1249,requery,18,-,1.0,1,2,16,----------------++,-x16|+x2
20260719,1250,requery,18,-,1.0,1,1,17,-----------------+,-x17|+x1
20260719,1251,requery,18,-,0.9993002414703369,4,7,11,---------+++++-++-,-x9|+x5|-x1|+x2|-x1
20260719,1252,requery,20,-,1.0,1,1,19,-------------------+,-x19|+x1
20260719,1253,requery,11,+,0.91086345911026,1,10,1,++++++++++-,+x10|-x1
20260719,1254,requery,7,+,0.719927966594696,5,4,3,+-++-+-,+x1|-x1|+x2|-x1|+x1|-x1
20260719,1255,requery,15,-,0.9950968623161316,3,3,12,-----------++-+,-x11|+x2|-x1|+x1
20260719,1256,requery,8,-,0.9999998807907104,0,0,8,--------,-x8
20260719,1257,requery,10,-,0.7814931273460388,2,1,9,--------+-,-x8|+x1|-x1
20260719,1258,requery,14,-,0.9999994039535522,0,0,14,--------------,-x14
20260719,1259,requery,14,+,0.9865567088127136,1,8,6,++++++++------,+x8|-x6
20260719,1260,requery,9,+,0.8270216584205627,1,8,1,++++++++-,+x8|-x1
20260719,1261,requery,6,-,0.7814072370529175,1,1,5,-----+,-x5|+x1
20260719,1262,requery,8,+,0.719086766242981,2,7,1,++++++-+,+x6|-x1|+x1
20260719,1263,requery,7,+,0.7404119968414307,1,3,4,+++----,+x3|-x4
20260719,1264,requery,9,-,0.9749906659126282,0,0,9,---------,-x9
20260719,1265,requery,9,+,0.6643477082252502,1,8,1,++++++++-,+x8|-x1
20260719,1266,requery,5,+,0.8546477556228638,0,5,0,+++++,+x5
20260719,1267,requery,13,-,0.9999880790710449,1,8,5,-----++++++++,-x5|+x8
20260719,1268,requery,6,-,0.9299201369285583,0,0,6,------,-x6
20260719,1269,requery,12,-,0.5917546153068542,1,9,3,---+++++++++,-x3|+x9
20260719,1270,requery,15,-,0.9999991655349731,1,10,5,-----++++++++++,-x5|+x10
20260719,1271,requery,8,-,0.6338618993759155,2,2,6,--++----,-x2|+x2|-x4
20260719,1272,requery,5,-,0.9843474626541138,0,0,5,-----,-x5
20260719,1273,requery,10,-,0.9784138202667236,0,0,10,----------,-x10
20260719,1274,requery,4,-,0.8158089518547058,0,0,4,----,-x4
20260719,1275,requery,2,-,0.5744233727455139,0,0,2,--,-x2
20260719,1276,requery,8,+,0.780181348323822,0,8,0,++++++++,+x8
20260719,1277,requery,19,-,1.0,0,0,19,-------------------,-x19
20260719,1278,requery,16,-,0.9998635053634644,1,8,8,--------++++++++,-x8|+x8
20260719,1279,requery,18,-,0.9999079704284668,0,0,18,------------------,-x18
20260719,1280,requery,2,+,0.5498850345611572,1,1,1,+-,+x1|-x1
20260719,1281,requery,22,-,1.0,1,6,16,----------------++++++,-x16|+x6
20260719,1282,requery,18,-,0.9843161702156067,6,4,14,-----------++-+-+-,-x11|+x2|-x1|+x1|-x1|+x1|-x1
20260719,1283,requery,8,-,0.9575527310371399,0,0,8,--------,-x8
20260719,1284,requery,17,-,0.9999955892562866,3,7,10,---------++++++-+,-x9|+x6|-x1|+x1
20260719,1285,requery,11,-,0.9999998807907104,0,0,11,-----------,-x11
20260719,1286,requery,7,+,0.9612450003623962,0,7,0,+++++++,+x7
20260719,1287,requery,14,-,0.9944755434989929,7,5,9,------+-+-+-++,-x6|+x1|-x1|+x1|-x1|+x1|-x1|+x2
20260719,1288,requery,7,+,0.8106958270072937,0,7,0,+++++++,+x7
20260719,1289,requery,11,-,1.0,0,0,11,-----------,-x11
20260719,1290,requery,6,-,0.6185174584388733,1,1,5,-----+,-x5|+x1
20260719,1291,requery,20,-,0.9999796152114868,1,11,9,---------+++++++++++,-x9|+x11
20260719,1292,requery,16,-,1.0,1,2,14,--------------++,-x14|+x2
20260719,1293,requery,15,-,0.9999586343765259,4,4,11,---------+-+++-,-x9|+x1|-x1|+x3|-x1
20260719,1294,requery,19,-,1.0,1,8,11,-----------++++++++,-x11|+x8
20260719,1295,requery,13,-,0.9999977350234985,1,3,10,----------+++,-x10|+x3
20260719,1296,requery,11,+,0.9115762114524841,5,7,4,+++++--+-+-,+x5|-x2|+x1|-x1|+x1|-x1
20260719,1297,requery,10,+,0.926639199256897,2,9,1,++++++++-+,+x8|-x1|+x1
20260719,1298,requery,15,-,0.9999998807907104,0,0,15,---------------,-x15
20260719,1299,requery,8,+,0.7496346831321716,1,6,2,++++++--,+x6|-x2
20260719,1300,requery,9,+,0.5138322114944458,2,3,6,+------++,+x1|-x6|+x2
20260719,1301,requery,15,-,0.9999992847442627,1,2,13,-------------++,-x13|+x2
20260719,1302,requery,7,-,0.9850885272026062,0,0,7,-------,-x7
20260719,1303,requery,15,-,0.9999995231628418,1,8,7,-------++++++++,-x7|+x8
20260719,1304,requery,18,-,1.0,1,6,12,------------++++++,-x12|+x6
20260719,1305,requery,6,-,0.9999995231628418,0,0,6,------,-x6
20260719,1306,requery,3,+,0.9758259654045105,0,3,0,+++,+x3
20260719,1307,requery,19,-,0.9980236291885376,2,14,5,--++++++++++++++---,-x2|+x14|-x3
20260719,1308,requery,9,-,0.9937505125999451,2,1,8,------+--,-x6|+x1|-x2
20260719,1309,requery,6,+,0.5126214027404785,0,6,0,++++++,+x6
20260719,1310,requery,18,-,0.9057952761650085,0,0,18,------------------,-x18
20260719,1311,requery,2,-,0.7085747122764587,0,0,2,--,-x2
20260719,1312,requery,15,-,0.9999819993972778,5,5,10,--------++-++-+,-x8|+x2|-x1|+x2|-x1|+x1
20260719,1313,requery,19,-,1.0,1,1,18,------------------+,-x18|+x1
20260719,1314,requery,3,+,0.7544909715652466,1,1,2,+--,+x1|-x2
20260719,1315,requery,13,+,0.9498529434204102,1,8,5,++++++++-----,+x8|-x5
20260719,1316,requery,15,-,0.9916400909423828,1,3,12,------------+++,-x12|+x3
20260719,1317,requery,13,-,0.9999856948852539,3,3,10,---------++-+,-x9|+x2|-x1|+x1
20260719,1318,requery,12,-,0.9980734586715698,9,6,6,--+-++-+-+-+,-x2|+x1|-x1|+x2|-x1|+x1|-x1|+x1|-x1|+x1
20260719,1319,requery,20,-,1.0,1,2,18,------------------++,-x18|+x2
20260719,1320,requery,5,-,0.7056694626808167,1,1,4,----+,-x4|+x1
20260719,1321,requery,11,-,0.8078672885894775,1,1,10,----------+,-x10|+x1
20260719,1322,requery,13,-,0.9999804496765137,6,4,9,------+-++-+-,-x6|+x1|-x1|+x2|-x1|+x1|-x1
20260719,1323,requery,18,-,0.9934497475624084,9,6,12,--------++-+-+-+-+,-x8|+x2|-x1|+x1|-x1|+x1|-x1|+x1|-x1|+x1
20260719,1324,requery,7,-,0.8951067328453064,0,0,7,-------,-x7
20260719,1325,requery,16,-,0.9999843835830688,1,7,9,---------+++++++,-x9|+x7
20260719,1326,requery,14,-,0.9999998807907104,2,4,10,---------++++-,-x9|+x4|-x1
20260719,1327,requery,17,-,0.9999995231628418,1,9,8,--------+++++++++,-x8|+x9
20260719,1328,requery,7,-,0.7793170809745789,0,0,7,-------,-x7
20260719,1329,requery,17,-,0.9999998807907104,1,6,11,-----------++++++,-x11|+x6
20260719,1330,requery,13,-,0.9999997615814209,0,0,13,-------------,-x13
20260719,1331,requery,4,-,0.6118154525756836,1,1,3,---+,-x3|+x1
20260719,1332,requery,13,-,0.9999990463256836,1,7,6,------+++++++,-x6|+x7
20260719,1333,requery,7,-,0.9976980090141296,1,1,6,------+,-x6|+x1
20260719,1334,requery,7,-,0.8844020962715149,1,1,6,------+,-x6|+x1
20260719,1335,requery,13,-,0.9952568411827087,8,5,8,----+-+-++-+-,-x4|+x1|-x1|+x1|-x1|+x2|-x1|+x1|-x1
20260719,1336,requery,5,-,0.9009052515029907,0,0,5,-----,-x5
20260719,1337,requery,17,-,0.9999997615814209,1,9,8,--------+++++++++,-x8|+x9
20260719,1338,requery,15,-,1.0,1,5,10,----------+++++,-x10|+x5
20260719,1339,requery,11,+,0.9662479162216187,3,7,4,++++++---+-,+x6|-x3|+x1|-x1
20260719,1340,requery,10,-,0.5713017582893372,2,1,9,--+-------,-x2|+x1|-x7
20260719,1341,requery,10,+,0.8670048117637634,1,8,2,++++++++--,+x8|-x2
20260719,1342,requery,16,-,0.9948232173919678,5,6,10,--------++-++-++,-x8|+x2|-x1|+x2|-x1|+x2
20260719,1343,requery,20,-,1.0,1,1,19,-------------------+,-x19|+x1
20260719,1344,requery,18,-,0.9863132238388062,1,2,16,----------------++,-x16|+x2
20260719,1345,requery,11,+,0.9424626231193542,3,7,4,++++++---+-,+x6|-x3|+x1|-x1
20260719,1346,requery,5,-,0.6975850462913513,0,0,5,-----,-x5
20260719,1347,requery,7,-,0.7638657689094543,0,0,7,-------,-x7
20260719,1348,requery,15,-,0.9999992847442627,9,7,8,----++-++-+-+-+,-x4|+x2|-x1|+x2|-x1|+x1|-x1|+x1|-x1|+x1
20260719,1349,requery,17,-,1.0,0,0,17,-----------------,-x17
20260719,1350,requery,6,-,0.8142073154449463,0,0,6,------,-x6
20260719,1351,requery,12,-,0.9999983310699463,3,4,8,-------++-++,-x7|+x2|-x1|+x2
20260719,1352,requery,5,+,0.7161468267440796,1,2,3,++---,+x2|-x3
20260719,1353,requery,19,-,1.0,1,4,15,---------------++++,-x15|+x4
20260719,1354,requery,15,+,0.9904518127441406,3,11,4,++++++++++--+--,+x10|-x2|+x1|-x2
20260719,1355,requery,13,-,0.9999998807907104,1,1,12,------------+,-x12|+x1
20260719,1356,requery,7,-,0.966115415096283,0,0,7,-------,-x7
20260719,1357,requery,8,-,0.9710950255393982,0,0,8,--------,-x8
20260719,1358,requery,10,-,0.9999926090240479,4,3,7,-----++-+-,-x5|+x2|-x1|+x1|-x1
20260719,1359,requery,19,-,0.9999998807907104,1,3,16,----------------+++,-x16|+x3
20260719,1360,requery,20,-,1.0,1,3,17,-----------------+++,-x17|+x3
20260719,1361,requery,19,-,1.0,1,1,18,------------------+,-x18|+x1
20260719,1362,requery,14,-,0.7091683149337769,2,3,11,-----+++------,-x5|+x3|-x6
20260719,1363,requery,14,-,1.0,0,0,14,--------------,-x14
20260719,1364,requery,2,-,0.9929749965667725,0,0,2,--,-x2
20260719,1365,requery,6,-,0.8682636022567749,0,0,6,------,-x6
20260719,1366,requery,21,-,1.0,1,3,18,------------------+++,-x18|+x3
20260719,1367,requery,9,-,0.9159038662910461,2,1,8,-------+-,-x7|+x1|-x1
20260719,1368,requery,11,-,0.9999994039535522,6,4,7,----+-+-++-,-x4|+x1|-x1|+x1|-x1|+x2|-x1
20260719,1369,requery,11,-,0.9999998807907104,2,3,8,-------+++-,-x7|+x3|-x1
20260719,1370,requery,20,-,1.0,1,3,17,-----------------+++,-x17|+x3
20260719,1371,requery,21,-,1.0,1,2,19,-------------------++,-x19|+x2
20260719,1372,requery,4,-,0.7169961929321289,0,0,4,----,-x4
20260719,1373,requery,12,-,0.9999978542327881,1,2,10,----------++,-x10|+x2
20260719,1374,requery,14,-,0.9999918937683105,1,9,5,-----+++++++++,-x5|+x9
20260719,1375,requery,14,-,1.0,1,2,12,------------++,-x12|+x2
20260719,1376,requery,9,+,0.6508110761642456,1,2,7,++-------,+x2|-x7
20260719,1377,requery,21,-,1.0,1,6,15,---------------++++++,-x15|+x6
20260719,1378,requery,7,-,0.8982362747192383,0,0,7,-------,-x7
20260719,1379,requery,4,+,0.5824633240699768,1,1,3,+---,+x1|-x3
20260719,1380,requery,9,+,0.6801769733428955,1,2,7,++-------,+x2|-x7
20260719,1381,requery,6,-,0.9341184496879578,0,0,6,------,-x6
20260719,1382,requery,3,-,0.7816404104232788,0,0,3,---,-x3
20260719,1383,requery,8,-,0.8944430947303772,0,0,8,--------,-x8
20260719,1384,requery,16,-,0.9999829530715942,1,8,8,--------++++++++,-x8|+x8
20260719,1385,requery,6,-,0.5868759155273438,1,1,5,-----+,-x5|+x1
20260719,1386,requery,3,+,0.7224390506744385,1,1,2,+--,+x1|-x2
20260719,1387,requery,4,-,0.6481026411056519,0,0,4,----,-x4
20260719,1388,requery,7,-,0.694035530090332,1,3,4,----+++,-x4|+x3
20260719,1389,requery,17,-,1.0,0,0,17,-----------------,-x17
20260719,1390,requery,7,-,0.8057975769042969,1,1,6,------+,-x6|+x1
20260719,1391,requery,9,+,0.6960393786430359,1,1,8,+--------,+x1|-x8
20260719,1392,requery,5,+,0.8214913606643677,1,1,4,+----,+x1|-x4
20260719,1393,requery,9,+,0.5922528505325317,0,9,0,+++++++++,+x9
20260719,1394,requery,9,-,0.971038818359375,0,0,9,---------,-x9
20260719,1395,requery,21,-,1.0,1,5,16,----------------+++++,-x16|+x5
20260719,1396,requery,15,-,0.9999978542327881,1,8,7,-------++++++++,-x7|+x8
20260719,1397,requery,9,-,0.982932448387146,0,0,9,---------,-x9
20260719,1398,requery,17,-,0.9863883852958679,2,1,16,------------+----,-x12|+x1|-x4
20260719,1399,requery,7,-,0.899104654788971,0,0,7,-------,-x7
20260719,1400,requery,12,-,0.9886547327041626,4,2,10,--------+-+-,-x8|+x1|-x1|+x1|-x1
20260719,1401,requery,11,-,0.9778408408164978,2,1,10,---------+-,-x9|+x1|-x1
20260719,1402,requery,19,-,1.0,1,8,11,-----------++++++++,-x11|+x8
20260719,1403,requery,4,-,0.7318711280822754,0,0,4,----,-x4
20260719,1404,requery,5,-,0.7872694730758667,0,0,5,-----,-x5
20260719,1405,requery,5,-,0.9833985567092896,0,0,5,-----,-x5
20260719,1406,requery,17,-,0.9995346069335938,1,9,8,--------+++++++++,-x8|+x9
20260719,1407,requery,16,-,0.9999998807907104,1,2,14,--------------++,-x14|+x2
20260719,1408,requery,7,-,0.9529065489768982,0,0,7,-------,-x7
20260719,1409,requery,17,-,0.9998231530189514,7,6,11,--------++-+-++-+,-x8|+x2|-x1|+x1|-x1|+x2|-x1|+x1
20260719,1410,requery,21,-,1.0,2,4,17,----------------++++-,-x16|+x4|-x1
20260719,1411,requery,15,-,0.9999815225601196,6,6,9,------+++-+-++-,-x6|+x3|-x1|+x1|-x1|+x2|-x1
20260719,1412,requery,12,-,0.8885406851768494,0,0,12,------------,-x12
20260719,1413,requery,21,-,0.9645048379898071,2,2,19,------------------++-,-x18|+x2|-x1
20260719,1414,requery,20,-,0.9996070265769958,7,9,11,--------+++++-+-++-+,-x8|+x5|-x1|+x1|-x1|+x2|-x1|+x1
20260719,1415,requery,18,-,1.0,1,5,13,-------------+++++,-x13|+x5
20260719,1416,requery,3,-,0.9273573160171509,0,0,3,---,-x3
20260719,1417,requery,7,-,0.8433361053466797,0,0,7,-------,-x7
20260719,1418,requery,8,-,0.9356706142425537,0,0,8,--------,-x8
20260719,1419,requery,5,-,0.8820006847381592,0,0,5,-----,-x5
20260719,1420,requery,18,-,0.9999841451644897,1,11,7,-------+++++++++++,-x7|+x11
20260719,1421,requery,3,+,0.505193829536438,1,1,2,+--,+x1|-x2
20260719,1422,requery,3,-,0.9268446564674377,0,0,3,---,-x3
20260719,1423,requery,7,-,0.7515686750411987,2,1,6,---+---,-x3|+x1|-x3
20260719,1424,requery,15,-,0.999834418296814,8,4,11,------+-+-+--+-,-x6|+x1|-x1|+x1|-x1|+x1|-x2|+x1|-x1
20260719,1425,requery,18,+,0.5713956952095032,3,9,9,++++++++-----+----,+x8|-x5|+x1|-x4
20260719,1426,requery,5,-,0.8284910917282104,0,0,5,-----,-x5
20260719,1427,requery,16,-,0.9999996423721313,5,10,6,----++++++++-+-+,-x4|+x8|-x1|+x1|-x1|+x1
20260719,1428,requery,5,+,0.8709487915039062,3,2,3,+--+-,+x1|-x2|+x1|-x1
20260719,1429,requery,5,-,0.9589698314666748,0,0,5,-----,-x5
20260719,1430,requery,2,-,0.8767176270484924,0,0,2,--,-x2
20260719,1431,requery,11,-,0.6128664016723633,4,3,8,----++---+-,-x4|+x2|-x3|+x1|-x1
20260719,1432,requery,19,-,0.9999996423721313,3,5,14,-------------++++-+,-x13|+x4|-x1|+x1
20260719,1433,requery,19,-,0.9999997615814209,1,8,11,-----------++++++++,-x11|+x8
20260719,1434,requery,14,-,0.9999926090240479,10,6,8,---+-+-++-+-+-,-x3|+x1|-x1|+x1|-x1|+x2|-x1|+x1|-x1|+x1|-x1
20260719,1435,requery,1,+,0.7964123487472534,0,1,0,+,+x1
20260719,1436,requery,4,-,0.9812139272689819,0,0,4,----,-x4
20260719,1437,requery,19,-,0.9999991655349731,3,9,10,---------++++++++-+,-x9|+x8|-x1|+x1
20260719,1438,requery,13,-,0.999539852142334,6,4,9,------++-+-+-,-x6|+x2|-x1|+x1|-x1|+x1|-x1
20260719,1439,requery,4,-,0.6908547878265381,0,0,4,----,-x4
20260719,1440,requery,22,-,1.0,0,0,22,----------------------,-x22
20260803,1441,requery,14,+,0.9873151779174805,1,5,9,+++++---------,+x5|-x9
20260803,1442,requery,33,+,0.9905956983566284,1,13,20,+++++++++++++--------------------,+x13|-x20
20260803,1443,requery,3,+,0.9303597211837769,0,3,0,+++,+x3
20260803,1444,requery,7,+,0.5493823885917664,0,7,0,+++++++,+x7
20260803,1445,requery,11,+,0.7655465602874756,0,11,0,+++++++++++,+x11
20260803,1446,requery,8,+,0.9506956934928894,1,7,1,+++++++-,+x7|-x1
20260803,1447,requery,14,+,0.9969053864479065,1,5,9,+++++---------,+x5|-x9
20260803,1448,requery,5,+,0.9312839508056641,0,5,0,+++++,+x5
20260803,1449,requery,16,+,0.9081918001174927,2,7,9,+++++---------++,+x5|-x9|+x2
20260803,1450,requery,11,+,0.9956929087638855,1,4,7,++++-------,+x4|-x7
20260803,1451,requery,14,+,0.9932748079299927,1,6,8,++++++--------,+x6|-x8
20260803,1452,requery,31,+,0.9920090436935425,1,11,20,+++++++++++--------------------,+x11|-x20
20260803,1453,requery,26,+,0.9760457873344421,1,7,19,+++++++-------------------,+x7|-x19
20260803,1454,requery,10,+,0.882832407951355,0,10,0,++++++++++,+x10
20260803,1455,requery,16,+,0.9671461582183838,1,5,11,+++++-----------,+x5|-x11
20260803,1456,requery,7,+,0.8046197295188904,1,5,2,+++++--,+x5|-x2
20260803,1457,requery,31,+,0.9948945045471191,1,10,21,++++++++++---------------------,+x10|-x21
20260803,1458,requery,8,-,0.9992039799690247,0,0,8,--------,-x8
20260803,1459,requery,13,+,0.9936363697052002,1,6,7,++++++-------,+x6|-x7
20260803,1460,requery,12,+,0.9990338087081909,1,5,7,+++++-------,+x5|-x7
20260803,1461,requery,10,-,0.5823497176170349,0,0,10,----------,-x10
20260803,1462,requery,13,+,0.9982346296310425,1,5,8,+++++--------,+x5|-x8
20260803,1463,requery,12,-,0.8903005719184875,0,0,12,------------,-x12
20260803,1464,requery,7,+,0.8865403532981873,1,6,1,++++++-,+x6|-x1
20260803,1465,requery,11,+,0.994852602481842,1,3,8,+++--------,+x3|-x8
20260803,1466,requery,23,+,0.9889386892318726,1,11,12,+++++++++++------------,+x11|-x12
20260803,1467,requery,11,-,0.5108208656311035,2,5,6,--+++++----,-x2|+x5|-x4
20260803,1468,requery,14,+,0.9950616955757141,1,5,9,+++++---------,+x5|-x9
20260803,1469,requery,15,-,0.9882142543792725,0,0,15,---------------,-x15
20260803,1470,requery,8,-,0.9690080881118774,0,0,8,--------,-x8
20260803,1471,requery,30,+,0.9923080205917358,1,6,24,++++++------------------------,+x6|-x24
20260803,1472,requery,8,+,0.7766166925430298,1,6,2,++++++--,+x6|-x2
20260803,1473,requery,9,-,0.6829596161842346,0,0,9,---------,-x9
20260803,1474,requery,16,+,0.9804948568344116,1,9,7,+++++++++-------,+x9|-x7
20260803,1475,requery,2,+,0.6301937103271484,0,2,0,++,+x2
20260803,1476,requery,9,-,0.9766371250152588,0,0,9,---------,-x9
20260803,1477,requery,9,+,0.9734190702438354,1,5,4,+++++----,+x5|-x4
20260803,1478,requery,10,-,0.9345130920410156,0,0,10,----------,-x10
20260803,1479,requery,14,+,0.6662847995758057,1,2,12,++------------,+x2|-x12
20260803,1480,requery,5,+,0.9784325361251831,1,4,1,++++-,+x4|-x1
20260803,1481,requery,22,+,0.918934166431427,1,2,20,++--------------------,+x2|-x20
20260803,1482,requery,13,+,0.9981386661529541,1,6,7,++++++-------,+x6|-x7
20260803,1483,requery,7,+,0.9612550139427185,0,7,0,+++++++,+x7
20260803,1484,requery,12,+,0.9983478784561157,1,4,8,++++--------,+x4|-x8
20260803,1485,requery,15,+,0.9880648255348206,1,5,10,+++++----------,+x5|-x10
20260803,1486,requery,12,+,0.9960659146308899,1,6,6,++++++------,+x6|-x6
20260803,1487,requery,17,+,0.9911439418792725,1,5,12,+++++------------,+x5|-x12
20260803,1488,requery,9,-,0.957535445690155,0,0,9,---------,-x9
20260803,1489,requery,15,+,0.9887557625770569,3,7,8,++++++------+--,+x6|-x6|+x1|-x2
20260803,1490,requery,11,+,0.9951192140579224,1,9,2,+++++++++--,+x9|-x2
20260803,1491,requery,11,-,0.9958764314651489,0,0,11,-----------,-x11
20260803,1492,requery,13,-,0.9981339573860168,0,0,13,-------------,-x13
20260803,1493,requery,11,+,0.9941019415855408,1,4,7,++++-------,+x4|-x7
20260803,1494,requery,13,+,0.9945161938667297,1,5,8,+++++--------,+x5|-x8
20260803,1495,requery,9,-,0.5681067705154419,2,3,6,-+++-----,-x1|+x3|-x5
20260803,1496,requery,7,-,0.9943065047264099,0,0,7,-------,-x7
20260803,1497,requery,11,+,0.9308291673660278,1,2,9,++---------,+x2|-x9
20260803,1498,requery,26,+,0.9786309003829956,1,8,18,++++++++------------------,+x8|-x18
20260803,1499,requery,17,+,0.9884825348854065,1,10,7,++++++++++-------,+x10|-x7
20260803,1500,requery,16,+,0.9917129278182983,1,8,8,++++++++--------,+x8|-x8
20260803,1501,requery,7,+,0.9255430698394775,0,7,0,+++++++,+x7
20260803,1502,requery,17,+,0.9947270750999451,1,12,5,++++++++++++-----,+x12|-x5
20260803,1503,requery,4,+,0.9480856657028198,0,4,0,++++,+x4
20260803,1504,requery,13,+,0.6264347434043884,2,6,7,+++++-------+,+x5|-x7|+x1
20260803,1505,requery,9,-,0.9710499048233032,0,0,9,---------,-x9
20260803,1506,requery,12,+,0.9988777041435242,1,4,8,++++--------,+x4|-x8
20260803,1507,requery,12,+,0.994608998298645,1,6,6,++++++------,+x6|-x6
20260803,1508,requery,16,+,0.9943615198135376,1,5,11,+++++-----------,+x5|-x11
20260803,1509,requery,3,+,0.9515023231506348,0,3,0,+++,+x3
20260803,1510,requery,5,-,0.6056864857673645,0,0,5,-----,-x5
20260803,1511,requery,9,+,0.9489667415618896,0,9,0,+++++++++,+x9
20260803,1512,requery,9,-,0.5415670275688171,3,4,5,----++-++,-x4|+x2|-x1|+x2
20260803,1513,requery,10,-,0.8434997200965881,0,0,10,----------,-x10
20260803,1514,requery,5,-,0.7419072985649109,0,0,5,-----,-x5
20260803,1515,requery,8,-,0.9632365107536316,0,0,8,--------,-x8
20260803,1516,requery,11,+,0.9941587448120117,1,4,7,++++-------,+x4|-x7
20260803,1517,requery,14,+,0.9930902123451233,1,4,10,++++----------,+x4|-x10
20260803,1518,requery,10,-,0.6459083557128906,0,0,10,----------,-x10
20260803,1519,requery,10,-,0.9947899580001831,0,0,10,----------,-x10
20260803,1520,requery,8,+,0.5797973871231079,0,8,0,++++++++,+x8
20260803,1521,requery,15,+,0.9969882369041443,1,5,10,+++++----------,+x5|-x10
20260803,1522,requery,13,+,0.9933755993843079,1,4,9,++++---------,+x4|-x9
20260803,1523,requery,19,+,0.8198285698890686,1,2,17,++-----------------,+x2|-x17
20260803,1524,requery,13,+,0.9946381449699402,1,5,8,+++++--------,+x5|-x8
20260803,1525,requery,6,+,0.9323035478591919,0,6,0,++++++,+x6
20260803,1526,requery,33,+,0.9861185550689697,1,9,24,+++++++++------------------------,+x9|-x24
20260803,1527,requery,12,+,0.870206892490387,1,2,10,++----------,+x2|-x10
20260803,1528,requery,23,+,0.9930729269981384,1,4,19,++++-------------------,+x4|-x19
20260803,1529,requery,8,+,0.5728128552436829,0,8,0,++++++++,+x8
20260803,1530,requery,8,-,0.9985610842704773,0,0,8,--------,-x8
20260803,1531,requery,4,-,0.9838685393333435,0,0,4,----,-x4
20260803,1532,requery,13,+,0.9960505366325378,1,5,8,+++++--------,+x5|-x8
20260803,1533,requery,17,+,0.982459306716919,1,5,12,+++++------------,+x5|-x12
20260803,1534,requery,12,+,0.9319754838943481,1,2,10,++----------,+x2|-x10
20260803,1535,requery,14,+,0.9210518598556519,1,3,11,+++-----------,+x3|-x11
20260803,1536,requery,6,-,0.9196282625198364,0,0,6,------,-x6
20260803,1537,requery,9,+,0.952006995677948,1,3,6,+++------,+x3|-x6
20260803,1538,requery,6,-,0.9908146262168884,0,0,6,------,-x6
20260803,1539,requery,12,-,0.6970165371894836,0,0,12,------------,-x12
20260803,1540,requery,13,+,0.9956716299057007,1,4,9,++++---------,+x4|-x9
20260803,1541,requery,35,+,0.986906111240387,1,11,24,+++++++++++------------------------,+x11|-x24
20260803,1542,requery,12,+,0.9608379006385803,1,3,9,+++---------,+x3|-x9
20260803,1543,requery,8,-,0.9204012751579285,0,0,8,--------,-x8
20260803,1544,requery,12,+,0.9985681772232056,1,5,7,+++++-------,+x5|-x7
20260803,1545,requery,9,-,0.5553348064422607,0,0,9,---------,-x9
20260803,1546,requery,40,+,0.9873124957084656,2,9,31,++++++++-------------------------------+,+x8|-x31|+x1
20260803,1547,requery,10,+,0.9930879473686218,1,4,6,++++------,+x4|-x6
20260803,1548,requery,14,+,0.9880009293556213,1,4,10,++++----------,+x4|-x10
20260803,1549,requery,10,-,0.7244217395782471,2,2,8,---++-----,-x3|+x2|-x5
20260803,1550,requery,6,+,0.8854868412017822,0,6,0,++++++,+x6
20260803,1551,requery,5,+,0.7992690205574036,1,4,1,++++-,+x4|-x1
20260803,1552,requery,12,+,0.9952760934829712,1,3,9,+++---------,+x3|-x9
20260803,1553,requery,12,+,0.9772478938102722,1,4,8,++++--------,+x4|-x8
20260803,1554,requery,8,+,0.8318240642547607,1,1,7,+-------,+x1|-x7
20260803,1555,requery,6,+,0.9811026453971863,0,6,0,++++++,+x6
20260803,1556,requery,10,+,0.8574689030647278,1,2,8,++--------,+x2|-x8
20260803,1557,requery,25,+,0.9719343781471252,1,12,13,++++++++++++-------------,+x12|-x13
20260803,1558,requery,16,+,0.9825239777565002,1,4,12,++++------------,+x4|-x12
20260803,1559,requery,13,+,0.9982014894485474,1,5,8,+++++--------,+x5|-x8
20260803,1560,requery,15,+,0.9923950433731079,1,7,8,+++++++--------,+x7|-x8
20260803,1561,requery,2,+,0.8592517971992493,0,2,0,++,+x2
20260803,1562,requery,6,-,0.9992132186889648,0,0,6,------,-x6
20260803,1563,requery,8,-,0.9188282489776611,0,0,8,--------,-x8
20260803,1564,requery,7,-,0.6773031949996948,2,3,4,--+++--,-x2|+x3|-x2
20260803,1565,requery,10,-,0.7679899334907532,0,0,10,----------,-x10
20260803,1566,requery,15,+,0.9924200177192688,1,8,7,++++++++-------,+x8|-x7
20260803,1567,requery,20,+,0.997454822063446,1,5,15,+++++---------------,+x5|-x15
20260803,1568,requery,23,+,0.9939776659011841,1,11,12,+++++++++++------------,+x11|-x12
20260803,1569,requery,12,-,0.9925958514213562,0,0,12,------------,-x12
20260803,1570,requery,13,+,0.9986559152603149,1,5,8,+++++--------,+x5|-x8
20260803,1571,requery,7,-,0.9990498423576355,0,0,7,-------,-x7
20260803,1572,requery,16,+,0.989403486251831,1,7,9,+++++++---------,+x7|-x9
20260803,1573,requery,7,+,0.8641586303710938,1,6,1,++++++-,+x6|-x1
20260803,1574,requery,23,+,0.9958284497261047,1,9,14,+++++++++--------------,+x9|-x14
20260803,1575,requery,13,+,0.9980636239051819,1,4,9,++++---------,+x4|-x9
20260803,1576,requery,10,-,0.9881872534751892,0,0,10,----------,-x10
20260803,1577,requery,10,+,0.9987700581550598,1,6,4,++++++----,+x6|-x4
20260803,1578,requery,11,-,0.9984763264656067,0,0,11,-----------,-x11
20260803,1579,requery,11,+,0.6489444971084595,1,5,6,+++++------,+x5|-x6
20260803,1580,requery,25,+,0.9931831955909729,1,6,19,++++++-------------------,+x6|-x19
20260803,1581,requery,9,+,0.9277829527854919,1,2,7,++-------,+x2|-x7
20260803,1582,requery,4,+,0.8807730674743652,0,4,0,++++,+x4
20260803,1583,requery,22,+,0.995420515537262,1,6,16,++++++----------------,+x6|-x16
20260803,1584,requery,12,+,0.998808741569519,1,5,7,+++++-------,+x5|-x7
20260803,1585,requery,3,-,0.8953332304954529,0,0,3,---,-x3
20260803,1586,requery,29,+,0.9787308573722839,1,9,20,+++++++++--------------------,+x9|-x20
20260803,1587,requery,12,+,0.9996519088745117,1,5,7,+++++-------,+x5|-x7
20260803,1588,requery,7,-,0.891076922416687,4,3,4,--++-+-,-x2|+x2|-x1|+x1|-x1
20260803,1589,requery,16,+,0.996941864490509,1,4,12,++++------------,+x4|-x12
20260803,1590,requery,19,+,0.9930697083473206,1,11,8,+++++++++++--------,+x11|-x8
20260803,1591,requery,25,+,0.9497745037078857,1,3,22,+++----------------------,+x3|-x22
20260803,1592,requery,7,+,0.9305691123008728,1,2,5,++-----,+x2|-x5
20260803,1593,requery,8,+,0.9763954877853394,1,6,2,++++++--,+x6|-x2
20260803,1594,requery,11,-,0.5750935673713684,0,0,11,-----------,-x11
20260803,1595,requery,11,+,0.9901190996170044,1,3,8,+++--------,+x3|-x8
20260803,1596,requery,10,-,0.9164634346961975,0,0,10,----------,-x10
20260803,1597,requery,4,+,0.9887732863426208,0,4,0,++++,+x4
20260803,1598,requery,7,-,0.8226197957992554,0,0,7,-------,-x7
20260803,1599,requery,8,+,0.9800816178321838,0,8,0,++++++++,+x8
20260803,1600,requery,25,+,0.9982863068580627,1,10,15,++++++++++---------------,+x10|-x15
20260803,1601,requery,27,+,0.99460768699646,1,11,16,+++++++++++----------------,+x11|-x16
20260803,1602,requery,4,+,0.8032910227775574,0,4,0,++++,+x4
20260803,1603,requery,7,+,0.6925510764122009,3,4,3,++-++--,+x2|-x1|+x2|-x2
20260803,1604,requery,11,+,0.997342050075531,1,6,5,++++++-----,+x6|-x5
20260803,1605,requery,16,+,0.9986056685447693,1,11,5,+++++++++++-----,+x11|-x5
20260803,1606,requery,11,-,0.8748454451560974,0,0,11,-----------,-x11
20260803,1607,requery,25,+,0.9980369210243225,1,9,16,+++++++++----------------,+x9|-x16
20260803,1608,requery,8,+,0.5338442325592041,1,2,6,++------,+x2|-x6
20260803,1609,requery,14,+,0.9947887659072876,1,6,8,++++++--------,+x6|-x8
20260803,1610,requery,12,+,0.9917003512382507,1,4,8,++++--------,+x4|-x8
20260803,1611,requery,15,+,0.9640295505523682,1,4,11,++++-----------,+x4|-x11
20260803,1612,requery,8,+,0.9253330826759338,0,8,0,++++++++,+x8
20260803,1613,requery,10,+,0.9286561012268066,1,3,7,+++-------,+x3|-x7
20260803,1614,requery,29,+,0.9857282042503357,1,7,22,+++++++----------------------,+x7|-x22
20260803,1615,requery,11,+,0.9966124892234802,1,4,7,++++-------,+x4|-x7
20260803,1616,requery,29,+,0.9945196509361267,1,11,18,+++++++++++------------------,+x11|-x18
20260803,1617,requery,8,+,0.9559182524681091,1,5,3,+++++---,+x5|-x3
20260803,1618,requery,4,+,0.8737912774085999,0,4,0,++++,+x4
20260803,1619,requery,19,+,0.9284459948539734,1,5,14,+++++--------------,+x5|-x14
20260803,1620,requery,6,-,0.944973886013031,0,0,6,------,-x6
20260803,1621,requery,13,+,0.9662712216377258,1,6,7,++++++-------,+x6|-x7
20260803,1622,requery,27,+,0.9967501163482666,1,7,20,+++++++--------------------,+x7|-x20
20260803,1623,requery,14,+,0.9992688298225403,1,3,11,+++-----------,+x3|-x11
20260803,1624,requery,14,+,0.9968247413635254,4,7,7,+++++------+-+,+x5|-x6|+x1|-x1|+x1
20260803,1625,requery,23,+,0.9975705742835999,1,4,19,++++-------------------,+x4|-x19
20260803,1626,requery,6,-,0.9988558292388916,0,0,6,------,-x6
20260803,1627,requery,20,+,0.8355510234832764,1,2,18,++------------------,+x2|-x18
20260803,1628,requery,5,-,0.9638863801956177,0,0,5,-----,-x5
20260803,1629,requery,16,+,0.9941462278366089,1,6,10,++++++----------,+x6|-x10
20260803,1630,requery,9,+,0.9154589176177979,0,9,0,+++++++++,+x9
20260803,1631,requery,28,+,0.9971502423286438,1,8,20,++++++++--------------------,+x8|-x20
20260803,1632,requery,14,+,0.9364910125732422,1,2,12,++------------,+x2|-x12
20260803,1633,requery,10,+,0.9959383010864258,1,5,5,+++++-----,+x5|-x5
20260803,1634,requery,12,+,0.9991219639778137,1,4,8,++++--------,+x4|-x8
20260803,1635,requery,13,+,0.9947945475578308,3,8,5,+++++++-+----,+x7|-x1|+x1|-x4
20260803,1636,requery,17,+,0.9699516296386719,1,3,14,+++--------------,+x3|-x14
20260803,1637,requery,14,+,0.9984649419784546,1,8,6,++++++++------,+x8|-x6
20260803,1638,requery,8,+,0.9900374412536621,0,8,0,++++++++,+x8
20260803,1639,requery,13,+,0.5587881207466125,1,3,10,+++----------,+x3|-x10
20260803,1640,requery,9,+,0.9310140609741211,1,4,5,++++-----,+x4|-x5
20260803,1641,requery,13,+,0.9877771735191345,1,3,10,+++----------,+x3|-x10
20260803,1642,requery,12,-,0.9409604668617249,0,0,12,------------,-x12
20260803,1643,requery,12,+,0.9992077946662903,1,6,6,++++++------,+x6|-x6
20260803,1644,requery,12,+,0.9238453507423401,1,9,3,+++++++++---,+x9|-x3
20260803,1645,requery,9,+,0.8549598455429077,1,8,1,++++++++-,+x8|-x1
20260803,1646,requery,10,-,0.7467195391654968,0,0,10,----------,-x10
20260803,1647,requery,14,+,0.9995019435882568,1,9,5,+++++++++-----,+x9|-x5
20260803,1648,requery,30,+,0.9959343671798706,1,8,22,++++++++----------------------,+x8|-x22
20260803,1649,requery,10,+,0.9889664053916931,1,5,5,+++++-----,+x5|-x5
20260803,1650,requery,7,-,0.962052583694458,0,0,7,-------,-x7
20260803,1651,requery,16,+,0.9863333106040955,7,10,6,++++++-+-+-++---,+x6|-x1|+x1|-x1|+x1|-x1|+x2|-x3
20260803,1652,requery,10,-,0.9739158749580383,0,0,10,----------,-x10
20260803,1653,requery,15,+,0.9855831861495972,1,7,8,+++++++--------,+x7|-x8
20260803,1654,requery,12,+,0.9978551268577576,1,5,7,+++++-------,+x5|-x7
20260803,1655,requery,17,+,0.9963372945785522,1,4,13,++++-------------,+x4|-x13
20260803,1656,requery,6,-,0.8538541197776794,0,0,6,------,-x6
20260803,1657,requery,26,+,0.9941744208335876,1,10,16,++++++++++----------------,+x10|-x16
20260803,1658,requery,13,+,0.9958194494247437,1,6,7,++++++-------,+x6|-x7
20260803,1659,requery,22,+,0.9885355830192566,1,10,12,++++++++++------------,+x10|-x12
20260803,1660,requery,14,+,0.9986287355422974,1,6,8,++++++--------,+x6|-x8
20260803,1661,requery,10,+,0.9859025478363037,1,5,5,+++++-----,+x5|-x5
20260803,1662,requery,11,+,0.9938749670982361,1,5,6,+++++------,+x5|-x6
20260803,1663,requery,15,+,0.9646714329719543,1,7,8,+++++++--------,+x7|-x8
20260803,1664,requery,13,+,0.9869598746299744,1,5,8,+++++--------,+x5|-x8
20260803,1665,requery,12,+,0.9994459748268127,1,5,7,+++++-------,+x5|-x7
20260803,1666,requery,4,+,0.9950756430625916,0,4,0,++++,+x4
20260803,1667,requery,13,+,0.9950344562530518,1,5,8,+++++--------,+x5|-x8
20260803,1668,requery,13,+,0.8808779716491699,1,2,11,++-----------,+x2|-x11
20260803,1669,requery,11,-,0.9790562987327576,0,0,11,-----------,-x11
20260803,1670,requery,28,+,0.9930996894836426,1,7,21,+++++++---------------------,+x7|-x21
20260803,1671,requery,8,-,0.8394033908843994,0,0,8,--------,-x8
20260803,1672,requery,5,-,0.9116092324256897,0,0,5,-----,-x5
20260803,1673,requery,4,+,0.9675737619400024,0,4,0,++++,+x4
20260803,1674,requery,6,+,0.9946867227554321,0,6,0,++++++,+x6
20260803,1675,requery,18,+,0.9910829067230225,1,11,7,+++++++++++-------,+x11|-x7
20260803,1676,requery,4,+,0.5696917176246643,1,3,1,+++-,+x3|-x1
20260803,1677,requery,3,+,0.866174578666687,0,3,0,+++,+x3
20260803,1678,requery,23,+,0.990587055683136,1,5,18,+++++------------------,+x5|-x18
20260803,1679,requery,11,+,0.9991076588630676,1,5,6,+++++------,+x5|-x6
20260803,1680,requery,7,-,0.9988045692443848,0,0,7,-------,-x7
20260803,1681,requery,13,+,0.9674088358879089,1,8,5,++++++++-----,+x8|-x5
20260803,1682,requery,7,+,0.9957477450370789,0,7,0,+++++++,+x7
20260803,1683,requery,11,-,0.9955151677131653,0,0,11,-----------,-x11
20260803,1684,requery,8,+,0.9874903559684753,0,8,0,++++++++,+x8
20260803,1685,requery,6,+,0.9228362441062927,0,6,0,++++++,+x6
20260803,1686,requery,11,+,0.5124808549880981,1,5,6,+++++------,+x5|-x6
20260803,1687,requery,14,+,0.9979519248008728,3,9,5,+++++++-++----,+x7|-x1|+x2|-x4
20260803,1688,requery,8,-,0.9589214324951172,1,6,2,--++++++,-x2|+x6
20260803,1689,requery,32,+,0.995296061038971,1,12,20,++++++++++++--------------------,+x12|-x20
20260803,1690,requery,13,+,0.9989664554595947,1,6,7,++++++-------,+x6|-x7
20260803,1691,requery,14,-,0.9405982494354248,0,0,14,--------------,-x14
20260803,1692,requery,14,+,0.9730599522590637,1,4,10,++++----------,+x4|-x10
20260803,1693,requery,6,-,0.965489387512207,3,3,3,--++-+,-x2|+x2|-x1|+x1
20260803,1694,requery,14,-,0.9887477159500122,0,0,14,--------------,-x14
20260803,1695,requery,11,-,0.992986261844635,0,0,11,-----------,-x11
20260803,1696,requery,9,-,0.9568526744842529,0,0,9,---------,-x9
20260803,1697,requery,4,+,0.9884880185127258,0,4,0,++++,+x4
20260803,1698,requery,13,+,0.9991064667701721,1,7,6,+++++++------,+x7|-x6
20260803,1699,requery,10,-,0.7527512907981873,1,8,2,--++++++++,-x2|+x8
20260803,1700,requery,8,-,0.9983339905738831,0,0,8,--------,-x8
20260803,1701,requery,4,-,0.99368816614151,0,0,4,----,-x4
20260803,1702,requery,9,+,0.7487412095069885,4,7,2,+++++-+-+,+x5|-x1|+x1|-x1|+x1
20260803,1703,requery,8,-,0.543957531452179,0,0,8,--------,-x8
20260803,1704,requery,7,+,0.9948729872703552,0,7,0,+++++++,+x7
20260803,1705,requery,4,+,0.9606335163116455,0,4,0,++++,+x4
20260803,1706,requery,15,+,0.997464656829834,1,6,9,++++++---------,+x6|-x9
20260803,1707,requery,15,+,0.9903870224952698,1,7,8,+++++++--------,+x7|-x8
20260803,1708,requery,23,+,0.9988818764686584,1,6,17,++++++-----------------,+x6|-x17
20260803,1709,requery,24,+,0.9989480376243591,1,8,16,++++++++----------------,+x8|-x16
20260803,1710,requery,12,+,0.9886372685432434,1,5,7,+++++-------,+x5|-x7
20260803,1711,requery,11,-,0.5488014221191406,0,0,11,-----------,-x11
20260803,1712,requery,10,+,0.9981299042701721,1,5,5,+++++-----,+x5|-x5
20260803,1713,requery,6,-,0.6794254183769226,1,4,2,--++++,-x2|+x4
20260803,1714,requery,7,+,0.8596022129058838,1,6,1,++++++-,+x6|-x1
20260803,1715,requery,23,+,0.9886950850486755,1,13,10,+++++++++++++----------,+x13|-x10
20260803,1716,requery,15,+,0.9932467937469482,1,6,9,++++++---------,+x6|-x9
20260803,1717,requery,13,+,0.9996026158332825,1,6,7,++++++-------,+x6|-x7
20260803,1718,requery,6,-,0.9975948929786682,0,0,6,------,-x6
20260803,1719,requery,8,+,0.6718803644180298,3,5,3,+++-++--,+x3|-x1|+x2|-x2
20260803,1720,requery,3,-,0.9666593670845032,0,0,3,---,-x3
20260803,1721,requery,17,+,0.9974700212478638,1,11,6,+++++++++++------,+x11|-x6
20260803,1722,requery,26,+,0.9889528751373291,1,9,17,+++++++++-----------------,+x9|-x17
20260803,1723,requery,4,-,0.9855782389640808,0,0,4,----,-x4
20260803,1724,requery,16,+,0.6925733685493469,1,2,14,++--------------,+x2|-x14
20260803,1725,requery,13,+,0.9982838034629822,1,7,6,+++++++------,+x7|-x6
20260803,1726,requery,17,+,0.9989954829216003,5,10,7,++++++++-+-+-----,+x8|-x1|+x1|-x1|+x1|-x5
20260803,1727,requery,13,+,0.9993663430213928,1,5,8,+++++--------,+x5|-x8
20260803,1728,requery,3,+,0.9971554279327393,0,3,0,+++,+x3
20260803,1729,requery,8,-,0.9877611398696899,0,0,8,--------,-x8
20260803,1730,requery,14,+,0.9983395338058472,5,8,6,++++++---+-+--,+x6|-x3|+x1|-x1|+x1|-x2
20260803,1731,requery,4,-,0.9213792681694031,0,0,4,----,-x4
20260803,1732,requery,4,-,0.9420936107635498,0,0,4,----,-x4
20260803,1733,requery,7,+,0.9376454949378967,0,7,0,+++++++,+x7
20260803,1734,requery,15,-,0.9043686389923096,0,0,15,---------------,-x15
20260803,1735,requery,3,+,0.9960514903068542,0,3,0,+++,+x3
20260803,1736,requery,15,+,0.99434894323349,4,10,5,++++++----+-+++,+x6|-x4|+x1|-x1|+x3
20260803,1737,requery,9,-,0.9419329166412354,0,0,9,---------,-x9
20260803,1738,requery,2,+,0.8010032176971436,0,2,0,++,+x2
20260803,1739,requery,3,+,0.9834676384925842,0,3,0,+++,+x3
20260803,1740,requery,8,+,0.83076012134552,1,7,1,+++++++-,+x7|-x1
20260803,1741,requery,13,-,0.994907796382904,0,0,13,-------------,-x13
20260803,1742,requery,9,+,0.6225982308387756,1,4,5,++++-----,+x4|-x5
20260803,1743,requery,33,+,0.9922564029693604,1,11,22,+++++++++++----------------------,+x11|-x22
20260803,1744,requery,6,-,0.9977732300758362,0,0,6,------,-x6
20260803,1745,requery,14,-,0.9998584985733032,0,0,14,--------------,-x14
20260803,1746,requery,15,+,0.9963493347167969,1,8,7,++++++++-------,+x8|-x7
20260803,1747,requery,11,+,0.9713044762611389,1,3,8,+++--------,+x3|-x8
20260803,1748,requery,13,+,0.9890756607055664,1,10,3,++++++++++---,+x10|-x3
20260803,1749,requery,4,+,0.8981746435165405,0,4,0,++++,+x4
20260803,1750,requery,21,+,0.9976275563240051,1,7,14,+++++++--------------,+x7|-x14
20260803,1751,requery,4,+,0.9073525071144104,0,4,0,++++,+x4
20260803,1752,requery,17,+,0.9970982074737549,1,8,9,++++++++---------,+x8|-x9
20260803,1753,requery,13,+,0.5132242441177368,1,2,11,++-----------,+x2|-x11
20260803,1754,requery,8,-,0.806089460849762,0,0,8,--------,-x8
20260803,1755,requery,15,+,0.9983585476875305,1,5,10,+++++----------,+x5|-x10
20260803,1756,requery,4,-,0.9688600301742554,0,0,4,----,-x4
20260803,1757,requery,24,+,0.9618035554885864,1,3,21,+++---------------------,+x3|-x21
20260803,1758,requery,14,+,0.9978598952293396,1,5,9,+++++---------,+x5|-x9
20260803,1759,requery,13,+,0.9884618520736694,3,6,7,+++++----+---,+x5|-x4|+x1|-x3
20260803,1760,requery,11,+,0.9969745874404907,1,6,5,++++++-----,+x6|-x5
20260803,1761,requery,13,+,0.9307657480239868,1,2,11,++-----------,+x2|-x11
20260803,1762,requery,11,+,0.9976562261581421,3,5,6,++++----+--,+x4|-x4|+x1|-x2
20260803,1763,requery,13,+,0.9998090863227844,1,3,10,+++----------,+x3|-x10
20260803,1764,requery,8,-,0.9519129395484924,0,0,8,--------,-x8
20260803,1765,requery,8,+,0.9899634718894958,1,4,4,++++----,+x4|-x4
20260803,1766,requery,34,+,0.9954476952552795,1,18,16,++++++++++++++++++----------------,+x18|-x16
20260803,1767,requery,9,+,0.9981845021247864,0,9,0,+++++++++,+x9
20260803,1768,requery,13,-,0.9965128302574158,0,0,13,-------------,-x13
20260803,1769,requery,5,+,0.9374037981033325,0,5,0,+++++,+x5
20260803,1770,requery,8,-,0.8029579520225525,0,0,8,--------,-x8
20260803,1771,requery,11,-,0.9978688955307007,0,0,11,-----------,-x11
20260803,1772,requery,14,-,0.9393454194068909,0,0,14,--------------,-x14
20260803,1773,requery,23,+,0.9521946310997009,1,3,20,+++--------------------,+x3|-x20
20260803,1774,requery,9,+,0.9663569331169128,0,9,0,+++++++++,+x9
20260803,1775,requery,6,+,0.9450808763504028,0,6,0,++++++,+x6
20260803,1776,requery,11,-,0.964126467704773,0,0,11,-----------,-x11
20260803,1777,requery,14,+,0.9989998936653137,1,5,9,+++++---------,+x5|-x9
20260803,1778,requery,2,-,0.5134116411209106,0,0,2,--,-x2
20260803,1779,requery,17,+,0.9872801899909973,1,4,13,++++-------------,+x4|-x13
20260803,1780,requery,12,+,0.9989547729492188,1,6,6,++++++------,+x6|-x6
20260803,1781,requery,8,-,0.8084084391593933,0,0,8,--------,-x8
20260803,1782,requery,3,-,0.9740831255912781,0,0,3,---,-x3
20260803,1783,requery,23,+,0.999360978603363,1,6,17,++++++-----------------,+x6|-x17
20260803,1784,requery,13,-,0.9253550171852112,0,0,13,-------------,-x13
20260803,1785,requery,12,+,0.999555766582489,1,5,7,+++++-------,+x5|-x7
20260803,1786,requery,5,+,0.8573421835899353,0,5,0,+++++,+x5
20260803,1787,requery,16,+,0.9971539974212646,5,9,7,+++++++-+-+-----,+x7|-x1|+x1|-x1|+x1|-x5
20260803,1788,requery,8,-,0.998480498790741,0,0,8,--------,-x8
20260803,1789,requery,13,+,0.9975246787071228,7,8,5,+++--+-++-++-,+x3|-x2|+x1|-x1|+x2|-x1|+x2|-x1
20260803,1790,requery,17,+,0.9991839528083801,1,12,5,++++++++++++-----,+x12|-x5
20260803,1791,requery,9,+,0.6954631209373474,1,1,8,+--------,+x1|-x8
20260803,1792,requery,6,-,0.8875306844711304,0,0,6,------,-x6
20260803,1793,requery,8,+,0.9868583679199219,0,8,0,++++++++,+x8
20260803,1794,requery,33,+,0.9992740750312805,1,11,22,+++++++++++----------------------,+x11|-x22
20260803,1795,requery,3,-,0.9876722097396851,0,0,3,---,-x3
20260803,1796,requery,14,-,0.9888268709182739,0,0,14,--------------,-x14
20260803,1797,requery,4,-,0.9874310493469238,0,0,4,----,-x4
20260803,1798,requery,11,+,0.7538670301437378,1,6,5,++++++-----,+x6|-x5
20260803,1799,requery,10,-,0.9596256613731384,0,0,10,----------,-x10
20260803,1800,requery,10,+,0.6078888177871704,1,7,3,+++++++---,+x7|-x3
20260803,1801,requery,13,-,0.9855055212974548,1,10,3,---++++++++++,-x3|+x10
20260803,1802,requery,7,-,0.9795798063278198,0,0,7,-------,-x7
20260803,1803,requery,14,+,0.9484285712242126,4,11,3,++++++++--+-++,+x8|-x2|+x1|-x1|+x2
20260803,1804,requery,13,-,0.9998408555984497,0,0,13,-------------,-x13
20260803,1805,requery,4,-,0.6749159097671509,2,1,3,-+--,-x1|+x1|-x2
20260803,1806,requery,6,-,0.9041734933853149,0,0,6,------,-x6
20260803,1807,requery,16,-,0.9999768733978271,1,6,10,----------++++++,-x10|+x6
20260803,1808,requery,9,-,0.7871173620223999,1,8,1,-++++++++,-x1|+x8
20260803,1809,requery,8,-,0.9815497994422913,0,0,8,--------,-x8
20260803,1810,requery,3,-,0.695135772228241,1,1,2,--+,-x2|+x1
20260803,1811,requery,3,+,0.8213631510734558,0,3,0,+++,+x3
20260803,1812,requery,12,-,0.9999575614929199,1,4,8,--------++++,-x8|+x4
20260803,1813,requery,11,-,0.9990143775939941,1,9,2,--+++++++++,-x2|+x9
20260803,1814,requery,13,-,0.9995342493057251,0,0,13,-------------,-x13
20260803,1815,requery,6,-,0.8923677802085876,0,0,6,------,-x6
20260803,1816,requery,4,-,0.9139231443405151,0,0,4,----,-x4
20260803,1817,requery,16,-,0.9991338849067688,1,4,12,------------++++,-x12|+x4
20260803,1818,requery,10,-,0.7465867400169373,0,0,10,----------,-x10
20260803,1819,requery,6,+,0.5444116592407227,0,6,0,++++++,+x6
20260803,1820,requery,10,-,0.9292294979095459,0,0,10,----------,-x10
20260803,1821,requery,6,-,0.8316079378128052,1,3,3,---+++,-x3|+x3
20260803,1822,requery,10,-,0.9995837807655334,1,5,5,-----+++++,-x5|+x5
20260803,1823,requery,9,-,0.5384961366653442,0,0,9,---------,-x9
20260803,1824,requery,10,-,0.9999979734420776,0,0,10,----------,-x10
20260803,1825,requery,8,-,0.7817620038986206,0,0,8,--------,-x8
20260803,1826,requery,8,+,0.9868966937065125,0,8,0,++++++++,+x8
20260803,1827,requery,17,-,0.8367337584495544,0,0,17,-----------------,-x17
20260803,1828,requery,13,-,0.9999881982803345,1,8,5,-----++++++++,-x5|+x8
20260803,1829,requery,13,-,0.5450717806816101,0,0,13,-------------,-x13
20260803,1830,requery,15,+,0.5499246716499329,3,6,9,++--++++-------,+x2|-x2|+x4|-x7
20260803,1831,requery,11,+,0.5428757071495056,0,11,0,+++++++++++,+x11
20260803,1832,requery,8,+,0.9565241932868958,0,8,0,++++++++,+x8
20260803,1833,requery,17,-,0.9999922513961792,1,3,14,--------------+++,-x14|+x3
20260803,1834,requery,8,+,0.9318408966064453,0,8,0,++++++++,+x8
20260803,1835,requery,3,-,0.894527792930603,0,0,3,---,-x3
20260803,1836,requery,7,+,0.7747057676315308,0,7,0,+++++++,+x7
20260803,1837,requery,11,-,0.9999958276748657,1,1,10,----------+,-x10|+x1
20260803,1838,requery,9,+,0.6125469207763672,0,9,0,+++++++++,+x9
20260803,1839,requery,9,+,0.5966672897338867,4,6,3,+++-+--++,+x3|-x1|+x1|-x2|+x2
20260803,1840,requery,13,-,0.9999910593032837,1,2,11,-----------++,-x11|+x2
20260803,1841,requery,4,+,0.7457457780838013,0,4,0,++++,+x4
20260803,1842,requery,10,-,0.5283704400062561,6,6,4,-++-+++-+-,-x1|+x2|-x1|+x3|-x1|+x1|-x1
20260803,1843,requery,6,-,0.608715295791626,0,0,6,------,-x6
20260803,1844,requery,7,+,0.6908472180366516,1,6,1,++++++-,+x6|-x1
20260803,1845,requery,13,-,0.999934196472168,1,2,11,-----------++,-x11|+x2
20260803,1846,requery,7,-,0.578276515007019,3,5,2,-++-+++,-x1|+x2|-x1|+x3
20260803,1847,requery,11,-,0.8420951962471008,0,0,11,-----------,-x11
20260803,1848,requery,13,+,0.7233325839042664,8,9,4,++++-++-+-+-+,+x4|-x1|+x2|-x1|+x1|-x1|+x1|-x1|+x1
20260803,1849,requery,7,-,0.7927282452583313,0,0,7,-------,-x7
20260803,1850,requery,11,+,0.7630043625831604,5,8,3,++++-++-++-,+x4|-x1|+x2|-x1|+x2|-x1
20260803,1851,requery,14,-,0.9997239708900452,1,10,4,----++++++++++,-x4|+x10
20260803,1852,requery,6,-,0.9832406640052795,0,0,6,------,-x6
20260803,1853,requery,3,-,0.9590657949447632,0,0,3,---,-x3
20260803,1854,requery,8,-,0.8613936305046082,0,0,8,--------,-x8
20260803,1855,requery,12,-,0.9999549388885498,1,7,5,-----+++++++,-x5|+x7
20260803,1856,requery,12,-,0.9999294281005859,0,0,12,------------,-x12
20260803,1857,requery,11,-,0.9998452663421631,1,3,8,--------+++,-x8|+x3
20260803,1858,requery,17,-,0.9975167512893677,4,6,11,---------++++-++-,-x9|+x4|-x1|+x2|-x1
20260803,1859,requery,9,-,0.9989956021308899,1,3,6,------+++,-x6|+x3
20260803,1860,requery,9,-,0.8247091770172119,2,2,7,------++-,-x6|+x2|-x1
20260803,1861,requery,5,-,0.8660858869552612,0,0,5,-----,-x5
20260803,1862,requery,3,-,0.9543857574462891,0,0,3,---,-x3
20260803,1863,requery,11,+,0.9059652090072632,1,10,1,++++++++++-,+x10|-x1
20260803,1864,requery,9,+,0.6990225315093994,0,9,0,+++++++++,+x9
20260803,1865,requery,10,+,0.906701385974884,1,9,1,+++++++++-,+x9|-x1
20260803,1866,requery,12,-,0.9993460774421692,3,9,3,--+++-++++++,-x2|+x3|-x1|+x6
20260803,1867,requery,12,+,0.8393304347991943,4,10,2,+++++++-+-++,+x7|-x1|+x1|-x1|+x2
20260803,1868,requery,6,-,0.972252607345581,0,0,6,------,-x6
20260803,1869,requery,19,-,0.9999996423721313,1,4,15,---------------++++,-x15|+x4
20260803,1870,requery,8,-,0.7366222143173218,0,0,8,--------,-x8
20260803,1871,requery,20,-,0.9999991655349731,1,3,17,-----------------+++,-x17|+x3
20260803,1872,requery,14,-,0.9999980926513672,0,0,14,--------------,-x14
20260803,1873,requery,8,-,0.8932036757469177,1,1,7,-------+,-x7|+x1
20260803,1874,requery,9,-,0.7029653787612915,1,4,5,-----++++,-x5|+x4
20260803,1875,requery,10,-,0.9996997117996216,1,4,6,------++++,-x6|+x4
20260803,1876,requery,20,-,0.9999998807907104,1,1,19,-------------------+,-x19|+x1
20260803,1877,requery,10,+,0.5347694754600525,1,3,7,+++-------,+x3|-x7
20260803,1878,requery,12,+,0.9203377366065979,2,11,1,++++++++++-+,+x10|-x1|+x1
20260803,1879,requery,7,-,0.9429705142974854,1,6,1,-++++++,-x1|+x6
20260803,1880,requery,3,-,0.9612149000167847,0,0,3,---,-x3
20260803,1881,requery,5,-,0.7345811724662781,0,0,5,-----,-x5
20260803,1882,requery,11,-,0.9999611377716064,0,0,11,-----------,-x11
20260803,1883,requery,11,+,0.8257040977478027,2,10,1,+++++++++-+,+x9|-x1|+x1
20260803,1884,requery,18,-,0.9999992847442627,1,1,17,-----------------+,-x17|+x1
20260803,1885,requery,13,-,0.9999972581863403,1,6,7,-------++++++,-x7|+x6
20260803,1886,requery,8,-,0.6971182823181152,0,0,8,--------,-x8
20260803,1887,requery,16,-,0.9990068078041077,1,14,2,--++++++++++++++,-x2|+x14
20260803,1888,requery,7,-,0.9929514527320862,0,0,7,-------,-x7
20260803,1889,requery,8,+,0.6129173636436462,5,5,3,+++-+-+-,+x3|-x1|+x1|-x1|+x1|-x1
20260803,1890,requery,15,-,0.863372266292572,0,0,15,---------------,-x15
20260803,1891,requery,16,-,0.9999972581863403,1,5,11,-----------+++++,-x11|+x5
20260803,1892,requery,8,-,0.958470344543457,0,0,8,--------,-x8
20260803,1893,requery,5,-,0.9118086099624634,1,1,4,----+,-x4|+x1
20260803,1894,requery,18,-,1.0,1,1,17,-----------------+,-x17|+x1
20260803,1895,requery,14,-,0.999996542930603,1,1,13,-------------+,-x13|+x1
20260803,1896,requery,10,-,0.9059263467788696,0,0,10,----------,-x10
20260803,1897,requery,23,-,0.9999998807907104,1,4,19,-------------------++++,-x19|+x4
20260803,1898,requery,18,+,0.7767879962921143,1,7,11,+++++++-----------,+x7|-x11
20260803,1899,requery,13,-,0.9986234903335571,1,1,12,------------+,-x12|+x1
20260803,1900,requery,14,+,0.9479336738586426,1,9,5,+++++++++-----,+x9|-x5
20260803,1901,requery,2,-,0.8442333340644836,0,0,2,--,-x2
20260803,1902,requery,9,+,0.6022245287895203,5,6,3,+-++-+++-,+x1|-x1|+x2|-x1|+x3|-x1
20260803,1903,requery,4,+,0.7965779900550842,0,4,0,++++,+x4
20260803,1904,requery,21,-,1.0,1,1,20,--------------------+,-x20|+x1
20260803,1905,requery,17,-,0.6119316816329956,0,0,17,-----------------,-x17
20260803,1906,requery,19,-,0.9999992847442627,1,3,16,----------------+++,-x16|+x3
20260803,1907,requery,9,-,0.9841572642326355,1,2,7,-------++,-x7|+x2
20260803,1908,requery,12,-,0.9999926090240479,1,1,11,-----------+,-x11|+x1
20260803,1909,requery,15,-,0.9999676942825317,1,11,4,----+++++++++++,-x4|+x11
20260803,1910,requery,17,-,0.9999628067016602,1,7,10,----------+++++++,-x10|+x7
20260803,1911,requery,12,+,0.5663974285125732,1,1,11,+-----------,+x1|-x11
20260803,1912,requery,8,-,0.896426260471344,2,5,3,-+++++--,-x1|+x5|-x2
20260803,1913,requery,6,-,0.5009569525718689,0,0,6,------,-x6
20260803,1914,requery,5,-,0.8421679735183716,2,1,4,--+--,-x2|+x1|-x2
20260803,1915,requery,5,-,0.6722087264060974,0,0,5,-----,-x5
20260803,1916,requery,11,+,0.5093627572059631,1,5,6,+++++------,+x5|-x6
20260803,1917,requery,3,+,0.5761652588844299,1,2,1,++-,+x2|-x1
20260803,1918,requery,19,-,0.9999996423721313,1,1,18,------------------+,-x18|+x1
20260803,1919,requery,9,-,0.6796445250511169,0,0,9,---------,-x9
20260803,1920,requery,12,+,0.5690287351608276,1,1,11,+-----------,+x1|-x11
20260803,1921,requery,11,-,0.9953964352607727,0,0,11,-----------,-x11
20260803,1922,requery,11,-,0.9999978542327881,1,1,10,----------+,-x10|+x1
20260803,1923,requery,19,-,1.0,1,7,12,------------+++++++,-x12|+x7
20260803,1924,requery,16,-,0.9997767806053162,0,0,16,----------------,-x16
20260803,1925,requery,13,-,0.9999562501907349,1,8,5,-----++++++++,-x5|+x8
20260803,1926,requery,17,-,0.9999991655349731,0,0,17,-----------------,-x17
20260803,1927,requery,15,-,0.979596734046936,1,1,14,--------------+,-x14|+x1
20260803,1928,requery,11,-,0.9929630160331726,0,0,11,-----------,-x11
20260803,1929,requery,9,-,0.8283706307411194,0,0,9,---------,-x9
20260803,1930,requery,16,-,0.9999998807907104,1,7,9,---------+++++++,-x9|+x7
20260803,1931,requery,6,-,0.9818068742752075,0,0,6,------,-x6
20260803,1932,requery,13,-,0.9999890327453613,1,6,7,-------++++++,-x7|+x6
20260803,1933,requery,1,-,0.9078493714332581,0,0,1,-,-x1
20260803,1934,requery,20,-,0.9999998807907104,1,4,16,----------------++++,-x16|+x4
20260803,1935,requery,18,-,0.8930253982543945,1,1,17,-----------------+,-x17|+x1
20260803,1936,requery,17,-,0.9836956262588501,0,0,17,-----------------,-x17
20260803,1937,requery,9,-,0.5260737538337708,0,0,9,---------,-x9
20260803,1938,requery,17,-,0.9997106194496155,0,0,17,-----------------,-x17
20260803,1939,requery,2,-,0.9786890149116516,0,0,2,--,-x2
20260803,1940,requery,14,-,0.9997989535331726,1,6,8,--------++++++,-x8|+x6
20260803,1941,requery,9,+,0.7350619435310364,2,8,1,++++++-++,+x6|-x1|+x2
20260803,1942,requery,6,-,0.5394200086593628,0,0,6,------,-x6
20260803,1943,requery,13,-,0.9999754428863525,1,10,3,---++++++++++,-x3|+x10
20260803,1944,requery,12,-,0.9964118599891663,2,7,5,----+++++++-,-x4|+x7|-x1
20260803,1945,requery,14,-,0.9999213218688965,1,9,5,-----+++++++++,-x5|+x9
20260803,1946,requery,13,-,0.9996740818023682,1,11,2,--+++++++++++,-x2|+x11
20260803,1947,requery,1,-,0.9502493143081665,0,0,1,-,-x1
20260803,1948,requery,23,-,1.0,1,4,19,-------------------++++,-x19|+x4
20260803,1949,requery,12,-,0.9765449166297913,1,1,11,-----------+,-x11|+x1
20260803,1950,requery,12,+,0.8942888379096985,1,7,5,+++++++-----,+x7|-x5
20260803,1951,requery,15,-,0.9999953508377075,1,6,9,---------++++++,-x9|+x6
20260803,1952,requery,9,-,0.698696494102478,0,0,9,---------,-x9
20260803,1953,requery,2,-,0.6472107768058777,0,0,2,--,-x2
20260803,1954,requery,17,-,0.9919708967208862,4,5,12,----------++-+++-,-x10|+x2|-x1|+x3|-x1
20260803,1955,requery,15,-,0.999934196472168,1,9,6,------+++++++++,-x6|+x9
20260803,1956,requery,14,-,0.9999998807907104,0,0,14,--------------,-x14
20260803,1957,requery,15,-,0.999998927116394,1,3,12,------------+++,-x12|+x3
20260803,1958,requery,14,-,1.0,0,0,14,--------------,-x14
20260803,1959,requery,19,-,1.0,1,2,17,-----------------++,-x17|+x2
20260803,1960,requery,14,-,0.9764285683631897,1,9,5,-----+++++++++,-x5|+x9
20260803,1961,requery,5,+,0.795863926410675,0,5,0,+++++,+x5
20260803,1962,requery,13,-,0.9999772310256958,1,8,5,-----++++++++,-x5|+x8
20260803,1963,requery,17,-,0.9999991655349731,1,5,12,------------+++++,-x12|+x5
20260803,1964,requery,16,-,0.9987510442733765,8,6,10,------++-+-+-++-,-x6|+x2|-x1|+x1|-x1|+x1|-x1|+x2|-x1
20260803,1965,requery,6,-,0.813122570514679,0,0,6,------,-x6
20260803,1966,requery,17,-,0.9984921216964722,0,0,17,-----------------,-x17
20260803,1967,requery,14,-,0.8608779907226562,0,0,14,--------------,-x14
20260803,1968,requery,12,-,0.9988090991973877,0,0,12,------------,-x12
20260803,1969,requery,8,-,0.9708540439605713,4,2,6,----+-+-,-x4|+x1|-x1|+x1|-x1
20260803,1970,requery,15,-,0.9529034495353699,0,0,15,---------------,-x15
20260803,1971,requery,10,-,0.9690027236938477,2,1,9,--------+-,-x8|+x1|-x1
20260803,1972,requery,19,-,0.9999996423721313,1,5,14,--------------+++++,-x14|+x5
20260803,1973,requery,9,-,0.9999995231628418,0,0,9,---------,-x9
20260803,1974,requery,13,-,0.9999241828918457,6,5,8,-----++-++-+-,-x5|+x2|-x1|+x2|-x1|+x1|-x1
20260803,1975,requery,9,+,0.6107143759727478,1,6,3,++++++---,+x6|-x3
20260803,1976,requery,10,-,0.6615312099456787,2,1,9,-------+--,-x7|+x1|-x2
20260803,1977,requery,10,+,0.5864280462265015,1,8,2,++++++++--,+x8|-x2
20260803,1978,requery,8,-,0.9546349048614502,0,0,8,--------,-x8
20260803,1979,requery,9,-,0.9999818801879883,1,1,8,--------+,-x8|+x1
20260803,1980,requery,7,-,0.7961317896842957,1,5,2,--+++++,-x2|+x5
20260803,1981,requery,15,-,0.9999847412109375,2,6,9,--------++++++-,-x8|+x6|-x1
20260803,1982,requery,14,-,0.9999991655349731,1,2,12,------------++,-x12|+x2
20260803,1983,requery,20,-,1.0,1,1,19,-------------------+,-x19|+x1
20260803,1984,requery,12,-,0.9969989061355591,0,0,12,------------,-x12
20260803,1985,requery,7,-,0.9462332725524902,1,1,6,------+,-x6|+x1
20260803,1986,requery,9,-,0.9954759478569031,0,0,9,---------,-x9
20260803,1987,requery,4,-,0.7392911911010742,0,0,4,----,-x4
20260803,1988,requery,21,-,1.0,1,3,18,------------------+++,-x18|+x3
20260803,1989,requery,14,-,0.9999815225601196,1,9,5,-----+++++++++,-x5|+x9
20260803,1990,requery,21,-,1.0,1,3,18,------------------+++,-x18|+x3
20260803,1991,requery,12,-,0.9999921321868896,2,3,9,--------+++-,-x8|+x3|-x1
20260803,1992,requery,6,-,0.9963405132293701,1,2,4,----++,-x4|+x2
20260803,1993,requery,16,-,0.9999997615814209,3,9,7,------++++++++-+,-x6|+x8|-x1|+x1
20260803,1994,requery,15,-,0.9999998807907104,0,0,15,---------------,-x15
20260803,1995,requery,16,-,0.9999998807907104,1,1,15,---------------+,-x15|+x1
20260803,1996,requery,17,-,0.8144041895866394,1,1,16,----------------+,-x16|+x1
20260803,1997,requery,9,-,0.9583410024642944,5,3,6,----+-+-+,-x4|+x1|-x1|+x1|-x1|+x1
20260803,1998,requery,8,-,0.7764529585838318,1,5,3,---+++++,-x3|+x5
20260803,1999,requery,7,+,0.8664281368255615,0,7,0,+++++++,+x7
20260803,2000,requery,7,-,0.9904984831809998,0,0,7,-------,-x7
20260803,2001,requery,13,-,0.9999841451644897,0,0,13,-------------,-x13
20260803,2002,requery,16,-,0.9998996257781982,1,11,5,-----+++++++++++,-x5|+x11
20260803,2003,requery,7,-,0.8826647400856018,0,0,7,-------,-x7
20260803,2004,requery,17,-,0.9973983764648438,1,1,16,----------------+,-x16|+x1
20260803,2005,requery,14,-,0.9999760389328003,5,8,6,----+-+-++++++,-x4|+x1|-x1|+x1|-x1|+x6
20260803,2006,requery,14,-,0.9999879598617554,0,0,14,--------------,-x14
20260803,2007,requery,13,-,0.8776273727416992,0,0,13,-------------,-x13
20260803,2008,requery,15,-,0.9998588562011719,5,10,5,---++++++++-+-+,-x3|+x8|-x1|+x1|-x1|+x1
20260803,2009,requery,8,-,0.9999818801879883,0,0,8,--------,-x8
20260803,2010,requery,2,+,0.5584540367126465,1,1,1,+-,+x1|-x1
20260803,2011,requery,17,-,0.9999841451644897,3,13,4,---+++-++++++++++,-x3|+x3|-x1|+x10
20260803,2012,requery,21,-,1.0,1,2,19,-------------------++,-x19|+x2
20260803,2013,requery,14,-,0.9999877214431763,1,7,7,-------+++++++,-x7|+x7
20260803,2014,requery,8,+,0.6252816915512085,2,4,4,+++----+,+x3|-x4|+x1
20260803,2015,requery,18,-,1.0,1,1,17,-----------------+,-x17|+x1
20260803,2016,requery,21,-,1.0,1,3,18,------------------+++,-x18|+x3
20260803,2017,requery,9,+,0.645632266998291,3,7,2,+-++++++-,+x1|-x1|+x6|-x1
20260803,2018,requery,15,-,0.9964545965194702,4,9,6,----++++++++-+-,-x4|+x8|-x1|+x1|-x1
20260803,2019,requery,19,-,1.0,1,1,18,------------------+,-x18|+x1
20260803,2020,requery,9,-,0.9389827251434326,0,0,9,---------,-x9
20260803,2021,requery,17,+,0.5318853259086609,9,11,6,+++++++-+-+-+--+-,+x7|-x1|+x1|-x1|+x1|-x1|+x1|-x2|+x1|-x1
20260803,2022,requery,12,+,0.9517393708229065,4,9,3,+++++++--+-+,+x7|-x2|+x1|-x1|+x1
20260803,2023,requery,11,-,0.9999037981033325,6,4,7,----+-+-++-,-x4|+x1|-x1|+x1|-x1|+x2|-x1
20260803,2024,requery,17,-,0.9997643828392029,1,9,8,--------+++++++++,-x8|+x9
20260803,2025,requery,9,-,0.6470045447349548,0,0,9,---------,-x9
20260803,2026,requery,9,+,0.7748878002166748,1,6,3,++++++---,+x6|-x3
20260803,2027,requery,9,+,0.735400915145874,0,9,0,+++++++++,+x9
20260803,2028,requery,21,-,0.9999977350234985,4,8,13,-----------+++++++-+-,-x11|+x7|-x1|+x1|-x1
20260803,2029,requery,3,+,0.8851935863494873,0,3,0,+++,+x3
20260803,2030,requery,7,+,0.8616425395011902,0,7,0,+++++++,+x7
20260803,2031,requery,3,+,0.7962830662727356,1,2,1,++-,+x2|-x1
20260803,2032,requery,9,-,0.966589629650116,0,0,9,---------,-x9
20260803,2033,requery,4,-,0.6868107914924622,0,0,4,----,-x4
20260803,2034,requery,1,-,0.9352356195449829,0,0,1,-,-x1
20260803,2035,requery,18,-,0.9999996423721313,1,4,14,--------------++++,-x14|+x4
20260803,2036,requery,11,-,0.9310334920883179,0,0,11,-----------,-x11
20260803,2037,requery,6,+,0.9549998641014099,0,6,0,++++++,+x6
20260803,2038,requery,12,+,0.9639708995819092,4,10,2,++++++++-+-+,+x8|-x1|+x1|-x1|+x1
20260803,2039,requery,16,-,0.998163640499115,1,9,7,-------+++++++++,-x7|+x9
20260803,2040,requery,5,-,0.6994048953056335,0,0,5,-----,-x5
20260803,2041,requery,19,-,0.9999997615814209,0,0,19,-------------------,-x19
20260803,2042,requery,12,-,0.9994736313819885,7,5,7,----+-+-+-++,-x4|+x1|-x1|+x1|-x1|+x1|-x1|+x2
20260803,2043,requery,12,+,0.987417459487915,2,7,5,++++++-----+,+x6|-x5|+x1
20260803,2044,requery,10,-,0.9999995231628418,1,1,9,---------+,-x9|+x1
20260803,2045,requery,14,+,0.7948824167251587,5,10,4,++++++++--+-+-,+x8|-x2|+x1|-x1|+x1|-x1
20260803,2046,requery,9,-,0.97018963098526,1,1,8,--------+,-x8|+x1
20260803,2047,requery,10,+,0.9670906066894531,2,8,2,+++++++--+,+x7|-x2|+x1
20260803,2048,requery,13,-,0.999997615814209,4,7,6,----++++++-+-,-x4|+x6|-x1|+x1|-x1
20260803,2049,requery,5,-,0.6606486439704895,0,0,5,-----,-x5
20260803,2050,requery,1,-,0.8511625528335571,0,0,1,-,-x1
20260803,2051,requery,9,-,0.9999998807907104,1,2,7,-------++,-x7|+x2
20260803,2052,requery,14,-,0.9988875985145569,7,5,9,------+-++-+-+,-x6|+x1|-x1|+x2|-x1|+x1|-x1|+x1
20260803,2053,requery,16,-,0.9999271631240845,12,7,9,---+-++-+-+-+-+-,-x3|+x1|-x1|+x2|-x1|+x1|-x1|+x1|-x1|+x1|-x1|+x1|-x1
20260803,2054,requery,16,+,0.931618332862854,3,9,7,++++++++-----+--,+x8|-x5|+x1|-x2
20260803,2055,requery,17,-,0.9999043941497803,2,3,14,-------------+++-,-x13|+x3|-x1
20260803,2056,requery,16,-,0.9998148083686829,0,0,16,----------------,-x16
20260803,2057,requery,17,-,0.9998717308044434,1,7,10,----------+++++++,-x10|+x7
20260803,2058,requery,3,+,0.5188565850257874,1,2,1,++-,+x2|-x1
20260803,2059,requery,9,+,0.9694004654884338,5,6,3,+-++++-+-,+x1|-x1|+x4|-x1|+x1|-x1
20260803,2060,requery,15,-,0.9999939203262329,4,4,11,---------++-++-,-x9|+x2|-x1|+x2|-x1
20260803,2061,requery,4,-,0.6777380108833313,0,0,4,----,-x4
20260803,2062,requery,14,+,0.8943793177604675,3,10,4,+++++++++---+-,+x9|-x3|+x1|-x1
20260803,2063,requery,18,-,0.9999994039535522,3,8,10,---------+++++++-+,-x9|+x7|-x1|+x1
20260803,2064,requery,9,-,0.9723066687583923,4,2,7,-----+-+-,-x5|+x1|-x1|+x1|-x1
20260803,2065,requery,8,+,0.7774890065193176,0,8,0,++++++++,+x8
20260803,2066,requery,21,-,0.9999862909317017,1,13,8,--------+++++++++++++,-x8|+x13
20260803,2067,requery,9,-,0.9999558925628662,3,2,7,------+-+,-x6|+x1|-x1|+x1
20260803,2068,requery,18,-,0.9999990463256836,1,4,14,--------------++++,-x14|+x4
20260803,2069,requery,18,-,0.9999997615814209,1,6,12,------------++++++,-x12|+x6
20260803,2070,requery,6,-,0.9835145473480225,0,0,6,------,-x6
20260803,2071,requery,16,-,0.9999967813491821,1,10,6,------++++++++++,-x6|+x10
20260803,2072,requery,2,-,0.5448948740959167,0,0,2,--,-x2
20260803,2073,requery,17,-,0.9999998807907104,1,8,9,---------++++++++,-x9|+x8
20260803,2074,requery,12,-,0.9227817058563232,2,3,9,------+++---,-x6|+x3|-x3
20260803,2075,requery,8,-,0.632990300655365,1,1,7,-------+,-x7|+x1
20260803,2076,requery,15,+,0.998596727848053,6,12,3,+++++++++-+-+-+,+x9|-x1|+x1|-x1|+x1|-x1|+x1
20260803,2077,requery,2,-,0.7332155704498291,0,0,2,--,-x2
20260803,2078,requery,3,-,0.9588112235069275,0,0,3,---,-x3
20260803,2079,requery,3,+,0.7249224781990051,1,1,2,+--,+x1|-x2
20260803,2080,requery,1,-,0.5124701261520386,0,0,1,-,-x1
20260803,2081,requery,14,-,0.9999525547027588,1,10,4,----++++++++++,-x4|+x10
20260803,2082,requery,3,-,0.5123242735862732,0,0,3,---,-x3
20260803,2083,requery,19,-,1.0,1,5,14,--------------+++++,-x14|+x5
20260803,2084,requery,11,-,0.9999959468841553,5,5,6,----+-++-++,-x4|+x1|-x1|+x2|-x1|+x2
20260803,2085,requery,7,-,0.9987943172454834,2,1,6,-----+-,-x5|+x1|-x1
20260803,2086,requery,7,-,0.8822314739227295,0,0,7,-------,-x7
20260803,2087,requery,21,-,1.0,1,3,18,------------------+++,-x18|+x3
20260803,2088,requery,13,-,0.9999994039535522,5,5,8,------++-++-+,-x6|+x2|-x1|+x2|-x1|+x1
20260803,2089,requery,11,-,1.0,0,0,11,-----------,-x11
20260803,2090,requery,4,-,0.7131867408752441,0,0,4,----,-x4
20260803,2091,requery,6,+,0.5518280267715454,1,4,2,++++--,+x4|-x2
20260803,2092,requery,7,-,0.966757595539093,0,0,7,-------,-x7
20260803,2093,requery,13,-,0.9982637763023376,6,3,10,-------+-+-+-,-x7|+x1|-x1|+x1|-x1|+x1|-x1
20260803,2094,requery,12,-,0.9999986886978149,3,5,7,------++++-+,-x6|+x4|-x1|+x1
20260803,2095,requery,9,-,0.6576552391052246,1,1,8,--------+,-x8|+x1
20260803,2096,requery,2,-,0.8468859195709229,0,0,2,--,-x2
20260803,2097,requery,6,-,0.6647335886955261,1,1,5,-----+,-x5|+x1
20260803,2098,requery,11,-,0.9999997615814209,1,1,10,----------+,-x10|+x1
20260803,2099,requery,17,-,0.9999997615814209,2,5,12,-----------+++++-,-x11|+x5|-x1
20260803,2100,requery,10,-,0.945245087146759,0,0,10,----------,-x10
20260803,2101,requery,8,-,0.6966502070426941,0,0,8,--------,-x8
20260803,2102,requery,9,-,0.5970910787582397,2,3,6,---+++---,-x3|+x3|-x3
20260803,2103,requery,8,+,0.7588253617286682,2,6,2,++--++++,+x2|-x2|+x4
20260803,2104,requery,8,-,0.8911435008049011,1,1,7,-------+,-x7|+x1
20260803,2105,requery,17,-,0.9999983310699463,1,6,11,-----------++++++,-x11|+x6
20260803,2106,requery,18,-,0.9998999834060669,0,0,18,------------------,-x18
20260803,2107,requery,21,+,0.67232745885849,3,17,4,++++++++++-+++++++---,+x10|-x1|+x7|-x3
20260803,2108,requery,7,-,0.7324894666671753,0,0,7,-------,-x7
20260803,2109,requery,19,-,0.9999489784240723,1,8,11,-----------++++++++,-x11|+x8
20260803,2110,requery,1,-,0.7537275552749634,0,0,1,-,-x1
20260803,2111,requery,6,-,0.6037753224372864,0,0,6,------,-x6
20260803,2112,requery,15,-,0.999366819858551,6,4,11,--------+-+-++-,-x8|+x1|-x1|+x1|-x1|+x2|-x1
20260803,2113,requery,15,-,0.9999994039535522,1,9,6,------+++++++++,-x6|+x9
20260803,2114,requery,11,-,0.9998431205749512,7,5,6,---+-++-+-+,-x3|+x1|-x1|+x2|-x1|+x1|-x1|+x1
20260803,2115,requery,9,+,0.8687970042228699,3,4,5,+++----+-,+x3|-x4|+x1|-x1
20260803,2116,requery,14,-,0.9999915361404419,9,7,7,---++-+-+-++-+,-x3|+x2|-x1|+x1|-x1|+x1|-x1|+x2|-x1|+x1
20260803,2117,requery,19,-,0.9999991655349731,1,7,12,------------+++++++,-x12|+x7
20260803,2118,requery,20,-,0.9999299049377441,5,8,12,----------+++++-+-++,-x10|+x5|-x1|+x1|-x1|+x2
20260803,2119,requery,18,-,0.999991774559021,3,9,9,--------++++++++-+,-x8|+x8|-x1|+x1
20260803,2120,requery,10,-,0.9999997615814209,0,0,10,----------,-x10
20260803,2121,requery,20,-,0.9989739656448364,6,5,15,------------+++-+-+-,-x12|+x3|-x1|+x1|-x1|+x1|-x1
20260803,2122,requery,9,-,0.7009804248809814,2,3,6,---+++---,-x3|+x3|-x3
20260803,2123,requery,4,-,0.8625131249427795,0,0,4,----,-x4
20260803,2124,requery,3,-,0.8110063672065735,0,0,3,---,-x3
20260803,2125,requery,2,-,0.8704190850257874,0,0,2,--,-x2
20260803,2126,requery,7,+,0.5035148859024048,1,1,6,+------,+x1|-x6
20260803,2127,requery,2,-,0.8537865877151489,0,0,2,--,-x2
20260803,2128,requery,15,-,0.9999996423721313,3,8,7,------++++++-++,-x6|+x6|-x1|+x2
20260803,2129,requery,7,-,0.8279433846473694,0,0,7,-------,-x7
20260803,2130,requery,9,-,0.9598782062530518,0,0,9,---------,-x9
20260803,2131,requery,15,-,0.9999945163726807,9,8,7,---++-+-+++-+-+,-x3|+x2|-x1|+x1|-x1|+x3|-x1|+x1|-x1|+x1
20260803,2132,requery,17,-,0.9998607635498047,2,1,16,-------+---------,-x7|+x1|-x9
20260803,2133,requery,15,-,0.9999860525131226,8,8,7,---++++-+-++-+-,-x3|+x4|-x1|+x1|-x1|+x2|-x1|+x1|-x1
20260803,2134,requery,7,-,0.9767951369285583,0,0,7,-------,-x7
20260803,2135,requery,8,-,0.637823224067688,0,0,8,--------,-x8
20260803,2136,requery,19,-,1.0,2,4,15,--------------++++-,-x14|+x4|-x1
20260803,2137,requery,17,-,0.9999982118606567,1,3,14,--------------+++,-x14|+x3
20260803,2138,requery,4,-,0.8216313719749451,0,0,4,----,-x4
20260803,2139,requery,16,-,0.9999980926513672,1,5,11,-----------+++++,-x11|+x5
20260803,2140,requery,13,-,0.6988779306411743,2,6,7,----++++++---,-x4|+x6|-x3
20260803,2141,requery,20,-,0.5117720365524292,3,7,13,-+++++------------++,-x1|+x5|-x12|+x2
20260803,2142,requery,5,-,0.8732240796089172,0,0,5,-----,-x5
20260803,2143,requery,16,-,0.9999997615814209,0,0,16,----------------,-x16
20260803,2144,requery,9,-,0.9999998807907104,1,1,8,--------+,-x8|+x1
20260803,2145,requery,18,-,0.9999997615814209,1,3,15,---------------+++,-x15|+x3
20260803,2146,requery,17,-,0.9999996423721313,1,8,9,---------++++++++,-x9|+x8
20260803,2147,requery,18,-,0.9999679327011108,3,6,12,----------+++--+++,-x10|+x3|-x2|+x3
20260803,2148,requery,19,-,1.0,1,4,15,---------------++++,-x15|+x4
20260803,2149,requery,13,-,0.9999984502792358,7,6,7,----++-+-+-++,-x4|+x2|-x1|+x1|-x1|+x1|-x1|+x2
20260803,2150,requery,12,-,1.0,0,0,12,------------,-x12
20260803,2151,requery,15,-,0.9999947547912598,1,5,10,----------+++++,-x10|+x5
20260803,2152,requery,17,-,0.9999996423721313,4,9,8,------+++++++-++-,-x6|+x7|-x1|+x2|-x1
20260803,2153,requery,18,-,0.9831644892692566,8,4,14,-------+----+-+-+-,-x7|+x1|-x4|+x1|-x1|+x1|-x1|+x1|-x1
20260803,2154,requery,7,-,0.671118974685669,0,0,7,-------,-x7
20260803,2155,requery,9,-,0.9999997615814209,4,3,6,----++-+-,-x4|+x2|-x1|+x1|-x1
20260803,2156,requery,9,-,0.8582181930541992,0,0,9,---------,-x9
20260803,2157,requery,9,-,0.9445656538009644,0,0,9,---------,-x9
20260803,2158,requery,19,-,0.9934362173080444,11,6,13,-------+-+-+-+-+--+,-x7|+x1|-x1|+x1|-x1|+x1|-x1|+x1|-x1|+x1|-x2|+x1
20260803,2159,requery,6,-,0.6076613664627075,2,1,5,--+---,-x2|+x1|-x3
20260803,2160,requery,5,-,0.9218939542770386,0,0,5,-----,-x5
