eval_label,controller,category,value,count,fraction_of_successes,fraction_of_all,n_successes,n_all
4DoF_V22_3_3x3_grid_4Nm_three_expert_selector_primary_2160,active,reset_phase,touchdown,895,0.9179487179487179,0.41435185185185186,975,2160
4DoF_V22_3_3x3_grid_4Nm_three_expert_selector_primary_2160,active,reset_phase,mid_cross,77,0.07897435897435898,0.03564814814814815,975,2160
4DoF_V22_3_3x3_grid_4Nm_three_expert_selector_primary_2160,active,reset_phase,pre_cross,3,0.003076923076923077,0.001388888888888889,975,2160
4DoF_V22_3_3x3_grid_4Nm_three_expert_selector_primary_2160,active,walk_direction,backward,617,0.6328205128205128,0.28564814814814815,975,2160
4DoF_V22_3_3x3_grid_4Nm_three_expert_selector_primary_2160,active,walk_direction,forward,358,0.3671794871794872,0.16574074074074074,975,2160
4DoF_V22_3_3x3_grid_4Nm_three_expert_selector_primary_2160,active,commanded_step_length_m,0.350,333,0.3415384615384615,0.15416666666666667,975,2160
4DoF_V22_3_3x3_grid_4Nm_three_expert_selector_primary_2160,active,commanded_step_length_m,0.300,324,0.3323076923076923,0.15,975,2160
4DoF_V22_3_3x3_grid_4Nm_three_expert_selector_primary_2160,active,commanded_step_length_m,0.400,318,0.3261538461538461,0.14722222222222223,975,2160
4DoF_V22_3_3x3_grid_4Nm_three_expert_selector_primary_2160,active,commanded_step_height_m,0.020,332,0.3405128205128205,0.1537037037037037,975,2160
4DoF_V22_3_3x3_grid_4Nm_three_expert_selector_primary_2160,active,commanded_step_height_m,0.000,329,0.3374358974358974,0.15231481481481482,975,2160
4DoF_V22_3_3x3_grid_4Nm_three_expert_selector_primary_2160,active,commanded_step_height_m,0.010,314,0.32205128205128203,0.14537037037037037,975,2160
4DoF_V22_3_3x3_grid_4Nm_three_expert_selector_primary_2160,active,command_pair,L0.350_H0.000,115,0.11794871794871795,0.05324074074074074,975,2160
4DoF_V22_3_3x3_grid_4Nm_three_expert_selector_primary_2160,active,command_pair,L0.300_H0.020,114,0.11692307692307692,0.05277777777777778,975,2160
4DoF_V22_3_3x3_grid_4Nm_three_expert_selector_primary_2160,active,command_pair,L0.350_H0.010,111,0.11384615384615385,0.05138888888888889,975,2160
4DoF_V22_3_3x3_grid_4Nm_three_expert_selector_primary_2160,active,command_pair,L0.400_H0.020,111,0.11384615384615385,0.05138888888888889,975,2160
4DoF_V22_3_3x3_grid_4Nm_three_expert_selector_primary_2160,active,command_pair,L0.300_H0.000,107,0.10974358974358975,0.04953703703703704,975,2160
4DoF_V22_3_3x3_grid_4Nm_three_expert_selector_primary_2160,active,command_pair,L0.350_H0.020,107,0.10974358974358975,0.04953703703703704,975,2160
4DoF_V22_3_3x3_grid_4Nm_three_expert_selector_primary_2160,active,command_pair,L0.400_H0.000,107,0.10974358974358975,0.04953703703703704,975,2160
4DoF_V22_3_3x3_grid_4Nm_three_expert_selector_primary_2160,active,command_pair,L0.300_H0.010,103,0.10564102564102563,0.047685185185185185,975,2160
4DoF_V22_3_3x3_grid_4Nm_three_expert_selector_primary_2160,active,command_pair,L0.400_H0.010,100,0.10256410256410256,0.046296296296296294,975,2160
4DoF_V22_3_3x3_grid_4Nm_three_expert_selector_primary_2160,active,valid_for_cmt,False,517,0.5302564102564102,0.23935185185185184,975,2160
4DoF_V22_3_3x3_grid_4Nm_three_expert_selector_primary_2160,active,valid_for_cmt,True,458,0.46974358974358976,0.21203703703703702,975,2160
4DoF_V22_3_3x3_grid_4Nm_three_expert_selector_primary_2160,active,terminal_reason,success,971,0.9958974358974358,0.449537037037037,975,2160
4DoF_V22_3_3x3_grid_4Nm_three_expert_selector_primary_2160,active,terminal_reason,success+touchdown_event,4,0.0041025641025641026,0.001851851851851852,975,2160
4DoF_V22_3_3x3_grid_4Nm_three_expert_selector_primary_2160,active,passive_selected_from,none,975,1.0,0.4513888888888889,975,2160
4DoF_V22_3_3x3_grid_4Nm_three_expert_selector_primary_2160,active_full,reset_phase,touchdown,906,0.9207317073170732,0.41944444444444445,984,2160
4DoF_V22_3_3x3_grid_4Nm_three_expert_selector_primary_2160,active_full,reset_phase,mid_cross,75,0.07621951219512195,0.034722222222222224,984,2160
4DoF_V22_3_3x3_grid_4Nm_three_expert_selector_primary_2160,active_full,reset_phase,pre_cross,3,0.003048780487804878,0.001388888888888889,984,2160
4DoF_V22_3_3x3_grid_4Nm_three_expert_selector_primary_2160,active_full,walk_direction,backward,618,0.6280487804878049,0.2861111111111111,984,2160
4DoF_V22_3_3x3_grid_4Nm_three_expert_selector_primary_2160,active_full,walk_direction,forward,366,0.3719512195121951,0.16944444444444445,984,2160
4DoF_V22_3_3x3_grid_4Nm_three_expert_selector_primary_2160,active_full,commanded_step_length_m,0.300,334,0.3394308943089431,0.15462962962962962,984,2160
4DoF_V22_3_3x3_grid_4Nm_three_expert_selector_primary_2160,active_full,commanded_step_length_m,0.350,331,0.3363821138211382,0.15324074074074073,984,2160
4DoF_V22_3_3x3_grid_4Nm_three_expert_selector_primary_2160,active_full,commanded_step_length_m,0.400,319,0.3241869918699187,0.1476851851851852,984,2160
4DoF_V22_3_3x3_grid_4Nm_three_expert_selector_primary_2160,active_full,commanded_step_height_m,0.000,335,0.3404471544715447,0.1550925925925926,984,2160
4DoF_V22_3_3x3_grid_4Nm_three_expert_selector_primary_2160,active_full,commanded_step_height_m,0.020,331,0.3363821138211382,0.15324074074074073,984,2160
4DoF_V22_3_3x3_grid_4Nm_three_expert_selector_primary_2160,active_full,commanded_step_height_m,0.010,318,0.3231707317073171,0.14722222222222223,984,2160
4DoF_V22_3_3x3_grid_4Nm_three_expert_selector_primary_2160,active_full,command_pair,L0.300_H0.020,117,0.11890243902439024,0.05416666666666667,984,2160
4DoF_V22_3_3x3_grid_4Nm_three_expert_selector_primary_2160,active_full,command_pair,L0.300_H0.000,115,0.11686991869918699,0.05324074074074074,984,2160
4DoF_V22_3_3x3_grid_4Nm_three_expert_selector_primary_2160,active_full,command_pair,L0.350_H0.000,113,0.11483739837398374,0.052314814814814814,984,2160
4DoF_V22_3_3x3_grid_4Nm_three_expert_selector_primary_2160,active_full,command_pair,L0.350_H0.010,113,0.11483739837398374,0.052314814814814814,984,2160
4DoF_V22_3_3x3_grid_4Nm_three_expert_selector_primary_2160,active_full,command_pair,L0.400_H0.020,109,0.11077235772357724,0.050462962962962966,984,2160
4DoF_V22_3_3x3_grid_4Nm_three_expert_selector_primary_2160,active_full,command_pair,L0.400_H0.000,107,0.10873983739837398,0.04953703703703704,984,2160
4DoF_V22_3_3x3_grid_4Nm_three_expert_selector_primary_2160,active_full,command_pair,L0.350_H0.020,105,0.10670731707317073,0.04861111111111111,984,2160
4DoF_V22_3_3x3_grid_4Nm_three_expert_selector_primary_2160,active_full,command_pair,L0.400_H0.010,103,0.10467479674796748,0.047685185185185185,984,2160
4DoF_V22_3_3x3_grid_4Nm_three_expert_selector_primary_2160,active_full,command_pair,L0.300_H0.010,102,0.10365853658536585,0.04722222222222222,984,2160
4DoF_V22_3_3x3_grid_4Nm_three_expert_selector_primary_2160,active_full,valid_for_cmt,False,510,0.5182926829268293,0.2361111111111111,984,2160
4DoF_V22_3_3x3_grid_4Nm_three_expert_selector_primary_2160,active_full,valid_for_cmt,True,474,0.4817073170731707,0.21944444444444444,984,2160
4DoF_V22_3_3x3_grid_4Nm_three_expert_selector_primary_2160,active_full,terminal_reason,success,978,0.9939024390243902,0.4527777777777778,984,2160
4DoF_V22_3_3x3_grid_4Nm_three_expert_selector_primary_2160,active_full,terminal_reason,success+touchdown_event,6,0.006097560975609756,0.002777777777777778,984,2160
4DoF_V22_3_3x3_grid_4Nm_three_expert_selector_primary_2160,active_full,passive_selected_from,none,984,1.0,0.45555555555555555,984,2160
4DoF_V22_3_3x3_grid_4Nm_three_expert_selector_primary_2160,passive_oracle_envelope,reset_phase,touchdown,914,0.9241658240647118,0.42314814814814816,989,2160
4DoF_V22_3_3x3_grid_4Nm_three_expert_selector_primary_2160,passive_oracle_envelope,reset_phase,mid_cross,72,0.07280080889787664,0.03333333333333333,989,2160
4DoF_V22_3_3x3_grid_4Nm_three_expert_selector_primary_2160,passive_oracle_envelope,reset_phase,pre_cross,3,0.003033367037411527,0.001388888888888889,989,2160
4DoF_V22_3_3x3_grid_4Nm_three_expert_selector_primary_2160,passive_oracle_envelope,walk_direction,backward,615,0.621840242669363,0.2847222222222222,989,2160
4DoF_V22_3_3x3_grid_4Nm_three_expert_selector_primary_2160,passive_oracle_envelope,walk_direction,forward,374,0.378159757330637,0.17314814814814813,989,2160
4DoF_V22_3_3x3_grid_4Nm_three_expert_selector_primary_2160,passive_oracle_envelope,commanded_step_length_m,0.300,338,0.3417593528816987,0.15648148148148147,989,2160
4DoF_V22_3_3x3_grid_4Nm_three_expert_selector_primary_2160,passive_oracle_envelope,commanded_step_length_m,0.350,330,0.33367037411526795,0.1527777777777778,989,2160
4DoF_V22_3_3x3_grid_4Nm_three_expert_selector_primary_2160,passive_oracle_envelope,commanded_step_length_m,0.400,321,0.32457027300303337,0.1486111111111111,989,2160
4DoF_V22_3_3x3_grid_4Nm_three_expert_selector_primary_2160,passive_oracle_envelope,commanded_step_height_m,0.000,337,0.34074823053589487,0.15601851851851853,989,2160
4DoF_V22_3_3x3_grid_4Nm_three_expert_selector_primary_2160,passive_oracle_envelope,commanded_step_height_m,0.020,334,0.33771486349848334,0.15462962962962962,989,2160
4DoF_V22_3_3x3_grid_4Nm_three_expert_selector_primary_2160,passive_oracle_envelope,commanded_step_height_m,0.010,318,0.32153690596562184,0.14722222222222223,989,2160
4DoF_V22_3_3x3_grid_4Nm_three_expert_selector_primary_2160,passive_oracle_envelope,command_pair,L0.300_H0.000,117,0.11830131445904954,0.05416666666666667,989,2160
4DoF_V22_3_3x3_grid_4Nm_three_expert_selector_primary_2160,passive_oracle_envelope,command_pair,L0.300_H0.020,116,0.1172901921132457,0.053703703703703705,989,2160
4DoF_V22_3_3x3_grid_4Nm_three_expert_selector_primary_2160,passive_oracle_envelope,command_pair,L0.350_H0.000,111,0.1122345803842265,0.05138888888888889,989,2160
4DoF_V22_3_3x3_grid_4Nm_three_expert_selector_primary_2160,passive_oracle_envelope,command_pair,L0.350_H0.010,110,0.11122345803842265,0.05092592592592592,989,2160
4DoF_V22_3_3x3_grid_4Nm_three_expert_selector_primary_2160,passive_oracle_envelope,command_pair,L0.350_H0.020,109,0.1102123356926188,0.050462962962962966,989,2160
4DoF_V22_3_3x3_grid_4Nm_three_expert_selector_primary_2160,passive_oracle_envelope,command_pair,L0.400_H0.000,109,0.1102123356926188,0.050462962962962966,989,2160
4DoF_V22_3_3x3_grid_4Nm_three_expert_selector_primary_2160,passive_oracle_envelope,command_pair,L0.400_H0.020,109,0.1102123356926188,0.050462962962962966,989,2160
4DoF_V22_3_3x3_grid_4Nm_three_expert_selector_primary_2160,passive_oracle_envelope,command_pair,L0.300_H0.010,105,0.10616784630940344,0.04861111111111111,989,2160
4DoF_V22_3_3x3_grid_4Nm_three_expert_selector_primary_2160,passive_oracle_envelope,command_pair,L0.400_H0.010,103,0.10414560161779575,0.047685185185185185,989,2160
4DoF_V22_3_3x3_grid_4Nm_three_expert_selector_primary_2160,passive_oracle_envelope,valid_for_cmt,True,508,0.5136501516683518,0.2351851851851852,989,2160
4DoF_V22_3_3x3_grid_4Nm_three_expert_selector_primary_2160,passive_oracle_envelope,valid_for_cmt,False,481,0.4863498483316481,0.22268518518518518,989,2160
4DoF_V22_3_3x3_grid_4Nm_three_expert_selector_primary_2160,passive_oracle_envelope,terminal_reason,success,987,0.9979777553083923,0.45694444444444443,989,2160
4DoF_V22_3_3x3_grid_4Nm_three_expert_selector_primary_2160,passive_oracle_envelope,terminal_reason,success+touchdown_event,2,0.0020222446916076846,0.000925925925925926,989,2160
4DoF_V22_3_3x3_grid_4Nm_three_expert_selector_primary_2160,passive_oracle_envelope,passive_selected_from,negative,502,0.5075834175935288,0.2324074074074074,989,2160
4DoF_V22_3_3x3_grid_4Nm_three_expert_selector_primary_2160,passive_oracle_envelope,passive_selected_from,positive,487,0.4924165824064712,0.22546296296296298,989,2160
4DoF_V22_3_3x3_grid_4Nm_three_expert_selector_primary_2160,per_step_sign,reset_phase,touchdown,906,0.9216683621566633,0.41944444444444445,983,2160
4DoF_V22_3_3x3_grid_4Nm_three_expert_selector_primary_2160,per_step_sign,reset_phase,mid_cross,75,0.0762970498474059,0.034722222222222224,983,2160
4DoF_V22_3_3x3_grid_4Nm_three_expert_selector_primary_2160,per_step_sign,reset_phase,pre_cross,2,0.002034587995930824,0.000925925925925926,983,2160
4DoF_V22_3_3x3_grid_4Nm_three_expert_selector_primary_2160,per_step_sign,walk_direction,backward,622,0.6327568667344863,0.287962962962963,983,2160
4DoF_V22_3_3x3_grid_4Nm_three_expert_selector_primary_2160,per_step_sign,walk_direction,forward,361,0.3672431332655137,0.16712962962962963,983,2160
4DoF_V22_3_3x3_grid_4Nm_three_expert_selector_primary_2160,per_step_sign,commanded_step_length_m,0.350,337,0.34282807731434384,0.15601851851851853,983,2160
4DoF_V22_3_3x3_grid_4Nm_three_expert_selector_primary_2160,per_step_sign,commanded_step_length_m,0.300,327,0.3326551373346897,0.15138888888888888,983,2160
4DoF_V22_3_3x3_grid_4Nm_three_expert_selector_primary_2160,per_step_sign,commanded_step_length_m,0.400,319,0.32451678535096645,0.1476851851851852,983,2160
4DoF_V22_3_3x3_grid_4Nm_three_expert_selector_primary_2160,per_step_sign,commanded_step_height_m,0.000,335,0.340793489318413,0.1550925925925926,983,2160
4DoF_V22_3_3x3_grid_4Nm_three_expert_selector_primary_2160,per_step_sign,commanded_step_height_m,0.020,333,0.3387589013224822,0.15416666666666667,983,2160
4DoF_V22_3_3x3_grid_4Nm_three_expert_selector_primary_2160,per_step_sign,commanded_step_height_m,0.010,315,0.32044760935910477,0.14583333333333334,983,2160
4DoF_V22_3_3x3_grid_4Nm_three_expert_selector_primary_2160,per_step_sign,command_pair,L0.350_H0.000,117,0.1190233977619532,0.05416666666666667,983,2160
4DoF_V22_3_3x3_grid_4Nm_three_expert_selector_primary_2160,per_step_sign,command_pair,L0.300_H0.020,114,0.11597151576805696,0.05277777777777778,983,2160
4DoF_V22_3_3x3_grid_4Nm_three_expert_selector_primary_2160,per_step_sign,command_pair,L0.350_H0.020,111,0.11291963377416073,0.05138888888888889,983,2160
4DoF_V22_3_3x3_grid_4Nm_three_expert_selector_primary_2160,per_step_sign,command_pair,L0.300_H0.000,110,0.11190233977619532,0.05092592592592592,983,2160
4DoF_V22_3_3x3_grid_4Nm_three_expert_selector_primary_2160,per_step_sign,command_pair,L0.350_H0.010,109,0.11088504577822991,0.050462962962962966,983,2160
4DoF_V22_3_3x3_grid_4Nm_three_expert_selector_primary_2160,per_step_sign,command_pair,L0.400_H0.000,108,0.10986775178026449,0.05,983,2160
4DoF_V22_3_3x3_grid_4Nm_three_expert_selector_primary_2160,per_step_sign,command_pair,L0.400_H0.020,108,0.10986775178026449,0.05,983,2160
4DoF_V22_3_3x3_grid_4Nm_three_expert_selector_primary_2160,per_step_sign,command_pair,L0.300_H0.010,103,0.10478128179043744,0.047685185185185185,983,2160
4DoF_V22_3_3x3_grid_4Nm_three_expert_selector_primary_2160,per_step_sign,command_pair,L0.400_H0.010,103,0.10478128179043744,0.047685185185185185,983,2160
4DoF_V22_3_3x3_grid_4Nm_three_expert_selector_primary_2160,per_step_sign,valid_for_cmt,False,510,0.5188199389623601,0.2361111111111111,983,2160
4DoF_V22_3_3x3_grid_4Nm_three_expert_selector_primary_2160,per_step_sign,valid_for_cmt,True,473,0.4811800610376399,0.21898148148148147,983,2160
4DoF_V22_3_3x3_grid_4Nm_three_expert_selector_primary_2160,per_step_sign,terminal_reason,success,979,0.9959308240081384,0.4532407407407407,983,2160
4DoF_V22_3_3x3_grid_4Nm_three_expert_selector_primary_2160,per_step_sign,terminal_reason,success+touchdown_event,4,0.004069175991861648,0.001851851851851852,983,2160
4DoF_V22_3_3x3_grid_4Nm_three_expert_selector_primary_2160,per_step_sign,passive_selected_from,none,983,1.0,0.4550925925925926,983,2160
4DoF_V22_3_3x3_grid_4Nm_three_expert_selector_primary_2160,three_expert_selector,reset_phase,touchdown,884,0.911340206185567,0.40925925925925927,970,2160
4DoF_V22_3_3x3_grid_4Nm_three_expert_selector_primary_2160,three_expert_selector,reset_phase,mid_cross,82,0.08453608247422681,0.03796296296296296,970,2160
4DoF_V22_3_3x3_grid_4Nm_three_expert_selector_primary_2160,three_expert_selector,reset_phase,pre_cross,4,0.004123711340206186,0.001851851851851852,970,2160
4DoF_V22_3_3x3_grid_4Nm_three_expert_selector_primary_2160,three_expert_selector,walk_direction,backward,603,0.6216494845360825,0.2791666666666667,970,2160
4DoF_V22_3_3x3_grid_4Nm_three_expert_selector_primary_2160,three_expert_selector,walk_direction,forward,367,0.3783505154639175,0.1699074074074074,970,2160
4DoF_V22_3_3x3_grid_4Nm_three_expert_selector_primary_2160,three_expert_selector,commanded_step_length_m,0.300,332,0.3422680412371134,0.1537037037037037,970,2160
4DoF_V22_3_3x3_grid_4Nm_three_expert_selector_primary_2160,three_expert_selector,commanded_step_length_m,0.350,329,0.3391752577319588,0.15231481481481482,970,2160
4DoF_V22_3_3x3_grid_4Nm_three_expert_selector_primary_2160,three_expert_selector,commanded_step_length_m,0.400,309,0.3185567010309278,0.14305555555555555,970,2160
4DoF_V22_3_3x3_grid_4Nm_three_expert_selector_primary_2160,three_expert_selector,commanded_step_height_m,0.020,333,0.34329896907216495,0.15416666666666667,970,2160
4DoF_V22_3_3x3_grid_4Nm_three_expert_selector_primary_2160,three_expert_selector,commanded_step_height_m,0.000,325,0.33505154639175255,0.15046296296296297,970,2160
4DoF_V22_3_3x3_grid_4Nm_three_expert_selector_primary_2160,three_expert_selector,commanded_step_height_m,0.010,312,0.3216494845360825,0.14444444444444443,970,2160
4DoF_V22_3_3x3_grid_4Nm_three_expert_selector_primary_2160,three_expert_selector,command_pair,L0.300_H0.020,117,0.12061855670103093,0.05416666666666667,970,2160
4DoF_V22_3_3x3_grid_4Nm_three_expert_selector_primary_2160,three_expert_selector,command_pair,L0.300_H0.000,112,0.1154639175257732,0.05185185185185185,970,2160
4DoF_V22_3_3x3_grid_4Nm_three_expert_selector_primary_2160,three_expert_selector,command_pair,L0.350_H0.000,111,0.11443298969072165,0.05138888888888889,970,2160
4DoF_V22_3_3x3_grid_4Nm_three_expert_selector_primary_2160,three_expert_selector,command_pair,L0.350_H0.010,109,0.11237113402061856,0.050462962962962966,970,2160
4DoF_V22_3_3x3_grid_4Nm_three_expert_selector_primary_2160,three_expert_selector,command_pair,L0.350_H0.020,109,0.11237113402061856,0.050462962962962966,970,2160
4DoF_V22_3_3x3_grid_4Nm_three_expert_selector_primary_2160,three_expert_selector,command_pair,L0.400_H0.020,107,0.11030927835051546,0.04953703703703704,970,2160
4DoF_V22_3_3x3_grid_4Nm_three_expert_selector_primary_2160,three_expert_selector,command_pair,L0.300_H0.010,103,0.10618556701030928,0.047685185185185185,970,2160
4DoF_V22_3_3x3_grid_4Nm_three_expert_selector_primary_2160,three_expert_selector,command_pair,L0.400_H0.000,102,0.10515463917525773,0.04722222222222222,970,2160
4DoF_V22_3_3x3_grid_4Nm_three_expert_selector_primary_2160,three_expert_selector,command_pair,L0.400_H0.010,100,0.10309278350515463,0.046296296296296294,970,2160
4DoF_V22_3_3x3_grid_4Nm_three_expert_selector_primary_2160,three_expert_selector,valid_for_cmt,True,492,0.5072164948453608,0.22777777777777777,970,2160
4DoF_V22_3_3x3_grid_4Nm_three_expert_selector_primary_2160,three_expert_selector,valid_for_cmt,False,478,0.4927835051546392,0.2212962962962963,970,2160
4DoF_V22_3_3x3_grid_4Nm_three_expert_selector_primary_2160,three_expert_selector,terminal_reason,success,967,0.9969072164948454,0.4476851851851852,970,2160
4DoF_V22_3_3x3_grid_4Nm_three_expert_selector_primary_2160,three_expert_selector,terminal_reason,success+touchdown_event,3,0.003092783505154639,0.001388888888888889,970,2160
4DoF_V22_3_3x3_grid_4Nm_three_expert_selector_primary_2160,three_expert_selector,passive_selected_from,three_expert_negative_p0.875,6,0.006185567010309278,0.002777777777777778,970,2160
4DoF_V22_3_3x3_grid_4Nm_three_expert_selector_primary_2160,three_expert_selector,passive_selected_from,three_expert_negative_p0.800,5,0.005154639175257732,0.0023148148148148147,970,2160
4DoF_V22_3_3x3_grid_4Nm_three_expert_selector_primary_2160,three_expert_selector,passive_selected_from,three_expert_negative_p0.826,5,0.005154639175257732,0.0023148148148148147,970,2160
4DoF_V22_3_3x3_grid_4Nm_three_expert_selector_primary_2160,three_expert_selector,passive_selected_from,three_expert_negative_p0.983,5,0.005154639175257732,0.0023148148148148147,970,2160
4DoF_V22_3_3x3_grid_4Nm_three_expert_selector_primary_2160,three_expert_selector,passive_selected_from,three_expert_positive_p0.876,5,0.005154639175257732,0.0023148148148148147,970,2160
4DoF_V22_3_3x3_grid_4Nm_three_expert_selector_primary_2160,three_expert_selector,passive_selected_from,three_expert_positive_p0.939,5,0.005154639175257732,0.0023148148148148147,970,2160
4DoF_V22_3_3x3_grid_4Nm_three_expert_selector_primary_2160,three_expert_selector,passive_selected_from,three_expert_positive_p0.940,5,0.005154639175257732,0.0023148148148148147,970,2160
4DoF_V22_3_3x3_grid_4Nm_three_expert_selector_primary_2160,three_expert_selector,passive_selected_from,three_expert_positive_p0.959,5,0.005154639175257732,0.0023148148148148147,970,2160
4DoF_V22_3_3x3_grid_4Nm_three_expert_selector_primary_2160,three_expert_selector,passive_selected_from,three_expert_negative_p0.589,4,0.004123711340206186,0.001851851851851852,970,2160
4DoF_V22_3_3x3_grid_4Nm_three_expert_selector_primary_2160,three_expert_selector,passive_selected_from,three_expert_negative_p0.736,4,0.004123711340206186,0.001851851851851852,970,2160
4DoF_V22_3_3x3_grid_4Nm_three_expert_selector_primary_2160,three_expert_selector,passive_selected_from,three_expert_negative_p0.764,4,0.004123711340206186,0.001851851851851852,970,2160
4DoF_V22_3_3x3_grid_4Nm_three_expert_selector_primary_2160,three_expert_selector,passive_selected_from,three_expert_negative_p0.778,4,0.004123711340206186,0.001851851851851852,970,2160
4DoF_V22_3_3x3_grid_4Nm_three_expert_selector_primary_2160,three_expert_selector,passive_selected_from,three_expert_negative_p0.827,4,0.004123711340206186,0.001851851851851852,970,2160
4DoF_V22_3_3x3_grid_4Nm_three_expert_selector_primary_2160,three_expert_selector,passive_selected_from,three_expert_negative_p0.867,4,0.004123711340206186,0.001851851851851852,970,2160
4DoF_V22_3_3x3_grid_4Nm_three_expert_selector_primary_2160,three_expert_selector,passive_selected_from,three_expert_negative_p0.869,4,0.004123711340206186,0.001851851851851852,970,2160
4DoF_V22_3_3x3_grid_4Nm_three_expert_selector_primary_2160,three_expert_selector,passive_selected_from,three_expert_negative_p0.961,4,0.004123711340206186,0.001851851851851852,970,2160
4DoF_V22_3_3x3_grid_4Nm_three_expert_selector_primary_2160,three_expert_selector,passive_selected_from,three_expert_negative_p0.972,4,0.004123711340206186,0.001851851851851852,970,2160
4DoF_V22_3_3x3_grid_4Nm_three_expert_selector_primary_2160,three_expert_selector,passive_selected_from,three_expert_positive_p0.632,4,0.004123711340206186,0.001851851851851852,970,2160
4DoF_V22_3_3x3_grid_4Nm_three_expert_selector_primary_2160,three_expert_selector,passive_selected_from,three_expert_positive_p0.724,4,0.004123711340206186,0.001851851851851852,970,2160
4DoF_V22_3_3x3_grid_4Nm_three_expert_selector_primary_2160,three_expert_selector,passive_selected_from,three_expert_positive_p0.781,4,0.004123711340206186,0.001851851851851852,970,2160
4DoF_V22_3_3x3_grid_4Nm_three_expert_selector_primary_2160,three_expert_selector,passive_selected_from,three_expert_positive_p0.808,4,0.004123711340206186,0.001851851851851852,970,2160
4DoF_V22_3_3x3_grid_4Nm_three_expert_selector_primary_2160,three_expert_selector,passive_selected_from,three_expert_positive_p0.827,4,0.004123711340206186,0.001851851851851852,970,2160
4DoF_V22_3_3x3_grid_4Nm_three_expert_selector_primary_2160,three_expert_selector,passive_selected_from,three_expert_positive_p0.848,4,0.004123711340206186,0.001851851851851852,970,2160
4DoF_V22_3_3x3_grid_4Nm_three_expert_selector_primary_2160,three_expert_selector,passive_selected_from,three_expert_positive_p0.877,4,0.004123711340206186,0.001851851851851852,970,2160
4DoF_V22_3_3x3_grid_4Nm_three_expert_selector_primary_2160,three_expert_selector,passive_selected_from,three_expert_positive_p0.908,4,0.004123711340206186,0.001851851851851852,970,2160
4DoF_V22_3_3x3_grid_4Nm_three_expert_selector_primary_2160,three_expert_selector,passive_selected_from,three_expert_positive_p0.936,4,0.004123711340206186,0.001851851851851852,970,2160
4DoF_V22_3_3x3_grid_4Nm_three_expert_selector_primary_2160,three_expert_selector,passive_selected_from,three_expert_positive_p0.945,4,0.004123711340206186,0.001851851851851852,970,2160
4DoF_V22_3_3x3_grid_4Nm_three_expert_selector_primary_2160,three_expert_selector,passive_selected_from,three_expert_positive_p0.962,4,0.004123711340206186,0.001851851851851852,970,2160
4DoF_V22_3_3x3_grid_4Nm_three_expert_selector_primary_2160,three_expert_selector,passive_selected_from,three_expert_positive_p0.967,4,0.004123711340206186,0.001851851851851852,970,2160
4DoF_V22_3_3x3_grid_4Nm_three_expert_selector_primary_2160,three_expert_selector,passive_selected_from,three_expert_positive_p0.969,4,0.004123711340206186,0.001851851851851852,970,2160
4DoF_V22_3_3x3_grid_4Nm_three_expert_selector_primary_2160,three_expert_selector,passive_selected_from,three_expert_positive_p0.973,4,0.004123711340206186,0.001851851851851852,970,2160
4DoF_V22_3_3x3_grid_4Nm_three_expert_selector_primary_2160,three_expert_selector,passive_selected_from,three_expert_positive_p0.981,4,0.004123711340206186,0.001851851851851852,970,2160
4DoF_V22_3_3x3_grid_4Nm_three_expert_selector_primary_2160,three_expert_selector,passive_selected_from,three_expert_negative_p0.504,3,0.003092783505154639,0.001388888888888889,970,2160
4DoF_V22_3_3x3_grid_4Nm_three_expert_selector_primary_2160,three_expert_selector,passive_selected_from,three_expert_negative_p0.543,3,0.003092783505154639,0.001388888888888889,970,2160
4DoF_V22_3_3x3_grid_4Nm_three_expert_selector_primary_2160,three_expert_selector,passive_selected_from,three_expert_negative_p0.551,3,0.003092783505154639,0.001388888888888889,970,2160
4DoF_V22_3_3x3_grid_4Nm_three_expert_selector_primary_2160,three_expert_selector,passive_selected_from,three_expert_negative_p0.599,3,0.003092783505154639,0.001388888888888889,970,2160
4DoF_V22_3_3x3_grid_4Nm_three_expert_selector_primary_2160,three_expert_selector,passive_selected_from,three_expert_negative_p0.661,3,0.003092783505154639,0.001388888888888889,970,2160
4DoF_V22_3_3x3_grid_4Nm_three_expert_selector_primary_2160,three_expert_selector,passive_selected_from,three_expert_negative_p0.681,3,0.003092783505154639,0.001388888888888889,970,2160
4DoF_V22_3_3x3_grid_4Nm_three_expert_selector_primary_2160,three_expert_selector,passive_selected_from,three_expert_negative_p0.692,3,0.003092783505154639,0.001388888888888889,970,2160
4DoF_V22_3_3x3_grid_4Nm_three_expert_selector_primary_2160,three_expert_selector,passive_selected_from,three_expert_negative_p0.694,3,0.003092783505154639,0.001388888888888889,970,2160
4DoF_V22_3_3x3_grid_4Nm_three_expert_selector_primary_2160,three_expert_selector,passive_selected_from,three_expert_negative_p0.740,3,0.003092783505154639,0.001388888888888889,970,2160
4DoF_V22_3_3x3_grid_4Nm_three_expert_selector_primary_2160,three_expert_selector,passive_selected_from,three_expert_negative_p0.743,3,0.003092783505154639,0.001388888888888889,970,2160
4DoF_V22_3_3x3_grid_4Nm_three_expert_selector_primary_2160,three_expert_selector,passive_selected_from,three_expert_negative_p0.759,3,0.003092783505154639,0.001388888888888889,970,2160
4DoF_V22_3_3x3_grid_4Nm_three_expert_selector_primary_2160,three_expert_selector,passive_selected_from,three_expert_negative_p0.761,3,0.003092783505154639,0.001388888888888889,970,2160
4DoF_V22_3_3x3_grid_4Nm_three_expert_selector_primary_2160,three_expert_selector,passive_selected_from,three_expert_negative_p0.770,3,0.003092783505154639,0.001388888888888889,970,2160
4DoF_V22_3_3x3_grid_4Nm_three_expert_selector_primary_2160,three_expert_selector,passive_selected_from,three_expert_negative_p0.790,3,0.003092783505154639,0.001388888888888889,970,2160
4DoF_V22_3_3x3_grid_4Nm_three_expert_selector_primary_2160,three_expert_selector,passive_selected_from,three_expert_negative_p0.819,3,0.003092783505154639,0.001388888888888889,970,2160
4DoF_V22_3_3x3_grid_4Nm_three_expert_selector_primary_2160,three_expert_selector,passive_selected_from,three_expert_negative_p0.841,3,0.003092783505154639,0.001388888888888889,970,2160
4DoF_V22_3_3x3_grid_4Nm_three_expert_selector_primary_2160,three_expert_selector,passive_selected_from,three_expert_negative_p0.853,3,0.003092783505154639,0.001388888888888889,970,2160
4DoF_V22_3_3x3_grid_4Nm_three_expert_selector_primary_2160,three_expert_selector,passive_selected_from,three_expert_negative_p0.858,3,0.003092783505154639,0.001388888888888889,970,2160
4DoF_V22_3_3x3_grid_4Nm_three_expert_selector_primary_2160,three_expert_selector,passive_selected_from,three_expert_negative_p0.864,3,0.003092783505154639,0.001388888888888889,970,2160
4DoF_V22_3_3x3_grid_4Nm_three_expert_selector_primary_2160,three_expert_selector,passive_selected_from,three_expert_negative_p0.883,3,0.003092783505154639,0.001388888888888889,970,2160
4DoF_V22_3_3x3_grid_4Nm_three_expert_selector_primary_2160,three_expert_selector,passive_selected_from,three_expert_negative_p0.891,3,0.003092783505154639,0.001388888888888889,970,2160
4DoF_V22_3_3x3_grid_4Nm_three_expert_selector_primary_2160,three_expert_selector,passive_selected_from,three_expert_negative_p0.892,3,0.003092783505154639,0.001388888888888889,970,2160
4DoF_V22_3_3x3_grid_4Nm_three_expert_selector_primary_2160,three_expert_selector,passive_selected_from,three_expert_negative_p0.895,3,0.003092783505154639,0.001388888888888889,970,2160
4DoF_V22_3_3x3_grid_4Nm_three_expert_selector_primary_2160,three_expert_selector,passive_selected_from,three_expert_negative_p0.915,3,0.003092783505154639,0.001388888888888889,970,2160
4DoF_V22_3_3x3_grid_4Nm_three_expert_selector_primary_2160,three_expert_selector,passive_selected_from,three_expert_negative_p0.924,3,0.003092783505154639,0.001388888888888889,970,2160
4DoF_V22_3_3x3_grid_4Nm_three_expert_selector_primary_2160,three_expert_selector,passive_selected_from,three_expert_negative_p0.979,3,0.003092783505154639,0.001388888888888889,970,2160
4DoF_V22_3_3x3_grid_4Nm_three_expert_selector_primary_2160,three_expert_selector,passive_selected_from,three_expert_negative_p0.993,3,0.003092783505154639,0.001388888888888889,970,2160
4DoF_V22_3_3x3_grid_4Nm_three_expert_selector_primary_2160,three_expert_selector,passive_selected_from,three_expert_positive_p0.520,3,0.003092783505154639,0.001388888888888889,970,2160
4DoF_V22_3_3x3_grid_4Nm_three_expert_selector_primary_2160,three_expert_selector,passive_selected_from,three_expert_positive_p0.689,3,0.003092783505154639,0.001388888888888889,970,2160
4DoF_V22_3_3x3_grid_4Nm_three_expert_selector_primary_2160,three_expert_selector,passive_selected_from,three_expert_positive_p0.690,3,0.003092783505154639,0.001388888888888889,970,2160
4DoF_V22_3_3x3_grid_4Nm_three_expert_selector_primary_2160,three_expert_selector,passive_selected_from,three_expert_positive_p0.774,3,0.003092783505154639,0.001388888888888889,970,2160
4DoF_V22_3_3x3_grid_4Nm_three_expert_selector_primary_2160,three_expert_selector,passive_selected_from,three_expert_positive_p0.775,3,0.003092783505154639,0.001388888888888889,970,2160
4DoF_V22_3_3x3_grid_4Nm_three_expert_selector_primary_2160,three_expert_selector,passive_selected_from,three_expert_positive_p0.816,3,0.003092783505154639,0.001388888888888889,970,2160
4DoF_V22_3_3x3_grid_4Nm_three_expert_selector_primary_2160,three_expert_selector,passive_selected_from,three_expert_positive_p0.872,3,0.003092783505154639,0.001388888888888889,970,2160
4DoF_V22_3_3x3_grid_4Nm_three_expert_selector_primary_2160,three_expert_selector,passive_selected_from,three_expert_positive_p0.887,3,0.003092783505154639,0.001388888888888889,970,2160
4DoF_V22_3_3x3_grid_4Nm_three_expert_selector_primary_2160,three_expert_selector,passive_selected_from,three_expert_positive_p0.890,3,0.003092783505154639,0.001388888888888889,970,2160
4DoF_V22_3_3x3_grid_4Nm_three_expert_selector_primary_2160,three_expert_selector,passive_selected_from,three_expert_positive_p0.910,3,0.003092783505154639,0.001388888888888889,970,2160
4DoF_V22_3_3x3_grid_4Nm_three_expert_selector_primary_2160,three_expert_selector,passive_selected_from,three_expert_positive_p0.914,3,0.003092783505154639,0.001388888888888889,970,2160
4DoF_V22_3_3x3_grid_4Nm_three_expert_selector_primary_2160,three_expert_selector,passive_selected_from,three_expert_positive_p0.926,3,0.003092783505154639,0.001388888888888889,970,2160
4DoF_V22_3_3x3_grid_4Nm_three_expert_selector_primary_2160,three_expert_selector,passive_selected_from,three_expert_positive_p0.928,3,0.003092783505154639,0.001388888888888889,970,2160
4DoF_V22_3_3x3_grid_4Nm_three_expert_selector_primary_2160,three_expert_selector,passive_selected_from,three_expert_positive_p0.950,3,0.003092783505154639,0.001388888888888889,970,2160
4DoF_V22_3_3x3_grid_4Nm_three_expert_selector_primary_2160,three_expert_selector,passive_selected_from,three_expert_positive_p0.963,3,0.003092783505154639,0.001388888888888889,970,2160
4DoF_V22_3_3x3_grid_4Nm_three_expert_selector_primary_2160,three_expert_selector,passive_selected_from,three_expert_positive_p0.964,3,0.003092783505154639,0.001388888888888889,970,2160
4DoF_V22_3_3x3_grid_4Nm_three_expert_selector_primary_2160,three_expert_selector,passive_selected_from,three_expert_positive_p0.968,3,0.003092783505154639,0.001388888888888889,970,2160
4DoF_V22_3_3x3_grid_4Nm_three_expert_selector_primary_2160,three_expert_selector,passive_selected_from,three_expert_positive_p0.972,3,0.003092783505154639,0.001388888888888889,970,2160
4DoF_V22_3_3x3_grid_4Nm_three_expert_selector_primary_2160,three_expert_selector,passive_selected_from,three_expert_positive_p0.974,3,0.003092783505154639,0.001388888888888889,970,2160
4DoF_V22_3_3x3_grid_4Nm_three_expert_selector_primary_2160,three_expert_selector,passive_selected_from,three_expert_positive_p0.976,3,0.003092783505154639,0.001388888888888889,970,2160
4DoF_V22_3_3x3_grid_4Nm_three_expert_selector_primary_2160,three_expert_selector,passive_selected_from,three_expert_positive_p0.984,3,0.003092783505154639,0.001388888888888889,970,2160
4DoF_V22_3_3x3_grid_4Nm_three_expert_selector_primary_2160,three_expert_selector,passive_selected_from,three_expert_active_p0.531,2,0.002061855670103093,0.000925925925925926,970,2160
4DoF_V22_3_3x3_grid_4Nm_three_expert_selector_primary_2160,three_expert_selector,passive_selected_from,three_expert_active_p0.553,2,0.002061855670103093,0.000925925925925926,970,2160
4DoF_V22_3_3x3_grid_4Nm_three_expert_selector_primary_2160,three_expert_selector,passive_selected_from,three_expert_active_p0.558,2,0.002061855670103093,0.000925925925925926,970,2160
4DoF_V22_3_3x3_grid_4Nm_three_expert_selector_primary_2160,three_expert_selector,passive_selected_from,three_expert_active_p0.585,2,0.002061855670103093,0.000925925925925926,970,2160
4DoF_V22_3_3x3_grid_4Nm_three_expert_selector_primary_2160,three_expert_selector,passive_selected_from,three_expert_negative_p0.528,2,0.002061855670103093,0.000925925925925926,970,2160
4DoF_V22_3_3x3_grid_4Nm_three_expert_selector_primary_2160,three_expert_selector,passive_selected_from,three_expert_negative_p0.534,2,0.002061855670103093,0.000925925925925926,970,2160
4DoF_V22_3_3x3_grid_4Nm_three_expert_selector_primary_2160,three_expert_selector,passive_selected_from,three_expert_negative_p0.541,2,0.002061855670103093,0.000925925925925926,970,2160
4DoF_V22_3_3x3_grid_4Nm_three_expert_selector_primary_2160,three_expert_selector,passive_selected_from,three_expert_negative_p0.549,2,0.002061855670103093,0.000925925925925926,970,2160
4DoF_V22_3_3x3_grid_4Nm_three_expert_selector_primary_2160,three_expert_selector,passive_selected_from,three_expert_negative_p0.553,2,0.002061855670103093,0.000925925925925926,970,2160
4DoF_V22_3_3x3_grid_4Nm_three_expert_selector_primary_2160,three_expert_selector,passive_selected_from,three_expert_negative_p0.557,2,0.002061855670103093,0.000925925925925926,970,2160
4DoF_V22_3_3x3_grid_4Nm_three_expert_selector_primary_2160,three_expert_selector,passive_selected_from,three_expert_negative_p0.575,2,0.002061855670103093,0.000925925925925926,970,2160
4DoF_V22_3_3x3_grid_4Nm_three_expert_selector_primary_2160,three_expert_selector,passive_selected_from,three_expert_negative_p0.581,2,0.002061855670103093,0.000925925925925926,970,2160
4DoF_V22_3_3x3_grid_4Nm_three_expert_selector_primary_2160,three_expert_selector,passive_selected_from,three_expert_negative_p0.584,2,0.002061855670103093,0.000925925925925926,970,2160
4DoF_V22_3_3x3_grid_4Nm_three_expert_selector_primary_2160,three_expert_selector,passive_selected_from,three_expert_negative_p0.611,2,0.002061855670103093,0.000925925925925926,970,2160
4DoF_V22_3_3x3_grid_4Nm_three_expert_selector_primary_2160,three_expert_selector,passive_selected_from,three_expert_negative_p0.615,2,0.002061855670103093,0.000925925925925926,970,2160
4DoF_V22_3_3x3_grid_4Nm_three_expert_selector_primary_2160,three_expert_selector,passive_selected_from,three_expert_negative_p0.628,2,0.002061855670103093,0.000925925925925926,970,2160
4DoF_V22_3_3x3_grid_4Nm_three_expert_selector_primary_2160,three_expert_selector,passive_selected_from,three_expert_negative_p0.636,2,0.002061855670103093,0.000925925925925926,970,2160
4DoF_V22_3_3x3_grid_4Nm_three_expert_selector_primary_2160,three_expert_selector,passive_selected_from,three_expert_negative_p0.647,2,0.002061855670103093,0.000925925925925926,970,2160
4DoF_V22_3_3x3_grid_4Nm_three_expert_selector_primary_2160,three_expert_selector,passive_selected_from,three_expert_negative_p0.649,2,0.002061855670103093,0.000925925925925926,970,2160
4DoF_V22_3_3x3_grid_4Nm_three_expert_selector_primary_2160,three_expert_selector,passive_selected_from,three_expert_negative_p0.652,2,0.002061855670103093,0.000925925925925926,970,2160
4DoF_V22_3_3x3_grid_4Nm_three_expert_selector_primary_2160,three_expert_selector,passive_selected_from,three_expert_negative_p0.654,2,0.002061855670103093,0.000925925925925926,970,2160
4DoF_V22_3_3x3_grid_4Nm_three_expert_selector_primary_2160,three_expert_selector,passive_selected_from,three_expert_negative_p0.656,2,0.002061855670103093,0.000925925925925926,970,2160
4DoF_V22_3_3x3_grid_4Nm_three_expert_selector_primary_2160,three_expert_selector,passive_selected_from,three_expert_negative_p0.669,2,0.002061855670103093,0.000925925925925926,970,2160
4DoF_V22_3_3x3_grid_4Nm_three_expert_selector_primary_2160,three_expert_selector,passive_selected_from,three_expert_negative_p0.674,2,0.002061855670103093,0.000925925925925926,970,2160
4DoF_V22_3_3x3_grid_4Nm_three_expert_selector_primary_2160,three_expert_selector,passive_selected_from,three_expert_negative_p0.677,2,0.002061855670103093,0.000925925925925926,970,2160
4DoF_V22_3_3x3_grid_4Nm_three_expert_selector_primary_2160,three_expert_selector,passive_selected_from,three_expert_negative_p0.695,2,0.002061855670103093,0.000925925925925926,970,2160
4DoF_V22_3_3x3_grid_4Nm_three_expert_selector_primary_2160,three_expert_selector,passive_selected_from,three_expert_negative_p0.696,2,0.002061855670103093,0.000925925925925926,970,2160
4DoF_V22_3_3x3_grid_4Nm_three_expert_selector_primary_2160,three_expert_selector,passive_selected_from,three_expert_negative_p0.703,2,0.002061855670103093,0.000925925925925926,970,2160
4DoF_V22_3_3x3_grid_4Nm_three_expert_selector_primary_2160,three_expert_selector,passive_selected_from,three_expert_negative_p0.705,2,0.002061855670103093,0.000925925925925926,970,2160
4DoF_V22_3_3x3_grid_4Nm_three_expert_selector_primary_2160,three_expert_selector,passive_selected_from,three_expert_negative_p0.710,2,0.002061855670103093,0.000925925925925926,970,2160
4DoF_V22_3_3x3_grid_4Nm_three_expert_selector_primary_2160,three_expert_selector,passive_selected_from,three_expert_negative_p0.716,2,0.002061855670103093,0.000925925925925926,970,2160
4DoF_V22_3_3x3_grid_4Nm_three_expert_selector_primary_2160,three_expert_selector,passive_selected_from,three_expert_negative_p0.718,2,0.002061855670103093,0.000925925925925926,970,2160
4DoF_V22_3_3x3_grid_4Nm_three_expert_selector_primary_2160,three_expert_selector,passive_selected_from,three_expert_negative_p0.720,2,0.002061855670103093,0.000925925925925926,970,2160
4DoF_V22_3_3x3_grid_4Nm_three_expert_selector_primary_2160,three_expert_selector,passive_selected_from,three_expert_negative_p0.726,2,0.002061855670103093,0.000925925925925926,970,2160
4DoF_V22_3_3x3_grid_4Nm_three_expert_selector_primary_2160,three_expert_selector,passive_selected_from,three_expert_negative_p0.737,2,0.002061855670103093,0.000925925925925926,970,2160
4DoF_V22_3_3x3_grid_4Nm_three_expert_selector_primary_2160,three_expert_selector,passive_selected_from,three_expert_negative_p0.739,2,0.002061855670103093,0.000925925925925926,970,2160
4DoF_V22_3_3x3_grid_4Nm_three_expert_selector_primary_2160,three_expert_selector,passive_selected_from,three_expert_negative_p0.742,2,0.002061855670103093,0.000925925925925926,970,2160
4DoF_V22_3_3x3_grid_4Nm_three_expert_selector_primary_2160,three_expert_selector,passive_selected_from,three_expert_negative_p0.746,2,0.002061855670103093,0.000925925925925926,970,2160
4DoF_V22_3_3x3_grid_4Nm_three_expert_selector_primary_2160,three_expert_selector,passive_selected_from,three_expert_negative_p0.762,2,0.002061855670103093,0.000925925925925926,970,2160
4DoF_V22_3_3x3_grid_4Nm_three_expert_selector_primary_2160,three_expert_selector,passive_selected_from,three_expert_negative_p0.771,2,0.002061855670103093,0.000925925925925926,970,2160
4DoF_V22_3_3x3_grid_4Nm_three_expert_selector_primary_2160,three_expert_selector,passive_selected_from,three_expert_negative_p0.775,2,0.002061855670103093,0.000925925925925926,970,2160
4DoF_V22_3_3x3_grid_4Nm_three_expert_selector_primary_2160,three_expert_selector,passive_selected_from,three_expert_negative_p0.781,2,0.002061855670103093,0.000925925925925926,970,2160
4DoF_V22_3_3x3_grid_4Nm_three_expert_selector_primary_2160,three_expert_selector,passive_selected_from,three_expert_negative_p0.783,2,0.002061855670103093,0.000925925925925926,970,2160
4DoF_V22_3_3x3_grid_4Nm_three_expert_selector_primary_2160,three_expert_selector,passive_selected_from,three_expert_negative_p0.789,2,0.002061855670103093,0.000925925925925926,970,2160
4DoF_V22_3_3x3_grid_4Nm_three_expert_selector_primary_2160,three_expert_selector,passive_selected_from,three_expert_negative_p0.794,2,0.002061855670103093,0.000925925925925926,970,2160
4DoF_V22_3_3x3_grid_4Nm_three_expert_selector_primary_2160,three_expert_selector,passive_selected_from,three_expert_negative_p0.796,2,0.002061855670103093,0.000925925925925926,970,2160
4DoF_V22_3_3x3_grid_4Nm_three_expert_selector_primary_2160,three_expert_selector,passive_selected_from,three_expert_negative_p0.806,2,0.002061855670103093,0.000925925925925926,970,2160
4DoF_V22_3_3x3_grid_4Nm_three_expert_selector_primary_2160,three_expert_selector,passive_selected_from,three_expert_negative_p0.807,2,0.002061855670103093,0.000925925925925926,970,2160
4DoF_V22_3_3x3_grid_4Nm_three_expert_selector_primary_2160,three_expert_selector,passive_selected_from,three_expert_negative_p0.808,2,0.002061855670103093,0.000925925925925926,970,2160
4DoF_V22_3_3x3_grid_4Nm_three_expert_selector_primary_2160,three_expert_selector,passive_selected_from,three_expert_negative_p0.809,2,0.002061855670103093,0.000925925925925926,970,2160
4DoF_V22_3_3x3_grid_4Nm_three_expert_selector_primary_2160,three_expert_selector,passive_selected_from,three_expert_negative_p0.825,2,0.002061855670103093,0.000925925925925926,970,2160
4DoF_V22_3_3x3_grid_4Nm_three_expert_selector_primary_2160,three_expert_selector,passive_selected_from,three_expert_negative_p0.830,2,0.002061855670103093,0.000925925925925926,970,2160
4DoF_V22_3_3x3_grid_4Nm_three_expert_selector_primary_2160,three_expert_selector,passive_selected_from,three_expert_negative_p0.837,2,0.002061855670103093,0.000925925925925926,970,2160
4DoF_V22_3_3x3_grid_4Nm_three_expert_selector_primary_2160,three_expert_selector,passive_selected_from,three_expert_negative_p0.844,2,0.002061855670103093,0.000925925925925926,970,2160
4DoF_V22_3_3x3_grid_4Nm_three_expert_selector_primary_2160,three_expert_selector,passive_selected_from,three_expert_negative_p0.847,2,0.002061855670103093,0.000925925925925926,970,2160
4DoF_V22_3_3x3_grid_4Nm_three_expert_selector_primary_2160,three_expert_selector,passive_selected_from,three_expert_negative_p0.856,2,0.002061855670103093,0.000925925925925926,970,2160
4DoF_V22_3_3x3_grid_4Nm_three_expert_selector_primary_2160,three_expert_selector,passive_selected_from,three_expert_negative_p0.861,2,0.002061855670103093,0.000925925925925926,970,2160
4DoF_V22_3_3x3_grid_4Nm_three_expert_selector_primary_2160,three_expert_selector,passive_selected_from,three_expert_negative_p0.863,2,0.002061855670103093,0.000925925925925926,970,2160
4DoF_V22_3_3x3_grid_4Nm_three_expert_selector_primary_2160,three_expert_selector,passive_selected_from,three_expert_negative_p0.865,2,0.002061855670103093,0.000925925925925926,970,2160
4DoF_V22_3_3x3_grid_4Nm_three_expert_selector_primary_2160,three_expert_selector,passive_selected_from,three_expert_negative_p0.866,2,0.002061855670103093,0.000925925925925926,970,2160
4DoF_V22_3_3x3_grid_4Nm_three_expert_selector_primary_2160,three_expert_selector,passive_selected_from,three_expert_negative_p0.878,2,0.002061855670103093,0.000925925925925926,970,2160
4DoF_V22_3_3x3_grid_4Nm_three_expert_selector_primary_2160,three_expert_selector,passive_selected_from,three_expert_negative_p0.882,2,0.002061855670103093,0.000925925925925926,970,2160
4DoF_V22_3_3x3_grid_4Nm_three_expert_selector_primary_2160,three_expert_selector,passive_selected_from,three_expert_negative_p0.888,2,0.002061855670103093,0.000925925925925926,970,2160
4DoF_V22_3_3x3_grid_4Nm_three_expert_selector_primary_2160,three_expert_selector,passive_selected_from,three_expert_negative_p0.890,2,0.002061855670103093,0.000925925925925926,970,2160
4DoF_V22_3_3x3_grid_4Nm_three_expert_selector_primary_2160,three_expert_selector,passive_selected_from,three_expert_negative_p0.896,2,0.002061855670103093,0.000925925925925926,970,2160
4DoF_V22_3_3x3_grid_4Nm_three_expert_selector_primary_2160,three_expert_selector,passive_selected_from,three_expert_negative_p0.897,2,0.002061855670103093,0.000925925925925926,970,2160
4DoF_V22_3_3x3_grid_4Nm_three_expert_selector_primary_2160,three_expert_selector,passive_selected_from,three_expert_negative_p0.901,2,0.002061855670103093,0.000925925925925926,970,2160
4DoF_V22_3_3x3_grid_4Nm_three_expert_selector_primary_2160,three_expert_selector,passive_selected_from,three_expert_negative_p0.905,2,0.002061855670103093,0.000925925925925926,970,2160
4DoF_V22_3_3x3_grid_4Nm_three_expert_selector_primary_2160,three_expert_selector,passive_selected_from,three_expert_negative_p0.912,2,0.002061855670103093,0.000925925925925926,970,2160
4DoF_V22_3_3x3_grid_4Nm_three_expert_selector_primary_2160,three_expert_selector,passive_selected_from,three_expert_negative_p0.916,2,0.002061855670103093,0.000925925925925926,970,2160
4DoF_V22_3_3x3_grid_4Nm_three_expert_selector_primary_2160,three_expert_selector,passive_selected_from,three_expert_negative_p0.923,2,0.002061855670103093,0.000925925925925926,970,2160
4DoF_V22_3_3x3_grid_4Nm_three_expert_selector_primary_2160,three_expert_selector,passive_selected_from,three_expert_negative_p0.926,2,0.002061855670103093,0.000925925925925926,970,2160
4DoF_V22_3_3x3_grid_4Nm_three_expert_selector_primary_2160,three_expert_selector,passive_selected_from,three_expert_negative_p0.929,2,0.002061855670103093,0.000925925925925926,970,2160
4DoF_V22_3_3x3_grid_4Nm_three_expert_selector_primary_2160,three_expert_selector,passive_selected_from,three_expert_negative_p0.932,2,0.002061855670103093,0.000925925925925926,970,2160
4DoF_V22_3_3x3_grid_4Nm_three_expert_selector_primary_2160,three_expert_selector,passive_selected_from,three_expert_negative_p0.935,2,0.002061855670103093,0.000925925925925926,970,2160
4DoF_V22_3_3x3_grid_4Nm_three_expert_selector_primary_2160,three_expert_selector,passive_selected_from,three_expert_negative_p0.946,2,0.002061855670103093,0.000925925925925926,970,2160
4DoF_V22_3_3x3_grid_4Nm_three_expert_selector_primary_2160,three_expert_selector,passive_selected_from,three_expert_negative_p0.947,2,0.002061855670103093,0.000925925925925926,970,2160
4DoF_V22_3_3x3_grid_4Nm_three_expert_selector_primary_2160,three_expert_selector,passive_selected_from,three_expert_negative_p0.965,2,0.002061855670103093,0.000925925925925926,970,2160
4DoF_V22_3_3x3_grid_4Nm_three_expert_selector_primary_2160,three_expert_selector,passive_selected_from,three_expert_negative_p0.966,2,0.002061855670103093,0.000925925925925926,970,2160
4DoF_V22_3_3x3_grid_4Nm_three_expert_selector_primary_2160,three_expert_selector,passive_selected_from,three_expert_negative_p0.981,2,0.002061855670103093,0.000925925925925926,970,2160
4DoF_V22_3_3x3_grid_4Nm_three_expert_selector_primary_2160,three_expert_selector,passive_selected_from,three_expert_negative_p0.984,2,0.002061855670103093,0.000925925925925926,970,2160
4DoF_V22_3_3x3_grid_4Nm_three_expert_selector_primary_2160,three_expert_selector,passive_selected_from,three_expert_negative_p0.988,2,0.002061855670103093,0.000925925925925926,970,2160
4DoF_V22_3_3x3_grid_4Nm_three_expert_selector_primary_2160,three_expert_selector,passive_selected_from,three_expert_negative_p0.992,2,0.002061855670103093,0.000925925925925926,970,2160
4DoF_V22_3_3x3_grid_4Nm_three_expert_selector_primary_2160,three_expert_selector,passive_selected_from,three_expert_negative_p0.995,2,0.002061855670103093,0.000925925925925926,970,2160
4DoF_V22_3_3x3_grid_4Nm_three_expert_selector_primary_2160,three_expert_selector,passive_selected_from,three_expert_negative_p0.996,2,0.002061855670103093,0.000925925925925926,970,2160
4DoF_V22_3_3x3_grid_4Nm_three_expert_selector_primary_2160,three_expert_selector,passive_selected_from,three_expert_negative_p0.997,2,0.002061855670103093,0.000925925925925926,970,2160
4DoF_V22_3_3x3_grid_4Nm_three_expert_selector_primary_2160,three_expert_selector,passive_selected_from,three_expert_positive_p0.504,2,0.002061855670103093,0.000925925925925926,970,2160
4DoF_V22_3_3x3_grid_4Nm_three_expert_selector_primary_2160,three_expert_selector,passive_selected_from,three_expert_positive_p0.537,2,0.002061855670103093,0.000925925925925926,970,2160
4DoF_V22_3_3x3_grid_4Nm_three_expert_selector_primary_2160,three_expert_selector,passive_selected_from,three_expert_positive_p0.549,2,0.002061855670103093,0.000925925925925926,970,2160
4DoF_V22_3_3x3_grid_4Nm_three_expert_selector_primary_2160,three_expert_selector,passive_selected_from,three_expert_positive_p0.551,2,0.002061855670103093,0.000925925925925926,970,2160
4DoF_V22_3_3x3_grid_4Nm_three_expert_selector_primary_2160,three_expert_selector,passive_selected_from,three_expert_positive_p0.553,2,0.002061855670103093,0.000925925925925926,970,2160
4DoF_V22_3_3x3_grid_4Nm_three_expert_selector_primary_2160,three_expert_selector,passive_selected_from,three_expert_positive_p0.568,2,0.002061855670103093,0.000925925925925926,970,2160
4DoF_V22_3_3x3_grid_4Nm_three_expert_selector_primary_2160,three_expert_selector,passive_selected_from,three_expert_positive_p0.597,2,0.002061855670103093,0.000925925925925926,970,2160
4DoF_V22_3_3x3_grid_4Nm_three_expert_selector_primary_2160,three_expert_selector,passive_selected_from,three_expert_positive_p0.608,2,0.002061855670103093,0.000925925925925926,970,2160
4DoF_V22_3_3x3_grid_4Nm_three_expert_selector_primary_2160,three_expert_selector,passive_selected_from,three_expert_positive_p0.613,2,0.002061855670103093,0.000925925925925926,970,2160
4DoF_V22_3_3x3_grid_4Nm_three_expert_selector_primary_2160,three_expert_selector,passive_selected_from,three_expert_positive_p0.625,2,0.002061855670103093,0.000925925925925926,970,2160
4DoF_V22_3_3x3_grid_4Nm_three_expert_selector_primary_2160,three_expert_selector,passive_selected_from,three_expert_positive_p0.651,2,0.002061855670103093,0.000925925925925926,970,2160
4DoF_V22_3_3x3_grid_4Nm_three_expert_selector_primary_2160,three_expert_selector,passive_selected_from,three_expert_positive_p0.656,2,0.002061855670103093,0.000925925925925926,970,2160
4DoF_V22_3_3x3_grid_4Nm_three_expert_selector_primary_2160,three_expert_selector,passive_selected_from,three_expert_positive_p0.684,2,0.002061855670103093,0.000925925925925926,970,2160
4DoF_V22_3_3x3_grid_4Nm_three_expert_selector_primary_2160,three_expert_selector,passive_selected_from,three_expert_positive_p0.687,2,0.002061855670103093,0.000925925925925926,970,2160
4DoF_V22_3_3x3_grid_4Nm_three_expert_selector_primary_2160,three_expert_selector,passive_selected_from,three_expert_positive_p0.706,2,0.002061855670103093,0.000925925925925926,970,2160
4DoF_V22_3_3x3_grid_4Nm_three_expert_selector_primary_2160,three_expert_selector,passive_selected_from,three_expert_positive_p0.728,2,0.002061855670103093,0.000925925925925926,970,2160
4DoF_V22_3_3x3_grid_4Nm_three_expert_selector_primary_2160,three_expert_selector,passive_selected_from,three_expert_positive_p0.729,2,0.002061855670103093,0.000925925925925926,970,2160
4DoF_V22_3_3x3_grid_4Nm_three_expert_selector_primary_2160,three_expert_selector,passive_selected_from,three_expert_positive_p0.734,2,0.002061855670103093,0.000925925925925926,970,2160
4DoF_V22_3_3x3_grid_4Nm_three_expert_selector_primary_2160,three_expert_selector,passive_selected_from,three_expert_positive_p0.743,2,0.002061855670103093,0.000925925925925926,970,2160
4DoF_V22_3_3x3_grid_4Nm_three_expert_selector_primary_2160,three_expert_selector,passive_selected_from,three_expert_positive_p0.749,2,0.002061855670103093,0.000925925925925926,970,2160
4DoF_V22_3_3x3_grid_4Nm_three_expert_selector_primary_2160,three_expert_selector,passive_selected_from,three_expert_positive_p0.750,2,0.002061855670103093,0.000925925925925926,970,2160
4DoF_V22_3_3x3_grid_4Nm_three_expert_selector_primary_2160,three_expert_selector,passive_selected_from,three_expert_positive_p0.764,2,0.002061855670103093,0.000925925925925926,970,2160
4DoF_V22_3_3x3_grid_4Nm_three_expert_selector_primary_2160,three_expert_selector,passive_selected_from,three_expert_positive_p0.770,2,0.002061855670103093,0.000925925925925926,970,2160
4DoF_V22_3_3x3_grid_4Nm_three_expert_selector_primary_2160,three_expert_selector,passive_selected_from,three_expert_positive_p0.773,2,0.002061855670103093,0.000925925925925926,970,2160
4DoF_V22_3_3x3_grid_4Nm_three_expert_selector_primary_2160,three_expert_selector,passive_selected_from,three_expert_positive_p0.777,2,0.002061855670103093,0.000925925925925926,970,2160
4DoF_V22_3_3x3_grid_4Nm_three_expert_selector_primary_2160,three_expert_selector,passive_selected_from,three_expert_positive_p0.793,2,0.002061855670103093,0.000925925925925926,970,2160
4DoF_V22_3_3x3_grid_4Nm_three_expert_selector_primary_2160,three_expert_selector,passive_selected_from,three_expert_positive_p0.794,2,0.002061855670103093,0.000925925925925926,970,2160
4DoF_V22_3_3x3_grid_4Nm_three_expert_selector_primary_2160,three_expert_selector,passive_selected_from,three_expert_positive_p0.801,2,0.002061855670103093,0.000925925925925926,970,2160
4DoF_V22_3_3x3_grid_4Nm_three_expert_selector_primary_2160,three_expert_selector,passive_selected_from,three_expert_positive_p0.803,2,0.002061855670103093,0.000925925925925926,970,2160
4DoF_V22_3_3x3_grid_4Nm_three_expert_selector_primary_2160,three_expert_selector,passive_selected_from,three_expert_positive_p0.804,2,0.002061855670103093,0.000925925925925926,970,2160
4DoF_V22_3_3x3_grid_4Nm_three_expert_selector_primary_2160,three_expert_selector,passive_selected_from,three_expert_positive_p0.813,2,0.002061855670103093,0.000925925925925926,970,2160
4DoF_V22_3_3x3_grid_4Nm_three_expert_selector_primary_2160,three_expert_selector,passive_selected_from,three_expert_positive_p0.817,2,0.002061855670103093,0.000925925925925926,970,2160
4DoF_V22_3_3x3_grid_4Nm_three_expert_selector_primary_2160,three_expert_selector,passive_selected_from,three_expert_positive_p0.833,2,0.002061855670103093,0.000925925925925926,970,2160
4DoF_V22_3_3x3_grid_4Nm_three_expert_selector_primary_2160,three_expert_selector,passive_selected_from,three_expert_positive_p0.844,2,0.002061855670103093,0.000925925925925926,970,2160
4DoF_V22_3_3x3_grid_4Nm_three_expert_selector_primary_2160,three_expert_selector,passive_selected_from,three_expert_positive_p0.845,2,0.002061855670103093,0.000925925925925926,970,2160
4DoF_V22_3_3x3_grid_4Nm_three_expert_selector_primary_2160,three_expert_selector,passive_selected_from,three_expert_positive_p0.847,2,0.002061855670103093,0.000925925925925926,970,2160
4DoF_V22_3_3x3_grid_4Nm_three_expert_selector_primary_2160,three_expert_selector,passive_selected_from,three_expert_positive_p0.854,2,0.002061855670103093,0.000925925925925926,970,2160
4DoF_V22_3_3x3_grid_4Nm_three_expert_selector_primary_2160,three_expert_selector,passive_selected_from,three_expert_positive_p0.857,2,0.002061855670103093,0.000925925925925926,970,2160
4DoF_V22_3_3x3_grid_4Nm_three_expert_selector_primary_2160,three_expert_selector,passive_selected_from,three_expert_positive_p0.861,2,0.002061855670103093,0.000925925925925926,970,2160
4DoF_V22_3_3x3_grid_4Nm_three_expert_selector_primary_2160,three_expert_selector,passive_selected_from,three_expert_positive_p0.862,2,0.002061855670103093,0.000925925925925926,970,2160
4DoF_V22_3_3x3_grid_4Nm_three_expert_selector_primary_2160,three_expert_selector,passive_selected_from,three_expert_positive_p0.864,2,0.002061855670103093,0.000925925925925926,970,2160
4DoF_V22_3_3x3_grid_4Nm_three_expert_selector_primary_2160,three_expert_selector,passive_selected_from,three_expert_positive_p0.873,2,0.002061855670103093,0.000925925925925926,970,2160
4DoF_V22_3_3x3_grid_4Nm_three_expert_selector_primary_2160,three_expert_selector,passive_selected_from,three_expert_positive_p0.882,2,0.002061855670103093,0.000925925925925926,970,2160
4DoF_V22_3_3x3_grid_4Nm_three_expert_selector_primary_2160,three_expert_selector,passive_selected_from,three_expert_positive_p0.883,2,0.002061855670103093,0.000925925925925926,970,2160
4DoF_V22_3_3x3_grid_4Nm_three_expert_selector_primary_2160,three_expert_selector,passive_selected_from,three_expert_positive_p0.886,2,0.002061855670103093,0.000925925925925926,970,2160
4DoF_V22_3_3x3_grid_4Nm_three_expert_selector_primary_2160,three_expert_selector,passive_selected_from,three_expert_positive_p0.891,2,0.002061855670103093,0.000925925925925926,970,2160
4DoF_V22_3_3x3_grid_4Nm_three_expert_selector_primary_2160,three_expert_selector,passive_selected_from,three_expert_positive_p0.892,2,0.002061855670103093,0.000925925925925926,970,2160
4DoF_V22_3_3x3_grid_4Nm_three_expert_selector_primary_2160,three_expert_selector,passive_selected_from,three_expert_positive_p0.895,2,0.002061855670103093,0.000925925925925926,970,2160
4DoF_V22_3_3x3_grid_4Nm_three_expert_selector_primary_2160,three_expert_selector,passive_selected_from,three_expert_positive_p0.897,2,0.002061855670103093,0.000925925925925926,970,2160
4DoF_V22_3_3x3_grid_4Nm_three_expert_selector_primary_2160,three_expert_selector,passive_selected_from,three_expert_positive_p0.915,2,0.002061855670103093,0.000925925925925926,970,2160
4DoF_V22_3_3x3_grid_4Nm_three_expert_selector_primary_2160,three_expert_selector,passive_selected_from,three_expert_positive_p0.917,2,0.002061855670103093,0.000925925925925926,970,2160
4DoF_V22_3_3x3_grid_4Nm_three_expert_selector_primary_2160,three_expert_selector,passive_selected_from,three_expert_positive_p0.918,2,0.002061855670103093,0.000925925925925926,970,2160
4DoF_V22_3_3x3_grid_4Nm_three_expert_selector_primary_2160,three_expert_selector,passive_selected_from,three_expert_positive_p0.919,2,0.002061855670103093,0.000925925925925926,970,2160
4DoF_V22_3_3x3_grid_4Nm_three_expert_selector_primary_2160,three_expert_selector,passive_selected_from,three_expert_positive_p0.924,2,0.002061855670103093,0.000925925925925926,970,2160
4DoF_V22_3_3x3_grid_4Nm_three_expert_selector_primary_2160,three_expert_selector,passive_selected_from,three_expert_positive_p0.927,2,0.002061855670103093,0.000925925925925926,970,2160
4DoF_V22_3_3x3_grid_4Nm_three_expert_selector_primary_2160,three_expert_selector,passive_selected_from,three_expert_positive_p0.941,2,0.002061855670103093,0.000925925925925926,970,2160
4DoF_V22_3_3x3_grid_4Nm_three_expert_selector_primary_2160,three_expert_selector,passive_selected_from,three_expert_positive_p0.942,2,0.002061855670103093,0.000925925925925926,970,2160
4DoF_V22_3_3x3_grid_4Nm_three_expert_selector_primary_2160,three_expert_selector,passive_selected_from,three_expert_positive_p0.944,2,0.002061855670103093,0.000925925925925926,970,2160
4DoF_V22_3_3x3_grid_4Nm_three_expert_selector_primary_2160,three_expert_selector,passive_selected_from,three_expert_positive_p0.947,2,0.002061855670103093,0.000925925925925926,970,2160
4DoF_V22_3_3x3_grid_4Nm_three_expert_selector_primary_2160,three_expert_selector,passive_selected_from,three_expert_positive_p0.953,2,0.002061855670103093,0.000925925925925926,970,2160
4DoF_V22_3_3x3_grid_4Nm_three_expert_selector_primary_2160,three_expert_selector,passive_selected_from,three_expert_positive_p0.956,2,0.002061855670103093,0.000925925925925926,970,2160
4DoF_V22_3_3x3_grid_4Nm_three_expert_selector_primary_2160,three_expert_selector,passive_selected_from,three_expert_positive_p0.958,2,0.002061855670103093,0.000925925925925926,970,2160
4DoF_V22_3_3x3_grid_4Nm_three_expert_selector_primary_2160,three_expert_selector,passive_selected_from,three_expert_positive_p0.960,2,0.002061855670103093,0.000925925925925926,970,2160
4DoF_V22_3_3x3_grid_4Nm_three_expert_selector_primary_2160,three_expert_selector,passive_selected_from,three_expert_positive_p0.961,2,0.002061855670103093,0.000925925925925926,970,2160
4DoF_V22_3_3x3_grid_4Nm_three_expert_selector_primary_2160,three_expert_selector,passive_selected_from,three_expert_positive_p0.965,2,0.002061855670103093,0.000925925925925926,970,2160
4DoF_V22_3_3x3_grid_4Nm_three_expert_selector_primary_2160,three_expert_selector,passive_selected_from,three_expert_positive_p0.975,2,0.002061855670103093,0.000925925925925926,970,2160
4DoF_V22_3_3x3_grid_4Nm_three_expert_selector_primary_2160,three_expert_selector,passive_selected_from,three_expert_positive_p0.979,2,0.002061855670103093,0.000925925925925926,970,2160
4DoF_V22_3_3x3_grid_4Nm_three_expert_selector_primary_2160,three_expert_selector,passive_selected_from,three_expert_positive_p0.982,2,0.002061855670103093,0.000925925925925926,970,2160
4DoF_V22_3_3x3_grid_4Nm_three_expert_selector_primary_2160,three_expert_selector,passive_selected_from,three_expert_positive_p0.986,2,0.002061855670103093,0.000925925925925926,970,2160
4DoF_V22_3_3x3_grid_4Nm_three_expert_selector_primary_2160,three_expert_selector,passive_selected_from,three_expert_positive_p0.987,2,0.002061855670103093,0.000925925925925926,970,2160
4DoF_V22_3_3x3_grid_4Nm_three_expert_selector_primary_2160,three_expert_selector,passive_selected_from,three_expert_positive_p0.989,2,0.002061855670103093,0.000925925925925926,970,2160
4DoF_V22_3_3x3_grid_4Nm_three_expert_selector_primary_2160,three_expert_selector,passive_selected_from,three_expert_positive_p0.990,2,0.002061855670103093,0.000925925925925926,970,2160
4DoF_V22_3_3x3_grid_4Nm_three_expert_selector_primary_2160,three_expert_selector,passive_selected_from,three_expert_active_p0.452,1,0.0010309278350515464,0.000462962962962963,970,2160
4DoF_V22_3_3x3_grid_4Nm_three_expert_selector_primary_2160,three_expert_selector,passive_selected_from,three_expert_active_p0.455,1,0.0010309278350515464,0.000462962962962963,970,2160
4DoF_V22_3_3x3_grid_4Nm_three_expert_selector_primary_2160,three_expert_selector,passive_selected_from,three_expert_active_p0.487,1,0.0010309278350515464,0.000462962962962963,970,2160
4DoF_V22_3_3x3_grid_4Nm_three_expert_selector_primary_2160,three_expert_selector,passive_selected_from,three_expert_active_p0.501,1,0.0010309278350515464,0.000462962962962963,970,2160
4DoF_V22_3_3x3_grid_4Nm_three_expert_selector_primary_2160,three_expert_selector,passive_selected_from,three_expert_active_p0.516,1,0.0010309278350515464,0.000462962962962963,970,2160
4DoF_V22_3_3x3_grid_4Nm_three_expert_selector_primary_2160,three_expert_selector,passive_selected_from,three_expert_active_p0.533,1,0.0010309278350515464,0.000462962962962963,970,2160
4DoF_V22_3_3x3_grid_4Nm_three_expert_selector_primary_2160,three_expert_selector,passive_selected_from,three_expert_active_p0.543,1,0.0010309278350515464,0.000462962962962963,970,2160
4DoF_V22_3_3x3_grid_4Nm_three_expert_selector_primary_2160,three_expert_selector,passive_selected_from,three_expert_active_p0.544,1,0.0010309278350515464,0.000462962962962963,970,2160
4DoF_V22_3_3x3_grid_4Nm_three_expert_selector_primary_2160,three_expert_selector,passive_selected_from,three_expert_active_p0.565,1,0.0010309278350515464,0.000462962962962963,970,2160
4DoF_V22_3_3x3_grid_4Nm_three_expert_selector_primary_2160,three_expert_selector,passive_selected_from,three_expert_active_p0.575,1,0.0010309278350515464,0.000462962962962963,970,2160
4DoF_V22_3_3x3_grid_4Nm_three_expert_selector_primary_2160,three_expert_selector,passive_selected_from,three_expert_active_p0.583,1,0.0010309278350515464,0.000462962962962963,970,2160
4DoF_V22_3_3x3_grid_4Nm_three_expert_selector_primary_2160,three_expert_selector,passive_selected_from,three_expert_active_p0.589,1,0.0010309278350515464,0.000462962962962963,970,2160
4DoF_V22_3_3x3_grid_4Nm_three_expert_selector_primary_2160,three_expert_selector,passive_selected_from,three_expert_active_p0.592,1,0.0010309278350515464,0.000462962962962963,970,2160
4DoF_V22_3_3x3_grid_4Nm_three_expert_selector_primary_2160,three_expert_selector,passive_selected_from,three_expert_active_p0.629,1,0.0010309278350515464,0.000462962962962963,970,2160
4DoF_V22_3_3x3_grid_4Nm_three_expert_selector_primary_2160,three_expert_selector,passive_selected_from,three_expert_active_p0.630,1,0.0010309278350515464,0.000462962962962963,970,2160
4DoF_V22_3_3x3_grid_4Nm_three_expert_selector_primary_2160,three_expert_selector,passive_selected_from,three_expert_active_p0.642,1,0.0010309278350515464,0.000462962962962963,970,2160
4DoF_V22_3_3x3_grid_4Nm_three_expert_selector_primary_2160,three_expert_selector,passive_selected_from,three_expert_active_p0.645,1,0.0010309278350515464,0.000462962962962963,970,2160
4DoF_V22_3_3x3_grid_4Nm_three_expert_selector_primary_2160,three_expert_selector,passive_selected_from,three_expert_active_p0.655,1,0.0010309278350515464,0.000462962962962963,970,2160
4DoF_V22_3_3x3_grid_4Nm_three_expert_selector_primary_2160,three_expert_selector,passive_selected_from,three_expert_active_p0.663,1,0.0010309278350515464,0.000462962962962963,970,2160
4DoF_V22_3_3x3_grid_4Nm_three_expert_selector_primary_2160,three_expert_selector,passive_selected_from,three_expert_active_p0.679,1,0.0010309278350515464,0.000462962962962963,970,2160
4DoF_V22_3_3x3_grid_4Nm_three_expert_selector_primary_2160,three_expert_selector,passive_selected_from,three_expert_active_p0.688,1,0.0010309278350515464,0.000462962962962963,970,2160
4DoF_V22_3_3x3_grid_4Nm_three_expert_selector_primary_2160,three_expert_selector,passive_selected_from,three_expert_active_p0.733,1,0.0010309278350515464,0.000462962962962963,970,2160
4DoF_V22_3_3x3_grid_4Nm_three_expert_selector_primary_2160,three_expert_selector,passive_selected_from,three_expert_active_p0.793,1,0.0010309278350515464,0.000462962962962963,970,2160
4DoF_V22_3_3x3_grid_4Nm_three_expert_selector_primary_2160,three_expert_selector,passive_selected_from,three_expert_active_p0.816,1,0.0010309278350515464,0.000462962962962963,970,2160
4DoF_V22_3_3x3_grid_4Nm_three_expert_selector_primary_2160,three_expert_selector,passive_selected_from,three_expert_active_p0.874,1,0.0010309278350515464,0.000462962962962963,970,2160
4DoF_V22_3_3x3_grid_4Nm_three_expert_selector_primary_2160,three_expert_selector,passive_selected_from,three_expert_active_p0.878,1,0.0010309278350515464,0.000462962962962963,970,2160
4DoF_V22_3_3x3_grid_4Nm_three_expert_selector_primary_2160,three_expert_selector,passive_selected_from,three_expert_active_p0.884,1,0.0010309278350515464,0.000462962962962963,970,2160
4DoF_V22_3_3x3_grid_4Nm_three_expert_selector_primary_2160,three_expert_selector,passive_selected_from,three_expert_active_p0.895,1,0.0010309278350515464,0.000462962962962963,970,2160
4DoF_V22_3_3x3_grid_4Nm_three_expert_selector_primary_2160,three_expert_selector,passive_selected_from,three_expert_active_p0.901,1,0.0010309278350515464,0.000462962962962963,970,2160
4DoF_V22_3_3x3_grid_4Nm_three_expert_selector_primary_2160,three_expert_selector,passive_selected_from,three_expert_active_p0.902,1,0.0010309278350515464,0.000462962962962963,970,2160
4DoF_V22_3_3x3_grid_4Nm_three_expert_selector_primary_2160,three_expert_selector,passive_selected_from,three_expert_active_p0.904,1,0.0010309278350515464,0.000462962962962963,970,2160
4DoF_V22_3_3x3_grid_4Nm_three_expert_selector_primary_2160,three_expert_selector,passive_selected_from,three_expert_active_p0.998,1,0.0010309278350515464,0.000462962962962963,970,2160
4DoF_V22_3_3x3_grid_4Nm_three_expert_selector_primary_2160,three_expert_selector,passive_selected_from,three_expert_negative_p0.412,1,0.0010309278350515464,0.000462962962962963,970,2160
4DoF_V22_3_3x3_grid_4Nm_three_expert_selector_primary_2160,three_expert_selector,passive_selected_from,three_expert_negative_p0.416,1,0.0010309278350515464,0.000462962962962963,970,2160
4DoF_V22_3_3x3_grid_4Nm_three_expert_selector_primary_2160,three_expert_selector,passive_selected_from,three_expert_negative_p0.418,1,0.0010309278350515464,0.000462962962962963,970,2160
4DoF_V22_3_3x3_grid_4Nm_three_expert_selector_primary_2160,three_expert_selector,passive_selected_from,three_expert_negative_p0.434,1,0.0010309278350515464,0.000462962962962963,970,2160
4DoF_V22_3_3x3_grid_4Nm_three_expert_selector_primary_2160,three_expert_selector,passive_selected_from,three_expert_negative_p0.439,1,0.0010309278350515464,0.000462962962962963,970,2160
4DoF_V22_3_3x3_grid_4Nm_three_expert_selector_primary_2160,three_expert_selector,passive_selected_from,three_expert_negative_p0.446,1,0.0010309278350515464,0.000462962962962963,970,2160
4DoF_V22_3_3x3_grid_4Nm_three_expert_selector_primary_2160,three_expert_selector,passive_selected_from,three_expert_negative_p0.473,1,0.0010309278350515464,0.000462962962962963,970,2160
4DoF_V22_3_3x3_grid_4Nm_three_expert_selector_primary_2160,three_expert_selector,passive_selected_from,three_expert_negative_p0.474,1,0.0010309278350515464,0.000462962962962963,970,2160
4DoF_V22_3_3x3_grid_4Nm_three_expert_selector_primary_2160,three_expert_selector,passive_selected_from,three_expert_negative_p0.487,1,0.0010309278350515464,0.000462962962962963,970,2160
4DoF_V22_3_3x3_grid_4Nm_three_expert_selector_primary_2160,three_expert_selector,passive_selected_from,three_expert_negative_p0.494,1,0.0010309278350515464,0.000462962962962963,970,2160
4DoF_V22_3_3x3_grid_4Nm_three_expert_selector_primary_2160,three_expert_selector,passive_selected_from,three_expert_negative_p0.500,1,0.0010309278350515464,0.000462962962962963,970,2160
4DoF_V22_3_3x3_grid_4Nm_three_expert_selector_primary_2160,three_expert_selector,passive_selected_from,three_expert_negative_p0.503,1,0.0010309278350515464,0.000462962962962963,970,2160
4DoF_V22_3_3x3_grid_4Nm_three_expert_selector_primary_2160,three_expert_selector,passive_selected_from,three_expert_negative_p0.505,1,0.0010309278350515464,0.000462962962962963,970,2160
4DoF_V22_3_3x3_grid_4Nm_three_expert_selector_primary_2160,three_expert_selector,passive_selected_from,three_expert_negative_p0.506,1,0.0010309278350515464,0.000462962962962963,970,2160
4DoF_V22_3_3x3_grid_4Nm_three_expert_selector_primary_2160,three_expert_selector,passive_selected_from,three_expert_negative_p0.510,1,0.0010309278350515464,0.000462962962962963,970,2160
4DoF_V22_3_3x3_grid_4Nm_three_expert_selector_primary_2160,three_expert_selector,passive_selected_from,three_expert_negative_p0.511,1,0.0010309278350515464,0.000462962962962963,970,2160
4DoF_V22_3_3x3_grid_4Nm_three_expert_selector_primary_2160,three_expert_selector,passive_selected_from,three_expert_negative_p0.512,1,0.0010309278350515464,0.000462962962962963,970,2160
4DoF_V22_3_3x3_grid_4Nm_three_expert_selector_primary_2160,three_expert_selector,passive_selected_from,three_expert_negative_p0.513,1,0.0010309278350515464,0.000462962962962963,970,2160
4DoF_V22_3_3x3_grid_4Nm_three_expert_selector_primary_2160,three_expert_selector,passive_selected_from,three_expert_negative_p0.518,1,0.0010309278350515464,0.000462962962962963,970,2160
4DoF_V22_3_3x3_grid_4Nm_three_expert_selector_primary_2160,three_expert_selector,passive_selected_from,three_expert_negative_p0.519,1,0.0010309278350515464,0.000462962962962963,970,2160
4DoF_V22_3_3x3_grid_4Nm_three_expert_selector_primary_2160,three_expert_selector,passive_selected_from,three_expert_negative_p0.523,1,0.0010309278350515464,0.000462962962962963,970,2160
4DoF_V22_3_3x3_grid_4Nm_three_expert_selector_primary_2160,three_expert_selector,passive_selected_from,three_expert_negative_p0.526,1,0.0010309278350515464,0.000462962962962963,970,2160
4DoF_V22_3_3x3_grid_4Nm_three_expert_selector_primary_2160,three_expert_selector,passive_selected_from,three_expert_negative_p0.531,1,0.0010309278350515464,0.000462962962962963,970,2160
4DoF_V22_3_3x3_grid_4Nm_three_expert_selector_primary_2160,three_expert_selector,passive_selected_from,three_expert_negative_p0.533,1,0.0010309278350515464,0.000462962962962963,970,2160
4DoF_V22_3_3x3_grid_4Nm_three_expert_selector_primary_2160,three_expert_selector,passive_selected_from,three_expert_negative_p0.544,1,0.0010309278350515464,0.000462962962962963,970,2160
4DoF_V22_3_3x3_grid_4Nm_three_expert_selector_primary_2160,three_expert_selector,passive_selected_from,three_expert_negative_p0.545,1,0.0010309278350515464,0.000462962962962963,970,2160
4DoF_V22_3_3x3_grid_4Nm_three_expert_selector_primary_2160,three_expert_selector,passive_selected_from,three_expert_negative_p0.550,1,0.0010309278350515464,0.000462962962962963,970,2160
4DoF_V22_3_3x3_grid_4Nm_three_expert_selector_primary_2160,three_expert_selector,passive_selected_from,three_expert_negative_p0.555,1,0.0010309278350515464,0.000462962962962963,970,2160
4DoF_V22_3_3x3_grid_4Nm_three_expert_selector_primary_2160,three_expert_selector,passive_selected_from,three_expert_negative_p0.558,1,0.0010309278350515464,0.000462962962962963,970,2160
4DoF_V22_3_3x3_grid_4Nm_three_expert_selector_primary_2160,three_expert_selector,passive_selected_from,three_expert_negative_p0.560,1,0.0010309278350515464,0.000462962962962963,970,2160
4DoF_V22_3_3x3_grid_4Nm_three_expert_selector_primary_2160,three_expert_selector,passive_selected_from,three_expert_negative_p0.561,1,0.0010309278350515464,0.000462962962962963,970,2160
4DoF_V22_3_3x3_grid_4Nm_three_expert_selector_primary_2160,three_expert_selector,passive_selected_from,three_expert_negative_p0.563,1,0.0010309278350515464,0.000462962962962963,970,2160
4DoF_V22_3_3x3_grid_4Nm_three_expert_selector_primary_2160,three_expert_selector,passive_selected_from,three_expert_negative_p0.566,1,0.0010309278350515464,0.000462962962962963,970,2160
4DoF_V22_3_3x3_grid_4Nm_three_expert_selector_primary_2160,three_expert_selector,passive_selected_from,three_expert_negative_p0.569,1,0.0010309278350515464,0.000462962962962963,970,2160
4DoF_V22_3_3x3_grid_4Nm_three_expert_selector_primary_2160,three_expert_selector,passive_selected_from,three_expert_negative_p0.576,1,0.0010309278350515464,0.000462962962962963,970,2160
4DoF_V22_3_3x3_grid_4Nm_three_expert_selector_primary_2160,three_expert_selector,passive_selected_from,three_expert_negative_p0.577,1,0.0010309278350515464,0.000462962962962963,970,2160
4DoF_V22_3_3x3_grid_4Nm_three_expert_selector_primary_2160,three_expert_selector,passive_selected_from,three_expert_negative_p0.578,1,0.0010309278350515464,0.000462962962962963,970,2160
4DoF_V22_3_3x3_grid_4Nm_three_expert_selector_primary_2160,three_expert_selector,passive_selected_from,three_expert_negative_p0.579,1,0.0010309278350515464,0.000462962962962963,970,2160
4DoF_V22_3_3x3_grid_4Nm_three_expert_selector_primary_2160,three_expert_selector,passive_selected_from,three_expert_negative_p0.583,1,0.0010309278350515464,0.000462962962962963,970,2160
4DoF_V22_3_3x3_grid_4Nm_three_expert_selector_primary_2160,three_expert_selector,passive_selected_from,three_expert_negative_p0.591,1,0.0010309278350515464,0.000462962962962963,970,2160
4DoF_V22_3_3x3_grid_4Nm_three_expert_selector_primary_2160,three_expert_selector,passive_selected_from,three_expert_negative_p0.594,1,0.0010309278350515464,0.000462962962962963,970,2160
4DoF_V22_3_3x3_grid_4Nm_three_expert_selector_primary_2160,three_expert_selector,passive_selected_from,three_expert_negative_p0.598,1,0.0010309278350515464,0.000462962962962963,970,2160
4DoF_V22_3_3x3_grid_4Nm_three_expert_selector_primary_2160,three_expert_selector,passive_selected_from,three_expert_negative_p0.600,1,0.0010309278350515464,0.000462962962962963,970,2160
4DoF_V22_3_3x3_grid_4Nm_three_expert_selector_primary_2160,three_expert_selector,passive_selected_from,three_expert_negative_p0.604,1,0.0010309278350515464,0.000462962962962963,970,2160
4DoF_V22_3_3x3_grid_4Nm_three_expert_selector_primary_2160,three_expert_selector,passive_selected_from,three_expert_negative_p0.605,1,0.0010309278350515464,0.000462962962962963,970,2160
4DoF_V22_3_3x3_grid_4Nm_three_expert_selector_primary_2160,three_expert_selector,passive_selected_from,three_expert_negative_p0.607,1,0.0010309278350515464,0.000462962962962963,970,2160
4DoF_V22_3_3x3_grid_4Nm_three_expert_selector_primary_2160,three_expert_selector,passive_selected_from,three_expert_negative_p0.610,1,0.0010309278350515464,0.000462962962962963,970,2160
4DoF_V22_3_3x3_grid_4Nm_three_expert_selector_primary_2160,three_expert_selector,passive_selected_from,three_expert_negative_p0.613,1,0.0010309278350515464,0.000462962962962963,970,2160
4DoF_V22_3_3x3_grid_4Nm_three_expert_selector_primary_2160,three_expert_selector,passive_selected_from,three_expert_negative_p0.616,1,0.0010309278350515464,0.000462962962962963,970,2160
4DoF_V22_3_3x3_grid_4Nm_three_expert_selector_primary_2160,three_expert_selector,passive_selected_from,three_expert_negative_p0.617,1,0.0010309278350515464,0.000462962962962963,970,2160
4DoF_V22_3_3x3_grid_4Nm_three_expert_selector_primary_2160,three_expert_selector,passive_selected_from,three_expert_negative_p0.618,1,0.0010309278350515464,0.000462962962962963,970,2160
4DoF_V22_3_3x3_grid_4Nm_three_expert_selector_primary_2160,three_expert_selector,passive_selected_from,three_expert_negative_p0.619,1,0.0010309278350515464,0.000462962962962963,970,2160
4DoF_V22_3_3x3_grid_4Nm_three_expert_selector_primary_2160,three_expert_selector,passive_selected_from,three_expert_negative_p0.620,1,0.0010309278350515464,0.000462962962962963,970,2160
4DoF_V22_3_3x3_grid_4Nm_three_expert_selector_primary_2160,three_expert_selector,passive_selected_from,three_expert_negative_p0.621,1,0.0010309278350515464,0.000462962962962963,970,2160
4DoF_V22_3_3x3_grid_4Nm_three_expert_selector_primary_2160,three_expert_selector,passive_selected_from,three_expert_negative_p0.623,1,0.0010309278350515464,0.000462962962962963,970,2160
4DoF_V22_3_3x3_grid_4Nm_three_expert_selector_primary_2160,three_expert_selector,passive_selected_from,three_expert_negative_p0.625,1,0.0010309278350515464,0.000462962962962963,970,2160
4DoF_V22_3_3x3_grid_4Nm_three_expert_selector_primary_2160,three_expert_selector,passive_selected_from,three_expert_negative_p0.626,1,0.0010309278350515464,0.000462962962962963,970,2160
4DoF_V22_3_3x3_grid_4Nm_three_expert_selector_primary_2160,three_expert_selector,passive_selected_from,three_expert_negative_p0.631,1,0.0010309278350515464,0.000462962962962963,970,2160
4DoF_V22_3_3x3_grid_4Nm_three_expert_selector_primary_2160,three_expert_selector,passive_selected_from,three_expert_negative_p0.632,1,0.0010309278350515464,0.000462962962962963,970,2160
4DoF_V22_3_3x3_grid_4Nm_three_expert_selector_primary_2160,three_expert_selector,passive_selected_from,three_expert_negative_p0.642,1,0.0010309278350515464,0.000462962962962963,970,2160
4DoF_V22_3_3x3_grid_4Nm_three_expert_selector_primary_2160,three_expert_selector,passive_selected_from,three_expert_negative_p0.643,1,0.0010309278350515464,0.000462962962962963,970,2160
4DoF_V22_3_3x3_grid_4Nm_three_expert_selector_primary_2160,three_expert_selector,passive_selected_from,three_expert_negative_p0.645,1,0.0010309278350515464,0.000462962962962963,970,2160
4DoF_V22_3_3x3_grid_4Nm_three_expert_selector_primary_2160,three_expert_selector,passive_selected_from,three_expert_negative_p0.646,1,0.0010309278350515464,0.000462962962962963,970,2160
4DoF_V22_3_3x3_grid_4Nm_three_expert_selector_primary_2160,three_expert_selector,passive_selected_from,three_expert_negative_p0.648,1,0.0010309278350515464,0.000462962962962963,970,2160
4DoF_V22_3_3x3_grid_4Nm_three_expert_selector_primary_2160,three_expert_selector,passive_selected_from,three_expert_negative_p0.653,1,0.0010309278350515464,0.000462962962962963,970,2160
4DoF_V22_3_3x3_grid_4Nm_three_expert_selector_primary_2160,three_expert_selector,passive_selected_from,three_expert_negative_p0.658,1,0.0010309278350515464,0.000462962962962963,970,2160
4DoF_V22_3_3x3_grid_4Nm_three_expert_selector_primary_2160,three_expert_selector,passive_selected_from,three_expert_negative_p0.660,1,0.0010309278350515464,0.000462962962962963,970,2160
4DoF_V22_3_3x3_grid_4Nm_three_expert_selector_primary_2160,three_expert_selector,passive_selected_from,three_expert_negative_p0.662,1,0.0010309278350515464,0.000462962962962963,970,2160
4DoF_V22_3_3x3_grid_4Nm_three_expert_selector_primary_2160,three_expert_selector,passive_selected_from,three_expert_negative_p0.663,1,0.0010309278350515464,0.000462962962962963,970,2160
4DoF_V22_3_3x3_grid_4Nm_three_expert_selector_primary_2160,three_expert_selector,passive_selected_from,three_expert_negative_p0.665,1,0.0010309278350515464,0.000462962962962963,970,2160
4DoF_V22_3_3x3_grid_4Nm_three_expert_selector_primary_2160,three_expert_selector,passive_selected_from,three_expert_negative_p0.666,1,0.0010309278350515464,0.000462962962962963,970,2160
4DoF_V22_3_3x3_grid_4Nm_three_expert_selector_primary_2160,three_expert_selector,passive_selected_from,three_expert_negative_p0.667,1,0.0010309278350515464,0.000462962962962963,970,2160
4DoF_V22_3_3x3_grid_4Nm_three_expert_selector_primary_2160,three_expert_selector,passive_selected_from,three_expert_negative_p0.671,1,0.0010309278350515464,0.000462962962962963,970,2160
4DoF_V22_3_3x3_grid_4Nm_three_expert_selector_primary_2160,three_expert_selector,passive_selected_from,three_expert_negative_p0.673,1,0.0010309278350515464,0.000462962962962963,970,2160
4DoF_V22_3_3x3_grid_4Nm_three_expert_selector_primary_2160,three_expert_selector,passive_selected_from,three_expert_negative_p0.675,1,0.0010309278350515464,0.000462962962962963,970,2160
4DoF_V22_3_3x3_grid_4Nm_three_expert_selector_primary_2160,three_expert_selector,passive_selected_from,three_expert_negative_p0.678,1,0.0010309278350515464,0.000462962962962963,970,2160
4DoF_V22_3_3x3_grid_4Nm_three_expert_selector_primary_2160,three_expert_selector,passive_selected_from,three_expert_negative_p0.680,1,0.0010309278350515464,0.000462962962962963,970,2160
4DoF_V22_3_3x3_grid_4Nm_three_expert_selector_primary_2160,three_expert_selector,passive_selected_from,three_expert_negative_p0.683,1,0.0010309278350515464,0.000462962962962963,970,2160
4DoF_V22_3_3x3_grid_4Nm_three_expert_selector_primary_2160,three_expert_selector,passive_selected_from,three_expert_negative_p0.688,1,0.0010309278350515464,0.000462962962962963,970,2160
4DoF_V22_3_3x3_grid_4Nm_three_expert_selector_primary_2160,three_expert_selector,passive_selected_from,three_expert_negative_p0.689,1,0.0010309278350515464,0.000462962962962963,970,2160
4DoF_V22_3_3x3_grid_4Nm_three_expert_selector_primary_2160,three_expert_selector,passive_selected_from,three_expert_negative_p0.698,1,0.0010309278350515464,0.000462962962962963,970,2160
4DoF_V22_3_3x3_grid_4Nm_three_expert_selector_primary_2160,three_expert_selector,passive_selected_from,three_expert_negative_p0.702,1,0.0010309278350515464,0.000462962962962963,970,2160
4DoF_V22_3_3x3_grid_4Nm_three_expert_selector_primary_2160,three_expert_selector,passive_selected_from,three_expert_negative_p0.704,1,0.0010309278350515464,0.000462962962962963,970,2160
4DoF_V22_3_3x3_grid_4Nm_three_expert_selector_primary_2160,three_expert_selector,passive_selected_from,three_expert_negative_p0.706,1,0.0010309278350515464,0.000462962962962963,970,2160
4DoF_V22_3_3x3_grid_4Nm_three_expert_selector_primary_2160,three_expert_selector,passive_selected_from,three_expert_negative_p0.708,1,0.0010309278350515464,0.000462962962962963,970,2160
4DoF_V22_3_3x3_grid_4Nm_three_expert_selector_primary_2160,three_expert_selector,passive_selected_from,three_expert_negative_p0.711,1,0.0010309278350515464,0.000462962962962963,970,2160
4DoF_V22_3_3x3_grid_4Nm_three_expert_selector_primary_2160,three_expert_selector,passive_selected_from,three_expert_negative_p0.712,1,0.0010309278350515464,0.000462962962962963,970,2160
4DoF_V22_3_3x3_grid_4Nm_three_expert_selector_primary_2160,three_expert_selector,passive_selected_from,three_expert_negative_p0.713,1,0.0010309278350515464,0.000462962962962963,970,2160
4DoF_V22_3_3x3_grid_4Nm_three_expert_selector_primary_2160,three_expert_selector,passive_selected_from,three_expert_negative_p0.714,1,0.0010309278350515464,0.000462962962962963,970,2160
4DoF_V22_3_3x3_grid_4Nm_three_expert_selector_primary_2160,three_expert_selector,passive_selected_from,three_expert_negative_p0.715,1,0.0010309278350515464,0.000462962962962963,970,2160
4DoF_V22_3_3x3_grid_4Nm_three_expert_selector_primary_2160,three_expert_selector,passive_selected_from,three_expert_negative_p0.719,1,0.0010309278350515464,0.000462962962962963,970,2160
4DoF_V22_3_3x3_grid_4Nm_three_expert_selector_primary_2160,three_expert_selector,passive_selected_from,three_expert_negative_p0.721,1,0.0010309278350515464,0.000462962962962963,970,2160
4DoF_V22_3_3x3_grid_4Nm_three_expert_selector_primary_2160,three_expert_selector,passive_selected_from,three_expert_negative_p0.723,1,0.0010309278350515464,0.000462962962962963,970,2160
4DoF_V22_3_3x3_grid_4Nm_three_expert_selector_primary_2160,three_expert_selector,passive_selected_from,three_expert_negative_p0.724,1,0.0010309278350515464,0.000462962962962963,970,2160
4DoF_V22_3_3x3_grid_4Nm_three_expert_selector_primary_2160,three_expert_selector,passive_selected_from,three_expert_negative_p0.725,1,0.0010309278350515464,0.000462962962962963,970,2160
4DoF_V22_3_3x3_grid_4Nm_three_expert_selector_primary_2160,three_expert_selector,passive_selected_from,three_expert_negative_p0.727,1,0.0010309278350515464,0.000462962962962963,970,2160
4DoF_V22_3_3x3_grid_4Nm_three_expert_selector_primary_2160,three_expert_selector,passive_selected_from,three_expert_negative_p0.728,1,0.0010309278350515464,0.000462962962962963,970,2160
4DoF_V22_3_3x3_grid_4Nm_three_expert_selector_primary_2160,three_expert_selector,passive_selected_from,three_expert_negative_p0.729,1,0.0010309278350515464,0.000462962962962963,970,2160
4DoF_V22_3_3x3_grid_4Nm_three_expert_selector_primary_2160,three_expert_selector,passive_selected_from,three_expert_negative_p0.731,1,0.0010309278350515464,0.000462962962962963,970,2160
4DoF_V22_3_3x3_grid_4Nm_three_expert_selector_primary_2160,three_expert_selector,passive_selected_from,three_expert_negative_p0.732,1,0.0010309278350515464,0.000462962962962963,970,2160
4DoF_V22_3_3x3_grid_4Nm_three_expert_selector_primary_2160,three_expert_selector,passive_selected_from,three_expert_negative_p0.733,1,0.0010309278350515464,0.000462962962962963,970,2160
4DoF_V22_3_3x3_grid_4Nm_three_expert_selector_primary_2160,three_expert_selector,passive_selected_from,three_expert_negative_p0.741,1,0.0010309278350515464,0.000462962962962963,970,2160
4DoF_V22_3_3x3_grid_4Nm_three_expert_selector_primary_2160,three_expert_selector,passive_selected_from,three_expert_negative_p0.744,1,0.0010309278350515464,0.000462962962962963,970,2160
4DoF_V22_3_3x3_grid_4Nm_three_expert_selector_primary_2160,three_expert_selector,passive_selected_from,three_expert_negative_p0.747,1,0.0010309278350515464,0.000462962962962963,970,2160
4DoF_V22_3_3x3_grid_4Nm_three_expert_selector_primary_2160,three_expert_selector,passive_selected_from,three_expert_negative_p0.750,1,0.0010309278350515464,0.000462962962962963,970,2160
4DoF_V22_3_3x3_grid_4Nm_three_expert_selector_primary_2160,three_expert_selector,passive_selected_from,three_expert_negative_p0.751,1,0.0010309278350515464,0.000462962962962963,970,2160
4DoF_V22_3_3x3_grid_4Nm_three_expert_selector_primary_2160,three_expert_selector,passive_selected_from,three_expert_negative_p0.752,1,0.0010309278350515464,0.000462962962962963,970,2160
4DoF_V22_3_3x3_grid_4Nm_three_expert_selector_primary_2160,three_expert_selector,passive_selected_from,three_expert_negative_p0.755,1,0.0010309278350515464,0.000462962962962963,970,2160
4DoF_V22_3_3x3_grid_4Nm_three_expert_selector_primary_2160,three_expert_selector,passive_selected_from,three_expert_negative_p0.756,1,0.0010309278350515464,0.000462962962962963,970,2160
4DoF_V22_3_3x3_grid_4Nm_three_expert_selector_primary_2160,three_expert_selector,passive_selected_from,three_expert_negative_p0.757,1,0.0010309278350515464,0.000462962962962963,970,2160
4DoF_V22_3_3x3_grid_4Nm_three_expert_selector_primary_2160,three_expert_selector,passive_selected_from,three_expert_negative_p0.758,1,0.0010309278350515464,0.000462962962962963,970,2160
4DoF_V22_3_3x3_grid_4Nm_three_expert_selector_primary_2160,three_expert_selector,passive_selected_from,three_expert_negative_p0.760,1,0.0010309278350515464,0.000462962962962963,970,2160
4DoF_V22_3_3x3_grid_4Nm_three_expert_selector_primary_2160,three_expert_selector,passive_selected_from,three_expert_negative_p0.763,1,0.0010309278350515464,0.000462962962962963,970,2160
4DoF_V22_3_3x3_grid_4Nm_three_expert_selector_primary_2160,three_expert_selector,passive_selected_from,three_expert_negative_p0.767,1,0.0010309278350515464,0.000462962962962963,970,2160
4DoF_V22_3_3x3_grid_4Nm_three_expert_selector_primary_2160,three_expert_selector,passive_selected_from,three_expert_negative_p0.768,1,0.0010309278350515464,0.000462962962962963,970,2160
4DoF_V22_3_3x3_grid_4Nm_three_expert_selector_primary_2160,three_expert_selector,passive_selected_from,three_expert_negative_p0.772,1,0.0010309278350515464,0.000462962962962963,970,2160
4DoF_V22_3_3x3_grid_4Nm_three_expert_selector_primary_2160,three_expert_selector,passive_selected_from,three_expert_negative_p0.773,1,0.0010309278350515464,0.000462962962962963,970,2160
4DoF_V22_3_3x3_grid_4Nm_three_expert_selector_primary_2160,three_expert_selector,passive_selected_from,three_expert_negative_p0.774,1,0.0010309278350515464,0.000462962962962963,970,2160
4DoF_V22_3_3x3_grid_4Nm_three_expert_selector_primary_2160,three_expert_selector,passive_selected_from,three_expert_negative_p0.776,1,0.0010309278350515464,0.000462962962962963,970,2160
4DoF_V22_3_3x3_grid_4Nm_three_expert_selector_primary_2160,three_expert_selector,passive_selected_from,three_expert_negative_p0.777,1,0.0010309278350515464,0.000462962962962963,970,2160
4DoF_V22_3_3x3_grid_4Nm_three_expert_selector_primary_2160,three_expert_selector,passive_selected_from,three_expert_negative_p0.780,1,0.0010309278350515464,0.000462962962962963,970,2160
4DoF_V22_3_3x3_grid_4Nm_three_expert_selector_primary_2160,three_expert_selector,passive_selected_from,three_expert_negative_p0.782,1,0.0010309278350515464,0.000462962962962963,970,2160
4DoF_V22_3_3x3_grid_4Nm_three_expert_selector_primary_2160,three_expert_selector,passive_selected_from,three_expert_negative_p0.784,1,0.0010309278350515464,0.000462962962962963,970,2160
4DoF_V22_3_3x3_grid_4Nm_three_expert_selector_primary_2160,three_expert_selector,passive_selected_from,three_expert_negative_p0.786,1,0.0010309278350515464,0.000462962962962963,970,2160
4DoF_V22_3_3x3_grid_4Nm_three_expert_selector_primary_2160,three_expert_selector,passive_selected_from,three_expert_negative_p0.788,1,0.0010309278350515464,0.000462962962962963,970,2160
4DoF_V22_3_3x3_grid_4Nm_three_expert_selector_primary_2160,three_expert_selector,passive_selected_from,three_expert_negative_p0.791,1,0.0010309278350515464,0.000462962962962963,970,2160
4DoF_V22_3_3x3_grid_4Nm_three_expert_selector_primary_2160,three_expert_selector,passive_selected_from,three_expert_negative_p0.797,1,0.0010309278350515464,0.000462962962962963,970,2160
4DoF_V22_3_3x3_grid_4Nm_three_expert_selector_primary_2160,three_expert_selector,passive_selected_from,three_expert_negative_p0.801,1,0.0010309278350515464,0.000462962962962963,970,2160
4DoF_V22_3_3x3_grid_4Nm_three_expert_selector_primary_2160,three_expert_selector,passive_selected_from,three_expert_negative_p0.802,1,0.0010309278350515464,0.000462962962962963,970,2160
4DoF_V22_3_3x3_grid_4Nm_three_expert_selector_primary_2160,three_expert_selector,passive_selected_from,three_expert_negative_p0.803,1,0.0010309278350515464,0.000462962962962963,970,2160
4DoF_V22_3_3x3_grid_4Nm_three_expert_selector_primary_2160,three_expert_selector,passive_selected_from,three_expert_negative_p0.804,1,0.0010309278350515464,0.000462962962962963,970,2160
4DoF_V22_3_3x3_grid_4Nm_three_expert_selector_primary_2160,three_expert_selector,passive_selected_from,three_expert_negative_p0.805,1,0.0010309278350515464,0.000462962962962963,970,2160
4DoF_V22_3_3x3_grid_4Nm_three_expert_selector_primary_2160,three_expert_selector,passive_selected_from,three_expert_negative_p0.812,1,0.0010309278350515464,0.000462962962962963,970,2160
4DoF_V22_3_3x3_grid_4Nm_three_expert_selector_primary_2160,three_expert_selector,passive_selected_from,three_expert_negative_p0.813,1,0.0010309278350515464,0.000462962962962963,970,2160
4DoF_V22_3_3x3_grid_4Nm_three_expert_selector_primary_2160,three_expert_selector,passive_selected_from,three_expert_negative_p0.814,1,0.0010309278350515464,0.000462962962962963,970,2160
4DoF_V22_3_3x3_grid_4Nm_three_expert_selector_primary_2160,three_expert_selector,passive_selected_from,three_expert_negative_p0.817,1,0.0010309278350515464,0.000462962962962963,970,2160
4DoF_V22_3_3x3_grid_4Nm_three_expert_selector_primary_2160,three_expert_selector,passive_selected_from,three_expert_negative_p0.818,1,0.0010309278350515464,0.000462962962962963,970,2160
4DoF_V22_3_3x3_grid_4Nm_three_expert_selector_primary_2160,three_expert_selector,passive_selected_from,three_expert_negative_p0.821,1,0.0010309278350515464,0.000462962962962963,970,2160
4DoF_V22_3_3x3_grid_4Nm_three_expert_selector_primary_2160,three_expert_selector,passive_selected_from,three_expert_negative_p0.823,1,0.0010309278350515464,0.000462962962962963,970,2160
4DoF_V22_3_3x3_grid_4Nm_three_expert_selector_primary_2160,three_expert_selector,passive_selected_from,three_expert_negative_p0.833,1,0.0010309278350515464,0.000462962962962963,970,2160
4DoF_V22_3_3x3_grid_4Nm_three_expert_selector_primary_2160,three_expert_selector,passive_selected_from,three_expert_negative_p0.839,1,0.0010309278350515464,0.000462962962962963,970,2160
4DoF_V22_3_3x3_grid_4Nm_three_expert_selector_primary_2160,three_expert_selector,passive_selected_from,three_expert_negative_p0.840,1,0.0010309278350515464,0.000462962962962963,970,2160
4DoF_V22_3_3x3_grid_4Nm_three_expert_selector_primary_2160,three_expert_selector,passive_selected_from,three_expert_negative_p0.843,1,0.0010309278350515464,0.000462962962962963,970,2160
4DoF_V22_3_3x3_grid_4Nm_three_expert_selector_primary_2160,three_expert_selector,passive_selected_from,three_expert_negative_p0.846,1,0.0010309278350515464,0.000462962962962963,970,2160
4DoF_V22_3_3x3_grid_4Nm_three_expert_selector_primary_2160,three_expert_selector,passive_selected_from,three_expert_negative_p0.851,1,0.0010309278350515464,0.000462962962962963,970,2160
4DoF_V22_3_3x3_grid_4Nm_three_expert_selector_primary_2160,three_expert_selector,passive_selected_from,three_expert_negative_p0.852,1,0.0010309278350515464,0.000462962962962963,970,2160
4DoF_V22_3_3x3_grid_4Nm_three_expert_selector_primary_2160,three_expert_selector,passive_selected_from,three_expert_negative_p0.854,1,0.0010309278350515464,0.000462962962962963,970,2160
4DoF_V22_3_3x3_grid_4Nm_three_expert_selector_primary_2160,three_expert_selector,passive_selected_from,three_expert_negative_p0.855,1,0.0010309278350515464,0.000462962962962963,970,2160
4DoF_V22_3_3x3_grid_4Nm_three_expert_selector_primary_2160,three_expert_selector,passive_selected_from,three_expert_negative_p0.857,1,0.0010309278350515464,0.000462962962962963,970,2160
4DoF_V22_3_3x3_grid_4Nm_three_expert_selector_primary_2160,three_expert_selector,passive_selected_from,three_expert_negative_p0.859,1,0.0010309278350515464,0.000462962962962963,970,2160
4DoF_V22_3_3x3_grid_4Nm_three_expert_selector_primary_2160,three_expert_selector,passive_selected_from,three_expert_negative_p0.860,1,0.0010309278350515464,0.000462962962962963,970,2160
4DoF_V22_3_3x3_grid_4Nm_three_expert_selector_primary_2160,three_expert_selector,passive_selected_from,three_expert_negative_p0.862,1,0.0010309278350515464,0.000462962962962963,970,2160
4DoF_V22_3_3x3_grid_4Nm_three_expert_selector_primary_2160,three_expert_selector,passive_selected_from,three_expert_negative_p0.870,1,0.0010309278350515464,0.000462962962962963,970,2160
4DoF_V22_3_3x3_grid_4Nm_three_expert_selector_primary_2160,three_expert_selector,passive_selected_from,three_expert_negative_p0.871,1,0.0010309278350515464,0.000462962962962963,970,2160
4DoF_V22_3_3x3_grid_4Nm_three_expert_selector_primary_2160,three_expert_selector,passive_selected_from,three_expert_negative_p0.872,1,0.0010309278350515464,0.000462962962962963,970,2160
4DoF_V22_3_3x3_grid_4Nm_three_expert_selector_primary_2160,three_expert_selector,passive_selected_from,three_expert_negative_p0.876,1,0.0010309278350515464,0.000462962962962963,970,2160
4DoF_V22_3_3x3_grid_4Nm_three_expert_selector_primary_2160,three_expert_selector,passive_selected_from,three_expert_negative_p0.877,1,0.0010309278350515464,0.000462962962962963,970,2160
4DoF_V22_3_3x3_grid_4Nm_three_expert_selector_primary_2160,three_expert_selector,passive_selected_from,three_expert_negative_p0.880,1,0.0010309278350515464,0.000462962962962963,970,2160
4DoF_V22_3_3x3_grid_4Nm_three_expert_selector_primary_2160,three_expert_selector,passive_selected_from,three_expert_negative_p0.884,1,0.0010309278350515464,0.000462962962962963,970,2160
4DoF_V22_3_3x3_grid_4Nm_three_expert_selector_primary_2160,three_expert_selector,passive_selected_from,three_expert_negative_p0.886,1,0.0010309278350515464,0.000462962962962963,970,2160
4DoF_V22_3_3x3_grid_4Nm_three_expert_selector_primary_2160,three_expert_selector,passive_selected_from,three_expert_negative_p0.887,1,0.0010309278350515464,0.000462962962962963,970,2160
4DoF_V22_3_3x3_grid_4Nm_three_expert_selector_primary_2160,three_expert_selector,passive_selected_from,three_expert_negative_p0.889,1,0.0010309278350515464,0.000462962962962963,970,2160
4DoF_V22_3_3x3_grid_4Nm_three_expert_selector_primary_2160,three_expert_selector,passive_selected_from,three_expert_negative_p0.894,1,0.0010309278350515464,0.000462962962962963,970,2160
4DoF_V22_3_3x3_grid_4Nm_three_expert_selector_primary_2160,three_expert_selector,passive_selected_from,three_expert_negative_p0.898,1,0.0010309278350515464,0.000462962962962963,970,2160
4DoF_V22_3_3x3_grid_4Nm_three_expert_selector_primary_2160,three_expert_selector,passive_selected_from,three_expert_negative_p0.900,1,0.0010309278350515464,0.000462962962962963,970,2160
4DoF_V22_3_3x3_grid_4Nm_three_expert_selector_primary_2160,three_expert_selector,passive_selected_from,three_expert_negative_p0.902,1,0.0010309278350515464,0.000462962962962963,970,2160
4DoF_V22_3_3x3_grid_4Nm_three_expert_selector_primary_2160,three_expert_selector,passive_selected_from,three_expert_negative_p0.903,1,0.0010309278350515464,0.000462962962962963,970,2160
4DoF_V22_3_3x3_grid_4Nm_three_expert_selector_primary_2160,three_expert_selector,passive_selected_from,three_expert_negative_p0.904,1,0.0010309278350515464,0.000462962962962963,970,2160
4DoF_V22_3_3x3_grid_4Nm_three_expert_selector_primary_2160,three_expert_selector,passive_selected_from,three_expert_negative_p0.907,1,0.0010309278350515464,0.000462962962962963,970,2160
4DoF_V22_3_3x3_grid_4Nm_three_expert_selector_primary_2160,three_expert_selector,passive_selected_from,three_expert_negative_p0.914,1,0.0010309278350515464,0.000462962962962963,970,2160
4DoF_V22_3_3x3_grid_4Nm_three_expert_selector_primary_2160,three_expert_selector,passive_selected_from,three_expert_negative_p0.917,1,0.0010309278350515464,0.000462962962962963,970,2160
4DoF_V22_3_3x3_grid_4Nm_three_expert_selector_primary_2160,three_expert_selector,passive_selected_from,three_expert_negative_p0.918,1,0.0010309278350515464,0.000462962962962963,970,2160
4DoF_V22_3_3x3_grid_4Nm_three_expert_selector_primary_2160,three_expert_selector,passive_selected_from,three_expert_negative_p0.919,1,0.0010309278350515464,0.000462962962962963,970,2160
4DoF_V22_3_3x3_grid_4Nm_three_expert_selector_primary_2160,three_expert_selector,passive_selected_from,three_expert_negative_p0.928,1,0.0010309278350515464,0.000462962962962963,970,2160
4DoF_V22_3_3x3_grid_4Nm_three_expert_selector_primary_2160,three_expert_selector,passive_selected_from,three_expert_negative_p0.931,1,0.0010309278350515464,0.000462962962962963,970,2160
4DoF_V22_3_3x3_grid_4Nm_three_expert_selector_primary_2160,three_expert_selector,passive_selected_from,three_expert_negative_p0.937,1,0.0010309278350515464,0.000462962962962963,970,2160
4DoF_V22_3_3x3_grid_4Nm_three_expert_selector_primary_2160,three_expert_selector,passive_selected_from,three_expert_negative_p0.939,1,0.0010309278350515464,0.000462962962962963,970,2160
4DoF_V22_3_3x3_grid_4Nm_three_expert_selector_primary_2160,three_expert_selector,passive_selected_from,three_expert_negative_p0.940,1,0.0010309278350515464,0.000462962962962963,970,2160
4DoF_V22_3_3x3_grid_4Nm_three_expert_selector_primary_2160,three_expert_selector,passive_selected_from,three_expert_negative_p0.945,1,0.0010309278350515464,0.000462962962962963,970,2160
4DoF_V22_3_3x3_grid_4Nm_three_expert_selector_primary_2160,three_expert_selector,passive_selected_from,three_expert_negative_p0.948,1,0.0010309278350515464,0.000462962962962963,970,2160
4DoF_V22_3_3x3_grid_4Nm_three_expert_selector_primary_2160,three_expert_selector,passive_selected_from,three_expert_negative_p0.957,1,0.0010309278350515464,0.000462962962962963,970,2160
4DoF_V22_3_3x3_grid_4Nm_three_expert_selector_primary_2160,three_expert_selector,passive_selected_from,three_expert_negative_p0.968,1,0.0010309278350515464,0.000462962962962963,970,2160
4DoF_V22_3_3x3_grid_4Nm_three_expert_selector_primary_2160,three_expert_selector,passive_selected_from,three_expert_negative_p0.969,1,0.0010309278350515464,0.000462962962962963,970,2160
4DoF_V22_3_3x3_grid_4Nm_three_expert_selector_primary_2160,three_expert_selector,passive_selected_from,three_expert_negative_p0.975,1,0.0010309278350515464,0.000462962962962963,970,2160
4DoF_V22_3_3x3_grid_4Nm_three_expert_selector_primary_2160,three_expert_selector,passive_selected_from,three_expert_negative_p0.977,1,0.0010309278350515464,0.000462962962962963,970,2160
4DoF_V22_3_3x3_grid_4Nm_three_expert_selector_primary_2160,three_expert_selector,passive_selected_from,three_expert_negative_p0.978,1,0.0010309278350515464,0.000462962962962963,970,2160
4DoF_V22_3_3x3_grid_4Nm_three_expert_selector_primary_2160,three_expert_selector,passive_selected_from,three_expert_negative_p0.980,1,0.0010309278350515464,0.000462962962962963,970,2160
4DoF_V22_3_3x3_grid_4Nm_three_expert_selector_primary_2160,three_expert_selector,passive_selected_from,three_expert_negative_p0.985,1,0.0010309278350515464,0.000462962962962963,970,2160
4DoF_V22_3_3x3_grid_4Nm_three_expert_selector_primary_2160,three_expert_selector,passive_selected_from,three_expert_negative_p0.987,1,0.0010309278350515464,0.000462962962962963,970,2160
4DoF_V22_3_3x3_grid_4Nm_three_expert_selector_primary_2160,three_expert_selector,passive_selected_from,three_expert_negative_p0.990,1,0.0010309278350515464,0.000462962962962963,970,2160
4DoF_V22_3_3x3_grid_4Nm_three_expert_selector_primary_2160,three_expert_selector,passive_selected_from,three_expert_negative_p0.991,1,0.0010309278350515464,0.000462962962962963,970,2160
4DoF_V22_3_3x3_grid_4Nm_three_expert_selector_primary_2160,three_expert_selector,passive_selected_from,three_expert_negative_p0.994,1,0.0010309278350515464,0.000462962962962963,970,2160
4DoF_V22_3_3x3_grid_4Nm_three_expert_selector_primary_2160,three_expert_selector,passive_selected_from,three_expert_positive_p0.430,1,0.0010309278350515464,0.000462962962962963,970,2160
4DoF_V22_3_3x3_grid_4Nm_three_expert_selector_primary_2160,three_expert_selector,passive_selected_from,three_expert_positive_p0.477,1,0.0010309278350515464,0.000462962962962963,970,2160
4DoF_V22_3_3x3_grid_4Nm_three_expert_selector_primary_2160,three_expert_selector,passive_selected_from,three_expert_positive_p0.479,1,0.0010309278350515464,0.000462962962962963,970,2160
4DoF_V22_3_3x3_grid_4Nm_three_expert_selector_primary_2160,three_expert_selector,passive_selected_from,three_expert_positive_p0.491,1,0.0010309278350515464,0.000462962962962963,970,2160
4DoF_V22_3_3x3_grid_4Nm_three_expert_selector_primary_2160,three_expert_selector,passive_selected_from,three_expert_positive_p0.493,1,0.0010309278350515464,0.000462962962962963,970,2160
4DoF_V22_3_3x3_grid_4Nm_three_expert_selector_primary_2160,three_expert_selector,passive_selected_from,three_expert_positive_p0.494,1,0.0010309278350515464,0.000462962962962963,970,2160
4DoF_V22_3_3x3_grid_4Nm_three_expert_selector_primary_2160,three_expert_selector,passive_selected_from,three_expert_positive_p0.497,1,0.0010309278350515464,0.000462962962962963,970,2160
4DoF_V22_3_3x3_grid_4Nm_three_expert_selector_primary_2160,three_expert_selector,passive_selected_from,three_expert_positive_p0.501,1,0.0010309278350515464,0.000462962962962963,970,2160
4DoF_V22_3_3x3_grid_4Nm_three_expert_selector_primary_2160,three_expert_selector,passive_selected_from,three_expert_positive_p0.502,1,0.0010309278350515464,0.000462962962962963,970,2160
4DoF_V22_3_3x3_grid_4Nm_three_expert_selector_primary_2160,three_expert_selector,passive_selected_from,three_expert_positive_p0.503,1,0.0010309278350515464,0.000462962962962963,970,2160
4DoF_V22_3_3x3_grid_4Nm_three_expert_selector_primary_2160,three_expert_selector,passive_selected_from,three_expert_positive_p0.505,1,0.0010309278350515464,0.000462962962962963,970,2160
4DoF_V22_3_3x3_grid_4Nm_three_expert_selector_primary_2160,three_expert_selector,passive_selected_from,three_expert_positive_p0.515,1,0.0010309278350515464,0.000462962962962963,970,2160
4DoF_V22_3_3x3_grid_4Nm_three_expert_selector_primary_2160,three_expert_selector,passive_selected_from,three_expert_positive_p0.516,1,0.0010309278350515464,0.000462962962962963,970,2160
4DoF_V22_3_3x3_grid_4Nm_three_expert_selector_primary_2160,three_expert_selector,passive_selected_from,three_expert_positive_p0.524,1,0.0010309278350515464,0.000462962962962963,970,2160
4DoF_V22_3_3x3_grid_4Nm_three_expert_selector_primary_2160,three_expert_selector,passive_selected_from,three_expert_positive_p0.527,1,0.0010309278350515464,0.000462962962962963,970,2160
4DoF_V22_3_3x3_grid_4Nm_three_expert_selector_primary_2160,three_expert_selector,passive_selected_from,three_expert_positive_p0.529,1,0.0010309278350515464,0.000462962962962963,970,2160
4DoF_V22_3_3x3_grid_4Nm_three_expert_selector_primary_2160,three_expert_selector,passive_selected_from,three_expert_positive_p0.530,1,0.0010309278350515464,0.000462962962962963,970,2160
4DoF_V22_3_3x3_grid_4Nm_three_expert_selector_primary_2160,three_expert_selector,passive_selected_from,three_expert_positive_p0.541,1,0.0010309278350515464,0.000462962962962963,970,2160
4DoF_V22_3_3x3_grid_4Nm_three_expert_selector_primary_2160,three_expert_selector,passive_selected_from,three_expert_positive_p0.542,1,0.0010309278350515464,0.000462962962962963,970,2160
4DoF_V22_3_3x3_grid_4Nm_three_expert_selector_primary_2160,three_expert_selector,passive_selected_from,three_expert_positive_p0.548,1,0.0010309278350515464,0.000462962962962963,970,2160
4DoF_V22_3_3x3_grid_4Nm_three_expert_selector_primary_2160,three_expert_selector,passive_selected_from,three_expert_positive_p0.556,1,0.0010309278350515464,0.000462962962962963,970,2160
4DoF_V22_3_3x3_grid_4Nm_three_expert_selector_primary_2160,three_expert_selector,passive_selected_from,three_expert_positive_p0.559,1,0.0010309278350515464,0.000462962962962963,970,2160
4DoF_V22_3_3x3_grid_4Nm_three_expert_selector_primary_2160,three_expert_selector,passive_selected_from,three_expert_positive_p0.563,1,0.0010309278350515464,0.000462962962962963,970,2160
4DoF_V22_3_3x3_grid_4Nm_three_expert_selector_primary_2160,three_expert_selector,passive_selected_from,three_expert_positive_p0.565,1,0.0010309278350515464,0.000462962962962963,970,2160
4DoF_V22_3_3x3_grid_4Nm_three_expert_selector_primary_2160,three_expert_selector,passive_selected_from,three_expert_positive_p0.577,1,0.0010309278350515464,0.000462962962962963,970,2160
4DoF_V22_3_3x3_grid_4Nm_three_expert_selector_primary_2160,three_expert_selector,passive_selected_from,three_expert_positive_p0.582,1,0.0010309278350515464,0.000462962962962963,970,2160
4DoF_V22_3_3x3_grid_4Nm_three_expert_selector_primary_2160,three_expert_selector,passive_selected_from,three_expert_positive_p0.583,1,0.0010309278350515464,0.000462962962962963,970,2160
4DoF_V22_3_3x3_grid_4Nm_three_expert_selector_primary_2160,three_expert_selector,passive_selected_from,three_expert_positive_p0.584,1,0.0010309278350515464,0.000462962962962963,970,2160
4DoF_V22_3_3x3_grid_4Nm_three_expert_selector_primary_2160,three_expert_selector,passive_selected_from,three_expert_positive_p0.585,1,0.0010309278350515464,0.000462962962962963,970,2160
4DoF_V22_3_3x3_grid_4Nm_three_expert_selector_primary_2160,three_expert_selector,passive_selected_from,three_expert_positive_p0.589,1,0.0010309278350515464,0.000462962962962963,970,2160
4DoF_V22_3_3x3_grid_4Nm_three_expert_selector_primary_2160,three_expert_selector,passive_selected_from,three_expert_positive_p0.590,1,0.0010309278350515464,0.000462962962962963,970,2160
4DoF_V22_3_3x3_grid_4Nm_three_expert_selector_primary_2160,three_expert_selector,passive_selected_from,three_expert_positive_p0.592,1,0.0010309278350515464,0.000462962962962963,970,2160
4DoF_V22_3_3x3_grid_4Nm_three_expert_selector_primary_2160,three_expert_selector,passive_selected_from,three_expert_positive_p0.595,1,0.0010309278350515464,0.000462962962962963,970,2160
4DoF_V22_3_3x3_grid_4Nm_three_expert_selector_primary_2160,three_expert_selector,passive_selected_from,three_expert_positive_p0.596,1,0.0010309278350515464,0.000462962962962963,970,2160
4DoF_V22_3_3x3_grid_4Nm_three_expert_selector_primary_2160,three_expert_selector,passive_selected_from,three_expert_positive_p0.598,1,0.0010309278350515464,0.000462962962962963,970,2160
4DoF_V22_3_3x3_grid_4Nm_three_expert_selector_primary_2160,three_expert_selector,passive_selected_from,three_expert_positive_p0.599,1,0.0010309278350515464,0.000462962962962963,970,2160
4DoF_V22_3_3x3_grid_4Nm_three_expert_selector_primary_2160,three_expert_selector,passive_selected_from,three_expert_positive_p0.604,1,0.0010309278350515464,0.000462962962962963,970,2160
4DoF_V22_3_3x3_grid_4Nm_three_expert_selector_primary_2160,three_expert_selector,passive_selected_from,three_expert_positive_p0.606,1,0.0010309278350515464,0.000462962962962963,970,2160
4DoF_V22_3_3x3_grid_4Nm_three_expert_selector_primary_2160,three_expert_selector,passive_selected_from,three_expert_positive_p0.611,1,0.0010309278350515464,0.000462962962962963,970,2160
4DoF_V22_3_3x3_grid_4Nm_three_expert_selector_primary_2160,three_expert_selector,passive_selected_from,three_expert_positive_p0.615,1,0.0010309278350515464,0.000462962962962963,970,2160
4DoF_V22_3_3x3_grid_4Nm_three_expert_selector_primary_2160,three_expert_selector,passive_selected_from,three_expert_positive_p0.619,1,0.0010309278350515464,0.000462962962962963,970,2160
4DoF_V22_3_3x3_grid_4Nm_three_expert_selector_primary_2160,three_expert_selector,passive_selected_from,three_expert_positive_p0.623,1,0.0010309278350515464,0.000462962962962963,970,2160
4DoF_V22_3_3x3_grid_4Nm_three_expert_selector_primary_2160,three_expert_selector,passive_selected_from,three_expert_positive_p0.626,1,0.0010309278350515464,0.000462962962962963,970,2160
4DoF_V22_3_3x3_grid_4Nm_three_expert_selector_primary_2160,three_expert_selector,passive_selected_from,three_expert_positive_p0.629,1,0.0010309278350515464,0.000462962962962963,970,2160
4DoF_V22_3_3x3_grid_4Nm_three_expert_selector_primary_2160,three_expert_selector,passive_selected_from,three_expert_positive_p0.631,1,0.0010309278350515464,0.000462962962962963,970,2160
4DoF_V22_3_3x3_grid_4Nm_three_expert_selector_primary_2160,three_expert_selector,passive_selected_from,three_expert_positive_p0.633,1,0.0010309278350515464,0.000462962962962963,970,2160
4DoF_V22_3_3x3_grid_4Nm_three_expert_selector_primary_2160,three_expert_selector,passive_selected_from,three_expert_positive_p0.635,1,0.0010309278350515464,0.000462962962962963,970,2160
4DoF_V22_3_3x3_grid_4Nm_three_expert_selector_primary_2160,three_expert_selector,passive_selected_from,three_expert_positive_p0.637,1,0.0010309278350515464,0.000462962962962963,970,2160
4DoF_V22_3_3x3_grid_4Nm_three_expert_selector_primary_2160,three_expert_selector,passive_selected_from,three_expert_positive_p0.643,1,0.0010309278350515464,0.000462962962962963,970,2160
4DoF_V22_3_3x3_grid_4Nm_three_expert_selector_primary_2160,three_expert_selector,passive_selected_from,three_expert_positive_p0.646,1,0.0010309278350515464,0.000462962962962963,970,2160
4DoF_V22_3_3x3_grid_4Nm_three_expert_selector_primary_2160,three_expert_selector,passive_selected_from,three_expert_positive_p0.648,1,0.0010309278350515464,0.000462962962962963,970,2160
4DoF_V22_3_3x3_grid_4Nm_three_expert_selector_primary_2160,three_expert_selector,passive_selected_from,three_expert_positive_p0.649,1,0.0010309278350515464,0.000462962962962963,970,2160
4DoF_V22_3_3x3_grid_4Nm_three_expert_selector_primary_2160,three_expert_selector,passive_selected_from,three_expert_positive_p0.658,1,0.0010309278350515464,0.000462962962962963,970,2160
4DoF_V22_3_3x3_grid_4Nm_three_expert_selector_primary_2160,three_expert_selector,passive_selected_from,three_expert_positive_p0.668,1,0.0010309278350515464,0.000462962962962963,970,2160
4DoF_V22_3_3x3_grid_4Nm_three_expert_selector_primary_2160,three_expert_selector,passive_selected_from,three_expert_positive_p0.675,1,0.0010309278350515464,0.000462962962962963,970,2160
4DoF_V22_3_3x3_grid_4Nm_three_expert_selector_primary_2160,three_expert_selector,passive_selected_from,three_expert_positive_p0.676,1,0.0010309278350515464,0.000462962962962963,970,2160
4DoF_V22_3_3x3_grid_4Nm_three_expert_selector_primary_2160,three_expert_selector,passive_selected_from,three_expert_positive_p0.678,1,0.0010309278350515464,0.000462962962962963,970,2160
4DoF_V22_3_3x3_grid_4Nm_three_expert_selector_primary_2160,three_expert_selector,passive_selected_from,three_expert_positive_p0.683,1,0.0010309278350515464,0.000462962962962963,970,2160
4DoF_V22_3_3x3_grid_4Nm_three_expert_selector_primary_2160,three_expert_selector,passive_selected_from,three_expert_positive_p0.694,1,0.0010309278350515464,0.000462962962962963,970,2160
4DoF_V22_3_3x3_grid_4Nm_three_expert_selector_primary_2160,three_expert_selector,passive_selected_from,three_expert_positive_p0.696,1,0.0010309278350515464,0.000462962962962963,970,2160
4DoF_V22_3_3x3_grid_4Nm_three_expert_selector_primary_2160,three_expert_selector,passive_selected_from,three_expert_positive_p0.697,1,0.0010309278350515464,0.000462962962962963,970,2160
4DoF_V22_3_3x3_grid_4Nm_three_expert_selector_primary_2160,three_expert_selector,passive_selected_from,three_expert_positive_p0.707,1,0.0010309278350515464,0.000462962962962963,970,2160
4DoF_V22_3_3x3_grid_4Nm_three_expert_selector_primary_2160,three_expert_selector,passive_selected_from,three_expert_positive_p0.708,1,0.0010309278350515464,0.000462962962962963,970,2160
4DoF_V22_3_3x3_grid_4Nm_three_expert_selector_primary_2160,three_expert_selector,passive_selected_from,three_expert_positive_p0.711,1,0.0010309278350515464,0.000462962962962963,970,2160
4DoF_V22_3_3x3_grid_4Nm_three_expert_selector_primary_2160,three_expert_selector,passive_selected_from,three_expert_positive_p0.719,1,0.0010309278350515464,0.000462962962962963,970,2160
4DoF_V22_3_3x3_grid_4Nm_three_expert_selector_primary_2160,three_expert_selector,passive_selected_from,three_expert_positive_p0.720,1,0.0010309278350515464,0.000462962962962963,970,2160
4DoF_V22_3_3x3_grid_4Nm_three_expert_selector_primary_2160,three_expert_selector,passive_selected_from,three_expert_positive_p0.726,1,0.0010309278350515464,0.000462962962962963,970,2160
4DoF_V22_3_3x3_grid_4Nm_three_expert_selector_primary_2160,three_expert_selector,passive_selected_from,three_expert_positive_p0.730,1,0.0010309278350515464,0.000462962962962963,970,2160
4DoF_V22_3_3x3_grid_4Nm_three_expert_selector_primary_2160,three_expert_selector,passive_selected_from,three_expert_positive_p0.731,1,0.0010309278350515464,0.000462962962962963,970,2160
4DoF_V22_3_3x3_grid_4Nm_three_expert_selector_primary_2160,three_expert_selector,passive_selected_from,three_expert_positive_p0.735,1,0.0010309278350515464,0.000462962962962963,970,2160
4DoF_V22_3_3x3_grid_4Nm_three_expert_selector_primary_2160,three_expert_selector,passive_selected_from,three_expert_positive_p0.737,1,0.0010309278350515464,0.000462962962962963,970,2160
4DoF_V22_3_3x3_grid_4Nm_three_expert_selector_primary_2160,three_expert_selector,passive_selected_from,three_expert_positive_p0.739,1,0.0010309278350515464,0.000462962962962963,970,2160
4DoF_V22_3_3x3_grid_4Nm_three_expert_selector_primary_2160,three_expert_selector,passive_selected_from,three_expert_positive_p0.744,1,0.0010309278350515464,0.000462962962962963,970,2160
4DoF_V22_3_3x3_grid_4Nm_three_expert_selector_primary_2160,three_expert_selector,passive_selected_from,three_expert_positive_p0.748,1,0.0010309278350515464,0.000462962962962963,970,2160
4DoF_V22_3_3x3_grid_4Nm_three_expert_selector_primary_2160,three_expert_selector,passive_selected_from,three_expert_positive_p0.752,1,0.0010309278350515464,0.000462962962962963,970,2160
4DoF_V22_3_3x3_grid_4Nm_three_expert_selector_primary_2160,three_expert_selector,passive_selected_from,three_expert_positive_p0.756,1,0.0010309278350515464,0.000462962962962963,970,2160
4DoF_V22_3_3x3_grid_4Nm_three_expert_selector_primary_2160,three_expert_selector,passive_selected_from,three_expert_positive_p0.758,1,0.0010309278350515464,0.000462962962962963,970,2160
4DoF_V22_3_3x3_grid_4Nm_three_expert_selector_primary_2160,three_expert_selector,passive_selected_from,three_expert_positive_p0.759,1,0.0010309278350515464,0.000462962962962963,970,2160
4DoF_V22_3_3x3_grid_4Nm_three_expert_selector_primary_2160,three_expert_selector,passive_selected_from,three_expert_positive_p0.760,1,0.0010309278350515464,0.000462962962962963,970,2160
4DoF_V22_3_3x3_grid_4Nm_three_expert_selector_primary_2160,three_expert_selector,passive_selected_from,three_expert_positive_p0.767,1,0.0010309278350515464,0.000462962962962963,970,2160
4DoF_V22_3_3x3_grid_4Nm_three_expert_selector_primary_2160,three_expert_selector,passive_selected_from,three_expert_positive_p0.779,1,0.0010309278350515464,0.000462962962962963,970,2160
4DoF_V22_3_3x3_grid_4Nm_three_expert_selector_primary_2160,three_expert_selector,passive_selected_from,three_expert_positive_p0.782,1,0.0010309278350515464,0.000462962962962963,970,2160
4DoF_V22_3_3x3_grid_4Nm_three_expert_selector_primary_2160,three_expert_selector,passive_selected_from,three_expert_positive_p0.785,1,0.0010309278350515464,0.000462962962962963,970,2160
4DoF_V22_3_3x3_grid_4Nm_three_expert_selector_primary_2160,three_expert_selector,passive_selected_from,three_expert_positive_p0.787,1,0.0010309278350515464,0.000462962962962963,970,2160
4DoF_V22_3_3x3_grid_4Nm_three_expert_selector_primary_2160,three_expert_selector,passive_selected_from,three_expert_positive_p0.788,1,0.0010309278350515464,0.000462962962962963,970,2160
4DoF_V22_3_3x3_grid_4Nm_three_expert_selector_primary_2160,three_expert_selector,passive_selected_from,three_expert_positive_p0.789,1,0.0010309278350515464,0.000462962962962963,970,2160
4DoF_V22_3_3x3_grid_4Nm_three_expert_selector_primary_2160,three_expert_selector,passive_selected_from,three_expert_positive_p0.790,1,0.0010309278350515464,0.000462962962962963,970,2160
4DoF_V22_3_3x3_grid_4Nm_three_expert_selector_primary_2160,three_expert_selector,passive_selected_from,three_expert_positive_p0.792,1,0.0010309278350515464,0.000462962962962963,970,2160
4DoF_V22_3_3x3_grid_4Nm_three_expert_selector_primary_2160,three_expert_selector,passive_selected_from,three_expert_positive_p0.795,1,0.0010309278350515464,0.000462962962962963,970,2160
4DoF_V22_3_3x3_grid_4Nm_three_expert_selector_primary_2160,three_expert_selector,passive_selected_from,three_expert_positive_p0.797,1,0.0010309278350515464,0.000462962962962963,970,2160
4DoF_V22_3_3x3_grid_4Nm_three_expert_selector_primary_2160,three_expert_selector,passive_selected_from,three_expert_positive_p0.800,1,0.0010309278350515464,0.000462962962962963,970,2160
4DoF_V22_3_3x3_grid_4Nm_three_expert_selector_primary_2160,three_expert_selector,passive_selected_from,three_expert_positive_p0.809,1,0.0010309278350515464,0.000462962962962963,970,2160
4DoF_V22_3_3x3_grid_4Nm_three_expert_selector_primary_2160,three_expert_selector,passive_selected_from,three_expert_positive_p0.811,1,0.0010309278350515464,0.000462962962962963,970,2160
4DoF_V22_3_3x3_grid_4Nm_three_expert_selector_primary_2160,three_expert_selector,passive_selected_from,three_expert_positive_p0.814,1,0.0010309278350515464,0.000462962962962963,970,2160
4DoF_V22_3_3x3_grid_4Nm_three_expert_selector_primary_2160,three_expert_selector,passive_selected_from,three_expert_positive_p0.815,1,0.0010309278350515464,0.000462962962962963,970,2160
4DoF_V22_3_3x3_grid_4Nm_three_expert_selector_primary_2160,three_expert_selector,passive_selected_from,three_expert_positive_p0.822,1,0.0010309278350515464,0.000462962962962963,970,2160
4DoF_V22_3_3x3_grid_4Nm_three_expert_selector_primary_2160,three_expert_selector,passive_selected_from,three_expert_positive_p0.824,1,0.0010309278350515464,0.000462962962962963,970,2160
4DoF_V22_3_3x3_grid_4Nm_three_expert_selector_primary_2160,three_expert_selector,passive_selected_from,three_expert_positive_p0.828,1,0.0010309278350515464,0.000462962962962963,970,2160
4DoF_V22_3_3x3_grid_4Nm_three_expert_selector_primary_2160,three_expert_selector,passive_selected_from,three_expert_positive_p0.829,1,0.0010309278350515464,0.000462962962962963,970,2160
4DoF_V22_3_3x3_grid_4Nm_three_expert_selector_primary_2160,three_expert_selector,passive_selected_from,three_expert_positive_p0.832,1,0.0010309278350515464,0.000462962962962963,970,2160
4DoF_V22_3_3x3_grid_4Nm_three_expert_selector_primary_2160,three_expert_selector,passive_selected_from,three_expert_positive_p0.839,1,0.0010309278350515464,0.000462962962962963,970,2160
4DoF_V22_3_3x3_grid_4Nm_three_expert_selector_primary_2160,three_expert_selector,passive_selected_from,three_expert_positive_p0.850,1,0.0010309278350515464,0.000462962962962963,970,2160
4DoF_V22_3_3x3_grid_4Nm_three_expert_selector_primary_2160,three_expert_selector,passive_selected_from,three_expert_positive_p0.853,1,0.0010309278350515464,0.000462962962962963,970,2160
4DoF_V22_3_3x3_grid_4Nm_three_expert_selector_primary_2160,three_expert_selector,passive_selected_from,three_expert_positive_p0.859,1,0.0010309278350515464,0.000462962962962963,970,2160
4DoF_V22_3_3x3_grid_4Nm_three_expert_selector_primary_2160,three_expert_selector,passive_selected_from,three_expert_positive_p0.863,1,0.0010309278350515464,0.000462962962962963,970,2160
4DoF_V22_3_3x3_grid_4Nm_three_expert_selector_primary_2160,three_expert_selector,passive_selected_from,three_expert_positive_p0.865,1,0.0010309278350515464,0.000462962962962963,970,2160
4DoF_V22_3_3x3_grid_4Nm_three_expert_selector_primary_2160,three_expert_selector,passive_selected_from,three_expert_positive_p0.866,1,0.0010309278350515464,0.000462962962962963,970,2160
4DoF_V22_3_3x3_grid_4Nm_three_expert_selector_primary_2160,three_expert_selector,passive_selected_from,three_expert_positive_p0.867,1,0.0010309278350515464,0.000462962962962963,970,2160
4DoF_V22_3_3x3_grid_4Nm_three_expert_selector_primary_2160,three_expert_selector,passive_selected_from,three_expert_positive_p0.870,1,0.0010309278350515464,0.000462962962962963,970,2160
4DoF_V22_3_3x3_grid_4Nm_three_expert_selector_primary_2160,three_expert_selector,passive_selected_from,three_expert_positive_p0.874,1,0.0010309278350515464,0.000462962962962963,970,2160
4DoF_V22_3_3x3_grid_4Nm_three_expert_selector_primary_2160,three_expert_selector,passive_selected_from,three_expert_positive_p0.880,1,0.0010309278350515464,0.000462962962962963,970,2160
4DoF_V22_3_3x3_grid_4Nm_three_expert_selector_primary_2160,three_expert_selector,passive_selected_from,three_expert_positive_p0.881,1,0.0010309278350515464,0.000462962962962963,970,2160
4DoF_V22_3_3x3_grid_4Nm_three_expert_selector_primary_2160,three_expert_selector,passive_selected_from,three_expert_positive_p0.884,1,0.0010309278350515464,0.000462962962962963,970,2160
4DoF_V22_3_3x3_grid_4Nm_three_expert_selector_primary_2160,three_expert_selector,passive_selected_from,three_expert_positive_p0.888,1,0.0010309278350515464,0.000462962962962963,970,2160
4DoF_V22_3_3x3_grid_4Nm_three_expert_selector_primary_2160,three_expert_selector,passive_selected_from,three_expert_positive_p0.889,1,0.0010309278350515464,0.000462962962962963,970,2160
4DoF_V22_3_3x3_grid_4Nm_three_expert_selector_primary_2160,three_expert_selector,passive_selected_from,three_expert_positive_p0.893,1,0.0010309278350515464,0.000462962962962963,970,2160
4DoF_V22_3_3x3_grid_4Nm_three_expert_selector_primary_2160,three_expert_selector,passive_selected_from,three_expert_positive_p0.899,1,0.0010309278350515464,0.000462962962962963,970,2160
4DoF_V22_3_3x3_grid_4Nm_three_expert_selector_primary_2160,three_expert_selector,passive_selected_from,three_expert_positive_p0.900,1,0.0010309278350515464,0.000462962962962963,970,2160
4DoF_V22_3_3x3_grid_4Nm_three_expert_selector_primary_2160,three_expert_selector,passive_selected_from,three_expert_positive_p0.903,1,0.0010309278350515464,0.000462962962962963,970,2160
4DoF_V22_3_3x3_grid_4Nm_three_expert_selector_primary_2160,three_expert_selector,passive_selected_from,three_expert_positive_p0.907,1,0.0010309278350515464,0.000462962962962963,970,2160
4DoF_V22_3_3x3_grid_4Nm_three_expert_selector_primary_2160,three_expert_selector,passive_selected_from,three_expert_positive_p0.909,1,0.0010309278350515464,0.000462962962962963,970,2160
4DoF_V22_3_3x3_grid_4Nm_three_expert_selector_primary_2160,three_expert_selector,passive_selected_from,three_expert_positive_p0.911,1,0.0010309278350515464,0.000462962962962963,970,2160
4DoF_V22_3_3x3_grid_4Nm_three_expert_selector_primary_2160,three_expert_selector,passive_selected_from,three_expert_positive_p0.912,1,0.0010309278350515464,0.000462962962962963,970,2160
4DoF_V22_3_3x3_grid_4Nm_three_expert_selector_primary_2160,three_expert_selector,passive_selected_from,three_expert_positive_p0.913,1,0.0010309278350515464,0.000462962962962963,970,2160
4DoF_V22_3_3x3_grid_4Nm_three_expert_selector_primary_2160,three_expert_selector,passive_selected_from,three_expert_positive_p0.916,1,0.0010309278350515464,0.000462962962962963,970,2160
4DoF_V22_3_3x3_grid_4Nm_three_expert_selector_primary_2160,three_expert_selector,passive_selected_from,three_expert_positive_p0.920,1,0.0010309278350515464,0.000462962962962963,970,2160
4DoF_V22_3_3x3_grid_4Nm_three_expert_selector_primary_2160,three_expert_selector,passive_selected_from,three_expert_positive_p0.921,1,0.0010309278350515464,0.000462962962962963,970,2160
4DoF_V22_3_3x3_grid_4Nm_three_expert_selector_primary_2160,three_expert_selector,passive_selected_from,three_expert_positive_p0.922,1,0.0010309278350515464,0.000462962962962963,970,2160
4DoF_V22_3_3x3_grid_4Nm_three_expert_selector_primary_2160,three_expert_selector,passive_selected_from,three_expert_positive_p0.923,1,0.0010309278350515464,0.000462962962962963,970,2160
4DoF_V22_3_3x3_grid_4Nm_three_expert_selector_primary_2160,three_expert_selector,passive_selected_from,three_expert_positive_p0.931,1,0.0010309278350515464,0.000462962962962963,970,2160
4DoF_V22_3_3x3_grid_4Nm_three_expert_selector_primary_2160,three_expert_selector,passive_selected_from,three_expert_positive_p0.935,1,0.0010309278350515464,0.000462962962962963,970,2160
4DoF_V22_3_3x3_grid_4Nm_three_expert_selector_primary_2160,three_expert_selector,passive_selected_from,three_expert_positive_p0.937,1,0.0010309278350515464,0.000462962962962963,970,2160
4DoF_V22_3_3x3_grid_4Nm_three_expert_selector_primary_2160,three_expert_selector,passive_selected_from,three_expert_positive_p0.938,1,0.0010309278350515464,0.000462962962962963,970,2160
4DoF_V22_3_3x3_grid_4Nm_three_expert_selector_primary_2160,three_expert_selector,passive_selected_from,three_expert_positive_p0.943,1,0.0010309278350515464,0.000462962962962963,970,2160
4DoF_V22_3_3x3_grid_4Nm_three_expert_selector_primary_2160,three_expert_selector,passive_selected_from,three_expert_positive_p0.946,1,0.0010309278350515464,0.000462962962962963,970,2160
4DoF_V22_3_3x3_grid_4Nm_three_expert_selector_primary_2160,three_expert_selector,passive_selected_from,three_expert_positive_p0.948,1,0.0010309278350515464,0.000462962962962963,970,2160
4DoF_V22_3_3x3_grid_4Nm_three_expert_selector_primary_2160,three_expert_selector,passive_selected_from,three_expert_positive_p0.949,1,0.0010309278350515464,0.000462962962962963,970,2160
4DoF_V22_3_3x3_grid_4Nm_three_expert_selector_primary_2160,three_expert_selector,passive_selected_from,three_expert_positive_p0.951,1,0.0010309278350515464,0.000462962962962963,970,2160
4DoF_V22_3_3x3_grid_4Nm_three_expert_selector_primary_2160,three_expert_selector,passive_selected_from,three_expert_positive_p0.952,1,0.0010309278350515464,0.000462962962962963,970,2160
4DoF_V22_3_3x3_grid_4Nm_three_expert_selector_primary_2160,three_expert_selector,passive_selected_from,three_expert_positive_p0.954,1,0.0010309278350515464,0.000462962962962963,970,2160
4DoF_V22_3_3x3_grid_4Nm_three_expert_selector_primary_2160,three_expert_selector,passive_selected_from,three_expert_positive_p0.957,1,0.0010309278350515464,0.000462962962962963,970,2160
4DoF_V22_3_3x3_grid_4Nm_three_expert_selector_primary_2160,three_expert_selector,passive_selected_from,three_expert_positive_p0.966,1,0.0010309278350515464,0.000462962962962963,970,2160
4DoF_V22_3_3x3_grid_4Nm_three_expert_selector_primary_2160,three_expert_selector,passive_selected_from,three_expert_positive_p0.970,1,0.0010309278350515464,0.000462962962962963,970,2160
4DoF_V22_3_3x3_grid_4Nm_three_expert_selector_primary_2160,three_expert_selector,passive_selected_from,three_expert_positive_p0.977,1,0.0010309278350515464,0.000462962962962963,970,2160
4DoF_V22_3_3x3_grid_4Nm_three_expert_selector_primary_2160,three_expert_selector,passive_selected_from,three_expert_positive_p0.978,1,0.0010309278350515464,0.000462962962962963,970,2160
4DoF_V22_3_3x3_grid_4Nm_three_expert_selector_primary_2160,three_expert_selector,passive_selected_from,three_expert_positive_p0.983,1,0.0010309278350515464,0.000462962962962963,970,2160
4DoF_V22_3_3x3_grid_4Nm_three_expert_selector_primary_2160,three_expert_selector,passive_selected_from,three_expert_positive_p0.985,1,0.0010309278350515464,0.000462962962962963,970,2160
4DoF_V22_3_3x3_grid_4Nm_three_expert_selector_primary_2160,three_expert_selector,passive_selected_from,three_expert_positive_p0.991,1,0.0010309278350515464,0.000462962962962963,970,2160
4DoF_V22_3_3x3_grid_4Nm_three_expert_selector_primary_2160,three_expert_selector,passive_selected_from,three_expert_positive_p0.993,1,0.0010309278350515464,0.000462962962962963,970,2160
4DoF_V22_3_3x3_grid_4Nm_three_expert_selector_primary_2160,true_action_mask_scratch,reset_phase,touchdown,892,0.9429175475687104,0.412962962962963,946,2160
4DoF_V22_3_3x3_grid_4Nm_three_expert_selector_primary_2160,true_action_mask_scratch,reset_phase,mid_cross,53,0.056025369978858354,0.024537037037037038,946,2160
4DoF_V22_3_3x3_grid_4Nm_three_expert_selector_primary_2160,true_action_mask_scratch,reset_phase,pre_cross,1,0.0010570824524312897,0.000462962962962963,946,2160
4DoF_V22_3_3x3_grid_4Nm_three_expert_selector_primary_2160,true_action_mask_scratch,walk_direction,backward,614,0.6490486257928119,0.28425925925925927,946,2160
4DoF_V22_3_3x3_grid_4Nm_three_expert_selector_primary_2160,true_action_mask_scratch,walk_direction,forward,332,0.35095137420718814,0.1537037037037037,946,2160
4DoF_V22_3_3x3_grid_4Nm_three_expert_selector_primary_2160,true_action_mask_scratch,commanded_step_length_m,0.300,332,0.35095137420718814,0.1537037037037037,946,2160
4DoF_V22_3_3x3_grid_4Nm_three_expert_selector_primary_2160,true_action_mask_scratch,commanded_step_length_m,0.350,312,0.3298097251585624,0.14444444444444443,946,2160
4DoF_V22_3_3x3_grid_4Nm_three_expert_selector_primary_2160,true_action_mask_scratch,commanded_step_length_m,0.400,302,0.3192389006342495,0.1398148148148148,946,2160
4DoF_V22_3_3x3_grid_4Nm_three_expert_selector_primary_2160,true_action_mask_scratch,commanded_step_height_m,0.000,325,0.34355179704016914,0.15046296296296297,946,2160
4DoF_V22_3_3x3_grid_4Nm_three_expert_selector_primary_2160,true_action_mask_scratch,commanded_step_height_m,0.010,313,0.3308668076109937,0.1449074074074074,946,2160
4DoF_V22_3_3x3_grid_4Nm_three_expert_selector_primary_2160,true_action_mask_scratch,commanded_step_height_m,0.020,308,0.32558139534883723,0.1425925925925926,946,2160
4DoF_V22_3_3x3_grid_4Nm_three_expert_selector_primary_2160,true_action_mask_scratch,command_pair,L0.300_H0.000,115,0.12156448202959831,0.05324074074074074,946,2160
4DoF_V22_3_3x3_grid_4Nm_three_expert_selector_primary_2160,true_action_mask_scratch,command_pair,L0.300_H0.020,109,0.11522198731501057,0.050462962962962966,946,2160
4DoF_V22_3_3x3_grid_4Nm_three_expert_selector_primary_2160,true_action_mask_scratch,command_pair,L0.300_H0.010,108,0.11416490486257928,0.05,946,2160
4DoF_V22_3_3x3_grid_4Nm_three_expert_selector_primary_2160,true_action_mask_scratch,command_pair,L0.350_H0.000,108,0.11416490486257928,0.05,946,2160
4DoF_V22_3_3x3_grid_4Nm_three_expert_selector_primary_2160,true_action_mask_scratch,command_pair,L0.350_H0.010,106,0.11205073995771671,0.049074074074074076,946,2160
4DoF_V22_3_3x3_grid_4Nm_three_expert_selector_primary_2160,true_action_mask_scratch,command_pair,L0.400_H0.000,102,0.10782241014799154,0.04722222222222222,946,2160
4DoF_V22_3_3x3_grid_4Nm_three_expert_selector_primary_2160,true_action_mask_scratch,command_pair,L0.400_H0.020,101,0.10676532769556026,0.04675925925925926,946,2160
4DoF_V22_3_3x3_grid_4Nm_three_expert_selector_primary_2160,true_action_mask_scratch,command_pair,L0.400_H0.010,99,0.10465116279069768,0.04583333333333333,946,2160
4DoF_V22_3_3x3_grid_4Nm_three_expert_selector_primary_2160,true_action_mask_scratch,command_pair,L0.350_H0.020,98,0.10359408033826638,0.04537037037037037,946,2160
4DoF_V22_3_3x3_grid_4Nm_three_expert_selector_primary_2160,true_action_mask_scratch,valid_for_cmt,False,516,0.5454545454545454,0.2388888888888889,946,2160
4DoF_V22_3_3x3_grid_4Nm_three_expert_selector_primary_2160,true_action_mask_scratch,valid_for_cmt,True,430,0.45454545454545453,0.19907407407407407,946,2160
4DoF_V22_3_3x3_grid_4Nm_three_expert_selector_primary_2160,true_action_mask_scratch,terminal_reason,success,937,0.9904862579281184,0.4337962962962963,946,2160
4DoF_V22_3_3x3_grid_4Nm_three_expert_selector_primary_2160,true_action_mask_scratch,terminal_reason,success+touchdown_event,9,0.009513742071881607,0.004166666666666667,946,2160
4DoF_V22_3_3x3_grid_4Nm_three_expert_selector_primary_2160,true_action_mask_scratch,passive_selected_from,none,946,1.0,0.43796296296296294,946,2160
